代碼,商品,買進,賣出,成交,漲跌,漲幅%,總量,內外盤比%,外資買賣超,投信買賣超,自營商買賣超,法人買賣超,控盤者買進,控盤者賣出,控盤者買賣超,控盤者買賣超比,控盤者主動買賣超,控盤者拉高買盤,控盤者作多買盤,控盤者偏空賣盤,控盤者殺低賣盤,控盤者主動買力,控盤者主動賣力,實戶買進,實戶賣出,實戶買賣超,散戶買進,散戶賣出,散戶買賣超,PE(市盈率),營收,營收期增率%,營收年增率%,營收(12),盈餘,毛利率%,ROE%,殖利率%,融資使用率%,融資餘額,股本
1240,茂生農經,58,58.3,57.7,-0.4,-0.69,14,0,0,0,-7,-7,0,0,0,0,0,0,0,0,0,0,0,0,0,0,14,14,0,12.36,236.45,-11.88,11.59,2774.69,0.89,12.79,2.4,6.07,0.2,22,4.42
1259,安心,56.8,57.1,56.8,0.5,0.89,26,7.69,-5,0,0,-5,0,0,0,0,0,0,0,0,0,0,0,10,0,10,16,26,-10,25.36,488.5,-5.66,1.96,6125.47,0.06,22.76,0.07,2.11,0.56,45,3.24
1264,德麥,273,273.5,273,0,0,14,42.86,-4,0,-3,-7,0,0,0,0,0,0,0,0,0,0,0,2,6,-4,15,11,4,13.14,630.34,12.03,11.03,6848.17,5.5,33.22,5.4,5.49,0,0,3.71
1268,漢來美食,170.5,171.5,171.5,4,2.39,140,58.57,-3,0,1,-2,93,43,50,0.35,93,93,0,0,0,0.65,0,13,30,-17,38,71,-33,14.78,514.78,-11.85,25.42,6584.17,5.87,48.89,10.21,4.66,0.18,19,4.22
1294,漢田生技,77.7,78.2,77.8,0.1,0.13,15,6.67,1,0,0,1,0,0,0,0,0,0,0,0,0,0,0,0,0,0,16,16,0,15.91,76.65,0.71,5.99,836.25,1.41,36.8,5.01,6.43,1.9,145,3.06
1295,生合,51.4,52.1,51.9,0.9,1.76,38,63.16,11,0,0,11,0,0,0,0,0,0,0,0,0,0,0,0,0,0,38,38,0,11.93,104.39,31.5,-10.24,1007.57,0.39,47.44,1.03,5.78,1.81,156,3.45
1336,台翰,13.1,13.15,13.1,0.05,0.38,119,52.94,39,0,0,39,0,0,0,0,0,0,0,0,0,0,0,0,0,0,120,120,0,35.41,203.81,-4.85,-8.9,2411.46,0.1,12.26,0.4,1.98,13.45,2609,7.76
1565,精華,94.9,95,94.9,-1.6,-1.66,155,23.84,-81,0,-2,-83,0,0,0,0,0,0,0,0,0,0,0,0,40,-40,159,119,40,13.58,303.81,-0.43,-16.62,3844.85,1.39,20.32,1.09,6.11,8.51,1073,5.04
1569,濱川,52.7,52.8,52.7,1.8,3.54,1267,43.25,-88,0,24,-64,93,115,-22,-0.02,93,73,20,0,0,0.07,0,247,304,-57,939,860,79,--,266.77,-28.54,-10.79,3214.15,-0.73,7.14,-3.1,0,46.94,14250,14.42
1570,力肯,41.95,42.1,42.1,2.5,6.31,646,77.36,212,0,0,212,0,25,-25,-0.04,0,0,0,0,0,0,0,117,33,84,535,594,-59,107.95,55.52,6.43,17.38,500.17,0.23,22.61,1.18,2.38,18.21,2344,5.15
1580,新麥,122,123,122.5,0,0,55,39.62,-6,0,0,-6,20,0,20,0.36,0,0,0,0,0,0,0,5,17,-12,31,39,-8,9.72,417.46,18.77,-10.13,4841.96,2.73,43.36,4.36,6.94,0.26,32,4.93
1584,精剛,19.65,19.7,19.65,0,0,760,32.98,54,0,-1,53,56,0,56,0.07,0,0,0,0,0,0,0,29,55,-26,681,711,-30,75.58,194.18,30.37,-16.27,2393.11,0.09,10.8,0.41,1.27,12.01,6981,23.25
1586,和勤,23.25,23.45,23.45,0.4,1.74,330,75.23,-17,0,0,-17,67,84,-17,-0.05,67,67,0,0,0,0.2,0,30,26,4,234,221,13,195.42,206.36,12.02,-4.54,2293.11,0.17,17.74,0.9,--,70.1,15221,10.68
1591,駿吉-KY,37.8,--,37.8,3.4,9.88,971,68.71,-35,0,0,-35,452,401,51,0.05,-292,50,0,0,342,0.05,0.35,198,167,31,326,408,-82,--,47.51,-5.03,510.67,283.85,-0.08,31.69,-0.66,0,--,1374,3.8
1593,祺驊,31.25,31.55,31.4,0,0,8,57.14,-1,0,0,-1,0,0,0,0,0,0,0,0,0,0,0,0,0,0,9,9,0,13.42,122.18,19.06,18.49,1303.22,0.58,30.71,2.18,6.37,1.63,162,3.98
1595,川寶,98.1,98.5,98.1,0.6,0.62,1202,39.36,-34,0,-58,-92,134,238,-104,-0.1,49,115,0,0,66,0.11,0.06,303,304,-1,791,685,106,--,57.63,-13.4,-24.09,655.62,-0.74,14.17,-1.49,0.51,52.91,7199,5.44
1599,宏佳騰,23.35,23.55,23.5,-0.1,-0.42,47,34.04,-1,0,0,-1,0,0,0,0,0,0,0,0,0,0,0,0,0,0,52,52,0,--,158.21,-35.72,8,2017.6,0.28,22.02,0.62,2.13,2.01,367,7.3
1742,台蠟,14.75,15,15,0,0,24,75,0,0,0,0,0,0,0,0,0,0,0,0,0,0,0,0,0,0,25,25,0,--,8.62,18.48,-29.31,84.91,-0.13,6.78,-0.97,0,28.85,3362,9.27
1777,生泰,71.5,71.7,71.5,0.1,0.14,13,15.38,0,0,0,0,0,0,0,0,0,0,0,0,0,0,0,0,0,0,13,13,0,12.37,101.29,16.01,-7.52,1251.82,1.61,40.35,2.82,5.59,0.34,38,4.46
1781,合世,11,11.05,11,0.45,4.27,137,70.8,30,0,0,30,0,0,0,0,0,0,0,0,0,0,0,0,62,-62,138,76,62,--,22.16,-19.34,-3.23,372.19,-0.19,12.52,-2.81,0,--,0,4.74
1784,訊聯,71.3,71.4,71.3,0,0,132,31.82,-19,0,-2,-21,0,0,0,0,0,0,0,0,0,0,0,10,26,-16,127,111,16,77.5,116.5,-8.39,13.51,1274.36,0.25,53.81,-0.05,1.22,14.01,1861,5.31
1785,光洋科,144,144.5,144,1.5,1.05,13776,44.97,-2233,-177,-95,-2505,8628,10018,-1390,-0.1,8582,8628,0,0,46,0.62,0,1798,1354,444,3552,2605,947,28.4,5595.66,-6.05,49.08,47715.89,2.54,18.23,9.87,1.39,27.64,41187,59.6
1788,杏昌,135,135.5,135.5,0,0,29,75,1,0,0,1,10,0,10,0.31,10,10,0,0,0,0.31,0,0,10,-10,22,23,-1,15.54,369.64,-5.7,2.56,4382.15,2.34,28.53,3.36,5.17,0,0,4.45
1796,金穎生技,38,38.8,38.5,2.8,7.84,50,62,-10,0,0,-10,0,0,0,0,0,0,0,0,0,0,0,0,0,0,51,51,0,101.32,51.41,-2.54,-12.65,656.43,-0.16,18.32,-0.84,1.82,3.21,333,4.15
1799,易威,34.15,34.6,34.15,-0.2,-0.58,181,31.11,50,0,0,50,0,0,0,0,0,0,0,0,0,0,0,0,0,0,183,183,0,--,88.54,-11.57,240.44,745.09,0.16,52.16,3.06,0,--,0,12.47
1813,寶利徠,12.1,12.15,12.15,0,0,6,66.67,1,0,0,1,0,0,0,0,0,0,0,0,0,0,0,0,0,0,11,11,0,--,26.64,-0.39,-0.29,294.32,0.11,-10.09,0.32,0,0.33,39,4.66
1815,富喬,107,107.5,107,5.5,5.42,27887,62.42,4926,-96,1115,5945,22315,18919,3396,0.12,22315,22315,0,0,0,0.79,0,2431,4377,-1946,3504,4955,-1451,54.87,733.78,7.72,53.16,6728.3,0.79,35.97,3.55,0.93,47.82,69995,58.55
2035,唐榮,27.7,28.4,28.35,-0.1,-0.35,1,100,0,0,0,0,0,0,0,0,0,0,0,0,0,0,0,0,0,0,1,1,0,--,1127.73,23.67,-2.51,9519.38,0.33,4.23,4.89,0,--,0,35
2061,風青,26.65,26.8,26.65,2.15,8.78,7100,63.47,184,0,-41,143,1717,1529,188,0.03,1518,1675,0,0,157,0.24,0.02,1155,996,159,4251,4598,-347,--,118.29,5.89,6.47,1232.62,0.3,12.58,2.77,0,27.52,3948,5.74
2063,世鎧,25.4,25.75,25.3,0.2,0.8,35,88.57,2,0,0,2,0,0,0,0,0,0,0,0,0,0,0,21,0,21,16,37,-21,16.75,86.86,-0.23,14.01,948.75,0.33,21,1.71,5.93,0.81,97,4.81
2064,晉椿,13,13.05,13.05,-0.2,-1.51,299,48.49,9,0,0,9,200,208,-8,-0.03,200,200,0,0,0,0.67,0,0,0,0,100,92,8,--,161.94,-6.07,24.74,1678.07,0,6.19,-0.02,0,0.1,18,6.93
2065,世豐,35,35.15,35.15,0.65,1.88,227,38.33,54,0,0,54,111,64,47,0.21,111,111,0,0,0,0.48,0,26,15,11,92,150,-58,28.81,186.18,0.02,5.19,2054.78,0.92,18.1,3.3,4.27,0.98,155,6.35
2066,世德,57.9,58,57.9,1.5,2.66,75,68,24,0,0,24,0,0,0,0,0,0,0,0,0,0,0,0,0,0,77,77,0,46.32,231.74,-8.82,8.61,2595.86,1.96,35.94,4.01,3.71,34.31,3813,4.44
2067,嘉鋼,6.77,6.95,6.92,0.05,0.73,49,56.25,-1,0,0,-1,0,0,0,0,0,0,0,0,0,0,0,0,0,0,50,50,0,--,77.02,-12.4,-22.97,990.19,-0.68,4.57,-12.85,0,--,0,4.51
2070,精湛,66.8,66.9,66.8,2.3,3.57,635,57.28,147,0,0,147,57,50,7,0.01,57,57,0,0,0,0.09,0,151,149,2,436,444,-8,36.3,69.75,-7.84,55.42,732.95,0.28,46.63,1,2.25,13.4,1400,4.18
2073,雄順,25.25,26,25.9,-0.1,-0.38,2,100,0,0,0,0,0,0,0,0,0,0,0,0,0,0,0,0,0,0,2,2,0,--,66.34,39.16,35.97,541.43,-0.28,5.76,-1.89,1.16,--,0,2.75
2221,大甲,44.35,44.4,44.4,1.1,2.54,893,55.62,99,0,-5,94,0,30,-30,-0.03,-30,0,0,0,30,0,0.03,93,34,59,807,836,-29,18.89,140.43,7.03,17.06,1431.16,0.69,19.48,2.63,3.38,6.39,676,4.23
2230,泰茂,29.45,29.5,29.5,0.55,1.9,220,40,-7,0,1,-6,0,0,0,0,0,0,0,0,0,0,0,0,0,0,223,223,0,--,181.23,-18.47,77.87,2386.5,-1.21,-1.69,-7.13,2.03,22.33,3798,6.8
2235,謚源,28.5,30.2,30.1,0,0,8,37.5,0,0,0,0,0,0,0,0,0,0,0,0,0,0,0,0,0,0,8,8,0,43,54.14,6.89,5.95,556.91,0.27,14.51,0.79,4.98,0.39,35,3.59
2596,綠意,28.65,28.7,28.6,-0.35,-1.21,123,20,-5,0,0,-5,0,0,0,0,0,0,0,0,0,0,0,28,28,0,95,95,0,17.88,94.16,7.31,-70.46,849.73,0.2,38.39,0.78,5.24,7.82,1956,10
2640,大車隊,164,164.5,164,-1,-0.61,32,3.12,-25,0,0,-25,14,8,6,0.18,-8,0,0,0,8,0,0.24,4,10,-6,15,15,0,17.79,277.6,2.96,9.64,3198.38,2.36,50.31,6.65,4.88,3.3,489,5.93
2641,正德,17.75,17.8,17.75,0.05,0.28,1793,37.88,-255,0,-2,-257,160,483,-323,-0.18,-216,80,80,155,221,0.09,0.21,239,319,-80,1400,997,403,7.4,197.96,-3.89,6.84,2481.42,0.71,39.91,2.69,2.82,12.38,10220,33.03
2643,捷迅,66.8,67,66.9,0,0,29,39.29,3,0,0,3,0,0,0,0,0,0,0,0,0,0,0,0,0,0,29,29,0,12.84,609.57,37.77,-17.54,7790.05,0.68,7.34,1.19,6.73,0.74,65,3.5
2718,全心投控,46.05,46.1,46.1,-0.1,-0.22,49,10.42,-18,0,0,-18,0,0,0,0,0,0,0,0,0,0,0,0,0,0,50,50,0,2.45,35.78,11.77,-93.77,2605.12,2.63,54.76,3.59,11.93,1.84,334,8.76
2719,燦星旅,26,26.35,--,--,--,0,--,0,0,0,0,0,0,0,--,0,0,0,0,0,--,--,0,0,0,0,0,0,57.44,122.32,-18.42,-28.78,1827.11,0.75,16.71,7.11,0,3.35,72,6.92
2724,藝舍-KY,13.4,13.95,13.95,0.05,0.36,13,100,0,0,0,0,0,0,0,0,0,0,0,0,0,0,0,0,0,0,13,13,0,--,31.6,188.64,44.88,170.69,-0.43,-28.83,-5.92,0,--,0,5.97
2726,雅茗-KY,9.95,9.98,9.95,-0.05,-0.5,25,44,-2,0,0,-2,0,0,0,0,0,0,0,0,0,0,0,0,0,0,26,26,0,--,36.3,-34.81,-33.06,537.83,-0.33,64.47,-3.5,0,5.33,482,3.79
2729,瓦城,160,161,160,-1,-0.62,28,25,2,0,0,2,0,0,0,0,0,0,0,0,0,0,0,0,10,-10,33,23,10,26.62,497.22,9.74,13.68,6220.02,1.64,49.44,2.76,4.25,0.08,9,4.3
2732,六角,65,65.4,65.4,0.4,0.62,29,34.48,2,0,0,2,0,0,0,0,0,0,0,0,0,0,0,0,0,0,30,30,0,34.06,432.85,-5.62,32.15,4811.72,1.1,49.63,2.77,5.35,2.09,243,4.65
2734,易飛網,15.45,15.5,15.5,-0.05,-0.32,71,30.88,-1,0,0,-1,0,0,0,0,0,0,0,0,0,0,0,0,0,0,72,72,0,--,148.87,-11.31,19.88,1821.46,0.17,15.66,1.5,0,3.77,539,5.73
2736,富野,12.3,12.35,12.3,0.3,2.5,128,51.97,23,0,-1,22,0,0,0,0,0,0,0,0,0,0,0,0,0,0,131,131,0,--,47.67,-5.46,18.42,544.12,-0.1,53.75,-0.65,0,4.4,659,8
2740,華軒,33,35.95,35.95,-0.5,-1.37,5,50,0,0,0,0,0,0,0,0,0,0,0,0,0,0,0,0,0,0,5,5,0,--,4.15,-14.5,-58.99,93.08,-1.32,35.3,-17.62,0,--,0,1.68
2743,山富,67.3,67.5,67.3,-0.4,-0.59,91,17.78,-4,0,0,-4,0,0,0,0,0,0,0,0,0,0,0,11,21,-10,86,76,10,34.51,552.53,9.78,4.64,6820.33,1.71,12.37,6.59,4.75,9.37,1096,4.68
2745,五福,101.5,102,101.5,0,0,102,24.14,-10,0,0,-10,30,21,9,0.09,9,10,20,0,21,0.29,0.2,20,5,15,54,78,-24,11.08,811.92,-12.4,11.52,9196.33,3.44,14.83,11.15,7.39,13.25,1120,3.38
2751,王座,52.3,52.6,52.2,0.4,0.77,4,100,0,0,0,0,0,0,0,0,0,0,0,0,0,0,0,0,0,0,4,4,0,11.15,159.19,6.33,33.54,1952.48,1.01,50.05,4.91,7.64,0.08,4,1.98
2752,豆府,176,177,177,0,0,14,28.57,-6,0,0,-6,0,0,0,0,0,0,0,0,0,0,0,3,0,3,15,18,-3,11.58,344.56,3.53,13.56,4208.17,4.08,53.04,8.63,7.63,--,0,2.67
2754,亞洲藏壽司,72.7,72.9,72.7,-2,-2.68,161,25.16,9,0,0,9,0,0,0,0,0,0,0,0,0,0,0,30,37,-7,135,128,7,17.65,442.88,-3.58,4.49,5875.33,1.42,40.72,3.74,1.38,3.56,417,4.69
2755,揚秦,132,132.5,132.5,0,0,35,20,-15,0,0,-15,0,8,-8,-0.22,-8,0,0,0,8,0,0.22,11,4,7,26,25,1,20.14,279.62,-0.46,18.4,3231.22,1.65,27.31,5.57,4.53,0.72,67,3.74
2756,聯發國際,61.3,61.4,61.4,0.1,0.16,36,33.33,-1,0,0,-1,0,0,0,0,0,0,0,0,0,0,0,0,0,0,37,37,0,15.82,91.33,-20.08,-7.6,1268.98,0.51,49.01,2.23,5.37,3.85,237,2.46
2916,滿心,47.55,47.6,47.55,0,0,156,10.9,6,0,0,6,0,48,-48,-0.3,-48,0,0,0,48,0,0.3,35,62,-27,124,49,75,11.86,176.02,39.43,20.35,1991.28,1.26,52.6,5.21,7.57,2.31,374,6.46
2924,宏太-KY,15.5,16.25,16.35,0.5,3.15,1,100,0,0,0,0,0,0,0,0,0,0,0,0,0,0,0,0,0,0,1,1,0,--,3.93,-4.12,-28.66,73.24,-0.22,21.09,-2.5,0,--,5,5.2
2926,誠品生活,36.3,36.4,36.8,0.35,0.96,5,60,0,0,0,0,0,0,0,0,0,0,0,0,0,0,0,0,0,0,5,5,0,66.91,570.16,-0.61,12.78,7111.01,0.17,38.63,1.31,1.25,0.03,3,4.74
2937,集雅社,47.4,47.55,47.5,0,0,6,33.33,0,0,3,3,0,0,0,0,0,0,0,0,0,0,0,0,0,0,6,6,0,12.5,435.11,20.46,17.63,5316.67,0.62,20.66,2.45,6.53,--,0,4.35
2941,米斯特,30.3,30.95,--,--,--,0,--,0,0,0,0,0,0,0,--,0,0,0,0,0,--,--,0,0,0,0,0,0,11.4,66.8,27.3,-9.36,935.15,0.89,63.71,3.9,7.35,--,0,1.54
2947,振宇五金,77.5,78,77.8,-0.1,-0.13,13,100,0,0,0,0,0,0,0,0,0,0,0,0,0,0,0,7,10,-3,6,3,3,26.55,193.2,-1.71,7.69,2346.83,1.02,41.3,2.73,3.98,--,0,2.15
2948,寶陞,36.7,37.2,37,-0.8,-2.12,2,0,0,0,0,0,0,0,0,0,0,0,0,0,0,0,0,0,0,0,2,2,0,17.13,187.74,1.36,-4.53,2139.38,0.4,43.68,1.18,6.08,--,0,3.1
2949,欣新網,60.1,61.9,61.9,1.4,2.31,15,80,0,0,0,0,0,0,0,0,0,0,0,0,0,0,0,0,0,0,16,16,0,17.89,511.68,-12.37,25.69,6022.53,0.74,12.37,1.99,3.23,--,0,3.06
3064,泰偉,17.55,18.8,18,-0.95,-5.01,9,22.22,0,0,0,0,0,0,0,0,0,0,0,0,0,0,0,0,0,0,10,10,0,--,8.05,22.8,15.19,80.77,-0.27,91.15,-5.6,0,--,0,1.3
3066,李洲,20.75,20.85,20.8,0.1,0.48,1268,51.06,131,0,0,131,120,109,11,0.01,120,120,0,0,0,0.09,0,64,117,-53,1092,1050,42,297.14,23.65,6.36,22.59,257.94,0.52,35.75,4.31,0,3.07,595,8.31
3067,全域,17.3,18.5,17.25,-0.25,-1.43,6,66.67,0,0,0,0,0,0,0,0,0,0,0,0,0,0,0,0,0,0,6,6,0,--,3.25,-81.65,-7.1,69.91,0.12,30.4,0.94,0,--,0,2
3071,協禧,30.6,30.65,30.6,0.9,3.03,755,59.25,350,0,-1,349,116,0,116,0.15,116,116,0,0,0,0.15,0,122,85,37,524,677,-153,43.71,262.3,6.3,31.35,2561.17,0.15,30.06,1.3,2.61,14.81,4072,11
3073,天方能源,20.4,20.5,20.45,-0.05,-0.24,81,46.15,19,0,0,19,0,0,0,0,0,0,0,0,0,0,0,0,0,0,83,83,0,--,7.8,-43.97,42.13,141.86,0,12.72,-0.03,0,7.42,733,3.95
3078,僑威,56.7,56.8,56.7,1.5,2.72,1695,57.07,303,66,35,404,439,290,149,0.09,402,398,41,37,0,0.26,0.02,301,323,-22,977,1104,-127,11.5,605.56,23.9,-45.8,8356.27,0.72,20.56,2.32,7.05,10.39,5908,22.74
3081,聯亞,2710,2715,2710,155,6.07,2089,62.67,1,346,38,385,2187,2149,38,0.02,1609,1615,572,578,0,0.97,0.26,12,29,-17,50,71,-21,356.11,395.35,15.16,115.38,2864.5,3.44,54.76,7.53,0.15,19.66,4548,9.25
3083,網龍,27.7,27.8,27.7,-0.15,-0.54,148,18.92,6,0,0,6,0,0,0,0,0,0,0,0,0,0,0,0,0,0,151,151,0,45.41,21.09,-30.77,2.25,417,0.3,80.89,1.99,1.19,5.98,1293,8.65
3085,新零售,11.55,12.15,11.55,-0.3,-2.53,19,15.79,0,0,0,0,0,0,0,0,0,0,0,0,0,0,0,0,0,0,21,21,0,--,7.83,56.84,96.81,57.64,-0.24,69.1,-4.16,0,--,0,6.9
3086,華義*,36.85,36.95,36.9,0.05,0.14,307,32.35,-18,0,-1,-19,0,0,0,0,0,0,0,0,0,0,0,34,58,-24,277,253,24,--,9.04,-12.81,-7.23,147.65,-0.01,34.71,-1.5,0,13.1,8874,2.73
3088,艾訊,141.5,142,142,4.5,3.27,2472,57,410,82,11,503,1447,1190,257,0.1,1447,1447,0,0,0,0.58,0,297,366,-69,768,956,-188,25.09,828.12,-0.52,65.88,7832.18,2.25,34.03,4.85,2.11,11.98,3254,10.86
3093,港建*,52.1,52.3,52.1,3.65,7.53,3013,55.59,-489,0,1,-488,719,775,-56,-0.02,719,719,0,0,0,0.24,0,386,464,-78,1930,1796,134,59.89,195.59,293.9,-25.5,1493.27,0.08,27.06,1.11,2.21,11.49,4168,3.63
3095,及成,46.9,47.45,46.9,-0.45,-0.95,38,50,-1,0,0,-1,0,0,0,0,0,0,0,0,0,0,0,0,0,0,44,44,0,--,73.28,13.6,36.01,664.18,0.75,23.04,4.31,0,14.56,300,1
3105,穩懋,531,--,531,48,9.94,27575,77.09,3924,651,859,5434,26191,25215,976,0.03,25735,25802,389,456,0,0.9,0.02,2609,3470,-861,168,283,-115,101.72,1734.09,5.18,48.89,18221.61,1.26,26.34,1.08,0.38,41.96,44476,42.39
3114,好德,28.25,28.3,28.25,0.6,2.17,613,55.67,10,0,0,10,0,0,0,0,0,0,0,0,0,0,0,52,72,-20,570,550,20,10.7,270.8,13.63,-6.54,3091.86,0.73,11.17,2.95,4.99,2.6,423,6.51
3115,富榮綱,8.13,8.42,8.15,-0.48,-5.56,89,20.22,26,0,0,26,0,0,0,0,0,0,0,0,0,0,0,0,0,0,91,91,0,--,0.87,1.04,--,5.79,-0.1,100,-1.36,0,--,0,7.22
3118,進階,33.4,33.55,33.4,-0.1,-0.3,21,9.52,2,0,0,2,0,0,0,0,0,0,0,0,0,0,0,0,0,0,22,22,0,14.03,58.23,-17.2,-3.6,716.4,0.53,37.45,2.94,6.59,0.37,30,3.25
3122,笙泉,35.8,35.85,35.85,0.25,0.7,408,58.13,92,0,0,92,0,0,0,0,0,0,0,0,0,0,0,26,20,6,386,392,-6,--,29.45,-8.03,-0.08,319.52,-0.29,36.48,-3.3,0,--,94,4.08
3128,昇銳,24.15,24.3,24.25,0.5,2.11,291,62.32,30,0,0,30,0,0,0,0,0,0,0,0,0,0,0,0,0,0,300,300,0,22.45,75.11,-13.97,-17.47,1054.72,0.31,30.69,1.94,4.12,16.96,2006,4.73
3131,弘塑,2815,2820,2820,120,4.44,507,30.41,11,-9,4,6,515,520,-5,-0.01,511,511,4,4,0,0.95,0.01,6,5,1,22,18,4,53.76,536.41,9.73,-4.36,6845.59,16.11,33.78,10.54,1.64,4.3,319,2.97
3141,晶宏,77.3,77.4,77.4,6.1,8.56,9205,52.91,98,0,42,140,2874,2797,77,0.01,1928,2210,534,545,271,0.3,0.09,1595,1821,-226,4817,4667,150,76.63,151.69,16.37,9.51,1656.27,0.84,42.51,2.15,0.47,23.73,4476,7.55
3147,大綜,185.5,186.5,186,5,2.76,475,62.13,173,0,-6,167,212,63,149,0.3,204,212,0,8,0,0.42,0.02,87,113,-26,200,323,-123,20.83,1093.29,31.38,90.07,8528.79,3.66,12.58,9.61,3.49,12.88,1407,4.37
3152,璟德,181,181.5,181.5,9.5,5.52,2376,67.09,1149,0,37,1186,1522,1225,297,0.12,1522,1522,0,0,0,0.63,0,344,394,-50,558,805,-247,19.41,127.13,5.01,1.65,1394.23,1.39,45.14,2.35,2.21,9,1552,6.9
3158,嘉實,85.6,86.3,85.8,-0.8,-0.92,22,36.36,1,0,0,1,0,0,0,0,0,0,0,0,0,0,0,10,10,0,13,13,0,12.79,88.07,-8.61,12.25,1051.86,1.5,63.93,4.32,7.58,--,0,3.05
3162,精確,87.5,87.6,87.6,-0.5,-0.57,4632,37.33,-684,0,0,-684,966,1711,-745,-0.16,61,615,52,92,514,0.14,0.13,920,1257,-337,2806,1723,1083,84.23,685.89,-11.43,-0.45,7894.32,0.02,10.41,0.19,1.14,28.52,7987,15.43
3163,波若威,1145,--,1145,100,9.57,3404,66.12,-717,430,84,-203,3546,3503,43,0.01,1419,1413,2132,2126,0,0.99,0.59,9,18,-9,39,73,-34,132.52,199.14,-19.53,16.5,2386.04,3.03,18.86,7.78,0.31,35.28,7104,8.05
3169,亞信,122,122.5,122,4,3.39,1792,57.78,-67,0,13,-54,750,571,179,0.1,564,585,152,130,43,0.4,0.1,215,287,-72,859,966,-107,34.76,80.37,2.94,0.11,916.22,0.97,54.2,3.3,2.62,7.76,1224,6.31
3171,炎洲流通,67.9,68.1,68.1,1.2,1.79,18,68.75,5,0,0,5,0,0,0,0,0,0,0,0,0,0,0,0,0,0,18,18,0,13.81,285.66,21.16,126.35,2338.83,1.44,25.76,6.55,6.81,0.69,40,3.31
3176,基亞,37.25,37.3,37.25,-2.45,-6.17,3736,33.53,-461,0,0,-461,304,620,-316,-0.08,-169,133,100,123,279,0.06,0.11,304,497,-193,3152,2643,509,--,94.37,-6.07,-10.29,1333.8,-0.38,52.75,-1.57,0,2.89,1008,13.93
3178,公準,69,69.3,69.1,1.7,2.52,83,39.76,31,0,0,31,0,0,0,0,0,0,0,0,0,0,0,0,0,0,84,84,0,--,115.01,-19.46,-2.85,1227.53,0,13.72,0.02,0,10.58,1191,4.51
3188,鑫龍騰,24.15,24.2,24.15,-0.2,-0.82,197,19.07,-131,0,1,-130,0,0,0,0,0,0,0,0,0,0,0,0,0,0,199,199,0,4,285.48,-55.75,914.83,4394.69,2.24,39.65,13.11,13.25,5.47,2581,18.86
3191,雲嘉南,16.5,16.55,16.5,1,6.45,76,56.94,0,0,0,0,0,0,0,0,0,0,0,0,0,0,0,0,0,0,77,77,0,75,15.59,-13.25,-1.89,171.34,-0.32,29.51,-5.67,0,--,0,4.36
3205,佰研,54.4,54.5,54.5,-0.5,-0.91,187,23.12,-54,0,-1,-55,30,0,30,0.16,0,0,0,0,0,0,0,46,54,-8,112,134,-22,--,60.4,-1.21,67.9,416.68,0.05,9.15,0.31,0,18.04,1468,6.75
3206,志豐,38.25,38.3,38.25,0.45,1.19,116,35.09,16,0,0,16,0,0,0,0,0,0,0,0,0,0,0,20,0,20,97,117,-20,23.04,280.61,13.23,-7.83,3067.15,0.26,20.65,1.09,3.92,5.09,750,5.89
3207,耀勝,56.6,57.1,56.6,-1,-1.74,357,39.5,45,0,-1,44,18,79,-61,-0.17,-79,0,0,0,79,0,0.22,50,49,1,292,232,60,--,132.01,-17.44,-9.8,1945.99,-0.45,17.63,0.24,0,34.8,5409,6.64
3211,順達,388,--,388,35,9.92,8623,72.39,1106,-481,442,1067,6633,5416,1217,0.14,6622,6628,5,11,0,0.75,0,622,1052,-430,1613,2401,-788,39.11,1060.19,-27.79,18.61,14366.39,2.05,20.03,3.35,2.96,26.39,10187,15.43
3213,茂訊,119.5,120,119.5,2,1.7,904,53.12,175,0,9,184,426,432,-6,-0.01,144,192,234,282,0,0.46,0.31,166,121,45,326,365,-39,16.69,308.54,11.23,23.88,2911.74,2.59,35.97,4.24,5.86,12.9,1892,5.87
3217,優群,206.5,207,207,8,4.02,4778,55.5,-102,-21,167,44,2654,2682,-28,-0.01,1387,2116,144,109,764,0.47,0.18,649,607,42,1559,1573,-14,16.49,316.59,-10.52,-13.26,4124.36,2.82,48.93,5.15,4.83,14.53,3274,9.01
3218,大學光,130.5,131,131,1,0.77,327,29.71,99,-2,0,97,164,141,23,0.07,25,56,0,0,31,0.16,0.09,70,61,9,107,139,-32,11.55,380.4,3.21,7.27,4196.44,3.31,57.38,7.25,5.92,3.74,792,8.47
3219,倚強科,92.9,--,92.9,8.4,9.94,1982,69.95,230,0,254,484,639,296,343,0.17,639,639,0,0,0,0.32,0,213,324,-111,1151,1382,-231,45.54,231.58,63.77,30.26,1907.06,0.48,63.89,1.64,1.47,8.07,1448,7.18
3221,台嘉碩,56.4,--,56.4,5.1,9.94,12329,86.63,2407,0,126,2533,9582,6684,2898,0.23,9582,9582,0,0,0,0.77,0,855,2300,-1445,1983,3436,-1453,194.48,220.01,17.62,13.65,2254.37,0.36,21.42,1.59,0.5,17.41,4574,10.51
3224,三顧,40.65,40.75,40.7,-0.35,-0.85,119,43.48,-12,0,0,-12,0,0,0,0,0,0,0,0,0,0,0,0,13,-13,121,108,13,--,134.16,-16.37,-4.02,1532.17,0.03,16.15,-0.92,0,51.47,8772,7.82
3226,龍鋒,39.5,40.5,40,0,0,3,0,-1,0,0,-1,0,0,0,0,0,0,0,0,0,0,0,0,0,0,3,3,0,--,97.83,-14.66,-54.69,1301.79,0.02,7.24,0.07,0,0.04,6,6.44
3227,原相,232.5,233,233,4,1.75,2664,52.57,779,-11,45,813,1809,1224,585,0.21,557,99,1635,1037,140,0.63,0.43,196,413,-217,734,1103,-369,21.16,850.2,13.06,4.21,9022.08,2.65,59.48,3.24,4.33,9.55,3592,15.05
3228,金麗科,211.5,212,211.5,1.5,0.71,1027,39.64,-194,6,3,-185,253,270,-17,-0.02,218,233,5,5,15,0.22,0.02,160,224,-64,659,579,80,--,32.37,22.72,-13.38,304.63,-0.55,60.74,-6.01,0,--,0,7.15
3230,錦明,32.35,32.4,32.35,-0.1,-0.31,324,42.77,51,0,-1,50,0,0,0,0,0,0,0,0,0,0,0,0,39,-39,327,288,39,--,34.15,-14.47,17.64,391.13,-0.45,4.31,-4.04,0,25.85,4589,8.6
3232,昱捷,22.2,22.3,22.3,0,0,154,60.26,-18,0,0,-18,0,0,0,0,0,0,0,0,0,0,0,0,0,0,155,155,0,96.96,101.26,26.29,21.43,900.8,0.18,16.51,1.25,2.24,25.2,2934,4.66
3234,光環,103.5,104,104,5.5,5.58,2087,61.49,462,0,0,462,927,487,440,0.21,927,927,0,0,0,0.43,0,363,455,-92,843,1192,-349,--,62.45,-2.73,12.18,666.62,-0.32,9.79,-4.88,0,--,0,11.15
3236,千如,53,--,53,4.75,9.84,5990,89.22,736,0,122,858,4079,3829,250,0.04,3988,4028,51,91,0,0.67,0.02,553,708,-155,1422,1518,-96,126.19,256.97,39.4,38.29,2226.31,0.1,22.79,0.65,0.94,21.97,5768,10.5
3252,海灣,18,18.15,18.05,-0.15,-0.82,16,25,1,0,0,1,0,0,0,0,0,0,0,0,0,0,0,0,0,0,16,16,0,120.33,37.81,-16.4,-9.61,502.74,0.09,40.46,0.75,0,98.8,12397,5.02
3259,鑫創,16.2,16.35,16.35,0.45,2.83,40,67.5,4,0,0,4,0,0,0,0,0,0,0,0,0,0,0,0,0,0,42,42,0,--,19.55,17.6,20.61,279,-0.6,15.77,-10.82,0,--,0,7.3
3260,威剛,417.5,418,417.5,4.5,1.09,13855,51.61,-460,-1722,64,-2118,10024,10908,-884,-0.06,6131,6606,3418,3893,0,0.71,0.27,1516,1263,253,2638,2007,631,8.34,10555.56,0.18,169.51,75894.01,30.05,55.7,35.47,4.07,30.6,25201,32.94
3264,欣銓,221,221.5,221.5,2.5,1.14,7088,49.67,-391,-353,40,-704,4509,4803,-294,-0.04,4222,4398,85,201,60,0.62,0.04,607,717,-110,2120,1716,404,34.34,1463.82,2.98,27.79,15117.5,1.95,38.36,4.68,1.9,5.35,6554,49.02
3265,台星科,186,186.5,186,8.5,4.79,3895,59.85,1691,-26,80,1745,2687,1495,1192,0.3,2687,2687,0,0,0,0.68,0,496,906,-410,782,1564,-782,32.63,489.51,4.57,37.89,5006.23,1.76,25.55,3.87,2.2,11.51,3921,13.63
3268,海德威,17.6,17.7,17.6,0.1,0.57,156,47.44,28,0,2,30,0,0,0,0,0,0,0,0,0,0,0,0,0,0,157,157,0,--,105.5,2.53,-1.52,946.54,-0.09,6.27,-0.67,0,12.73,1105,3.47
3272,東碩,17.3,17.4,17.35,-0.05,-0.29,89,30.26,-11,0,5,-6,0,0,0,0,0,0,0,0,0,0,0,0,0,0,92,92,0,--,239.57,-5.96,-10.59,2851.39,-2.8,7.08,-18.16,0,6.68,1022,6.12
3276,宇環,14.3,14.35,14.35,0.2,1.41,253,45.06,13,0,-1,12,0,0,0,0,0,0,0,0,0,0,0,0,0,0,255,255,0,71.75,58.75,-13.18,42.89,524.28,0,0.31,-0.78,0.42,9.18,1600,6.97
3284,太普高,16.8,16.95,16.8,-0.1,-0.59,131,20.77,-25,0,0,-25,0,0,0,0,0,0,0,0,0,0,0,0,0,0,135,135,0,7.4,63.17,-35.43,-18.7,844.73,0.5,27.73,3.12,2.98,4.03,1094,10.85
3285,微端,28.8,28.95,28.8,0.25,0.88,28,89.29,2,0,0,2,0,0,0,0,0,0,0,0,0,0,0,0,0,0,29,29,0,30.64,73.08,9.34,2.33,763.46,0.26,24.2,1.96,1.74,0.93,99,4.27
3287,廣寰科,31.85,31.9,31.85,0.4,1.27,262,37.16,15,0,0,15,0,0,0,0,0,0,0,0,0,0,0,50,25,25,215,240,-25,11.25,83.81,16.91,-1.6,961.73,1.01,33.38,7.91,4.71,19.19,2109,4.4
3288,點晶,14.95,15,14.95,0,0,7,0,0,0,0,0,0,0,0,0,0,0,0,0,0,0,0,0,0,0,8,8,0,--,8.68,-3.9,68.12,78.15,-0.08,76.96,-1.19,0,--,0,1.64
3289,宜特,168.5,169,169,5.5,3.36,1779,55.07,1,0,67,68,862,866,-4,-0,862,862,0,0,0,0.47,0,348,314,34,621,652,-31,35.06,371.3,6.12,-3.8,4779.87,2.05,17.27,3.59,2.64,33.55,7225,8.67
3290,東浦,48.2,48.25,48.25,1,2.12,733,73.36,189,0,0,189,72,143,-71,-0.1,72,72,0,0,0,0.1,0,155,48,107,513,549,-36,10.38,295.82,2.61,69.35,2857.74,2.65,20.14,10.49,3.11,41.49,8341,9.02
3293,鈊象,748,749,748,8,1.08,2016,63.05,162,464,11,637,1803,1520,283,0.13,1601,1624,179,202,0,0.83,0.09,303,529,-226,64,121,-57,18.53,2123.25,-3.19,14.74,23210.62,11.18,97.82,20.27,4.81,4.18,2944,28.18
3294,英濟,41.05,41.15,41.1,0.45,1.11,7613,51.62,-144,0,-1,-145,774,1470,-696,-0.09,-31,614,0,0,645,0.08,0.08,1111,1239,-128,5769,4945,824,--,261.12,9.76,-10.34,3540.49,-0.45,5.82,-2.79,0,24.56,8106,13.2
3297,杭特,30.75,30.85,30.75,-0.1,-0.32,60,38.33,6,0,0,6,0,0,0,0,0,0,0,0,0,0,0,0,0,0,64,64,0,61.5,21.8,-20.42,53.7,214.08,-0.05,36.68,-0.29,0,12.12,1092,3.6
3303,岱稜,49.35,49.4,49.35,0.45,0.92,225,41.52,-43,0,0,-43,0,0,0,0,0,0,0,0,0,0,0,15,11,4,212,216,-4,11.56,307.07,14.21,18.44,3084.38,0.92,34.29,3.79,6.08,7.01,1649,9.41
3306,鼎天,46.8,46.9,46.85,1.15,2.52,338,65.28,35,0,0,35,0,0,0,0,0,0,0,0,0,0,0,27,0,27,312,339,-27,21.3,84.77,-14.42,-20.75,1086.56,0.11,27.54,0.16,3.63,8.17,1033,5.06
3310,佳穎,74,77,76.9,6.8,9.7,225,92.86,38,0,0,38,124,75,49,0.22,124,124,0,0,0,0.55,0,33,42,-9,69,109,-40,49.94,188.5,34.21,26.25,1718,0.34,21.8,1.23,4.55,15.12,2833,7.49
3313,斐成,11.75,11.85,11.8,-0.05,-0.42,156,34.33,2,0,0,2,0,0,0,0,0,0,0,0,0,0,0,0,0,0,163,163,0,--,0.48,89.64,125.59,16.07,0.07,-44.42,0.71,0,--,1419,22.11
3317,尼克森,76.1,76.2,76.1,0.4,0.53,4653,45.8,383,0,20,403,1269,1264,5,0,1213,1269,0,0,56,0.27,0.01,950,920,30,2490,2526,-36,41.36,264.77,6,10.81,2810.83,0.84,29.35,2.35,0.66,16.19,3643,9
3322,建舜電,13.45,13.5,13.45,0.65,5.08,1197,59.68,550,0,0,550,92,96,-4,-0,92,92,0,0,0,0.08,0,201,82,119,910,1025,-115,--,275.45,1.79,31.77,3105.01,-0.64,10.16,-4.86,0,35.2,12107,13.76
3323,加百裕,36.65,36.7,36.7,1.3,3.67,1568,70.94,810,0,24,834,260,30,230,0.15,260,260,0,0,0,0.16,0,358,114,244,962,1436,-474,--,445.72,32.92,-4.01,4843.53,-0.56,8.48,-2.18,0,26.06,6480,9.95
3324,雙鴻,1005,1010,1010,10,1,3439,47.21,-762,-11,-36,-809,3525,3590,-65,-0.02,742,797,2729,2784,0,0.97,0.76,28,13,15,109,58,51,29.15,2842.34,-14.62,40.9,28240.15,12.61,29.66,9.95,1.19,24.17,5624,9.31
3325,旭品,11.95,12,11.95,0,0,398,68.39,123,0,0,123,0,159,-159,-0.4,-159,0,0,159,0,0,0.4,0,0,0,401,242,159,--,58.13,-1.57,-57.73,1118.24,-0.6,-5.33,-7.26,0,--,617,11.02
3332,幸康,63.8,64.6,64,-0.4,-0.62,12,41.67,-4,0,0,-4,0,0,0,0,0,0,0,0,0,0,0,0,0,0,12,12,0,16.28,175.84,6.71,24.69,1711.41,1.38,35.9,3.53,3.13,1.61,194,4.81
3339,泰谷,50.1,50.2,50.2,3.6,7.73,3892,61.53,702,0,1,703,1053,625,428,0.11,1053,1053,0,0,0,0.27,0,580,604,-24,2289,2692,-403,--,72.14,-0.77,10.51,895.79,-0.77,13.67,-7.13,0,35.23,5863,6.66
3349,寶德,18.55,18.9,18.9,-0.1,-0.53,208,37.88,54,0,0,54,0,0,0,0,0,0,0,0,0,0,0,0,0,0,209,209,0,--,18.36,-23.43,-60.68,414.88,-0.48,6.06,-6.56,0,--,0,4.61
3354,律勝,34.7,34.75,34.75,2.6,8.09,1661,62.39,405,0,-1,404,47,58,-11,-0.01,47,47,0,0,0,0.03,0,131,135,-4,1495,1480,15,--,13.79,22.15,52.03,105.78,-0.17,29.18,-1.52,0,9.91,1737,7.01
3357,臺慶科,279,--,279,25,9.84,12359,60.51,1362,0,-63,1299,8977,8698,279,0.02,8325,8411,567,653,0,0.72,0.05,1419,1803,-384,2131,2026,105,28.7,704.11,7.34,15.42,6895.06,2.51,28.86,2.88,1.86,26.84,7243,11.49
3360,尚立,14.9,14.95,14.95,0.3,2.05,564,53.56,129,0,0,129,0,0,0,0,0,0,0,0,0,0,0,44,0,44,525,569,-44,--,707.88,5.31,-3.73,8284.21,0,3.22,-0.67,0,15.07,2878,7.64
3362,先進光,119.5,120,120,-1,-0.83,1814,41.39,-340,0,-4,-344,802,977,-175,-0.09,-977,0,0,0,977,0,0.53,264,196,68,786,679,107,--,372.81,-10.41,-3.89,4400.29,-0.5,13.11,-1.95,0,11.62,4138,14.74
3363,上詮,852,854,852,34,4.16,2174,48.27,-29,6,1,-22,1429,1507,-78,-0.03,1389,1411,18,40,0,0.61,0.02,808,743,65,89,76,13,--,127.94,9.1,-37.3,1786.43,-0.98,1.88,-2.58,0,24.44,6639,11.36
3372,典範,20.2,20.25,20.25,0.4,2.02,1428,69.55,781,0,0,781,525,454,71,0.05,525,525,0,0,0,0.37,0,97,30,67,815,953,-138,--,114.86,0.67,32.57,1209.08,-0.03,4.11,-0.36,0,--,3,17.53
3373,熱映,16.85,16.95,16.9,-0.1,-0.59,93,30,3,0,0,3,0,0,0,0,0,0,0,0,0,0,0,0,0,0,95,95,0,--,42.86,32.74,26.33,398.39,-0.26,13.71,-1.55,6.51,7.22,860,4.76
3374,精材,252.5,253,253,8.5,3.48,14006,55.48,2,-1,259,260,9945,10116,-171,-0.01,9640,9765,180,305,0,0.69,0.02,2011,2069,-58,2379,2150,229,49.22,723.82,3.48,25.64,7754.56,1.42,29.66,3.86,0.99,18.15,12310,27.14
3379,彬台,42.8,42.85,42.8,1.3,3.13,1275,52.11,48,0,0,48,36,50,-14,-0.01,36,36,0,0,0,0.03,0,140,105,35,1111,1132,-21,27.26,20.69,-36.09,-78.59,1813.88,-0.39,19.03,-2.29,2.8,24.48,2328,3.8
3388,崇越電,102,102.5,102,5.1,5.26,1296,48,-136,0,0,-136,459,532,-73,-0.06,459,459,0,0,0,0.35,0,212,175,37,643,607,36,23.13,864.39,8.08,33.25,7814.33,1.2,19.51,1.95,3.43,16.14,2988,7.41
3390,旭軟,28.6,28.65,28.65,0.3,1.06,2107,61.64,598,0,0,598,318,182,136,0.06,318,318,0,0,0,0.15,0,396,248,148,1404,1688,-284,--,91,15.99,48.58,838.19,-0.18,16.14,-1.05,0.7,16.42,3256,7.93
3402,漢科,139,139.5,139.5,2.5,1.82,637,38.54,188,0,-1,187,251,195,56,0.09,202,241,0,0,39,0.37,0.06,115,128,-13,282,325,-43,19.03,503.19,7.4,20.14,5462,1.56,21,5.41,4.3,7.71,1408,7.3
3426,台興,47.7,47.8,47.8,0.1,0.21,18,27.78,0,0,0,0,0,0,0,0,0,0,0,0,0,0,0,0,0,0,18,18,0,25.03,54.91,-1.96,-9.34,553.25,0.31,25.59,1.04,0,--,0,2.64
3430,奇鈦科,183,183.5,183.5,9.5,5.46,5128,53.28,-320,0,-23,-343,2591,2974,-383,-0.07,1182,1588,1003,1409,0,0.5,0.27,812,763,49,1771,1437,334,53.34,161.06,-19.9,13.83,1849.92,1.45,23.24,4.28,0.87,34.3,2891,3.37
3434,哲固,29,29.1,29,0.5,1.75,61,47.54,1,0,0,1,0,0,0,0,0,0,0,0,0,0,0,0,0,0,65,65,0,--,28.08,-53.73,-49.82,551.57,0.08,19.93,0.55,4.14,19.27,1722,3.58
3438,類比科,71.3,71.4,71.4,3.6,5.31,953,64.83,280,0,0,280,185,35,150,0.16,185,185,0,0,0,0.19,0,193,128,65,583,798,-215,79.33,85.57,28.23,-14.59,936.47,0.24,38.67,0.49,2.1,8.57,1010,4.72
3441,聯一光,52,52.2,52.2,-0.7,-1.32,5663,45.54,24,0,-28,-4,1182,1527,-345,-0.06,-1342,66,69,70,1407,0.02,0.26,988,1299,-311,3531,2875,656,45.79,58.74,14.76,44.9,466,0.47,29.79,2.28,1.63,23.19,2321,4
3444,利機,96.9,97,97,1.9,2,538,56.53,196,0,1,197,135,103,32,0.06,135,135,0,0,0,0.25,0,96,114,-18,313,327,-14,54.8,112.93,-2.08,-1.81,1287.76,0.41,19.76,1.77,1.86,13.15,1479,4.5
3455,由田,292.5,293,293,-17,-5.48,3925,36.77,-1012,24,-13,-1001,1757,2857,-1100,-0.27,-2857,0,0,0,2857,0,0.7,901,564,337,1423,661,762,164.61,125.16,261.21,-2.51,1456.24,-0.81,54.54,-2,1.19,30.9,4624,5.99
3465,進泰電子,27.75,27.8,27.75,0.85,3.16,40,57.5,7,0,0,7,0,0,0,0,0,0,0,0,0,0,0,0,0,0,40,40,0,--,193.58,48.48,32.93,1618.39,-0.92,5.92,-5.04,0,7.14,631,3.53
3466,德晉,33.75,33.8,33.8,-1.3,-3.7,1464,28.54,-152,0,0,-152,50,115,-65,-0.04,-115,0,0,0,115,0,0.08,138,286,-148,1287,1074,213,--,218.52,374.39,2243.13,327.25,-0.31,7.8,-1.7,0,56.08,10920,7.79
3467,台灣精材,63.6,63.8,63.8,1.8,2.9,279,34.89,46,0,-2,44,40,54,-14,-0.05,40,40,0,0,0,0.14,0,57,37,20,185,191,-6,93.82,69.42,10.96,39.7,648.73,0.3,24.71,1.57,0.78,7.12,554,3.11
3479,安勤,125.5,126,125.5,8,6.81,5925,58.74,175,0,4,179,2536,2917,-381,-0.06,2355,2431,0,0,76,0.4,0.01,858,799,59,2612,2290,322,18.48,768.86,-6.66,9.49,8772.8,2.22,28.15,4.46,3.67,8.75,1588,7.26
3483,力致,94.5,94.6,94.6,2.6,2.83,1291,59.53,486,0,31,517,289,70,219,0.16,289,289,0,0,0,0.22,0,346,302,44,705,968,-263,24.57,751.92,-9.01,3.68,9262.76,0.17,17.08,0.34,3.17,20,4952,9.9
3484,崧騰,44.1,44.2,44.15,0,0,403,23.54,-16,0,0,-16,100,172,-72,-0.18,-172,0,0,0,172,0,0.42,77,63,14,228,170,58,11.26,362.42,-5.66,-16.15,4510.95,0.63,22.07,1.49,5.66,10.65,2099,7.88
3485,敘豐,265,--,265,24,9.96,412,79.06,34,0,2,36,217,155,62,0.15,84,156,0,0,72,0.37,0.17,86,72,14,122,197,-75,57.61,52.52,0.28,9.87,--,1.69,53.21,4.28,1.91,--,0,3.85
3489,森寶,21.95,22,22,0,0,90,48.89,0,0,0,0,0,0,0,0,0,0,0,0,0,0,0,0,0,0,90,90,0,--,76.57,-3.62,113.51,909.46,-0.03,3.3,-0.19,13.64,7.12,1610,9.05
3490,單井,43.45,43.5,43.5,2.8,6.88,13103,51.06,-627,0,19,-608,3282,4560,-1278,-0.1,1427,2554,728,1855,0,0.25,0.14,1581,2120,-539,8280,6464,1816,16.23,31.1,77.03,51.02,266.37,2.07,20.05,8.71,1.15,27.44,3773,5.5
3491,昇達科,1925,1930,1930,80,4.32,3354,58.49,379,4,44,427,3464,3458,6,0,2999,3138,0,0,139,0.87,0.04,34,28,6,94,106,-12,211.16,349.05,6.17,83.99,3011.56,3.68,57.98,7.13,0.35,20.93,3601,6.88
3492,長盛,22.6,22.7,22.6,0.2,0.89,126,24.6,12,0,0,12,0,0,0,0,0,0,0,0,0,0,0,0,43,-43,126,83,43,15.07,75.52,15.52,-17.81,810.94,0.31,28.25,1.65,4.87,8.73,775,3.55
3498,陽程,159.5,160,160,13.5,9.22,1294,73.98,113,0,-1,112,538,364,174,0.16,496,458,80,42,0,0.48,0.04,235,246,-11,568,731,-163,122.14,341.95,351.07,137.82,1644.31,-0.2,26.04,-0.53,0,30.55,3931,6.13
3499,環天科,14.7,14.85,14.7,-0.2,-1.34,101,38.61,-20,0,0,-20,0,0,0,0,0,0,0,0,0,0,0,0,0,0,102,102,0,--,28.72,11.63,-20.18,325.08,-0.51,12.89,-6.19,0,--,0,5.5
3508,位速,20.1,20.3,20.1,0.35,1.77,219,37.44,13,0,0,13,0,0,0,0,0,0,0,0,0,0,0,34,0,34,190,224,-34,--,70.59,-21.73,-18.99,811.95,-0.1,14.49,-3.65,0,--,0,10.43
3511,矽瑪,21.4,21.45,21.45,1.5,7.52,594,54.92,58,0,0,58,0,0,0,0,0,0,0,0,0,0,0,0,0,0,599,599,0,--,149.27,-14.08,-9.98,1740.86,-0.09,16.41,-0.67,0,21.61,2700,8
3512,皇龍,20.3,20.35,20.35,0,0,72,55.56,21,0,0,21,0,0,0,0,0,0,0,0,0,0,0,0,40,-40,73,33,40,11.7,16.73,47.17,147.8,948.68,0.46,40.42,2,8.85,1.72,487,11.31
3516,亞帝歐,23.05,23.2,23.1,-0.55,-2.33,126,23.2,1,0,0,1,0,0,0,0,0,0,0,0,0,0,0,0,0,0,128,128,0,79.66,96.56,0.69,27.01,1135.14,0.08,16.93,0.45,0.87,60.24,8970,5.96
3520,華盈,15.05,15.1,15.1,0,0,303,19.87,-15,0,0,-15,0,0,0,0,0,0,0,0,0,0,0,0,89,-89,304,215,89,--,101.45,-6.4,-2.64,1270.03,-0.07,10.12,-0.59,0,15.21,2363,6.88
3521,台鋼建設,13.05,13.1,13.05,0.05,0.38,48,56.25,3,0,0,3,0,0,0,0,0,0,0,0,0,0,0,0,0,0,48,48,0,5.63,1.08,-88.13,-58.7,237.86,2.12,-42.64,19.16,0,11.72,1341,18.58
3522,御嵿,12.3,12.4,12.4,0,0,109,75.93,27,0,0,27,0,0,0,0,0,0,0,0,0,0,0,0,0,0,111,111,0,--,62.51,-50.93,-0.59,1208.41,0.4,54.24,6.14,0,--,0,10.41
3523,迎輝,9.82,9.99,9.99,-0.01,-0.1,17,29.41,3,0,0,3,0,0,0,0,0,0,0,0,0,0,0,0,0,0,18,18,0,--,10.87,90.6,197.78,97.17,-0.45,-88.58,-7.01,0,--,0,6.43
3526,凡甲,366.5,367,366.5,-3.5,-0.95,498,39.27,-49,-1,1,-49,211,285,-74,-0.14,-195,42,6,11,232,0.09,0.46,67,84,-17,248,157,91,21,436.62,3.77,40.32,4227.87,4.7,50.38,7.91,4.59,13.67,2251,6.58
3527,聚積,61.2,61.3,61.3,3.2,5.51,305,74.75,121,0,0,121,21,19,2,0.01,21,21,0,0,0,0.07,0,11,32,-21,276,257,19,--,105.87,-24.49,-19.93,1380.18,0.01,39.59,0.02,1.63,10.57,1174,4.44
3529,力旺,3620,3625,3625,70,1.97,475,38.74,-32,31,2,1,482,488,-6,-0.01,151,158,324,331,0,0.96,0.66,3,4,-1,19,13,6,132.3,613.12,406,12.93,4101.53,7.98,100,14.73,0.57,9.82,1834,7.47
3531,先益,22.85,23.35,23.35,-0.05,-0.21,3,66.67,0,0,0,0,0,0,0,0,0,0,0,0,0,0,0,0,0,0,3,3,0,97.29,101.15,-1.81,-28.02,1166.03,0.33,19.96,1.01,2.14,0.56,85,6.12
3537,堡達,69.8,--,69.8,6.3,9.92,1252,100,-2,0,130,128,1129,487,642,0.5,1129,1129,0,0,0,0.88,0,37,254,-217,114,540,-426,27.37,283.95,15.28,-6.08,2950.46,1.28,16.43,5.46,2.87,15.74,2213,5.62
3540,曜越,26.25,26.35,26.25,0.65,2.54,259,62.4,26,0,0,26,0,0,0,0,0,0,0,0,0,0,0,0,33,-33,263,230,33,90.52,300.93,-26.72,-31.04,4952.15,0.15,28.11,0.6,1.14,6.7,1214,7.25
3541,西柏,22.9,22.95,22.9,0,0,33,36.36,-1,0,0,-1,0,0,0,0,0,0,0,0,0,0,0,0,0,0,35,35,0,--,83.03,-18.6,-27.94,1037.77,0.03,35.46,0.25,0,2.8,394,5.63
3546,宇峻,81.2,81.3,81.3,0.7,0.87,672,47.39,109,0,21,130,28,31,-3,-0,0,15,0,0,15,0.02,0.02,115,59,56,546,599,-53,23.84,133.46,-16.84,32.29,1628.84,2.34,88.59,8.7,3.08,16.32,2383,5.84
3548,兆利,98.7,98.8,98.8,2.3,2.38,470,60.57,129,0,2,131,54,60,-6,-0.01,30,30,24,24,0,0.11,0.05,81,61,20,343,357,-14,1976,751.26,17.91,-30.19,8146.27,-1.35,8.1,-1.47,1.01,24.44,4140,6.77
3551,世禾,202,202.5,202.5,5.5,2.79,1257,57.46,464,0,85,549,851,847,4,0,851,851,0,0,0,0.67,0,69,117,-48,360,316,44,24.67,275.78,0.26,11.99,3151.57,2.46,37.44,3.03,2.37,11.95,1860,6.23
3552,同致,53.2,53.3,53.3,0.4,0.76,171,51.18,13,0,-1,12,20,0,20,0.11,20,0,20,0,0,0.11,0,10,24,-14,151,157,-6,88.83,736.8,41.23,2.59,8168.92,0.01,18.43,0.02,0.94,6.83,1671,9.79
3555,博士旺,235.5,--,235.5,21,9.79,230,100,17,0,17,34,209,139,70,0.3,209,209,0,0,0,0.9,0,3,31,-28,20,62,-42,33.93,68.97,-32.99,2832.48,616.03,5.45,42.55,32.91,0,17.76,1113,4
3556,禾瑞亞,54.6,54.7,54.7,0.7,1.3,623,54.04,238,0,3,241,72,98,-26,-0.04,-53,25,20,26,72,0.07,0.15,110,95,15,453,442,11,18.67,108.66,-7.79,-1.85,1023.38,1.19,49.34,6.25,3.56,3.52,561,6.37
3558,神準,127,127.5,127,7,5.83,532,70.75,92,32,12,136,140,69,71,0.13,140,140,0,0,0,0.26,0,115,73,42,294,407,-113,46.69,1056.84,2.96,-24.58,13755.28,0.1,16.24,0.31,2.36,11.57,1709,5.91
3564,其陽,45,45.3,45.3,3.3,7.86,745,60.95,104,0,0,104,92,98,-6,-0.01,-6,0,92,98,0,0.12,0.13,55,63,-8,610,596,14,151,247.45,21.13,5.99,2569.86,-0.32,22.26,-1.36,0.6,5.39,796,5.91
3567,逸昌,28.9,28.95,28.9,-0.05,-0.17,227,53.12,37,0,0,37,0,0,0,0,0,0,0,0,0,0,0,19,18,1,210,211,-1,30.42,24.02,-0.78,14.17,279.38,0.13,25.13,0.79,3.46,5.94,504,3.4
3570,大塚,172,173,172.5,1.5,0.88,46,48.89,5,0,0,5,0,0,0,0,0,0,0,0,0,0,0,3,25,-22,44,22,22,12.52,276.99,30.77,22.24,2422.81,4.12,28.92,6.75,5.62,0.96,41,1.71
3577,泓格,145.5,--,145.5,13,9.81,2006,78.65,300,67,32,399,1227,927,300,0.15,1102,1082,145,125,0,0.6,0.06,267,370,-103,545,743,-198,47.39,153.91,-8.94,89.01,1316.08,1.47,59.75,6.56,1.37,9.59,1533,6.4
3580,友威科,104,104.5,104,4,4,4586,48.61,158,0,0,158,1852,1755,97,0.02,1786,1842,0,0,56,0.4,0.01,742,885,-143,2046,1999,47,74.29,47.45,94.5,71.25,424.74,-0.18,34.99,-0.7,1.15,41.26,4071,3.95
3581,博磊,248,--,248,22.5,9.98,347,100,-9,0,65,56,332,200,132,0.37,332,332,0,0,0,0.93,0,10,53,-43,15,105,-90,185.07,128.17,-16.03,47.69,1660.61,0.31,35.65,2.49,0.24,13.64,1739,5.1
3587,閎康,342,342.5,342,17,5.23,1974,43.86,-344,0,-7,-351,884,1082,-198,-0.1,884,877,7,0,0,0.43,0,289,266,23,895,721,174,46.85,540.74,0.48,22.53,5830.91,2.24,30.89,3,1.32,21.14,3762,7.12
3594,磐儀,51.9,52,52,1.2,2.36,687,68.69,325,0,-2,323,64,25,39,0.06,64,64,0,0,0,0.09,0,171,117,54,458,551,-93,78.79,188.85,-16.28,50.37,2208.86,-0.07,33.94,-0.92,0.77,22.06,4040,9.59
3597,映興,28.1,28.2,28.2,0.1,0.36,87,53.49,7,0,0,7,0,0,0,0,0,0,0,0,0,0,0,0,0,0,89,89,0,117.5,83.81,17.3,26.59,874.51,0.08,22.71,0.55,1.42,12.35,1211,3.92
3609,三一東林,28.35,28.4,28.35,0.35,1.25,326,48.77,37,0,0,37,0,0,0,0,0,0,0,0,0,0,0,59,33,26,268,294,-26,4.53,21.76,-18.78,1.86,610.3,-1.05,25.08,-8.03,0,24.81,1903,3.84
3611,鼎翰,187.5,188,187.5,0,0,43,41.86,-11,0,0,-11,7,12,-5,-0.11,7,7,0,0,0,0.16,0,6,8,-2,32,25,7,9.23,1019.05,-0.49,-0.64,11439.08,4.56,33.81,3.96,5.33,1.35,160,4.76
3615,安可,47.55,--,47.55,4.3,9.94,15476,76.58,2699,0,96,2795,8346,6438,1908,0.12,8346,8346,0,0,0,0.54,0,1465,2543,-1078,5757,6588,-831,46.17,63.24,-14.83,-30.1,854.93,0.16,23.75,0.72,1.47,29.94,5124,6.85
3623,富晶通,24.25,24.35,24.3,0.95,4.07,271,68.94,49,0,-1,48,0,0,0,0,0,0,0,0,0,0,0,0,0,0,275,275,0,63.95,20.23,-30.77,-26.93,296.78,0.26,10.19,2.13,0,7.62,556,2.92
3624,光頡,91.4,91.5,91.5,0,0,3962,52.37,-134,0,85,-49,1227,1281,-54,-0.02,-826,196,83,30,1075,0.09,0.34,803,804,-1,2006,1952,54,44.2,282.46,-1.05,20.97,2833.31,0.75,28.56,2.51,1.2,36.37,10668,11.73
3625,西勝,14.75,14.8,14.8,0.2,1.37,303,45.51,98,0,0,98,0,0,0,0,0,0,0,0,0,0,0,0,35,-35,304,269,35,--,22.87,-50.1,-43.34,400.56,0.01,12.84,0.28,0,--,0,11.42
3628,盈正,64.3,64.4,64.4,0.8,1.26,78,37.66,-4,0,0,-4,0,0,0,0,0,0,0,0,0,0,0,0,0,0,80,80,0,15.44,277.38,-2.84,13.12,3493.53,0.34,27.19,1,5.05,10.34,1163,4.5
3629,地心引力,16.2,17.35,16.1,-0.4,-2.42,9,11.11,0,0,0,0,0,0,0,0,0,0,0,0,0,0,0,0,0,0,9,9,0,--,7.85,5711.11,261400,31.17,-0.15,28.29,-10.15,0,--,0,3.3
3630,新鉅科,27.55,27.6,27.6,0.3,1.1,823,38.99,129,0,-3,126,46,0,46,0.06,46,0,46,0,0,0.06,0,29,27,2,756,804,-48,13.08,225.16,5.97,-3.87,2395.7,-0.27,11.07,-1.83,0,8.23,3790,20.42
3631,晟楠,37.75,37.8,37.8,-0.45,-1.18,204,43.63,-5,0,0,-5,0,0,0,0,0,0,0,0,0,0,0,16,15,1,190,191,-1,--,2.67,-50.27,38.72,28.74,-0.15,18.14,-1.11,0,4.23,866,8.18
3632,研勤,7.34,7.5,7.35,-0.01,-0.14,23,52.17,0,0,0,0,0,0,0,0,0,0,0,0,0,0,0,0,0,0,32,32,0,--,19.11,-37.43,-18.38,265.92,0.06,61.89,2.28,0,--,0,4.09
3646,艾恩特,23.25,23.3,23.4,-0.1,-0.43,9,22.22,0,0,0,0,0,0,0,0,0,0,0,0,0,0,0,0,0,0,9,9,0,146.25,69.59,16.57,16.68,677.51,-0.36,23.64,-2.78,3.85,11.16,1096,3.93
3663,鑫科,86.8,86.9,86.9,3.2,3.82,16753,46.61,-2495,0,103,-2392,4452,6677,-2225,-0.13,3855,4327,125,468,129,0.26,0.04,3186,2920,266,9248,7288,1960,869,473.06,-37.02,0.6,7017.72,0.26,5.18,1.08,0,23.29,5471,10.85
3664,安瑞-KY,9.15,9.3,9.15,0.27,3.04,34,66.67,0,0,0,0,0,0,0,0,0,0,0,0,0,0,0,0,0,0,34,34,0,--,17.13,4.73,-26.86,751.37,-1.77,36.1,-155.95,0,--,0,7.19
3666,光耀,27.25,27.45,27.25,0.2,0.74,123,61.79,42,0,0,42,0,0,0,0,0,0,0,0,0,0,0,0,0,0,123,123,0,--,44.56,23.74,2.1,419.04,-0.4,-18.51,-3.11,0,8.46,1247,13.89
3672,康聯訊,11.4,11.7,11.4,0.05,0.44,77,83.12,2,0,0,2,0,0,0,0,0,0,0,0,0,0,0,0,0,0,78,78,0,--,22.63,-32.45,120.07,211.7,-0.39,32.75,-4.97,0,--,0,4.08
3675,德微,319.5,320,319.5,3,0.95,2208,47.3,-43,0,11,-32,1076,1133,-57,-0.03,-308,416,0,0,724,0.18,0.32,461,484,-23,732,652,80,113.3,253.87,6.66,19.1,2736.68,1.51,38.26,3.19,1.25,19.62,2603,5.31
3680,家登,568,569,568,24,4.41,2366,54.16,-413,-1,143,-271,1788,1743,45,0.02,1476,1573,205,276,26,0.72,0.12,603,659,-56,73,64,9,58.08,885.96,34.13,52.74,7805.57,2.55,42.63,2.29,1.21,17.78,4269,9.6
3684,榮昌,61.5,61.8,61.5,1,1.65,198,58.08,91,0,0,91,18,0,18,0.09,18,18,0,0,0,0.09,0,34,24,10,150,178,-28,17.04,101.22,22.68,0.3,1177.96,0.7,35.11,2.84,4.55,5.15,390,3.03
3685,元創精密,28.95,30,30,2.45,8.89,778,73.64,112,0,0,112,163,43,120,0.15,163,163,0,0,0,0.21,0,100,358,-258,517,379,138,--,161.41,-4.6,74.3,1380.96,0.1,23.33,2.54,0,--,63,7.96
3687,歐買尬,69.6,69.8,69.7,-0.8,-1.13,176,20.86,-24,0,-1,-25,0,0,0,0,0,0,0,0,0,0,0,0,8,-8,178,170,8,15.73,162.39,-10.86,10.88,1902.51,0.31,40.71,1.7,2.88,12.97,975,3.01
3689,湧德,123,124,123.5,2.5,2.07,1809,50.54,281,0,-6,275,1077,969,108,0.06,1048,1057,20,29,0,0.59,0.02,247,251,-4,508,611,-103,17.08,785.77,7.64,44.31,6884.51,2.04,30.25,3.79,2.96,27.12,6061,8.94
3691,碩禾,143,143.5,143.5,1,0.7,1615,45.2,-25,0,35,10,730,781,-51,-0.03,86,423,123,139,321,0.34,0.28,272,282,-10,629,570,59,--,1008.61,9.8,163.41,8047.67,2.97,18.28,4.21,0,21.06,4170,9.19
3693,營邦,589,--,589,53,9.89,508,100,-22,-19,23,-18,501,411,90,0.17,501,501,0,0,0,0.93,0,37,110,-73,0,17,-17,68.41,718.18,5.18,10.79,6684.22,1.54,23.22,1.05,1.36,48.46,5208,4.3
3707,漢磊,83.4,83.5,83.5,3.5,4.38,30610,53.51,3736,0,-3,3733,15992,15593,399,0.01,15951,15992,0,41,0,0.52,0,3535,4480,-945,11257,10712,545,--,584.54,7.69,31.01,6161.73,-0.35,5.06,-1.03,0,15.55,13470,39.66
3709,鑫聯大投控,88.2,88.3,88.2,1.2,1.38,3258,50.74,581,0,-180,401,1213,1128,85,0.03,1213,1213,0,0,0,0.37,0,725,613,112,1351,1548,-197,8.96,4514.48,-6.66,9.09,44357.29,3.69,7.6,11.91,2.83,23.89,7498,12.56
3710,連展投控,6.32,6.39,6.39,0.09,1.43,419,80.43,-6,0,0,-6,0,0,0,0,0,0,0,0,0,0,0,0,0,0,422,422,0,--,647.61,5.06,8.73,7068.98,-0.74,17.77,-12.41,0,--,0,28.73
3713,新晶投控,12.8,12.95,12.95,-0.05,-0.38,90,23.86,11,0,0,11,0,0,0,0,0,0,0,0,0,0,0,0,0,0,91,91,0,--,31.34,-13.81,62.3,340.32,-0.22,22.86,-2.72,0,--,0,8.81
4102,永日,17.5,17.55,17.55,0.4,2.33,106,83.33,15,0,0,15,0,0,0,0,0,0,0,0,0,0,0,0,0,0,106,106,0,--,37.29,-17.36,-17.4,460.59,0.09,26.55,0.69,0,1.78,189,4.24
4105,東洋,74.1,74.2,74.1,-0.1,-0.13,806,38.46,38,0,-29,9,244,549,-305,-0.38,-486,42,0,0,528,0.05,0.65,132,81,51,437,183,254,11.44,518.18,-13.6,17.92,6593.71,1.78,59.99,6,6.07,1.29,804,24.87
4107,邦特,116,116.5,116.5,-0.5,-0.43,187,30.48,-32,0,1,-31,94,85,9,0.05,-85,0,0,0,85,0,0.45,31,26,5,65,79,-14,14.69,193.67,-0.25,6.39,2174.95,2.09,45.21,4.15,4.72,1.93,334,6.93
4109,加捷生醫,11.45,11.55,11.5,-0.1,-0.86,157,31.37,-18,0,0,-18,0,0,0,0,0,0,0,0,0,0,0,0,0,0,159,159,0,24.47,43.83,-30.66,17.73,493.18,0.15,28.29,1.08,1.74,13.35,3637,11.87
4111,濟生,30,30.05,30,-0.1,-0.33,52,23.08,1,0,0,1,0,0,0,0,0,0,0,0,0,0,0,0,0,0,54,54,0,10,127.45,7.6,6.55,1421.47,0.9,40.99,3.83,4.33,4.31,644,5.98
4113,聯上,15.4,15.45,15.45,-0.05,-0.32,249,19.43,-32,0,0,-32,0,73,-73,-0.29,-73,0,0,0,73,0,0.29,58,37,21,193,141,52,--,0.08,0,-99.83,111.95,-0.22,44.51,-1.18,0,18.51,10697,23.11
4114,健喬,30.8,30.9,30.8,-0.1,-0.32,830,25.98,119,0,0,119,37,263,-226,-0.27,-263,0,0,0,263,0,0.31,118,131,-13,690,451,239,19.49,570.41,1.39,13.53,6431.62,0.38,42.33,1.34,5.36,2.12,2699,51.02
4116,明基醫,37.8,37.9,37.8,0.3,0.8,52,51.92,15,0,0,15,0,0,0,0,0,0,0,0,0,0,0,0,0,0,52,52,0,24.55,506.93,12.92,14.46,5415.09,0.28,32.25,2.18,5.29,2.49,277,4.46
4120,友華,45.95,46,46,-0.2,-0.43,29,86.21,-1,0,0,-1,0,0,0,0,0,0,0,0,0,0,0,16,0,16,14,30,-16,--,395.3,-0.94,5.16,4605.81,-0.29,52,-0.05,8.7,3.32,720,8.67
4121,優盛,14.4,14.45,14.4,0.15,1.05,125,48.8,42,0,0,42,0,0,0,0,0,0,0,0,0,0,0,0,0,0,125,125,0,--,300.94,-4.88,-9.18,3781.69,-0.11,33.88,-0.75,0,25.16,5228,8.31
4123,晟德,38.65,38.7,38.7,-0.05,-0.13,1664,32.26,-350,0,-45,-395,241,550,-309,-0.18,-550,0,0,0,550,0,0.33,214,336,-122,1234,803,431,2.77,177.33,19.92,28.35,1643.32,2.62,46.58,7.17,5.81,7.14,12940,76.9
4126,太醫,79.2,79.4,79.2,-0.6,-0.75,110,60,-2,0,0,-2,50,74,-24,-0.22,-74,0,0,0,74,0,0.67,8,10,-2,53,27,26,16.2,183.42,-22.27,5.56,2392.6,1.44,31.3,3.46,5.68,4.26,773,7.26
4127,天良,62.9,--,62.9,5.7,9.97,4359,76.27,97,0,3,100,2477,2260,217,0.05,2083,2162,189,163,105,0.54,0.06,451,635,-184,1443,1477,-34,449.29,68.74,3.02,66.79,622.85,0.75,59.74,7,0,7.93,907,4.58
4128,中天,15.7,15.75,15.75,-0.3,-1.87,5459,46.23,-855,0,-156,-1011,226,1514,-1288,-0.23,-957,0,0,0,957,0,0.17,977,1336,-359,4497,2851,1646,--,159.89,-5.75,1.79,1942.07,-0.31,39.02,-2.47,0,4.86,7148,58.82
4129,聯合,91.2,91.3,91.2,0.4,0.44,642,39.63,-141,0,0,-141,365,325,40,0.06,265,297,55,43,44,0.55,0.13,127,127,0,153,193,-40,19.16,534.33,-6.68,11.52,5907.8,0.91,79.59,2.07,4.93,6.46,1558,9.64
4130,健亞,27.45,27.55,27.5,-0.1,-0.36,59,33.33,-2,0,1,-1,0,0,0,0,0,0,0,0,0,0,0,0,0,0,62,62,0,--,39.6,18.38,-13.79,465.15,-0.09,30.18,-0.67,0,4.82,1663,13.79
4131,浩泰,34,34.45,34,-1.2,-3.41,217,0,-11,0,2,-9,198,200,-2,-0.01,-200,0,0,0,200,0,0.92,0,0,0,19,17,2,--,27.98,2.29,26.86,241.47,-0.05,50.74,-0.44,0,--,0,3.99
4138,曜亞,51.8,52,51.8,-0.3,-0.58,31,29.03,-1,0,0,-1,0,0,0,0,0,0,0,0,0,0,0,0,0,0,34,34,0,14.35,116.65,-8.14,10.58,1389.46,0.84,40.5,1.91,8.11,0.44,44,3.99
4139,馬光-KY,22.9,23.8,23.75,0.7,3.04,27,52.17,-1,0,0,-1,0,0,0,0,0,0,0,0,0,0,0,0,0,0,27,27,0,--,91.63,0.19,-0.46,1082.38,-0.55,5.76,-6.49,0,--,1305,4.5
4147,中裕,50.5,50.7,50.5,1.5,3.06,1622,63.49,285,0,0,285,273,270,3,0,273,273,0,0,0,0.17,0,437,346,91,921,1015,-94,--,47.23,-39.78,21.81,609.65,0.06,62.5,0.43,0,13.27,9066,27.32
4153,鈺緯,30.9,30.95,31,0.45,1.47,15,86.67,1,0,0,1,0,0,0,0,0,0,0,0,0,0,0,0,0,0,16,16,0,20.13,74.13,-17.01,-15.98,870.53,0.42,27.84,2.52,6.45,3.05,447,5.87
4154,樂威科-KY,13.55,13.85,13.9,-0.5,-3.47,7,57.14,-2,0,0,-2,0,0,0,0,0,0,0,0,0,0,0,0,0,0,7,7,0,--,2.44,8.34,99.27,26.89,-0.25,17.23,-3.77,0,--,0,3.84
4157,太景*-KY,9.26,9.27,9.26,0.05,0.54,1502,37.64,-371,0,2,-369,0,0,0,0,0,0,0,0,0,0,0,202,148,54,1309,1363,-54,115.75,2.28,57.57,-37.76,257.55,-0.02,52.51,-1.35,0,4.53,8069,0.01
4160,訊聯基因,41.3,41.45,41.3,-0.05,-0.12,116,21.93,6,0,0,6,0,0,0,0,0,0,0,0,0,0,0,35,13,22,92,114,-22,79.42,52.78,-18.45,7.48,612.8,0.01,40.36,0.04,1.21,1.96,131,2.67
4161,聿新科,23.6,23.7,23.6,0.05,0.21,165,47.88,-3,0,0,-3,0,0,0,0,0,0,0,0,0,0,0,24,0,24,143,167,-24,19.03,64.51,-32.15,12.8,873.08,0.3,29.15,1.78,2.97,7.87,1177,5.98
4162,智擎,56.4,56.5,56.4,-0.7,-1.23,355,32.58,18,0,0,18,0,51,-51,-0.14,-51,0,0,0,51,0,0.14,59,40,19,299,267,32,19.45,24.01,-84.46,-2.14,963.3,0.96,93.65,2.75,3.55,7.73,2814,14.57
4163,鐿鈦,110,110.5,110.5,0.5,0.45,48,25,0,0,0,0,0,0,0,0,0,0,0,0,0,0,0,6,6,0,45,45,0,24.18,237.46,8.57,20.3,2455.91,1.29,42.88,2.29,3.17,1.77,224,5.07
4166,友霖,24.3,24.35,24.35,-0.05,-0.2,217,47.47,-49,0,0,-49,0,0,0,0,0,0,0,0,0,0,0,0,0,0,218,218,0,30.06,131.04,21.76,27.56,--,0.16,55.85,1.5,0,1.29,784,24.3
4167,松瑞藥,19.1,19.15,19.1,-0.25,-1.29,705,27.6,-171,0,-4,-175,0,0,0,0,0,0,0,0,0,0,0,61,129,-68,651,583,68,24.49,95.69,12.11,-19.39,1148.39,0.29,30.97,2.44,7.75,13.4,10400,31.04
4168,醣聯,26.9,26.95,26.9,1.2,4.67,617,63.38,156,0,0,156,0,0,0,0,0,0,0,0,0,0,0,39,0,39,584,623,-39,--,1.9,--,185.71,37.58,-0.67,45.25,-8.03,0,--,186,11.25
4171,瑞基,18,18.05,18.05,-0.15,-0.82,116,29.2,-19,0,0,-19,0,0,0,0,0,0,0,0,0,0,0,0,0,0,119,119,0,--,20.19,-6.42,4.66,233.45,-0.09,71.8,-1.05,0,5.17,751,5.81
4173,久裕,18.3,18.35,18.35,0.05,0.27,90,33.33,-1,0,0,-1,0,0,0,0,0,0,0,0,0,0,0,47,29,18,51,69,-18,17.64,122.73,-7.72,16.23,1581.71,0.26,20.38,0.97,5.67,1.96,365,7.46
4174,浩鼎,31.65,31.7,31.65,-0.75,-2.31,652,25.58,-147,0,0,-147,45,109,-64,-0.1,-109,0,0,0,109,0,0.16,18,63,-45,604,495,109,--,3.45,30.71,-32.81,48,-3.35,-497.41,-20.28,0,4.09,1346,13.16
4175,杏一,52.9,53.1,53,-0.4,-0.75,43,9.52,0,0,0,0,0,0,0,0,0,0,0,0,0,0,0,0,0,0,46,46,0,17.21,644.4,-5.53,3.57,8019.38,0.43,33.47,1.16,5.66,0.29,31,4.23
4183,福永生技,12.4,12.5,12.45,-0.05,-0.4,1,0,0,0,0,0,0,0,0,0,0,0,0,0,0,0,0,0,0,0,1,1,0,--,28.3,49.98,-22.56,434.65,-0.52,15.27,-4.47,0,--,0,2.38
4188,安克,11.25,11.35,11.3,0.1,0.89,42,28.57,2,0,0,2,0,0,0,0,0,0,0,0,0,0,0,0,0,0,43,43,0,--,2.68,39.79,-3,29.96,-0.21,48.76,-2.76,0,--,0,6.33
4192,杏國,19.7,20,19.8,-0.2,-1,19,42.11,0,0,0,0,0,0,0,0,0,0,0,0,0,0,0,0,0,0,23,23,0,--,1.92,-9.08,-18.62,27.34,-0.37,64.05,-5.43,0,--,0,3.52
4198,欣大健康,37.2,38.35,38.95,0.65,1.7,25,100,0,0,0,0,0,0,0,0,0,0,0,0,0,0,0,0,0,0,25,25,0,--,8.47,-35.2,-38.53,172.69,-0.39,36.4,-3.5,0,--,0,2.41
4205,中華食,73.1,73.2,73.2,0.1,0.14,19,78.95,1,0,0,1,0,0,0,0,0,0,0,0,0,0,0,0,0,0,23,23,0,17.85,167.11,-0.97,6,2074.35,0.89,36.33,3.66,4.78,0,1,9.76
4207,環泰,19.4,19.6,19.6,0.4,2.08,386,33.25,-119,0,0,-119,331,0,331,0.84,275,275,0,0,0,0.7,0,0,29,-29,64,366,-302,9.95,496.51,3.57,13.56,5264.22,0.49,20.07,3.36,6.12,1.78,882,19.85
4303,信立,48.05,48.1,48.05,-0.7,-1.44,694,20.92,-80,0,0,-80,0,25,-25,-0.04,-25,0,0,0,25,0,0.04,28,142,-114,679,540,139,15.4,96.35,2.08,23.25,1009.77,-0.48,19.53,-1.23,10.41,36.02,8520,9.46
4304,勝昱,28.55,30.15,28.5,0.15,0.53,38,42.11,5,0,0,5,0,0,0,0,0,0,0,0,0,0,0,0,0,0,39,39,0,--,31.6,-32.49,-3.95,346.32,-0.13,14.08,-2.6,0,--,0,6.1
4305,世坤,44.25,44.5,44.25,-0.25,-0.56,5,20,-1,0,0,-1,0,0,0,0,0,0,0,0,0,0,0,0,0,0,5,5,0,11.43,103.58,13.94,5.3,1071.33,1.13,33.92,4.85,7.01,0.04,5,5.5
4401,東隆興,13.9,13.95,13.95,0,0,73,43.84,0,0,0,0,0,0,0,0,0,0,0,0,0,0,0,0,0,0,74,74,0,19.38,348.23,1.75,1.32,3841.33,0.16,8.22,0.72,4.3,2.49,763,12.27
4402,郡都開發,11.9,12,12,0.15,1.27,57,57.69,-2,0,0,-2,0,0,0,0,0,0,0,0,0,0,0,0,0,0,57,57,0,--,1.96,36.99,-15.17,21.46,-0.05,9.18,-0.62,0,--,0,6.8
4406,新昕纖,10,10.05,10,0,0,6,83.33,0,0,0,0,0,0,0,0,0,0,0,0,0,0,0,0,0,0,6,6,0,--,12.41,-38.74,-78.94,385.87,-0.32,-6.05,-2.7,0,2.79,362,5.19
4413,飛寶企業,17.55,17.7,17.7,-0.3,-1.67,16,56.25,-2,0,0,-2,0,0,0,0,0,0,0,0,0,0,0,0,0,0,16,16,0,19.03,60.54,196.58,-28.33,826.31,0.15,21.88,1.33,1.69,14.43,374,3.13
4416,三圓,11.2,11.25,11.2,-0.35,-3.03,420,76.9,7,0,0,7,215,303,-88,-0.21,-303,0,0,0,303,0,0.72,0,0,0,206,118,88,14,7.51,-98.79,-8.53,2128.27,0.23,45.88,0.96,0,1.21,222,7.36
4417,金洲,44.6,44.65,44.65,-0.35,-0.78,312,25.81,-135,0,0,-135,30,37,-7,-0.02,-37,0,0,0,37,0,0.12,13,91,-78,274,189,85,7.67,291.95,35.8,2.22,3370.88,0.83,30.46,2.12,7.84,0.51,108,8.4
4419,皇家美食,45.1,46.1,45.1,-1,-2.17,27,22.22,2,0,0,2,0,0,0,0,0,0,0,0,0,0,0,0,0,0,27,27,0,--,229.5,-0.61,-2.5,2677.15,-0.27,29.7,-2.48,0,--,0,16.92
4420,光明,39.25,39.3,39.35,-0.25,-0.63,95,66.32,9,0,0,9,48,45,3,0.03,-45,0,0,0,45,0,0.45,0,0,0,52,55,-3,48.58,92.35,-5.13,0.48,1006.93,0.17,6.06,0.46,7.62,2.19,221,4.05
4430,耀億,16.75,16.85,16.9,0,0,14,42.86,1,0,0,1,0,0,0,0,0,0,0,0,0,0,0,0,0,0,16,16,0,--,201.85,10.78,11.37,2084.75,0.24,22.09,0.78,2.96,0.22,31,5.63
4432,銘旺實,17,17.15,17.15,0.15,0.88,66,71.21,6,0,0,6,0,0,0,0,0,0,0,0,0,0,0,0,0,0,67,67,0,5.09,53.7,-23.9,13.33,1080.07,2.97,25.07,9.95,2.33,4.04,511,5.06
4433,興采,20.55,20.6,20.55,0.05,0.24,20,60,0,0,0,0,0,0,0,0,0,0,0,0,0,0,0,0,0,0,22,22,0,23.35,165.75,-21.99,-16.98,3443.31,0.14,16.23,3.52,4.87,0.91,140,6.13
4442,竣邦-KY,50.9,51.2,50.9,-0.9,-1.74,39,5.13,-35,0,0,-35,26,29,-3,-0.08,-29,0,0,0,29,0,0.74,0,0,0,13,10,3,11.34,213.75,29.65,4.2,1706.2,1.17,27.15,4.22,6.88,0.41,33,3.23
4502,健信,15.65,15.8,15.7,-0.05,-0.32,31,12.9,16,0,0,16,0,0,0,0,0,0,0,0,0,0,0,0,0,0,31,31,0,--,107.89,16.07,18.51,1008.77,0.11,20.02,1.1,0,--,539,5.75
4503,金雨,43.15,43.2,43.2,1.05,2.49,205,62.11,47,0,0,47,0,0,0,0,0,0,0,0,0,0,0,13,26,-13,196,183,13,19.82,70.1,-21.09,38.44,730.51,0.81,36.36,3.83,0,19.78,2535,7.83
4506,崇友,118.5,119.5,119,0.5,0.42,44,54.76,16,0,0,16,0,10,-10,-0.21,0,0,0,0,0,0,0,10,6,4,38,32,6,17.1,516.69,-25.24,4.3,6268.35,2.11,33.53,6.2,4.45,0.01,3,17.7
4510,高鋒,49.6,49.7,49.6,2,4.2,3942,62,1665,0,45,1710,1181,197,984,0.25,1181,1181,0,0,0,0.3,0,588,457,131,2199,3314,-1115,--,177.3,22.19,45.75,1802.67,0.2,18.25,2.25,0,24.68,6724,10.9
4513,福裕,15,15.05,15.05,0.1,0.67,385,52.09,132,0,0,132,0,0,0,0,0,0,0,0,0,0,0,0,52,-52,391,338,53,--,109.83,27.92,14.97,1191.99,0.05,19.76,0.48,0,13.21,2717,14.38
4523,永彰,28.5,28.6,28.6,0.25,0.88,123,30.89,-18,0,0,-18,0,0,0,0,0,0,0,0,0,0,0,0,21,-21,124,103,21,1.21,63.35,-29.91,-2.26,767.42,-0.15,18.06,-0.87,9.23,8.15,1323,6.49
4527,方土霖,43.85,43.9,43.9,0.25,0.57,41,56.41,2,0,6,8,0,0,0,0,0,0,0,0,0,0,0,0,0,0,42,42,0,12.4,254.79,-1.77,23.56,3082.05,0.65,26.04,2.75,6.83,0.56,106,7.62
4528,江興鍛,15.7,15.75,15.75,0.15,0.96,26,84.62,6,0,0,6,0,0,0,0,0,0,0,0,0,0,0,0,0,0,30,30,0,--,124.95,11.17,-19.41,1531.57,-0.16,13.08,-0.61,1.27,0.8,169,8.42
4529,淳紳,5.77,5.78,5.78,-0.1,-1.7,112,13.51,0,0,0,0,0,0,0,0,0,0,0,0,0,0,0,0,0,0,112,112,0,--,2.57,308.43,472.16,7.33,-0.17,40.11,-5.17,0,--,0,8.45
4530,宏易,25,25.45,25.95,0.75,2.98,2,100,0,0,0,0,0,0,0,0,0,0,0,0,0,0,0,0,0,0,2,2,0,129.75,72.69,64.29,230.49,460.61,-0.2,24.6,-0.45,0,0.5,16,3.58
4533,協易機,33.4,33.45,33.4,0.7,2.14,5029,59.55,1326,0,230,1556,1653,856,797,0.16,1469,1234,419,151,33,0.33,0.04,907,729,178,2496,3471,-975,1670,304.01,8.16,6.68,3865.12,0.2,25.94,1.21,0.6,22.87,9057,15.84
4534,慶騰,24.25,--,24.25,2.2,9.98,958,92.48,97,0,6,103,270,143,127,0.13,270,270,0,0,0,0.28,0,137,78,59,564,750,-186,127.63,87.45,-2.6,29.23,857.08,0.02,16.31,0.19,0,--,0,8.68
4535,至興,27.4,27.5,27.45,0.15,0.55,23,73.91,0,0,0,0,0,0,0,0,0,0,0,0,0,0,0,0,0,0,23,23,0,27.18,227.21,3.56,-0.38,2470.39,0.29,17.65,1.62,2.91,0.75,141,7.57
4538,大詠城,18.3,18.35,18.35,-0.1,-0.54,23,43.48,2,0,0,2,0,0,0,0,0,0,0,0,0,0,0,0,0,0,23,23,0,65.54,32.2,5.34,-6.01,397.19,0.1,16.52,0.71,5.45,2.97,441,5.95
4541,晟田,44.25,44.3,44.3,0.2,0.45,801,40.62,-59,0,-2,-61,27,85,-58,-0.07,-58,0,27,31,54,0.03,0.11,109,168,-59,670,553,117,21.3,166.58,-9.88,44.69,1803.21,0.68,20.52,2.72,3.16,25.97,4391,6.76
4542,科嶠,277.5,278,277.5,18,6.94,3520,49.79,-137,0,-13,-150,1759,2109,-350,-0.1,927,1285,390,645,103,0.47,0.21,733,691,42,1088,779,309,233.19,96.22,-15.18,7.38,767.25,0.4,39.18,1.78,0.34,55.11,4765,3.46
4543,萬在,38.9,39.05,38.9,-0.45,-1.14,330,31.71,19,0,0,19,46,46,0,0,-46,0,0,0,46,0,0.14,19,20,-1,274,273,1,39.29,75.65,-26.48,8.53,877.75,0.76,34.05,2.52,1.8,7.01,1048,5.98
4549,桓達,104.5,105,104.5,2.5,2.45,268,68.42,56,85,0,141,132,61,71,0.26,132,132,0,0,0,0.49,0,37,47,-10,103,164,-61,34.26,87.62,-22.2,-26.5,1176.9,0.74,62.38,2.18,3.06,6.98,994,5.7
4550,長佳,24.9,24.95,25,0.1,0.4,20,70,4,0,0,4,0,0,0,0,0,0,0,0,0,0,0,0,0,0,20,20,0,14.04,41.47,-23.01,-38.68,918.82,0.62,22.76,2.44,4.88,1.19,113,3.78
4554,橙的,31.8,31.95,31.8,0.25,0.79,91,28.89,3,0,0,3,0,0,0,0,0,0,0,0,0,0,0,0,0,0,93,93,0,24.65,55.64,11.41,22.14,504.45,0.04,38.79,0.21,6.29,0.67,44,2.63
4556,旭然,41.05,41.1,41.1,1.4,3.53,257,57.2,30,0,0,30,0,0,0,0,0,0,0,0,0,0,0,34,20,14,224,238,-14,39.9,59.24,2.33,-10.34,694.7,0.13,36.53,0.67,1.46,2.37,251,4.23
4558,寶緯,19.7,19.8,19.7,-0.3,-1.5,28,32.14,-2,0,0,-2,0,0,0,0,0,0,0,0,0,0,0,0,0,0,28,28,0,1970,252.97,107.2,84.83,1560.38,0.06,11.17,0.35,0,3.02,377,5
4561,健椿,50.9,51,51,1.9,3.87,679,69.91,10,0,5,15,76,20,56,0.1,56,76,0,20,0,0.13,0.03,113,112,1,496,553,-57,79.69,129.67,37.42,23.25,967.56,0.25,23.03,1.08,0.39,11.23,1643,5.85
4563,百德,50.4,50.5,50.5,2.7,5.65,390,73.08,82,0,0,82,91,0,91,0.23,91,91,0,0,0,0.23,0,30,50,-20,274,345,-71,--,261.09,9.16,17.89,2649.93,-0.52,27.17,-2.19,0,8.5,1168,5.5
4568,科際精密,40.3,40.4,40.35,0,0,4,100,0,0,0,0,0,0,0,0,0,0,0,0,0,0,0,0,0,0,4,4,0,27.83,108.97,78.01,16.58,1206.45,0.48,29.31,1.36,4.96,0.61,48,3.17
4577,達航科技,134,--,134,12,9.84,1287,84.75,53,0,1,54,896,749,147,0.11,896,896,0,0,0,0.69,0,74,132,-58,330,420,-90,--,66.37,-5.77,62.58,846.37,-0.21,21.85,-1.08,0,11.85,1456,4.91
4580,捷流閥業,82,82.3,82.3,0.3,0.37,76,56.58,17,0,0,17,0,0,0,0,0,0,0,0,0,0,0,26,19,7,51,58,-7,13.54,180.9,-12.31,-0.09,2305.96,1.76,28.53,2.94,4.86,1.02,119,4.68
4584,君帆,45.35,46,46,-0.8,-1.71,13,16.67,0,0,0,0,0,0,0,0,0,0,0,0,0,0,0,0,0,0,14,14,0,15.28,89.41,3.45,-25.73,1184.45,0.91,30.16,2.53,4.35,--,0,3
4609,唐鋒,5.16,5.85,5.16,-0.34,-6.18,1,0,0,0,0,0,0,0,0,0,0,0,0,0,0,0,0,0,0,0,1,1,0,--,22.86,191.61,37.98,161.05,-0.08,0.58,-2.62,0,--,0,4.79
4702,中美實,9.71,9.73,9.73,0.02,0.21,60,43.64,-6,0,0,-6,0,0,0,0,0,0,0,0,0,0,0,0,0,0,65,65,0,6.44,5.06,28.97,-21.46,68.8,0.45,37.27,2.45,5.14,9.1,1645,7.23
4706,大恭,30.4,31.6,31,0,0,10,77.78,3,0,0,3,0,0,0,0,0,0,0,0,0,0,0,0,0,0,10,10,0,70.45,112.07,-11.19,29.31,1159,0.28,19.48,1.46,0.97,0.55,109,7.9
4707,磐亞,15.2,15.25,15.25,0.45,3.04,1790,55.96,409,0,4,413,244,162,82,0.05,244,244,0,0,0,0.14,0,332,207,125,1230,1437,-207,16.4,63.45,-42.02,-48.82,1260.47,0.26,-4.03,1.64,3.28,10.45,10543,40.37
4711,永純,16.45,16.5,16.5,-0.15,-0.9,165,56.71,27,0,0,27,0,0,0,0,0,0,0,0,0,0,0,0,0,0,167,167,0,43.42,91.02,14.85,89.33,782.05,0.23,18.67,1.38,3.03,5.53,844,6.11
4714,永捷,13.3,13.35,13.3,-0.1,-0.75,1153,36.99,250,0,0,250,0,0,0,0,0,0,0,0,0,0,0,122,222,-100,1035,935,100,--,203.77,-0.94,96.03,1932.24,-0.02,12.99,-0.32,0,15.3,6811,17.81
4716,大立,14.9,14.95,14.9,-0.15,-1,400,28.88,-46,0,0,-46,84,0,84,0.21,84,84,0,0,0,0.21,0,0,96,-96,321,309,12,--,46.54,-27.36,-2.12,529.91,0.17,14.34,1.4,0,43.84,9817,9.44
4721,美琪瑪,90.4,90.5,90.4,4.1,4.75,1266,59.85,237,0,3,240,207,120,87,0.07,207,207,0,0,0,0.16,0,367,225,142,715,944,-229,22.94,259.19,3.82,-31.86,2691.11,1.67,25.66,9.39,2.54,10.89,2042,7.5
4726,永昕,28.45,28.6,28.6,0.05,0.18,169,14.79,-38,0,0,-38,0,0,0,0,0,0,0,0,0,0,0,0,0,0,171,171,0,--,106.74,12.87,301.01,895.46,-0.56,-30.01,-7.58,0,--,367,20.7
4728,雙美,381.5,383.5,383,1,0.26,2,100,0,0,0,0,0,0,0,0,0,0,0,0,0,0,0,0,0,0,2,2,0,28.82,202.15,-10.29,29.7,2083.11,4.07,78.91,15.81,3.16,13.37,1820,5.45
4729,熒茂,25.6,25.65,25.6,1.55,6.44,4444,46.67,-435,0,0,-435,341,206,135,0.03,341,341,0,0,0,0.08,0,516,513,3,3608,3746,-138,256,101.65,19.48,11.06,1058.54,0.04,24.61,0.39,0,11.22,2223,7.92
4735,豪展,31.1,31.2,31.15,-0.05,-0.16,27,33.33,-1,0,0,-1,0,0,0,0,0,0,0,0,0,0,0,0,0,0,27,27,0,10.05,107.74,5.34,43.69,984.85,1.19,33.12,4.54,6.45,2.55,265,4.16
4741,泓瀚,62.8,62.9,62.8,4,6.8,1857,50.91,-1,0,-2,-3,260,191,69,0.04,219,260,0,41,0,0.14,0.02,222,353,-131,1391,1329,62,125.6,51.52,8.34,20.25,500.17,0.31,35.31,1.14,0.48,17.36,1511,3.48
4743,合一,53,53.1,53,-0.9,-1.67,8669,54.49,217,0,2,219,3853,5376,-1523,-0.16,-1692,1389,786,1055,2812,0.22,0.4,1503,1413,90,4374,2940,1434,--,21.66,50.65,101.83,151.45,-0.31,18.79,-1.45,0,11.58,13908,48.04
4744,皇將,33.5,33.7,33.5,-0.25,-0.74,108,42.99,-13,0,0,-13,0,0,0,0,0,0,0,0,0,0,0,15,0,15,94,109,-15,16.83,49.63,-65.86,-27.5,1384.55,-0.11,43.71,-0.49,2.99,21.56,3069,5.69
4745,合富-KY,16.5,16.55,16.55,-0.05,-0.3,77,44.16,4,0,0,4,0,0,0,0,0,0,0,0,0,0,0,0,0,0,78,78,0,--,287.48,11.27,-10.88,2876.2,-0.4,16.53,-0.99,0,0.63,122,6.97
4747,強生,56.6,57,56.8,-1.2,-2.07,1,--,1,0,0,1,0,0,0,0,0,0,0,0,0,0,0,0,0,0,1,1,0,26.3,46.78,-7.15,0.51,569.81,1.46,39.8,3.81,1.85,13.97,1588,4.55
4749,新應材,1170,1175,1170,80,7.34,4057,60.93,734,-1,-58,675,4218,4145,73,0.02,4218,4218,0,0,0,0.98,0,17,35,-18,66,121,-55,92.27,352.64,-18.55,-12.39,4498.33,3.66,45.41,3.72,0.68,24.6,5702,9.27
4754,國碳科,38.55,38.6,38.6,0.6,1.58,65,83.08,-10,0,0,-10,26,0,26,0.38,26,26,0,0,0,0.38,0,0,15,-15,43,54,-11,14.4,63.17,7,22.67,596.33,0.95,49.27,5.23,5.96,1.43,108,3.03
4760,勤凱,341,--,341,31,10,1716,91.19,664,0,-53,611,1521,1320,201,0.11,1521,1521,0,0,0,0.87,0,100,171,-71,127,257,-130,45.23,228.86,-7.62,63.1,2209.94,2.55,19.74,7.85,1.38,39.48,3180,3.22
4767,誠泰科技,26.5,26.8,26.75,0.25,0.94,10,60,-3,0,0,-3,0,0,0,0,0,0,0,0,0,0,0,0,0,0,10,10,0,18.97,80.1,-8.28,-15.74,945.28,0.58,27.28,1.96,4.11,0.01,1,3.14
4768,晶呈科技,455,455.5,455,9,2.02,3232,40.03,71,0,-80,-9,1688,2207,-519,-0.16,678,1140,548,1010,0,0.51,0.3,431,389,42,1221,744,477,--,173.68,-1.2,191.53,1613.36,-0.58,13.39,-1.85,0.22,34.53,4099,4.75
4772,台特化,306.5,307,306.5,8.5,2.85,1514,55.84,370,-20,104,454,940,672,268,0.17,873,854,86,67,0,0.6,0.04,229,361,-132,407,544,-137,63.46,285.08,1.97,210.12,2821.62,1.33,50.96,6.02,0.98,13.61,5023,14.77
4806,桂田文創,9.91,10.9,10.4,0.44,4.42,19,36.84,0,0,0,0,0,0,0,0,0,0,0,0,0,0,0,0,0,0,19,19,0,--,7.03,-49.53,-12.99,112.4,-0.04,36.91,-0.55,0,--,0,9.99
4903,聯光通,47.55,47.6,47.55,2.25,4.97,3771,60.75,1212,0,0,1212,735,335,400,0.11,735,735,0,0,0,0.19,0,549,299,250,2509,3159,-650,30.29,118.42,-0.23,44.15,1547.62,0.37,7.53,3.26,0.63,27.1,4766,10.53
4905,台聯電,79.3,79.8,79.8,1.8,2.31,21,61.9,3,0,0,3,0,0,0,0,0,0,0,0,0,0,0,0,0,0,22,22,0,19.28,84.05,23.16,31.57,804.96,1.75,27.75,1.89,1.88,1.2,88,2.93
4907,富宇,38.4,38.45,38.4,-0.1,-0.26,45,26.67,0,0,0,0,0,0,0,0,0,0,0,0,0,0,0,0,0,0,45,45,0,10.43,1275.19,27.52,402.71,3399.8,2.76,45.43,12.38,3.91,1.36,402,11.81
4908,前鼎,267,--,267,24,9.88,4163,73.2,279,0,-40,239,2854,2410,444,0.1,2836,2832,22,18,0,0.67,0,514,774,-260,875,1059,-184,134.85,74.05,-18.42,5.02,871.38,0.76,46.86,3.37,0.37,22.8,4459,7.82
4909,新復興,53.3,53.4,53.4,1.9,3.69,885,64.88,310,0,1,311,111,65,46,0.05,111,111,0,0,0,0.12,0,200,31,169,586,801,-215,--,17.07,-18.7,43.72,234.76,0.05,-19.82,0.17,0,23.54,5494,9.34
4911,德英,31.7,32.5,32.15,0.9,2.88,39,53.85,3,0,0,3,0,0,0,0,0,0,0,0,0,0,0,0,0,0,41,41,0,17.38,11.3,6.27,-56.4,246.59,0.23,69.98,1.59,6.13,1.23,196,6.37
4923,力士,40.2,40.25,40.2,1.5,3.88,3034,51.64,82,0,0,82,95,233,-138,-0.05,95,55,40,0,0,0.03,0,480,484,-4,2480,2338,142,--,80.04,-6.12,13.68,967.6,0.1,27.67,0.81,0,14,1186,3.39
4924,欣厚-KY,12.45,12.5,12.45,0.9,7.79,351,61.43,3,0,0,3,0,0,0,0,0,0,0,0,0,0,0,0,44,-44,351,307,44,17.29,69.66,-16.52,-7.2,786.84,0.35,28.8,3.33,0,8.35,776,3.72
4931,新盛力,212,--,212,19,9.84,12085,73.16,2064,0,184,2248,8804,6236,2568,0.21,8782,8792,12,22,0,0.72,0,956,1777,-821,2568,4316,-1748,66.04,302.91,6.99,97.38,2735.69,1.48,22.08,7.58,1.18,64.86,10632,6.56
4933,友輝,73.9,74,73.9,0.4,0.54,913,51.74,59,113,3,175,315,105,210,0.23,199,54,231,66,20,0.31,0.09,135,126,9,471,690,-219,13.79,237.71,-18.89,-6.25,2993.88,1.9,32.93,4.26,3.92,7.12,1471,8.26
4939,亞電,39.55,39.65,39.55,1.5,3.94,3416,52.15,319,0,13,332,599,453,146,0.04,599,599,0,0,0,0.17,0,507,499,8,2336,2490,-154,--,142.02,21.39,8.55,1407.85,0.24,28.58,1.72,0.63,19.11,4691,9.82
4946,辣椒,108.5,109,109,1.5,1.4,64,79.37,33,0,0,33,21,12,9,0.14,21,21,0,0,0,0.32,0,14,0,14,31,54,-23,95.61,21.3,2.01,-39.01,302.5,0.41,40.26,3.13,0,--,0,0.89
4950,金耘國際,17.25,17.45,17.25,0.2,1.17,26,73.08,0,0,0,0,0,0,0,0,0,0,0,0,0,0,0,0,0,0,26,26,0,40.12,111.17,11.21,9.31,1051.2,0.2,18.13,2.56,0,--,0,5.77
4951,精拓科,139.5,140,140,7.5,5.66,4911,53.07,-111,0,6,-105,1772,2093,-321,-0.06,687,1357,92,143,619,0.29,0.15,993,1001,-8,2199,1869,330,21.77,44.45,-3.9,0.44,546.94,1.71,76.42,6.2,3.21,22.64,1933,3.41
4953,緯軟,122,122.5,122,2,1.67,506,63.86,-9,0,1,-8,266,118,148,0.29,224,247,0,0,23,0.48,0.04,57,116,-59,193,282,-89,13.17,1241.09,2.25,32.95,12668.35,2.32,14.23,4.02,4.1,4.49,821,7.31
4966,譜瑞-KY,794,795,795,6,0.76,1242,58.64,-1,-19,-12,-32,898,1002,-104,-0.08,-325,53,586,604,360,0.52,0.79,359,283,76,69,41,28,24.22,1268.93,-14.09,-3.77,16313.89,6.77,40.3,2.39,2.22,31.21,6160,7.9
4971,IET-KY,731,733,733,15,2.09,234,58.25,-34,0,8,-26,145,163,-18,-0.08,-14,11,134,159,0,0.63,0.69,89,74,15,16,13,3,143.73,106.3,-2.87,25.24,1163.02,1.97,47.84,3.83,0.14,43.73,4371,4.72
4972,湯石照明,16.4,16.45,16.4,-0.05,-0.3,63,33.33,0,0,0,0,0,0,0,0,0,0,0,0,0,0,0,31,0,31,38,69,-31,--,99.33,47.59,24.19,943.68,-0.49,22.1,-1.91,0,0.83,118,5.69
4973,廣穎,115,115.5,115,7,6.48,6107,58.81,-497,0,28,-469,2692,3231,-539,-0.09,2633,2652,40,59,0,0.44,0.01,817,680,137,2653,2250,403,12.23,748.84,-13.82,106.1,5532.77,7.46,42.14,20.69,0.87,24.65,4024,6.53
4974,亞泰,76.2,76.3,76.2,1.1,1.46,320,50.95,66,0,0,66,19,0,19,0.06,19,19,0,0,0,0.06,0,77,28,49,228,296,-68,17.16,374.15,4.58,13.75,3607.9,1.09,13.08,2.45,5.12,7.18,1302,7.25
4979,華星光,629,630,630,37,6.24,1071,69,75,-4,4,75,892,848,44,0.04,657,629,263,235,0,0.91,0.24,199,251,-52,68,60,8,114.96,412.78,-8.59,7.73,4541.05,1.62,25.42,5.66,0.35,30.46,10839,14.24
4991,環宇-KY,814,--,814,74,10,1884,96.59,1054,0,2,1056,1875,1378,497,0.26,1693,1639,236,182,0,1,0.1,108,541,-433,32,95,-63,336.36,243.93,-27.84,67.92,2527.63,1.67,54.53,5.22,0,27.26,6880,12.09
4995,晶達,48,48.95,48.75,2.75,5.98,290,63.79,40,0,0,40,0,0,0,0,0,0,0,0,0,0,0,56,26,30,238,268,-30,17.86,107.66,-17.89,-7.65,1313.87,1.01,33.13,4.61,4.08,20.58,2191,4.26
5009,榮剛,35.6,35.65,35.6,0.05,0.14,3292,44.65,183,0,215,398,759,552,207,0.06,486,603,114,169,62,0.22,0.07,242,599,-357,2321,2172,149,17.8,1038.71,0.67,-0.25,11398.93,0.5,24.38,1.62,3.37,6.22,9369,60.25
5011,久陽,16.05,16.1,16.1,0.35,2.22,600,73.21,152,0,0,152,0,0,0,0,0,0,0,0,0,0,0,161,92,69,441,510,-69,--,361.32,-8.35,-20.91,4729.36,0.52,6.3,2.67,0,12.68,2795,10.07
5013,強新,27.1,27.3,27.2,0,0,19,17.65,-1,0,0,-1,0,0,0,0,0,0,0,0,0,0,0,0,0,0,20,20,0,19.15,781.81,-0.31,13.09,7797.94,0.38,11.45,1.51,2.57,0.01,4,13.34
5014,建錩,10.45,10.5,10.45,0.2,1.95,297,74.41,132,0,0,132,0,0,0,0,0,0,0,0,0,0,0,0,0,0,299,299,0,--,1502.32,-2.25,8.76,15458.74,0.32,5.35,2.14,4.78,4.46,2042,18.33
5015,華祺,22.05,22.1,22,0,0,23,21.74,6,0,0,6,0,0,0,0,0,0,0,0,0,0,0,0,0,0,24,24,0,--,103.23,-13.75,-19.89,1336.39,0.25,18.35,1.23,2.27,0.86,130,6.06
5016,松和,25,25.05,25.1,0.2,0.8,61,57.38,21,0,0,21,0,0,0,0,0,0,0,0,0,0,0,0,0,0,62,62,0,17.31,195.2,-8.55,6.05,2047.93,0.36,10.55,1.2,3.98,2.34,290,4.96
5201,凱衛,28.8,28.95,28.95,-0.45,-1.53,444,70.29,-151,0,-1,-152,133,246,-113,-0.25,-246,0,0,0,246,0,0.55,112,21,91,200,178,22,--,16.47,-10.84,-39.8,283.38,-0.67,31.77,-3.97,1.73,73.2,7077,3.87
5202,力新,11.9,11.95,11.9,-0.2,-1.65,247,30.23,-15,0,0,-15,0,0,0,0,0,0,0,0,0,0,0,0,0,0,250,250,0,--,12.56,25.06,-6.67,147.9,-0.19,72.32,-1.44,1.68,10.18,2267,8.91
5205,中茂,21.55,23.5,23.65,0.95,4.19,21,61.9,0,0,0,0,0,0,0,0,0,0,0,0,0,0,0,0,0,0,21,21,0,--,1.07,-26.01,-37.6,27.51,-0.36,13.73,-5.65,0,--,0,1.35
5206,坤悅,22.65,22.8,22.7,-0.1,-0.44,63,14.29,8,0,-12,-4,0,0,0,0,0,0,0,0,0,0,0,0,0,0,64,64,0,4.53,479.24,-71.08,-28.29,4109.45,2.45,40,10.76,6.61,1.84,791,17.15
5209,新鼎,166,167,166.5,0.5,0.3,96,54.35,43,0,-1,42,42,60,-18,-0.18,32,42,0,0,10,0.43,0.1,26,11,15,30,27,3,9.32,285.11,-3.92,-27.74,4981.31,3.34,18,9.47,7.81,0.22,16,2.86
5210,寶碩,26.75,26.9,26.75,-0.25,-0.93,197,45.08,43,0,0,43,0,0,0,0,0,0,0,0,0,0,0,0,0,0,198,198,0,28.76,20.18,-9.93,11.43,278.05,0.24,58.44,2.46,0,0,0,8.22
5211,蒙恬,17.55,17.6,17.6,-0.05,-0.28,344,23.3,17,0,0,17,0,68,-68,-0.16,-68,0,0,0,68,0,0.16,0,116,-116,438,254,184,--,21.65,-2.34,27.64,239.69,-0.18,43.22,-1.71,0,8.82,706,3.2
5212,凌網,46.3,46.45,46.4,-0.1,-0.22,19,15.79,1,0,0,1,0,0,0,0,0,0,0,0,0,0,0,0,0,0,19,19,0,9.67,79.79,-6.31,20.38,1345.62,0.54,46.75,3.18,9.05,1.11,96,3.46
5213,亞昕,26.7,26.75,26.75,-0.15,-0.56,962,41.06,-40,0,180,140,101,227,-126,-0.13,-227,0,0,0,227,0,0.23,222,300,-78,652,449,203,18.84,2063.65,299.71,14.3,11763.97,-0.12,29.2,-0.57,10.47,2.1,3796,72.13
5220,萬達光電,22.35,22.5,22.5,0.1,0.45,58,41.38,4,0,0,4,0,0,0,0,0,0,0,0,0,0,0,0,0,0,61,61,0,--,95.76,-5.98,32.64,762.48,0.45,21.89,2.41,1.33,2.74,272,3.97
5223,安力-KY,24,24.2,24.05,0.1,0.42,36,47.22,-1,0,0,-1,0,0,0,0,0,0,0,0,0,0,0,0,0,0,36,36,0,--,177.75,9.35,-3.19,1949.75,-0.44,13.22,-0.9,0,2.64,294,4.45
5227,立凱-KY,26.35,26.65,26.4,0.65,2.52,362,69.61,33,0,0,33,0,0,0,0,0,0,0,0,0,0,0,33,21,12,348,360,-12,--,5.13,-53.83,-86.43,223.93,-1.43,-70.7,-20.16,0,--,277,6.8
5228,鈺鎧,51.6,51.7,51.6,-0.9,-1.71,447,49.4,26,0,0,26,99,238,-139,-0.31,-208,0,0,0,208,0,0.46,71,64,7,282,150,132,58.64,68.95,-15.15,62.03,626.78,0.99,37.35,7.11,0,7.54,717,3.81
5230,雷笛克光學,17.25,17.35,17.3,0.1,0.58,133,63.36,49,0,1,50,0,0,0,0,0,0,0,0,0,0,0,0,0,0,134,134,0,--,113.1,4.52,-4.74,1315.89,-0.28,25.81,-1.19,2.89,7.08,991,5.6
5236,凌陽創新,180.5,181,181,4,2.26,626,47.81,55,0,-8,47,245,174,71,0.11,237,245,0,8,0,0.38,0.01,119,129,-10,284,346,-62,18.99,186.96,-20.34,28.06,2122.45,2.97,61.68,7.18,4.97,3.27,491,6
5245,智晶,26.25,26.3,26.25,-0.05,-0.19,121,44.07,19,0,0,19,0,0,0,0,0,0,0,0,0,0,0,0,20,-20,122,102,20,--,71.64,25.81,-15.36,721.04,-0.79,2.13,-5.61,0,7.57,854,4.51
5251,天鉞電,27.1,27.25,27.1,0.15,0.56,129,63.57,41,0,0,41,0,0,0,0,0,0,0,0,0,0,0,0,20,-20,133,113,20,2710,24.83,-36.07,38.86,304.36,0.1,43.27,0.84,0,27.15,1774,3.37
5263,智崴,113,113.5,113.5,1.5,1.34,252,55.42,36,0,5,41,44,32,12,0.05,12,0,44,22,10,0.17,0.12,63,48,15,152,180,-28,--,162.46,2.03,61.94,1484.75,0.67,50.65,1.26,0,29.31,5418,7.39
5272,笙科,23.2,23.35,23.2,0.05,0.22,209,36.06,49,0,0,49,0,0,0,0,0,0,0,0,0,0,0,29,0,29,181,210,-29,--,29.83,11.87,-21.69,317.02,-0.57,41.09,-3.68,0,7.03,971,5.53
5274,信驊,17605,17780,17780,1340,8.15,325,57.61,77,-36,0,41,345,338,7,0.02,116,122,214,211,9,0.94,0.62,2,5,-3,9,13,-4,150.86,1279.04,3.53,81.59,10741.21,37.41,69.18,20.9,0.46,1.11,105,3.78
5276,達輝-KY,18.9,19,18.9,-0.65,-3.32,26,34.62,5,0,0,5,0,0,0,0,0,0,0,0,0,0,0,0,0,0,26,26,0,13.8,94.04,7.74,76.16,966.88,0.57,19.73,4.28,4.23,--,0,3.95
5278,尚凡*,24.55,24.6,24.6,0,0,406,64.93,-51,0,0,-51,0,0,0,0,0,0,0,0,0,0,0,97,0,97,310,407,-97,25.63,224.19,-8.18,18.23,2758.52,0.29,53.91,2.13,4.92,2.18,1636,3
5287,數字,154,155.5,154,3.5,2.33,180,53.07,-14,0,0,-14,49,63,-14,-0.08,49,49,0,0,0,0.26,0,46,29,17,91,94,-3,11.04,193.67,-1.4,-4.36,2314.59,2.97,68.15,7.05,7.24,1.25,189,6.03
5289,宜鼎,1725,1730,1725,15,0.88,2947,45.68,-43,77,6,40,3012,3041,-29,-0.01,2374,2396,616,638,0,0.96,0.2,20,24,-4,93,60,33,23.19,6670.83,17.6,583.11,30519.42,57.49,59.1,46.03,0.99,19.07,4594,9.63
5291,邑昇,76.9,77,76.9,-1.9,-2.41,4301,35.19,-317,0,-39,-356,644,1587,-943,-0.22,-1032,93,170,218,1077,0.06,0.3,636,674,-38,3058,2078,980,160.21,151.9,30.37,69.46,1209.63,0.17,20.08,0.68,0,60.67,6050,3.99
5299,杰力,106.5,107,107,2,1.9,617,47.38,89,0,0,89,165,68,97,0.16,97,34,131,51,17,0.26,0.11,82,127,-45,378,429,-51,22.15,143.58,0.84,-0.3,1463.37,1.65,34.47,2.62,3.42,7.39,663,5.09
5301,寶得利,6.77,6.96,6.96,0.16,2.35,20,89.47,1,0,0,1,0,0,0,0,0,0,0,0,0,0,0,0,0,0,21,21,0,--,12.84,-40.73,-44.67,228.25,-0.18,83.76,-2.39,0,--,0,6.59
5302,太欣,10,10.1,10.1,-0.05,-0.49,666,51.51,139,0,0,139,123,134,-11,-0.02,-134,0,0,0,134,0,0.2,0,69,-69,547,467,80,--,1.72,-26.89,18.16,23.69,-0.04,26.25,-0.5,0,--,0,15.99
5309,系統電,69.3,69.4,69.3,1.8,2.67,10935,55.7,2997,-2,520,3515,5374,3156,2218,0.2,4731,5141,148,221,337,0.48,0.05,1697,2201,-504,3972,5686,-1714,330,305.06,4.59,7.65,3405.5,0.09,24.86,0.08,0.72,30.39,14646,23.04
5310,天剛,23.5,24,24,-0.4,-1.64,8,87.5,0,0,0,0,0,0,0,0,0,0,0,0,0,0,0,0,0,0,8,8,0,342.86,0,-81.25,-98.41,0.66,0.06,10.48,0.59,0,--,0,2.89
5312,寶島科,93.6,93.9,93.6,0.1,0.11,30,40,-1,0,0,-1,0,0,0,0,0,0,0,0,0,0,0,7,6,1,25,26,-1,15.86,364.92,-11.72,13.95,4344.09,1.48,63.85,2.34,6.94,4.36,655,6.01
5314,世紀*,67,67.2,67,-2.8,-4.01,5156,27.55,-292,0,-33,-325,1115,2394,-1279,-0.25,-2394,0,0,0,2394,0,0.46,831,887,-56,3276,1942,1334,13.01,493.74,9.76,138.62,4156.04,0.37,41.29,4.05,2.64,23.25,16974,1.46
5315,光聯,22.05,22.15,22.05,0.1,0.46,354,39.2,-143,0,0,-143,0,0,0,0,0,0,0,0,0,0,0,0,60,-60,357,297,60,12.6,163.95,0.07,-5.49,1960.6,0.44,18.63,2.76,7.26,10.46,2780,10.64
5321,美而快,38.9,--,38.9,3.5,9.89,2544,59.61,-32,0,-10,-42,844,720,124,0.05,814,802,42,30,0,0.33,0.01,201,284,-83,1526,1566,-40,--,177.29,4.11,-22.08,2639.84,-2.37,48.36,-16.51,0,10.6,1409,5.32
5324,士開,11.9,11.95,11.95,0.05,0.42,283,43.17,-6,0,0,-6,105,0,105,0.37,105,105,0,0,0,0.37,0,65,55,10,114,229,-115,--,56.98,-13.32,-48.01,1043.94,-0.11,51.32,-1.38,0,--,0,22.64
5328,華容,35.5,35.55,35.5,1.55,4.57,56653,45.46,1058,0,47,1105,22225,26966,-4741,-0.08,9572,14362,7864,12654,0,0.39,0.22,7151,7798,-647,27443,22055,5388,78.89,93.87,7.83,13.38,921.51,0.11,22.94,1.03,0.99,17.16,7408,17.27
5340,建榮,107.5,108,107.5,7,6.97,3802,56.94,-371,0,30,-341,2014,1885,129,0.03,2014,2014,0,0,0,0.52,0,467,490,-23,1389,1495,-106,77.9,225.44,0.73,9.69,2412.1,0.46,21.19,3.92,0.56,17.68,7334,19.49
5344,立衛,16.2,16.3,16.2,-0.15,-0.92,124,43.44,17,0,0,17,0,0,0,0,0,0,0,0,0,0,0,0,35,-35,127,92,35,--,31.67,-5.33,10.72,362.42,0.02,12.49,0.39,0,--,0,7.94
5345,馥鴻,19.1,19.5,19.4,-0.8,-3.96,51,11.76,0,0,0,0,0,0,0,0,0,0,0,0,0,0,0,0,0,0,52,52,0,--,4.13,57.76,562.44,31.66,-0.05,36.77,-0.84,0,--,0,3.78
5347,世界,161.5,162,162,-1.5,-0.92,30224,46.04,-6265,-1940,2,-8203,20580,24534,-3954,-0.13,-21912,1092,583,835,22752,0.05,0.77,4100,2426,1674,6087,3807,2280,39.04,4026.47,-18.5,9.58,49525.49,1.22,29.29,2.43,2.78,4.4,20523,187.96
5348,正能量智能,15.9,17,17.7,0.9,5.36,4,75,0,0,0,0,0,0,0,0,0,0,0,0,0,0,0,0,0,0,4,4,0,--,26.46,8.95,35.69,290.26,-0.23,30.34,-1.75,0,--,0,1.48
5351,鈺創,80.5,80.6,80.5,5.3,7.05,26926,53.42,106,-10,2,98,11767,12332,-565,-0.02,11767,11767,0,0,0,0.43,0,3901,3325,576,11553,11565,-12,83.85,1333.1,20.91,417.06,7220.34,1.88,36.65,13.5,0,20.33,16692,32.85
5353,台林,26.35,26.4,26.4,0.35,1.34,90,67.78,10,0,0,10,0,0,0,0,0,0,0,0,0,0,0,0,0,0,93,93,0,19.7,142.58,-15.11,18.1,1833.2,0.5,25.42,2.7,3.79,7.69,1457,7.58
5355,佳總,6.23,6.3,6.3,-0.15,-2.33,190,29.47,5,0,0,5,0,0,0,0,0,0,0,0,0,0,0,0,0,0,190,190,0,--,50.19,10.1,2.52,465.06,-0.14,-9.99,-3.21,0,--,0,16.61
5356,協益,26.7,26.75,26.7,0.1,0.38,85,56.47,19,0,0,19,0,0,0,0,0,0,0,0,0,0,0,19,0,19,70,89,-19,58.04,296.59,5.16,-1.25,3261.09,0.28,11.11,0.65,7.49,21.63,5572,10.3
5364,力麗店,8.96,9.06,9.06,0.02,0.22,129,32.26,-5,0,0,-5,0,0,0,0,0,0,0,0,0,0,0,0,0,0,132,132,0,--,5.74,-18.71,-77.69,280.56,-0.14,14.05,-1.2,0,13.05,1112,6.38
5371,中光電,72.1,72.2,72.1,0.2,0.28,3672,42.09,1334,0,-24,1310,1869,1276,593,0.16,1709,1832,0,0,123,0.49,0.03,406,618,-212,1443,1823,-380,120.17,3171.17,-3.4,16.79,40920.48,-0.3,15.62,-0.43,0.69,20.51,20044,39.1
5381,光譜,25.45,25.5,25.45,0.15,0.59,780,50.78,297,0,0,297,47,120,-73,-0.09,-73,0,47,120,0,0.06,0.15,147,54,93,616,636,-20,38.56,249.32,99.04,11.32,2007.7,0.22,29.35,2.24,0,4.79,1552,20.78
5386,青雲,496.5,497,497,29,6.2,3763,50.56,-63,0,-42,-105,1987,2279,-292,-0.07,1979,1984,3,8,0,0.51,0,667,676,-9,1264,964,300,9.84,2535.4,-22.25,405.26,15284.26,43.05,27.1,92.57,1.31,30.84,2738,3.61
5392,能率,44,44.05,44.05,2.5,6.02,5591,65.02,1654,0,21,1675,2654,1659,995,0.18,2554,2576,78,100,0,0.47,0.02,607,705,-98,2378,3275,-897,--,788.43,5.4,2.01,8751.82,-0.3,14.72,-0.74,0.91,18.93,8357,17.66
5398,慕康生醫,17.8,18.05,17.8,-0.5,-2.73,293,38.03,-1,0,0,-1,0,0,0,0,0,0,0,0,0,0,0,61,138,-77,233,156,77,53.94,11.53,23.91,-46.7,223.05,-0.22,0.47,-2.11,0,25.78,3188,4.95
5403,中菲,85.7,85.9,85.9,-0.3,-0.35,121,42.15,-23,0,0,-23,0,0,0,0,0,0,0,0,0,0,0,55,40,15,74,89,-15,11.23,282.54,5.54,-7.78,3303.34,1.42,36.91,4.1,7.57,0.4,79,7.82
5410,國眾,38.75,38.8,38.8,0.15,0.39,707,41.93,103,0,0,103,148,0,148,0.21,67,0,67,0,0,0.09,0,175,187,-12,390,526,-136,12.28,599.44,-22.98,122.27,4998.72,1.48,19.84,8.37,5.41,7.97,1838,9.24
5425,台半,87.1,87.2,87.1,-3.3,-3.65,30559,36.05,-4242,260,55,-3927,12687,18649,-5962,-0.19,-11132,2242,2012,3268,12118,0.14,0.5,4782,3916,866,13365,8270,5095,40.7,1641.69,2.35,2.6,17885.63,0.7,31.29,2.78,2.3,23.21,15291,26.35
5426,振發,19.2,19.25,19.2,0.8,4.35,721,58,188,0,0,188,0,0,0,0,0,0,0,0,0,0,0,92,60,32,633,665,-32,49.23,197.65,42.76,23.63,1815.55,0.28,21,1.73,1.56,7.57,2723,14.38
5432,新門,143.5,144.5,144,0,0,115,50,16,0,0,16,10,20,-10,-0.09,-20,0,0,0,20,0,0.17,14,19,-5,92,77,15,59.75,9.05,-51.78,-17.7,199.9,0.27,29.43,1.47,1.04,15.05,778,2.07
5438,東友,18.9,18.95,18.95,0.25,1.34,99,58.33,12,0,0,12,0,0,0,0,0,0,0,0,0,0,0,0,0,0,100,100,0,189.5,67.66,13.85,-56.4,1075.97,-0.24,10.25,-0.61,3.96,4.95,1394,11.25
5439,高技,387.5,388,387.5,11,2.92,2390,50.47,198,0,46,244,1455,1306,149,0.06,1412,1430,25,43,0,0.59,0.02,289,374,-85,724,788,-64,25.29,950.13,3.99,26.16,10954.08,3.51,20.33,7.95,1.86,30.18,7016,9.3
5443,均豪,121.5,122,121.5,4,3.4,6584,56.1,664,0,48,712,3752,3499,253,0.04,3752,3752,0,0,0,0.56,0,803,874,-71,2115,2297,-182,53.29,422.23,4.24,24.44,4949.34,0.19,38.34,0.79,1.81,16.3,6712,16.47
5450,南良,12.95,13.05,13,0.2,1.56,75,58.46,7,0,0,7,0,0,0,0,0,0,0,0,0,0,0,0,0,0,75,75,0,68.42,246.98,4.26,9.12,2451.6,0.07,26.35,0.48,1.92,4.71,1441,12.24
5452,佶優,34.55,34.65,34.6,1.8,5.49,4399,64.35,1874,0,63,1937,1461,347,1114,0.25,1461,1419,42,0,0,0.33,0,700,489,211,2282,3607,-1325,138.4,481.03,13.18,6.5,4687.4,0.01,12.02,-0.04,0.72,13.76,5116,14.88
5455,昇益,23.75,24,24,-0.2,-0.83,6,83.33,0,0,0,0,0,0,0,0,0,0,0,0,0,0,0,0,0,0,6,6,0,7.32,0.26,-96.17,-99.98,60.53,-0.15,36.46,-0.71,0,0.54,88,6.55
5457,宣德,29.05,29.1,29.05,0.55,1.93,594,40.3,-173,0,3,-170,0,45,-45,-0.07,0,0,0,0,0,0,0,20,41,-21,584,518,66,51.87,1961.58,3.75,-5.68,23966.95,-1,13.02,-0.4,5.16,8.84,4343,19.65
5460,同協,15.5,15.55,15.55,0.05,0.32,77,25.97,5,0,-1,4,0,0,0,0,0,0,0,0,0,0,0,39,0,39,39,78,-39,--,20.04,-27.04,-6.52,244.01,0.09,32.15,0.71,0,7.28,1070,5.88
5464,霖宏,71,71.4,71,-0.5,-0.7,530,66.13,62,0,0,62,216,197,19,0.04,20,76,0,0,56,0.15,0.11,93,108,-15,229,233,-4,--,124.14,2.82,42.5,1058.66,0.16,4.36,0.96,0,22.4,3979,7.11
5465,富驊,25.25,25.3,25.3,0.95,3.9,148,87.16,55,0,0,55,0,0,0,0,0,0,0,0,0,0,0,30,23,7,118,125,-7,24.1,299.42,3.57,-52.81,4623.34,0.39,14.54,2.27,4.74,6.59,1355,14.77
5468,凱鈺,17.8,17.9,17.9,0.2,1.13,69,59.42,6,0,0,6,0,0,0,0,0,0,0,0,0,0,0,0,0,0,70,70,0,--,11.7,-59.92,19.07,185.82,0.12,35.44,1.22,0,--,0,5.89
5474,聰泰,172,172.5,172.5,3.5,2.07,968,47.87,-93,0,-49,-142,336,426,-90,-0.09,-84,37,299,420,0,0.34,0.42,144,174,-30,514,395,119,34.16,104.64,28.34,-11.05,1456.21,0.6,40.31,1.23,2.32,15.03,1494,3.98
5475,德宏,296.5,297,297,10,3.48,4240,41.26,-571,0,-7,-578,2397,3011,-614,-0.14,2334,2373,24,63,0,0.54,0.01,701,631,70,1372,828,544,1291.3,158.74,14.52,120.59,1114.8,0.24,28.32,3.38,0,--,0,12.71
5478,智冠,99,99.1,99.1,-0.2,-0.2,153,41.33,-17,0,-1,-18,11,0,11,0.07,0,0,0,0,0,0,0,0,39,-39,148,120,28,11.66,561.54,-13.11,10.74,6883.81,2.39,56.05,4,7.57,0.93,363,15.61
5481,新華,19.6,19.7,19.7,-0.1,-0.51,187,46.52,-6,0,0,-6,0,0,0,0,0,0,0,0,0,0,0,31,0,31,157,188,-31,--,7.34,7.01,-0.76,94.07,-0.1,46.87,-0.58,0,33.17,5921,7.14
5483,中美晶,147.5,148,147.5,5,3.51,10929,52.52,403,-285,253,371,8079,7384,695,0.06,7502,7631,448,577,0,0.73,0.05,845,1180,-335,2170,2531,-361,20.95,6699.35,-9.12,-0.26,78162.05,1.83,23.24,2.2,2.37,6.52,10450,64.12
5487,通泰,27.1,27.7,27.65,0.45,1.65,72,65.71,1,0,-1,0,0,0,0,0,0,0,0,0,0,0,0,0,0,0,74,74,0,--,16.02,-2.05,-3.78,156.67,-0.06,34.95,-0.27,0,27.22,1648,2.42
5488,松普,11.55,11.6,11.55,-0.25,-2.12,1702,44.3,148,0,8,156,0,0,0,0,0,0,0,0,0,0,0,219,0,219,1489,1708,-219,64.17,101.52,15.15,93.3,863.7,0.09,18.2,0.8,0.52,6.69,1532,9.16
5489,彩富,40.1,40.2,40.15,0.15,0.38,49,31.25,-6,0,0,-6,0,0,0,0,0,0,0,0,0,0,0,0,0,0,49,49,0,22.68,167.18,1.05,11.05,1748.71,0.29,31.03,1.23,3.74,3.18,817,10.27
5490,同亨,29.7,29.75,29.75,1.05,3.66,997,58.62,357,0,0,357,37,43,-6,-0.01,-6,0,37,43,0,0.04,0.04,210,88,122,761,877,-116,18.59,139.8,0.2,32.93,1591.07,0.7,44.71,4.72,5.04,7.5,1803,9.62
5493,三聯,93.3,93.4,93.4,0.7,0.76,247,54.1,93,0,0,93,0,32,-32,-0.13,-32,0,0,20,12,0,0.13,43,16,27,208,203,5,22.67,498.2,-14.49,11.39,5716.87,1.26,12.89,3.96,2.89,20.29,2216,4.37
5498,凱崴,66.7,66.8,66.8,4.1,6.54,6269,52.74,393,0,4,397,1704,1735,-31,-0,1704,1704,0,0,0,0.27,0,1044,1003,41,3600,3610,-10,556.67,171.05,5.96,54.64,1613.77,0,13.33,0.04,0.37,18.16,8000,19.35
5508,永信建,48.1,48.2,48.15,-0.45,-0.93,433,24.2,-101,0,-1,-102,0,191,-191,-0.43,-169,0,0,0,169,0,0.38,65,58,7,379,196,183,18.66,227.22,-36.88,42.68,2432.03,0.87,42.31,3.44,5.77,5.67,3082,21.74
5511,德昌,71.7,72,71.9,-0.1,-0.14,360,31.48,-65,0,0,-65,198,194,4,0.01,-194,0,0,0,194,0,0.53,47,81,-34,118,88,30,5.98,808.4,-8.04,4.49,11635.63,2.54,18.73,3.97,7.77,1.85,524,11.34
5512,力麒,6.91,6.92,6.92,0.01,0.14,1666,46.66,-358,0,0,-358,0,0,0,0,0,0,0,0,0,0,0,203,168,35,1485,1520,-35,49.43,422.67,-50.28,-31.15,6785.43,0.05,25.2,0.8,1.45,2.19,4201,76.63
5514,三豐,14.65,15.25,15.2,-0.05,-0.33,78,85.9,-2,0,0,-2,0,0,0,0,0,0,0,0,0,0,0,0,0,0,79,79,0,63.33,2.12,-99.6,359.87,672.49,0.32,18.42,2.29,0,0.1,59,23.61
5516,雙喜,10.65,10.7,10.7,-0.3,-2.73,111,9.91,2,0,0,2,0,0,0,0,0,0,0,0,0,0,0,0,0,0,111,111,0,8.11,119.06,-33.35,-21.38,2337.81,0.55,10.47,6.23,0,--,92,5.15
5520,力泰,82,82.4,82.2,0,0,4,100,0,0,0,0,0,0,0,0,0,0,0,0,0,0,0,0,0,0,5,5,0,8.17,315.13,3.54,-7.59,4110.85,2.48,24.82,4.78,8.52,0.05,7,6
5523,豐謙,30.4,30.55,30.4,0.2,0.66,72,76.39,-17,0,0,-17,0,0,0,0,0,0,0,0,0,0,0,0,0,0,73,73,0,--,0.37,0,0.27,5.25,-0.04,88.3,-0.22,1.64,0.01,3,15.5
5529,鉅陞,24.05,24.15,24.15,-1.25,-4.92,207,18.45,-47,0,0,-47,50,0,50,0.24,0,0,0,0,0,0,0,0,40,-40,159,169,-10,8.21,176.24,4414.27,3460.34,1441.58,0.67,35.79,4.51,1.61,10.3,1524,10.18
5530,龍巖,46.45,46.55,46.45,-0.15,-0.32,615,38.11,-128,0,0,-128,24,28,-4,-0.01,-28,0,0,0,28,0,0.04,42,165,-123,560,433,127,16.71,393.18,-8.73,26.13,4033.48,0.95,62.02,1.4,0,3.18,3169,42.01
5536,聖暉*,927,929,927,-2,-0.22,1232,35.67,24,-28,3,-1,746,898,-152,-0.12,-9,352,207,283,285,0.43,0.44,498,362,136,46,31,15,25.75,4088.05,-21.27,15.17,45067.55,12.76,25.38,9.41,2.16,4.45,1380,6.2
5543,桓鼎-KY,29.1,29.8,29.9,0,0,34,85.29,6,0,0,6,0,0,0,0,0,0,0,0,0,0,0,0,0,0,34,34,0,--,267.62,-2.4,4.03,3247.45,-0.75,14.14,2.07,0,--,0,4.67
5547,久舜,21.4,21.6,21.6,0.2,0.93,27,18.52,0,0,0,0,0,0,0,0,0,0,0,0,0,0,0,0,0,0,27,27,0,8.85,275.13,97.1,53.64,--,0.37,11.54,2.17,8.98,--,0,4.53
5548,安倉,23.6,23.75,23.6,-0.05,-0.21,27,4.55,1,0,0,1,0,0,0,0,0,0,0,0,0,0,0,0,0,0,28,28,0,11.57,189.35,-21.45,8.98,2586.14,0.42,9.51,2.14,8.05,0.46,66,5.78
5601,台聯櫃,34.5,34.8,34.75,-0.35,-1,17,35.29,0,0,0,0,0,0,0,0,0,0,0,0,0,0,0,0,0,0,17,17,0,82.74,7.91,4.17,0.64,93.76,0.1,60.1,0.46,1.09,0.01,1,6.48
5603,陸海,15.4,15.55,15.45,-0.4,-2.52,424,64.89,102,0,1,103,0,216,-216,-0.46,-216,0,0,0,216,0,0.46,141,0,141,326,251,75,48.28,104.43,-15.67,-14.31,1348.13,0.07,14.62,0.44,3.24,17.24,4521,10.49
5604,中連,31.3,31.4,31.3,-0.2,-0.63,40,27.5,7,0,0,7,0,0,0,0,0,0,0,0,0,0,0,0,17,-17,42,25,17,32.95,13.7,1.2,4.14,161.45,0.32,82.9,1.72,6.39,0.09,25,10.88
5609,中菲行,80.5,80.6,80.5,-0.3,-0.37,157,36.13,-10,0,9,-1,37,20,17,0.1,-20,0,0,0,20,0,0.12,9,25,-16,117,118,-1,10.18,2840.18,7.53,12.01,29669.41,1.66,13.64,3.64,6.96,0.24,87,14.29
5701,劍湖山,3.35,3.38,3.35,-0.06,-1.76,34,29.41,0,0,0,0,0,0,0,0,0,0,0,0,0,0,0,0,0,0,37,37,0,--,38.9,-7.63,-12.72,523.05,-0.17,47.43,-4.73,0,--,0,14.3
5703,亞都,13.7,14.3,13.65,0,0,4,50,0,0,0,0,0,0,0,0,0,0,0,0,0,0,0,0,0,0,4,4,0,21,35.87,-20.02,7.72,470.41,0.27,48.92,3.56,0,--,0,7.02
5704,老爺知,21.15,21.2,21.3,-0.1,-0.47,46,19.57,-6,0,1,-5,0,0,0,0,0,0,0,0,0,0,0,0,0,0,48,48,0,44.38,0.91,7.57,-95.75,331.94,0.28,49.09,1.9,0,0.89,131,5.89
5864,致和證,33.2,33.25,33.2,0.9,2.79,5490,51.64,387,0,0,387,3024,2752,272,0.05,2261,2549,475,763,0,0.55,0.14,748,788,-40,1731,1963,-232,4.71,1843.01,413.15,2037.17,5484.84,3.4,98.93,17.27,4.82,8.54,9709,45.45
5878,台名,41,41.3,41,0.35,0.86,4,50,0,0,0,0,0,0,0,0,0,0,0,0,0,0,0,0,0,0,4,4,0,13.9,94.79,28.55,-3.86,881.4,0.43,17.14,2.11,5.85,--,0,2.5
5902,德記,37.35,37.55,37.55,0.05,0.13,18,35.71,-1,0,0,-1,0,0,0,0,0,0,0,0,0,0,0,0,0,0,18,18,0,17.38,174.06,-6.49,-17.51,2178.81,0.46,24.32,3.29,4.39,25.75,6084,9.45
5903,全家,188,189,188,0.5,0.27,48,62.5,-9,0,6,-3,9,6,3,0.06,9,9,0,0,0,0.17,0,13,14,-1,30,32,-2,27.01,9576.33,0.08,9.06,113311.59,1.23,34.69,2.82,3.46,0.03,14,22.32
5904,寶雅,568,569,568,8,1.43,336,45.78,-94,105,55,66,239,225,14,0.04,115,182,12,8,71,0.51,0.21,106,133,-27,35,23,12,18.06,2247.88,-2.53,16.68,26439.89,9.3,45.13,13.66,4.49,0.8,213,10.64
5905,南仁湖,8.07,8.08,8.07,-0.01,-0.12,302,40.6,28,0,0,28,0,0,0,0,0,0,0,0,0,0,0,0,0,0,307,307,0,--,628.69,46.09,686.38,2022.48,-0.09,36.05,-0.94,0,--,2726,28.16
6015,宏遠證,15.6,15.65,15.65,0.25,1.62,2828,47.36,114,0,0,114,643,762,-119,-0.04,-374,94,229,136,561,0.11,0.25,329,652,-323,1870,1427,443,8.28,547.9,316.17,4229.16,2721.27,0.89,93.88,6.2,3.51,5.91,5813,39.32
6016,康和證,22.85,22.9,22.9,0.45,2,5337,57.86,-312,0,0,-312,2430,2717,-287,-0.05,802,966,1464,1512,116,0.45,0.3,839,684,155,2088,1956,132,5.43,2753.75,2057.36,1127.29,9273.87,1.65,89.99,9.55,6.16,7.24,12420,68.66
6020,大展證,21.2,21.3,21.25,-0.15,-0.7,28,44,2,0,0,2,0,0,0,0,0,0,0,0,0,0,0,0,0,0,28,28,0,20.24,433.25,2391.11,2338.32,911.41,0.49,92.32,2.52,1.27,0.32,202,25.24
6021,美好證,32.15,32.25,32.25,0.25,0.78,146,54.86,-75,0,0,-75,0,0,0,0,0,0,0,0,0,0,0,0,0,0,148,148,0,5.63,1136.39,329.38,5212.46,4031.28,0.83,84.54,2.64,6.2,0.88,689,31.22
6023,元大期,98.1,98.5,98.5,0.4,0.41,107,29.91,-56,0,0,-56,21,26,-5,-0.05,-26,0,0,0,26,0,0.24,18,20,-2,70,63,7,11.51,328.32,-37.22,-15.84,3911.6,2.19,36.6,3.53,5.58,0.18,145,32
6026,福邦證,15.3,15.35,15.3,-0.05,-0.33,1786,34.52,-981,0,0,-981,0,797,-797,-0.44,-797,0,0,0,797,0,0.44,295,287,8,1501,712,789,9,276.97,2217.74,461.7,1579.33,0.07,89.16,0.47,8.89,3.86,3821,39.62
6028,公勝保經,79.5,80,79.6,-0.5,-0.62,10,22.22,-1,0,0,-1,0,0,0,0,0,0,0,0,0,0,0,0,0,0,11,11,0,12.44,532.11,-12.05,46.37,--,2.48,12.26,7.61,7.54,--,0,2.5
6101,寬魚國際,37.95,38.2,38.05,-0.35,-0.91,107,66.98,17,0,0,17,0,40,-40,-0.37,0,0,0,0,0,0,0,38,0,38,70,68,2,55.14,83.35,-83.78,-37.78,1453.83,0.91,20.12,8.67,0,38.98,5654,11.47
6103,合邦,36.2,38.05,36.2,-1,-2.69,1,0,0,0,0,0,0,0,0,0,0,0,0,0,0,0,0,0,0,0,1,1,0,--,5.68,-32.66,9.59,91.26,-0.19,11.5,-1.72,0,0.55,14,1.36
6104,創惟,103,103.5,103,1.5,1.48,2207,58.08,884,5,9,898,1374,857,517,0.23,938,1188,0,0,250,0.53,0.11,254,422,-168,609,958,-349,22.49,362.53,0.62,-7.25,4027.24,1.34,44.52,5.66,4.37,24.83,5656,9.11
6109,亞元,10.9,10.95,10.95,0,0,158,31.65,-19,0,0,-19,0,0,0,0,0,0,0,0,0,0,0,0,0,0,158,158,0,--,76.6,9.13,18.61,837.41,-0.24,23.1,-2.73,0,--,56,8.78
6111,光聚晶電,47.6,47.7,47.6,0.2,0.42,319,46.84,66,0,2,68,50,0,50,0.15,26,26,0,0,0,0.08,0,11,20,-9,267,308,-41,--,1078.43,7.68,149.45,10026.26,-0.19,26.38,-0.07,0,8.72,2377,10.85
6113,亞矽,27.6,27.75,27.6,2.25,8.88,2107,73.25,345,0,0,345,537,55,482,0.23,537,537,0,0,0,0.25,0,268,431,-163,1327,1645,-318,--,78.01,-18.61,24.16,710.58,0.2,15.45,1.91,0,10.25,1347,5.25
6114,久威,30.55,30.65,30.55,0.6,2,68,74.63,21,0,0,21,0,0,0,0,0,0,0,0,0,0,0,0,0,0,68,68,0,72.74,82.88,19.71,-12.72,805.48,0.97,16.53,2.65,1.64,10.42,1144,4.39
6118,建達,19.3,--,19.3,1.75,9.97,2652,79.2,240,0,0,240,307,536,-229,-0.09,307,307,0,0,0,0.12,0,446,220,226,1911,1908,3,58.48,732.01,-12.12,-18.35,10159.49,-0.04,4.8,-0.29,0,11.81,2683,9.09
6121,新普,380,380.5,380,-1.5,-0.39,400,51.39,-47,-41,4,-84,213,260,-47,-0.11,-146,0,113,107,152,0.27,0.61,37,44,-7,173,120,53,12.79,6908.84,0.62,4.4,82533.12,6.83,17.95,3.64,5.74,1.23,571,18.5
6122,擎邦,47.55,47.6,47.55,-0.05,-0.11,192,50.52,-37,0,0,-37,0,0,0,0,0,0,0,0,0,0,0,0,12,-12,197,185,12,10.34,287.38,-17.67,-15.34,4059.48,1.03,15.03,4.38,7.15,6.01,1174,7.81
6123,上奇,44.5,44.8,44.5,-0.35,-0.78,97,26.04,1,0,0,1,0,0,0,0,0,0,0,0,0,0,0,0,0,0,99,99,0,15.89,361.55,-5.25,-5.97,4899.04,0.7,13.38,3.09,8.09,1.87,291,6.21
6124,業強,29.6,29.8,29.6,0.6,2.07,98,65.31,41,0,0,41,0,0,0,0,0,0,0,0,0,0,0,0,0,0,101,101,0,--,197.91,-1.16,-5.46,1890.96,0.17,14.49,1.03,0,0.89,405,18.25
6125,廣運,59.5,59.6,59.5,3,5.31,2689,59.9,670,0,48,718,912,272,640,0.24,912,912,0,0,0,0.34,0,697,670,27,1105,1773,-668,425,341.27,5.63,56.78,3648.3,0.16,25.09,-0.49,0.84,13.92,9015,25.9
6126,信音,36,36.05,36,0.3,0.84,3948,38.95,-231,0,-30,-261,325,689,-364,-0.09,-302,66,259,627,0,0.08,0.16,531,659,-128,3121,2629,492,44.44,509.88,1.06,48.32,4487.56,0.35,20.74,1.57,1.67,9.64,3126,12.98
6127,九豪,52.5,52.6,52.5,-0.5,-0.94,29686,41.87,-248,0,-28,-276,10950,14277,-3327,-0.11,-6285,1052,5576,7444,5469,0.22,0.43,5387,4437,950,13491,11114,2377,--,87.53,-4.66,-9.6,968.97,-0.51,5.99,-4.66,0,20.02,5408,10.81
6129,普誠,15.85,15.9,15.9,0.35,2.25,668,57.1,126,0,0,126,0,0,0,0,0,0,0,0,0,0,0,147,0,147,526,673,-147,--,134.84,-6.21,28.76,1271.99,-0.17,33.71,-1.72,0,--,83,18.09
6130,上亞科技,22,22.1,22,-0.15,-0.68,100,41.41,-10,0,0,-10,0,0,0,0,0,0,0,0,0,0,0,0,0,0,100,100,0,--,14.76,3.35,-6.04,153.14,-0.31,34.85,-2.58,0,42.86,3750,4.63
6134,萬旭,31.85,31.9,31.85,0.9,2.91,673,58.57,236,0,-5,231,0,0,0,0,0,0,0,0,0,0,0,61,70,-9,616,607,9,86.08,215.56,16.02,45.85,2167.19,0.15,21.45,1.27,0.63,22.72,4367,8.19
6138,茂達,318,318.5,318.5,16.5,5.46,2569,61.38,328,78,96,502,1375,1037,338,0.13,1220,1305,50,79,56,0.51,0.05,504,631,-127,754,965,-211,23.37,682.72,1.18,13.83,7769.85,3.68,38.39,7.47,3.45,11.1,2098,7.56
6140,訊達,20.35,20.4,20.35,0.6,3.04,178,73.6,78,0,0,78,0,0,0,0,0,0,0,0,0,0,0,0,0,0,183,183,0,--,145.78,-11.67,-37.71,2135.79,0.37,9.73,3.91,0,--,1326,5.49
6143,振曜,98.1,98.2,98.1,2,2.08,802,50.69,120,0,2,122,165,71,94,0.12,122,131,34,43,0,0.2,0.05,131,106,25,521,640,-119,14.64,730.87,-0.84,14.2,9017.47,1.41,21.74,4.09,6.12,27.85,5991,8.61
6144,得利影,14.65,14.9,14.9,-0.05,-0.33,22,36.36,0,0,0,0,0,0,0,0,0,0,0,0,0,0,0,0,0,0,22,22,0,--,13.2,0.16,-3.45,166.2,-0.22,39.91,-2.74,0,--,0,3.83
6146,耕興,218,219,218.5,-2,-0.91,412,32.66,-103,0,4,-99,160,257,-97,-0.23,-252,5,0,0,257,0.01,0.61,60,52,8,203,113,90,20.06,410.11,0,9.64,4601.53,2.97,46.58,4.87,5.49,2.31,587,10.19
6147,頎邦,215.5,216,215.5,-7,-3.15,60671,37.32,-12926,152,-1219,-13993,46502,53782,-7280,-0.12,-41717,4147,3178,3887,45155,0.12,0.8,6487,2695,3792,8680,5193,3487,63.01,2185.38,7.41,24.15,22492.31,0.59,23.46,0.93,1.3,31.9,59377,74.46
6148,驊宏資,29.05,29.1,29.05,0.25,0.87,190,49.47,1,0,0,1,0,0,0,0,0,0,0,0,0,0,0,0,18,-18,195,177,18,23.06,35.55,-41.4,-66.45,782.27,0.07,25.6,0.59,4.23,22.48,2619,4.66
6150,撼訊,70,70.1,70.1,2.2,3.24,744,50.96,78,0,-8,70,34,0,34,0.05,34,34,0,0,0,0.05,0,104,83,21,614,669,-55,17.35,235.23,-44.85,-68.97,6937.13,1.54,13.83,4.5,0.86,21.84,2640,4.83
6151,晉倫,49.75,49.8,49.8,3.25,6.98,5250,49.19,-227,0,-2,-229,434,820,-386,-0.07,323,434,0,111,0,0.08,0.02,941,834,107,3898,3618,280,32.13,203.57,25.35,28.35,1757.03,0.72,24.78,4.07,3.01,12.26,1694,5.53
6154,順發,13.6,13.65,13.6,0.3,2.26,66,80.3,8,0,0,8,0,0,0,0,0,0,0,0,0,0,0,0,0,0,71,71,0,16.39,300.73,-13.59,0.08,3983.23,0.48,19.39,2.98,3.75,2.07,415,8.01
6156,松上,19.25,19.3,19.25,0.75,4.05,1107,53.96,398,0,0,398,0,55,-55,-0.05,0,0,0,0,0,0,0,81,149,-68,1028,905,123,--,505.44,1.78,14.94,5017.62,-0.09,15.76,0.48,1.04,23.07,5299,10.79
6158,禾昌,18,18.05,18.05,-0.05,-0.28,60,37.29,-1,0,0,-1,0,0,0,0,0,0,0,0,0,0,0,0,0,0,61,61,0,--,159.08,-3.12,-8.6,1774.82,-1.11,8.86,-5.38,0,7.45,1037,5.57
6160,欣技,16.3,16.35,16.35,0.15,0.93,122,36.13,-2,0,0,-2,0,0,0,0,0,0,0,0,0,0,0,0,0,0,124,124,0,--,101.93,-10.75,7.24,1193.04,-0.29,34.9,-3.15,0,--,660,6.85
6161,捷波,53.7,53.8,53.8,2.8,5.49,1562,67.35,301,0,0,301,387,200,187,0.12,367,367,20,20,0,0.25,0.01,309,257,52,882,1121,-239,18.05,133.44,-5.52,18.39,1476.17,0.83,35.98,3.52,4.09,5.83,820,5.62
6163,華電網,53.2,53.3,53.2,0,0,2712,27.87,-292,0,-6,-298,403,1203,-800,-0.3,-1057,35,111,303,900,0.05,0.44,509,474,35,1832,1067,765,93.33,334.25,-55,-18.59,6607,0.02,15.75,0.03,1.09,65.99,24488,14.84
6167,久正,11.8,11.85,11.8,0.4,3.51,761,51.28,76,0,0,76,0,0,0,0,0,0,0,0,0,0,0,42,0,42,734,776,-42,--,82.76,-25.86,-24.31,1248.74,-0.06,6.74,-0.5,0,8.93,3260,14.6
6169,昱泉,14.75,14.9,14.75,0.35,2.43,31,48.39,8,0,0,8,0,0,0,0,0,0,0,0,0,0,0,0,0,0,31,31,0,--,0.03,-57.69,-98.99,14.06,-0.68,-548.37,-6.97,0,2.73,130,2.34
6170,統振,50.3,50.4,50.4,-0.2,-0.4,226,25.66,-122,0,0,-122,20,69,-49,-0.22,-69,0,0,0,69,0,0.3,45,59,-14,162,99,63,10.98,257.21,-8.92,-1.48,3189.15,1.09,31.12,5.31,7.94,11.24,2453,9.73
6171,大城地產,23.95,24.05,24,0.05,0.21,38,91.89,-1,0,0,-1,0,0,0,0,0,0,0,0,0,0,0,0,0,0,39,39,0,6.2,69.92,211785,211785,1265.45,0.08,49.23,0.32,8.33,1.15,287,10
6173,信昌電,192.5,--,192.5,17.5,10,1837,86.94,102,0,283,385,1519,1225,294,0.16,1519,1519,0,0,0,0.81,0,131,260,-129,269,435,-166,51.61,419.11,13.04,20.36,4198.85,1.19,28.35,2.28,0.94,21.95,9439,17.12
6174,安碁,46.75,--,46.75,4.25,10,8004,69.33,604,0,30,634,2447,1373,1074,0.13,2447,2447,0,0,0,0.3,0,846,1173,-327,4748,5494,-746,64.93,69.08,13.46,35.12,648.97,0.33,34.22,2.5,0.73,13.09,1636,5
6175,立敦,88.3,88.5,88.3,3.1,3.64,14597,53.91,1986,0,103,2089,5755,4582,1173,0.08,4694,5275,77,59,599,0.37,0.04,2538,2875,-337,6388,7225,-837,32.95,458.21,8.99,15.86,4276.08,0.74,22.07,2.84,1.7,13.37,5019,15.01
6179,亞通,25.75,25.8,25.75,-0.2,-0.77,1722,25.67,-236,0,181,-55,140,151,-11,-0.01,-151,0,0,0,151,0,0.09,127,391,-264,1467,1192,275,135.53,545.14,-17.5,69.36,4884.34,0.27,8.75,0.94,1.94,47.43,19545,17.73
6180,橘子,39.35,39.45,39.45,-0.2,-0.5,518,25.55,-41,0,0,-41,0,122,-122,-0.23,-122,0,0,0,122,0,0.23,28,105,-77,500,301,199,--,659,2.11,-15.72,8483.72,0.63,30.88,2.56,2.53,4.03,1767,17.55
6182,合晶,69.9,--,69.9,6.3,9.91,28924,72.53,1486,0,3426,4912,23024,19288,3736,0.15,22097,22437,587,927,0,0.93,0.04,2225,4091,-1866,4057,5928,-1871,1747.5,865.03,-2.64,3,9991.04,0,19.03,0.08,0,37.51,53791,59.36
6185,幃翔,14.15,14.2,14.15,0.05,0.35,168,47.31,13,0,0,13,0,0,0,0,0,0,0,0,0,0,0,0,0,0,173,173,0,235.83,68.19,33.28,18.23,565.62,-0.14,11.96,-0.99,2.76,3.01,1126,14.99
6186,新潤,39.95,40,40,-0.1,-0.25,729,30.73,-261,0,1,-260,0,179,-179,-0.24,-179,0,0,0,179,0,0.24,170,177,-7,572,386,186,4.96,316.86,-90.52,-84.1,8871.01,2.09,22.96,7.65,12.53,2.55,1243,19.49
6187,萬潤,1135,1140,1140,50,4.59,2419,49.98,-189,-7,-3,-199,2457,2457,0,0,2456,2456,1,1,0,0.98,0,8,6,2,43,44,-1,75.9,613.35,15.5,26.14,5669.4,3.37,51.78,4.41,1.03,8.24,2023,9.82
6188,廣明,86.3,86.4,86.4,2.9,3.47,3305,60.88,1747,-509,-8,1230,1920,1297,623,0.19,1763,1822,98,157,0,0.58,0.05,388,455,-67,1029,1584,-555,27.87,581.27,-27.5,-22.89,9149.07,0.45,24.53,1,3.7,12.43,8647,27.84
6190,萬泰科,80,80.1,80,1,1.27,8841,49.44,286,0,20,306,3269,3389,-120,-0.01,3269,3269,0,0,0,0.37,0,1339,1254,85,4326,4291,35,44.2,1017.39,9.26,39.66,9146.1,0.43,15.21,2.21,2.5,17.68,8293,18.77
6194,育富,33.6,33.95,33.95,1.55,4.78,1050,76.95,-83,0,1,-82,341,335,6,0.01,341,341,0,0,0,0.32,0,70,116,-46,649,609,40,22.05,91.24,6.52,-34.88,1234.12,0.33,12.43,0.79,4.42,15.05,1806,4.8
6195,詩肯,26.35,26.65,26.6,0.2,0.76,33,63.64,-8,0,0,-8,0,0,0,0,0,0,0,0,0,0,0,0,0,0,36,36,0,14.86,165.17,-5.18,-3.51,2313.97,1.5,58.04,5.74,3.76,0.4,50,5.02
6198,瑞築,21.75,21.9,21.85,-0.25,-1.13,8,50,1,0,0,1,0,0,0,0,0,0,0,0,0,0,0,0,0,0,8,8,0,--,0.02,0,0,0.26,-0.1,74.24,-0.38,0,--,0,17.14
6199,天品,99.3,99.7,99.3,-1.2,-1.19,537,66.35,-19,0,-6,-25,292,325,-33,-0.06,-169,78,0,0,247,0.14,0.46,68,68,0,179,146,33,58.07,61.92,-65.77,516.94,570.51,1.22,54.29,7.92,0,24.35,3759,6.18
6203,海韻電,72.2,72.3,72.3,1.6,2.26,425,59.62,33,65,-2,96,39,33,6,0.01,-18,15,0,0,33,0.03,0.08,91,27,64,301,371,-70,14.32,179.46,38.24,-28.56,2573.24,1.37,31.3,3.56,5.53,3.75,772,8.24
6204,艾華,89.6,90,90,5.3,6.26,846,66.27,326,0,0,326,143,52,91,0.11,143,143,0,0,0,0.17,0,151,143,8,565,664,-99,91.84,41.18,32.43,7.09,385.3,0.1,34.74,0.62,0.56,12.99,750,2.31
6207,雷科,89.8,89.9,89.9,1.2,1.35,29748,42.12,-2492,0,-184,-2676,11871,17586,-5715,-0.19,6457,7257,4447,4942,305,0.39,0.18,4898,3673,1225,13198,8707,4491,142.7,126.66,-19.57,3.6,1111.84,0.06,32.04,0.24,0.78,39.49,7874,7.98
6208,日揚,99,99.1,99,-3,-2.94,2993,26.99,-307,0,-26,-333,786,1685,-899,-0.3,-1431,69,56,136,1420,0.04,0.51,528,463,65,1737,902,835,26.05,286.83,7.13,1.87,3668.79,1.9,33.59,4.94,2.02,7.3,1724,9.45
6210,慶生,21,21.15,21.05,0,0,56,56.52,1,0,0,1,0,0,0,0,0,0,0,0,0,0,0,0,0,0,57,57,0,--,32.04,-30.18,19.29,367.13,-0.41,-1.53,-4.07,0,0.6,56,3.5
6212,理銘,27.5,28,27.6,0.1,0.36,4,50,-1,0,0,-1,0,0,0,0,0,0,0,0,0,0,0,0,0,0,4,4,0,13.27,96.87,-5.04,-21.11,1028.86,0.4,37.57,1.08,0,0.05,12,10.2
6217,中探針,271.5,272,272,24.5,9.9,1599,85.89,298,0,23,321,1120,899,221,0.13,1120,1120,0,0,0,0.68,0,236,323,-87,340,473,-133,--,358.88,0.06,22.24,4052.67,0.11,23.3,0.47,0,60.86,17834,11.72
6218,豪勉,39.95,40,40,0.45,1.14,1305,50.31,186,0,0,186,70,30,40,0.03,70,70,0,0,0,0.05,0,123,82,41,1124,1205,-81,--,109.24,-1.71,98.95,1420.81,0.35,19.59,2.6,0,15.39,2473,6.43
6219,富旺,12.15,12.25,12.2,-0.1,-0.81,230,24.55,-9,0,0,-9,0,0,0,0,0,0,0,0,0,0,0,45,0,45,188,233,-45,15.44,63.5,-77.01,21424.4,3975.36,0.74,24.63,4.51,0,23.16,7235,12.5
6220,岳豐,30.7,30.75,30.7,0.05,0.16,328,31.45,-45,0,1,-44,0,0,0,0,0,0,0,0,0,0,0,40,67,-27,289,262,27,38.86,824.6,34.04,12.1,8251.49,-0.32,28.03,-1.47,2.28,6.39,2339,14.65
6221,晉泰,23.2,23.3,23.2,0.2,0.87,180,47.22,33,0,0,33,0,0,0,0,0,0,0,0,0,0,0,0,27,-27,184,157,27,10.94,278.25,-14.91,-42.12,4662.78,0.35,18.85,1.91,5.17,17.67,7448,16.86
6222,立軒,20.25,20.75,20.6,-0.15,-0.72,13,30.77,2,0,0,2,0,0,0,0,0,0,0,0,0,0,0,0,0,0,13,13,0,--,0.25,-56.11,6.44,2.6,-0.06,23.46,-0.47,0,0.88,37,9.57
6223,旺矽,6015,6040,6035,385,6.81,1184,39.2,-166,22,-2,-146,1232,1206,26,0.02,1053,1051,181,179,0,0.98,0.14,8,17,-9,13,29,-16,160.68,1485.96,7.02,52.6,14992.82,12.53,59.45,8.09,0.36,4.62,1131,9.8
6227,茂綸,128,--,128,11.5,9.87,2651,81.2,812,0,31,843,1818,1136,682,0.25,1818,1818,0,0,0,0.68,0,260,414,-154,606,1135,-529,14.68,2612.3,30.49,18.34,19297.43,3,10.48,7.76,3.52,12.39,2358,7.61
6228,全譜,21.85,22.65,21.85,-0.75,-3.32,18,35.29,0,0,0,0,0,0,0,0,0,0,0,0,0,0,0,0,0,0,18,18,0,--,2.91,-53.4,101.31,48.3,-0.07,38.99,-0.73,0,--,66,2.6
6229,研通,27.55,27.6,27.55,0.5,1.85,366,52.34,101,0,0,101,0,0,0,0,0,0,0,0,0,0,0,0,0,0,368,368,0,306.11,318.15,-4.64,57.36,2468.31,0.14,9.07,0.8,2.18,14.1,1256,4.04
6231,系微,293,293.5,293.5,9,3.16,662,52.37,8,0,21,29,261,222,39,0.06,229,232,29,32,0,0.38,0.05,160,147,13,266,317,-51,44.07,124.11,-40.75,14.51,1737.08,1.7,76.46,7.19,1.94,30.53,3484,4.57
6233,旺玖,26.5,26.55,26.55,0.5,1.92,645,60.26,156,0,0,156,44,50,-6,-0.01,44,44,0,0,0,0.07,0,139,130,9,465,468,-3,--,34.81,5.33,-8.76,377.2,-0.03,43.38,-0.19,2.82,18.83,3815,8.1
6234,高僑,49,49.05,49,2.2,4.7,2989,43.05,-358,0,92,-266,458,425,33,0.01,458,458,0,0,0,0.15,0,349,373,-24,2214,2223,-9,544.44,40.84,-17.7,1.86,515.97,0.23,7.18,0.84,0.51,16.56,4157,10.04
6236,中湛,--,20,--,--,--,0,--,0,0,0,0,0,0,0,--,0,0,0,0,0,--,--,0,0,0,0,0,0,2000,2.54,-15.47,-19.36,31.42,0,82.95,0.06,0,--,0,4.17
6237,驊訊,54.8,54.9,54.8,1.4,2.62,5792,43.17,-171,0,23,-148,1128,1663,-535,-0.09,973,1108,20,155,0,0.19,0.03,1112,965,147,3593,3205,388,--,84.31,78.39,116.12,574.19,-0.24,40.46,-1.26,0.18,22.15,4410,7.96
6240,松崗,17.55,17.75,17.65,-0.15,-0.84,18,35.29,0,0,0,0,0,0,0,0,0,0,0,0,0,0,0,0,0,0,18,18,0,--,4.03,-1.85,24.71,53.29,-0.43,58.22,-2.47,0,10.81,618,2.29
6241,鑫永洋,10.65,10.7,10.65,-0.15,-1.39,200,23,17,0,0,17,0,0,0,0,0,0,0,0,0,0,0,59,54,5,142,147,-5,42.6,55.94,-13.3,-9.17,645.75,0.46,18.4,6.1,0,--,0,4.87
6242,立康,37.25,37.65,37.5,0,0,5,100,0,0,0,0,0,0,0,0,0,0,0,0,0,0,0,0,0,0,5,5,0,15.37,54.12,1.13,-4.15,573.63,0.33,67.02,1.21,5.33,--,0,3.18
6244,茂迪,29.35,29.4,29.4,1.05,3.7,4436,62.31,1655,0,17,1672,1538,253,1285,0.29,1538,1538,0,0,0,0.34,0,744,627,117,2184,3586,-1402,326.67,308.45,9.74,19.34,3080.64,0.12,16.7,1.01,0.48,14.05,13595,38.7
6245,立端,88,88.1,88,2.9,3.41,2544,62.6,443,0,0,443,793,448,345,0.13,780,793,0,0,13,0.31,0.01,523,588,-65,1273,1553,-280,21.67,700.46,-3.02,31.46,7192.45,0.75,33.01,1.75,4.32,9.56,3504,14.66
6246,臺龍,15.95,16,16,0.55,3.56,133,66.17,-22,0,0,-22,0,0,0,0,0,0,0,0,0,0,0,0,0,0,134,134,0,18.82,133.81,47.01,-10.87,1500.38,-0.68,7.5,-6.1,0,13.71,514,3.79
6248,沛波,18.25,18.3,18.25,0,0,105,47.62,20,0,0,20,0,0,0,0,0,0,0,0,0,0,0,0,0,0,106,106,0,13.62,502.65,-6.21,-32.67,7008.3,0.28,5.85,1.23,6.41,2.95,737,10
6259,百徽,25.15,25.2,25.2,0.5,2.02,938,41.96,57,0,-12,45,0,55,-55,-0.06,-55,0,0,55,0,0,0.06,43,44,-1,898,842,56,30.73,58.01,-17.29,19.6,524.26,0.43,22.43,3.02,1.39,11.59,482,2.81
6261,久元,124,--,124,11,9.73,4816,83,618,0,240,858,3443,1690,1753,0.36,3390,3408,35,53,0,0.7,0.01,379,928,-549,1076,2280,-1204,29.81,331.22,-13.96,0.18,4254.2,0.85,31.17,1.51,2.02,20.66,6636,12.85
6263,普萊德,182,183,182,5,2.82,265,37.39,-4,0,2,-2,38,24,14,0.05,14,20,18,24,0,0.15,0.09,72,70,2,166,183,-17,21.88,187.65,7.03,13.4,1896.75,2.1,48.21,7.2,4.29,3.81,595,6.25
6264,富裔,6,6.03,6.03,-0.14,-2.27,200,39.5,13,0,0,13,0,0,0,0,0,0,0,0,0,0,0,0,0,0,200,200,0,--,20.41,316.26,539.45,119.77,-0.22,-12.69,-3.58,0,--,0,13.64
6265,方土昶,48.1,--,48.1,4.35,9.94,16971,81.45,6764,0,1,6765,11904,7780,4124,0.24,11904,11904,0,0,0,0.7,0,1284,2779,-1495,3882,6510,-2628,19.63,496.26,26.68,885.82,1986.34,1.67,35.98,12.87,0,25.8,7622,11.82
6266,泰詠,27.05,27.1,27.05,0,0,200,34.5,-29,0,0,-29,0,0,0,0,0,0,0,0,0,0,0,0,0,0,208,208,0,14.94,272.65,5.4,-9.22,3335.72,0.39,16.25,2.41,6.58,2.86,1101,15.39
6270,倍微,27.65,27.7,27.65,0.85,3.17,590,61.16,143,0,0,143,56,0,56,0.09,56,56,0,0,0,0.09,0,19,30,-11,522,567,-45,24.91,288.65,5.75,15.56,2781.84,0.24,9.76,0.71,3.62,12.07,2177,7.21
6274,台燿,1455,--,1455,130,9.81,1581,100,449,13,0,462,1655,1641,14,0.01,1507,1513,142,148,0,1.05,0.09,9,17,-8,18,24,-6,105.13,4610.17,21.91,97.97,36312.76,4.36,25.15,6.87,0.52,13.45,9798,29.14
6275,元山,48.6,48.65,48.6,1,2.1,646,64.69,63,0,-3,60,0,29,-29,-0.04,0,0,0,0,0,0,0,80,98,-18,571,524,47,17.67,349.06,-13.39,-21.3,4327.11,0.48,17.6,2.27,4.12,11.85,2377,8.02
6276,安鈦克,29.3,29.55,29.3,0.2,0.69,78,70.51,28,0,0,28,0,0,0,0,0,0,0,0,0,0,0,0,0,0,80,80,0,--,57.24,1.36,-60.37,1187.26,-0.9,21.31,-8.99,0,14,428,2.2
6279,胡連,119.5,120,120,0.5,0.42,1131,50.85,-43,-4,-4,-51,468,610,-142,-0.12,302,366,0,0,64,0.32,0.06,160,144,16,527,401,126,12.82,863,32.29,11.56,9708.67,1.6,26.65,2.09,4.58,11.9,3542,11.9
6284,佳邦,102.5,--,102.5,9.1,9.74,11219,83.61,1010,0,338,1348,8799,5682,3117,0.27,8759,8777,22,40,0,0.78,0,695,1687,-992,1844,3969,-2125,33.28,626.53,11.27,-10.65,7356.29,0.51,19.98,0.94,1.85,16.09,5994,14.9
6290,良維,278,278.5,278,5.5,2.02,4423,57.17,-517,0,115,-402,2902,2871,31,0.01,1595,1961,942,1308,0,0.64,0.29,683,767,-84,927,874,53,32.44,911.96,-0.9,3.68,10455.77,2.68,31.19,5.69,2.23,39.49,16733,16.95
6291,沛亨,541,--,541,49,9.96,2984,73.91,534,-1,35,568,2469,2159,310,0.1,2350,2369,100,119,0,0.8,0.04,574,848,-274,28,64,-36,63.2,239.82,-3.48,42.11,2418.44,3,37.5,8.84,1.11,23.08,2423,4.2
6292,迅德,54.2,54.3,54.2,0.7,1.31,247,51.84,39,0,1,40,0,0,0,0,0,0,0,0,0,0,0,32,41,-9,217,208,9,22.87,100.62,-6.65,27.62,1079.16,0.73,33.16,3.12,3.32,3.15,367,4.66
6294,智基,28.1,28.3,28.3,1.1,4.04,72,75.71,16,0,0,16,0,0,0,0,0,0,0,0,0,0,0,0,0,0,77,77,0,10.76,81.84,3.98,-15.23,922.66,-0.07,31.93,-0.34,10.6,1.14,74,2.6
6411,晶焱,94.8,94.9,94.9,0.3,0.32,7084,37.28,-709,0,-15,-724,1510,3337,-1827,-0.26,-725,614,262,607,994,0.12,0.22,1198,1086,112,4444,2730,1714,31.11,224.84,10.41,14.4,2559.19,0.54,34.15,0.81,2.34,7.04,1751,9.95
6417,韋僑,132.5,133,132.5,2.5,1.92,233,51.72,1,0,0,1,92,48,44,0.19,92,92,0,0,0,0.39,0,50,90,-40,92,96,-4,25.33,172.82,8.93,22.98,1698.42,1.67,34.57,4.03,1.81,30.62,3236,4.23
6418,詠昇,31.4,31.7,31.4,0.05,0.16,168,29.17,-9,0,0,-9,0,0,0,0,0,0,0,0,0,0,0,46,0,46,123,169,-46,56.07,86.59,40.08,-4.65,779.59,-0.15,17.57,-1.05,1.21,12.27,1059,3.45
6419,京晨科,159.5,--,159.5,14.5,10,608,100,-22,0,87,65,535,269,266,0.43,535,535,0,0,0,0.86,0,26,29,-3,59,322,-263,12.69,126.98,5.43,328.69,687.39,4.55,22.22,12.27,0,19.64,646,1.32
6423,億而得,100,101,100,1.1,1.11,133,38.93,35,0,0,35,13,10,3,0.02,13,13,0,0,0,0.1,0,0,21,-21,123,105,18,294.12,42.91,1840.71,32.56,235.67,0.28,99.64,1.71,1,9.62,746,3.1
6425,易發,90.4,90.5,90.4,0.2,0.22,5643,38.95,-315,0,0,-315,1184,1795,-611,-0.11,748,864,274,291,99,0.2,0.07,992,1240,-248,3509,2650,859,--,116,-31.79,31.74,1552.67,0.17,27.72,0.66,1.11,32.58,4148,5.08
6432,今展科,55.6,55.7,55.7,-1.2,-2.11,4992,39.68,114,0,2,116,1141,1122,19,0,-803,136,65,96,908,0.04,0.2,921,918,3,2961,2983,-22,76.3,113.85,6.87,5.41,1137.35,0.72,21.77,2.63,2.15,19.6,1684,3.44
6435,大中,231,231.5,231,0.5,0.22,1064,42.61,44,0,1,45,275,415,-140,-0.13,-27,205,0,0,232,0.19,0.21,127,145,-18,683,524,159,21.43,310.31,1.25,13.49,3474.39,3.68,26.78,6.94,3.25,15.64,1465,3.75
6441,廣錠,24.35,24.5,24.4,-0.05,-0.2,242,45.04,-71,0,0,-71,0,0,0,0,0,0,0,0,0,0,0,25,38,-13,221,208,13,--,12.58,35.17,-55.37,166.57,-1.36,-113.66,-7.44,0,5.45,727,5.33
6461,益得,16.3,16.4,16.3,-0.1,-0.61,63,34.92,6,0,0,6,0,0,0,0,0,0,0,0,0,0,0,0,0,0,65,65,0,--,5.56,-35.52,43.68,119.18,-0.63,-240.05,-10.69,0,--,0,17.84
6462,神盾,144,144.5,144.5,4,2.85,5946,48.43,-459,5,49,-405,3104,3847,-743,-0.12,-239,621,2423,3073,210,0.51,0.55,849,564,285,2044,1586,458,--,372.85,-52.21,12.03,6564.16,-2.7,23.18,-2.54,0,22.54,4699,9.13
6465,威潤,52.7,52.8,52.8,0.3,0.57,457,56.54,86,0,0,86,0,0,0,0,0,0,0,0,0,0,0,30,30,0,435,435,0,20.39,26.36,14.6,81.02,307.21,1.31,76.04,11.88,0.38,13.56,746,4.71
6469,大樹,71.2,71.5,71.5,-0.2,-0.28,297,33.92,-96,0,7,-89,15,15,0,0,-15,0,0,0,15,0,0.05,29,68,-39,276,238,38,18.97,1502.81,-10.7,-1.23,19024.31,0.83,28.1,3.16,5.26,1.94,728,15.01
6470,宇智,47.8,48.1,47.8,-0.4,-0.83,158,55.06,72,0,0,72,70,40,30,0.19,6,0,46,40,0,0.29,0.25,20,16,4,69,103,-34,15.62,72.36,-12.35,-58.73,1566.03,0.84,20.05,2.74,5.23,2.74,258,3.77
6474,華豫寧,38.25,38.4,38.25,0.5,1.32,52,38.46,0,0,0,0,0,0,0,0,0,0,0,0,0,0,0,0,0,0,52,52,0,12.71,357.02,-14.77,1.9,3858.88,0.9,21.81,2.83,6.54,--,0,5.25
6482,弘煜科,29.65,29.9,30,0.3,1.01,16,81.25,-1,0,0,-1,0,0,0,0,0,0,0,0,0,0,0,0,0,0,17,17,0,16.95,22.44,-22.94,-49.39,424.71,0.28,98.65,1.87,6.67,0.88,63,2.86
6485,點序,106,106.5,106,1.5,1.44,3451,56.05,-159,0,6,-153,1654,1863,-209,-0.06,588,1083,0,0,495,0.31,0.14,639,524,115,1189,1095,94,757.14,108.85,-8.74,-18.69,1390.53,0,57.17,0,0.47,50.69,5524,4.74
6486,互動,82.1,82.3,82.1,0.5,0.61,123,34.15,-60,0,0,-60,0,0,0,0,0,0,0,0,0,0,0,7,0,7,118,125,-7,15.4,110.26,-44.42,6.58,2743.51,0.59,32.8,1.52,7.31,1.74,221,5.09
6488,環球晶,717,718,717,16,2.28,6303,34.71,-2262,-141,645,-1758,5557,5989,-432,-0.07,5379,5418,139,178,0,0.93,0.03,819,465,354,178,101,77,44.23,4747.93,-12.82,-10.13,58452.77,3.97,20.83,2.03,1.07,7.53,9000,47.81
6492,生華科,46,46.35,46.35,0,0,189,37.5,26,0,0,26,0,0,0,0,0,0,0,0,0,0,0,15,32,-17,178,161,17,--,0.08,0,-3.61,1.06,-0.75,56.25,-9.17,0,--,156,8.99
6494,九齊,58,58.1,58,1.9,3.39,466,59.59,144,0,0,144,20,0,20,0.04,20,20,0,0,0,0.04,0,86,39,47,366,433,-67,483.33,155.21,-9.14,33.37,1327.61,0.75,27.49,2.37,1.72,9.82,775,3.16
6496,科懋,24.1,24.35,24.35,-0.35,-1.42,6,100,1,0,0,1,0,0,0,0,0,0,0,0,0,0,0,0,0,0,10,10,0,--,85.33,29.29,28.88,925.54,-1.18,38.35,-7.06,0,0.39,46,4.74
6498,久禾光,106.5,107,106.5,0,0,284,38.87,59,0,-3,56,75,49,26,0.09,-49,0,0,0,49,0,0.17,42,52,-10,172,188,-16,16.06,137.52,9.79,37.28,1362.06,1.75,45.71,5.49,4.23,3.4,401,4.72
6499,益安,93.2,93.7,93.7,-1.2,-1.26,877,30.96,-223,0,0,-223,308,353,-45,-0.05,-353,0,0,0,353,0,0.4,121,97,24,458,437,21,--,37.14,2.84,3.41,433.06,-1.26,15.23,-9.17,0,29.9,7246,9.69
6506,雙邦,19.15,19.2,19.2,0.2,1.05,186,56.28,6,0,-12,-6,0,0,0,0,0,0,0,0,0,0,0,0,0,0,188,188,0,16.7,203.63,-12.41,6.72,1938,0.52,20.44,4.11,5.21,3.41,703,8.24
6508,惠光,24.1,24.2,24.1,0.4,1.69,73,36.99,2,0,0,2,0,0,0,0,0,0,0,0,0,0,0,25,0,25,51,76,-25,109.55,188.49,-18.46,-18.49,1406.44,0.36,23.67,1.31,2.07,1.29,279,8.65
6509,聚和,50,50.1,50.1,0.95,1.93,5927,58.24,909,-3,-91,815,2382,1890,492,0.08,1807,2072,310,575,0,0.4,0.1,955,1334,-379,2638,2751,-113,15.42,516.01,9.27,9.76,4993.04,1.19,36.08,4.46,2.79,9.7,4764,19.65
6510,精測,3400,3410,3405,55,1.64,641,43.9,39,-96,16,-41,651,681,-30,-0.04,-61,143,333,344,193,0.68,0.77,5,4,1,41,12,29,99.88,523.18,7.33,30.22,5132.42,10.43,56.77,3.65,0.45,8.91,732,3.29
6512,啟發電,19,19.1,19,0.05,0.26,12,45.45,0,0,0,0,0,0,0,0,0,0,0,0,0,0,0,0,0,0,15,15,0,--,5.76,-67.54,-78.26,146.83,-0.28,29.06,-2.05,0,--,0,2.53
6516,勤崴國際,56.3,56.9,56.8,-0.3,-0.53,77,48.05,7,0,0,7,0,0,0,0,0,0,0,0,0,0,0,0,23,-23,81,58,23,31.56,48.66,-19.94,6,596.22,0.66,49.12,3.61,4.12,6.26,882,5.63
6517,保勝光學,62.3,62.5,62.3,0.5,0.81,534,66.54,213,0,0,213,65,85,-20,-0.04,65,65,0,0,0,0.12,0,85,85,0,390,370,20,46.49,30.47,-33.13,-18.67,458.86,0.52,33.19,2.42,2.41,21.86,1671,3.06
6523,達爾膚,99.1,99.4,99,-0.8,-0.8,14,35.71,-3,0,0,-3,0,0,0,0,0,0,0,0,0,0,0,0,0,0,17,17,0,15.92,61.06,-23.47,-8.15,1092.17,1.88,67.24,6.28,10.1,0.47,53,4.5
6527,明達醫,70.1,70.2,70.2,0.2,0.29,23,73.91,-1,0,0,-1,0,0,0,0,0,0,0,0,0,0,0,0,0,0,24,24,0,12.42,61.55,-11.19,-24.69,892.68,1.33,40.05,3.35,4.13,--,0,2.55
6530,創威,111.5,112,111.5,6.5,6.19,1637,56.07,171,0,0,171,639,426,213,0.13,639,639,0,0,0,0.38,0,268,315,-47,753,919,-166,52.1,31.53,-2.31,18.13,345.81,0.65,46.21,4.39,1.79,38.51,3249,3.38
6532,瑞耘,101.5,102,102,3.5,3.55,1083,53.16,219,0,0,219,469,318,151,0.14,469,469,0,0,0,0.43,0,154,245,-91,481,540,-59,14.87,73.66,15.42,25.51,653.04,0.84,36.93,2.54,2.94,32.01,2996,3.74
6535,順藥,127,127.5,127.5,-1.5,-1.16,242,28.1,-60,0,0,-60,32,85,-53,-0.21,-85,0,0,0,85,0,0.33,45,55,-10,178,115,63,--,0.08,-84.49,-83.37,32.29,-0.72,40.55,-8.26,0,--,0,16.78
6538,倉和,127.5,128,127.5,10.5,8.97,3642,53,11,0,-30,-19,2292,2165,127,0.03,1456,1513,778,835,0,0.62,0.23,457,484,-27,936,1035,-99,127.5,130.09,4.8,-19.42,1310.45,0.9,38.53,1.77,1.18,23.2,2208,3.81
6542,隆中,46.75,47,47,0.65,1.4,9,66.67,2,0,0,2,0,0,0,0,0,0,0,0,0,0,0,0,0,0,9,9,0,1175,80.84,-10.52,14.44,940.92,0.04,79.6,0.09,0.04,2.54,267,4.2
6546,正基,78.8,78.9,78.9,3.3,4.37,1976,62.88,384,0,110,494,592,504,88,0.04,592,592,0,0,0,0.3,0,382,335,47,1021,1156,-135,29.66,200.93,0.05,-7.59,2226.28,0.9,27.33,3.04,3.17,22.1,3694,6.68
6547,高端疫苗,47.95,48,47.95,-0.75,-1.54,2619,28.49,-815,0,-9,-824,207,1212,-1005,-0.38,-1212,0,0,0,1212,0,0.46,299,356,-57,2146,1083,1063,--,38.72,-11.04,-7.87,600.37,-0.09,74.74,-0.81,0,10.94,8992,32.87
6548,長科*,51.9,52,51.9,0.5,0.97,3462,45.51,590,0,93,683,1243,975,268,0.08,907,1033,146,153,119,0.34,0.08,576,777,-201,1676,1743,-67,31.65,1384.07,4.28,24.51,14192.1,0.51,21.71,4.18,2.6,3.74,8888,3.8
6556,勝品,70,70.9,70.7,0.8,1.14,10,90,-1,0,0,-1,0,0,0,0,0,0,0,0,0,0,0,0,0,0,10,10,0,10.86,148.12,7.07,29.48,1439.47,1.72,30.55,3.23,4.95,--,0,2.88
6560,欣普羅,38.05,38.1,38.05,-0.15,-0.39,81,34.62,5,0,-1,4,0,0,0,0,0,0,0,0,0,0,0,0,0,0,83,83,0,475.62,26.56,7.5,95.97,220.06,0.37,35.76,1.86,0,5.47,354,3.25
6561,是方,361,362,361.5,6.5,1.83,152,71.63,44,0,4,48,58,29,29,0.18,58,58,0,0,0,0.36,0,38,50,-12,67,84,-17,22.81,349.84,0.65,-1.34,3968.03,3.69,48.94,8.68,3.93,1.28,249,7.8
6568,宏觀,217,217.5,217,0,0,603,38.99,-107,0,-1,-108,129,222,-93,-0.15,-61,50,57,92,76,0.17,0.27,101,95,6,392,305,87,53.85,120.85,-18.51,31.74,1241.94,1.34,36.41,2.67,0.92,17.58,1354,3.08
6569,醫揚,93.1,93.2,93.1,-5.5,-5.58,522,14.56,-95,0,0,-95,55,203,-148,-0.28,-203,0,0,0,203,0,0.38,24,84,-60,453,245,208,25.09,96.61,-50.27,-8.28,1372,1.03,36.13,2.54,3.22,3.75,366,3.91
6570,維田,54.2,--,54.2,4.85,9.83,631,98.63,87,0,0,87,524,180,344,0.54,524,524,0,0,0,0.82,0,34,106,-72,81,353,-272,33.05,91.27,-10.05,9.7,960.19,0.57,38.03,2.65,2.03,4.17,387,3.71
6574,霈方,113.5,114,114,-3.5,-2.98,60,30,-6,0,-1,-7,0,10,-10,-0.16,-10,0,0,0,10,0,0.16,6,5,1,57,48,9,13,72.85,7.8,27.1,681.77,3.29,57.37,8.08,2.63,--,0,2.2
6576,逸達,80.5,80.8,80.5,-1.3,-1.59,238,36.71,-92,0,0,-92,73,22,51,0.21,-22,0,0,0,22,0,0.09,18,40,-22,148,177,-29,--,52.22,29.12,-11.25,394.51,2.59,50.49,35.01,0,--,0,15.75
6577,勁豐,80.9,81,81,1.3,1.63,96,34.37,4,0,0,4,0,0,0,0,0,0,0,0,0,0,0,7,19,-12,92,80,12,13.75,164.64,-17.24,-0.23,2080.97,1.67,34.56,6.49,6.17,0.8,120,6.01
6578,達邦蛋白,17.3,17.35,17.3,0.1,0.58,117,66.67,-4,0,0,-4,0,0,0,0,0,0,0,0,0,0,0,0,0,0,118,118,0,--,36.37,7.05,-0.95,322.48,0.08,21.91,0.56,0,5.46,709,7.19
6584,南俊國際,681,685,681,1,0.15,552,40.71,-158,0,1,-157,280,342,-62,-0.1,-98,13,223,253,81,0.4,0.57,276,220,56,37,32,5,89.14,277.78,-11.01,35.13,2872.49,3.37,41.55,7.01,0.37,7.47,1324,7.09
6588,東典光電,130.5,131,130.5,4.5,3.57,1311,44.87,80,0,0,80,546,558,-12,-0.01,546,546,0,0,0,0.41,0,218,245,-27,566,527,39,--,27.14,-5.75,155.82,249.94,-0.08,21.22,-0.31,0,32.37,2808,3.47
6590,普鴻,67,67.5,67,0.1,0.15,33,72.73,0,0,0,0,0,0,0,0,0,0,0,0,0,0,0,14,8,6,21,27,-6,13.21,60.47,-0.47,19.92,674.35,0.84,43.85,2.83,6.42,--,0,2.5
6593,台灣銘板,35.15,35.3,35.2,0.1,0.28,67,38.81,-2,0,0,-2,0,0,0,0,0,0,0,0,0,0,0,20,0,20,53,73,-20,--,41.34,-11.69,68.06,406.64,-0.6,30.74,-2.14,0,14.9,1075,3.19
6596,寬宏藝術,97.9,98,98,0.1,0.1,123,34.96,-11,0,-1,-12,0,0,0,0,0,0,0,0,0,0,0,29,0,29,97,126,-29,5.73,270.94,89.06,1704.82,3486.08,2.08,22.2,5.87,19.08,8.86,842,3.8
6597,立誠,71.7,73.8,71.5,-1.5,-2.05,11,0,0,0,-3,-3,0,0,0,0,0,0,0,0,0,0,0,0,0,0,11,11,0,82.18,47.25,-26.35,-7.98,713.53,-0.45,20.27,-1.66,1.4,--,0,3
6603,富強鑫,22.4,22.45,22.4,0.05,0.22,859,41.48,-299,0,0,-299,60,167,-107,-0.12,-117,0,0,0,117,0,0.14,161,127,34,644,571,73,36.72,406.05,-0.78,12.32,5146.52,0.03,24.63,0.2,1.79,16.15,6760,16.74
6609,瀧澤科,46.35,--,46.35,4.2,9.96,3552,75.03,425,0,-28,397,1513,991,522,0.15,1513,1513,0,0,0,0.42,0,253,376,-123,1814,2212,-398,--,231.51,26.02,17.34,1977.49,-0.16,14.76,-0.49,0,11.58,2098,7.25
6612,奈米醫材,74,74.6,74,-3,-3.9,84,20.24,-12,0,0,-12,0,0,0,0,0,0,0,0,0,0,0,0,0,0,88,88,0,83.15,113.4,2.96,16.23,1146.71,0.81,55.79,1.2,1.76,4,475,4.75
6613,朋億*,256.5,257,257,-1,-0.39,306,31.54,-65,0,5,-60,100,146,-46,-0.14,-129,0,11,24,116,0.03,0.44,74,91,-17,148,85,63,18.06,711.11,-33.53,30.82,9274.94,3.84,32.09,5.07,3.89,5.56,1082,3.89
6615,慧智,32.6,32.8,33.1,0.4,1.22,19,78.57,1,0,0,1,0,0,0,0,0,0,0,0,0,0,0,0,0,0,23,23,0,84.87,30.16,-12.24,-9.13,380.64,0.67,28.63,2.28,0,0.41,22,2.16
6616,特昇-KY,9.89,10,9.94,0.11,1.12,112,85.71,7,0,0,7,0,0,0,0,0,0,0,0,0,0,0,0,0,0,113,113,0,--,44.86,-29.63,-37.52,913.42,-0.52,6.11,-4.14,0,14.94,1325,3.55
6617,共信-KY,63.5,63.7,63.5,-2,-3.05,124,18.18,-50,0,0,-50,0,0,0,0,0,0,0,0,0,0,0,9,9,0,117,117,0,--,3.75,21.2,7.6,38.27,-0.32,67.99,-1.69,0,0.84,268,12.75
6620,漢達,75.4,75.5,75.4,0.1,0.13,439,36.76,35,0,5,40,59,18,41,0.09,6,0,24,0,18,0.05,0.04,76,98,-22,308,327,-19,16.43,62.07,-21.15,-88.94,1258.81,0.46,81.2,1.39,2.65,--,0,17
6624,萬年清,--,42.6,42.6,-4.7,-9.94,173,8.09,-5,0,0,-5,99,105,-6,-0.03,-105,0,0,0,105,0,0.6,0,0,0,75,69,6,94.67,40.6,205.12,-34.81,542.65,0.05,23.65,0.27,0.68,3.53,199,2.26
6629,泰金-KY,120.5,121,120.5,-2,-1.63,69,21.74,-2,0,-1,-3,29,19,10,0.14,19,10,19,10,0,0.41,0.14,0,12,-12,41,39,2,16.42,265.35,0.24,140.47,2191.43,3.58,21.59,8.19,5.15,11.59,1112,3.84
6637,醫影,66,66.3,66.2,0.5,0.76,39,41.03,0,0,0,0,0,0,0,0,0,0,0,0,0,0,0,18,0,18,22,40,-18,9.82,45.12,-14.45,-24.18,1214.82,1.01,31.56,2.39,6.8,1.21,81,2.68
6640,均華,1360,1365,1360,-15,-1.09,408,36.73,-42,5,-9,-46,416,432,-16,-0.04,-27,150,105,106,176,0.56,0.62,3,3,0,33,16,17,84.47,333.6,11.36,142.34,3286.72,5.19,44.9,5.16,1.1,8.32,593,2.85
6642,富致,88.4,88.6,88.5,1.3,1.49,2620,49.59,29,0,0,29,479,626,-147,-0.06,201,405,0,46,158,0.15,0.08,536,470,66,1633,1551,82,35.4,58.58,4.39,5.04,548.14,0.74,48.59,2.65,2.03,10.3,963,3.74
6643,M31,601,603,601,13,2.21,557,44.81,-34,0,29,-5,290,286,4,0.01,183,227,63,107,0,0.48,0.18,279,289,-10,37,31,6,15025,168.69,40.45,30.74,1782.05,-1.18,100,-2.66,0.2,22.19,2319,4.21
6649,台生材,38.6,38.8,38.5,-1.05,-2.65,50,24,5,0,0,5,0,0,0,0,0,0,0,0,0,0,0,0,0,0,50,50,0,62.1,11.5,-0.29,29.93,181.81,0,60.77,0.02,2.6,12.27,1288,4.2
6651,全宇昕,137.5,--,137.5,12.5,10,954,86.97,245,0,1,246,610,280,330,0.34,610,610,0,0,0,0.62,0,104,164,-60,263,533,-270,20.31,157.73,3.74,8.04,1523.28,2.47,37.83,6.84,2.91,22.27,1926,3.46
6654,天正國際,95.4,95.8,96.1,-0.9,-0.93,26,50,5,0,0,5,0,0,0,0,0,0,0,0,0,0,0,0,0,0,27,27,0,259.73,60.23,46.53,157.91,436.78,-0.2,21.75,-0.81,0,34.22,2845,3.73
6661,威健生技,17.3,17.7,17.85,0.35,2,1,100,0,0,0,0,0,0,0,0,0,0,0,0,0,0,0,0,0,0,1,1,0,--,30.8,7.08,25.55,388.08,-0.27,43.63,-2.15,0,--,0,2.33
6662,樂斯科,29,29.4,29.1,0.1,0.34,7,85.71,0,0,0,0,0,0,0,0,0,0,0,0,0,0,0,0,0,0,7,7,0,17.22,22.27,-14.96,-9.26,261.54,0.21,33.04,1.22,5.33,--,0,2.56
6664,群翊,432.5,433,432.5,26.5,6.53,1493,66.82,48,1,59,108,865,760,105,0.07,865,865,0,0,0,0.56,0,175,192,-17,516,604,-88,29.73,237.44,0.41,9.66,2691.19,3.73,48.23,5.58,2.36,12.63,1921,6.08
6667,信紘科,256,256.5,256,2,0.79,409,43.91,-117,0,-2,-119,143,255,-112,-0.27,123,139,4,20,0,0.34,0.05,127,62,65,151,104,47,18.59,477.83,-29.1,-2.14,6516.09,3.63,23.98,7.07,4.57,12.87,1585,4.93
6679,鈺太,335.5,336,335.5,0.5,0.15,957,34.79,176,5,-68,113,747,722,25,0.03,-164,37,485,448,238,0.54,0.71,96,60,36,125,186,-61,40.91,187.76,0.23,15.7,2008.97,3.7,51.94,3.58,1.94,19.69,2706,5.5
6680,鑫創電子,54.6,55.7,55.9,2.3,4.29,6,50,0,0,0,0,0,0,0,0,0,0,0,0,0,0,0,0,0,0,6,6,0,--,46.44,-14.37,36.42,602.75,0.08,32.39,0.35,0.54,--,0,2.4
6683,雍智科技,1650,1655,1650,-35,-2.08,3088,37.42,333,-635,-1,-303,3132,3278,-146,-0.04,-2019,624,0,0,2643,0.19,0.8,24,9,15,161,30,131,93.48,217.57,-1.23,20.97,2384.08,6.23,48.8,6.04,0.55,31.73,2186,2.76
6684,安格,47.7,47.75,47.75,1.45,3.13,343,62.72,110,0,0,110,0,0,0,0,0,0,0,0,0,0,0,39,12,27,307,334,-27,--,26.09,-22.88,-15.29,306.9,0.01,60.23,0.05,0,12.23,1362,4.46
6690,安碁資訊,171,171.5,171,2.5,1.48,81,64.2,40,0,0,40,22,8,14,0.16,22,22,0,0,0,0.26,0,21,5,16,43,73,-30,16.1,211.71,-17.76,14.37,2567.03,2.27,37.48,2.24,5.26,1.16,87,3
6692,進能服,28.7,28.85,28.85,0.15,0.52,21,56.25,0,0,0,0,0,0,0,0,0,0,0,0,0,0,0,0,0,0,21,21,0,--,54.87,-8.42,-24.04,820.67,-0.92,-22.44,-5.13,0.69,2.77,407,5.88
6693,廣閎科,145.5,146,146,4,2.82,526,44.08,-29,0,-4,-33,116,122,-6,-0.01,106,116,0,0,10,0.22,0.02,146,175,-29,277,242,35,108.96,204.37,5.68,85.7,1709.36,1.17,28.75,4.76,0.41,31.64,3617,4.57
6697,東捷資訊,40.9,41,40.9,-0.2,-0.49,33,15.15,3,0,0,3,0,0,0,0,0,0,0,0,0,0,0,0,0,0,34,34,0,13.77,98.69,-4.98,-7.05,1373.89,0.79,12.94,3.64,6.36,1.46,100,2.73
6703,軒郁,112,113,112,-3,-2.61,105,26.67,-35,0,0,-35,0,10,-10,-0.09,-10,0,0,0,10,0,0.09,15,38,-23,95,62,33,11,347.47,12.69,20.26,3409.58,1.87,63.05,4.58,7.86,0.89,73,3.3
6708,天擎,39.5,40,40,-0.3,-0.74,37,24.32,0,0,0,0,0,0,0,0,0,0,0,0,0,0,0,0,0,0,37,37,0,--,22.54,12,-19.99,264.9,-0.2,50.94,-1.51,0,--,0,2.9
6712,長聖,133,133.5,133.5,-2,-1.48,284,30.74,-131,0,1,-130,66,113,-47,-0.16,-113,0,0,0,113,0,0.38,63,83,-20,165,97,68,28.71,85.23,21.58,26.19,1057.08,1.39,80.24,6.06,3,3.88,941,10.18
6716,應廣,101,101.5,101.5,1.7,1.7,885,50.69,44,0,0,44,224,232,-8,-0.01,176,224,0,48,0,0.25,0.05,179,247,-68,490,414,76,29,175.54,29.21,41.03,1282.73,1.59,35.86,6.28,1.58,13.53,1024,3.02
6720,久昌,156,156.5,156,-2,-1.27,65,80,-4,0,-1,-5,42,39,3,0.05,-39,0,0,0,39,0,0.59,4,0,4,20,27,-7,56.93,37.5,18.56,-19.64,382,0.51,39.8,1.69,2.24,19.03,1438,3.02
6721,信實,58.6,59.6,59.5,-0.5,-0.83,22,36.36,-2,0,0,-2,0,0,0,0,0,0,0,0,0,0,0,0,0,0,23,23,0,12.47,308.76,0.8,4.78,3695.95,1.48,6.16,4.92,5.55,--,0,2.25
6725,矽科宏晟,322,--,322,29,9.9,448,82.33,86,0,21,107,217,148,69,0.15,217,217,0,0,0,0.47,0,71,122,-51,176,195,-19,27.06,310.19,-7.07,-14.34,3997.26,2.59,23.31,3.86,2.17,--,0,3.71
6727,亞泰金屬,600,--,600,54,9.89,758,89.58,106,0,7,113,716,613,103,0.13,633,628,88,83,0,0.91,0.11,66,155,-89,0,15,-15,70.59,161.08,-15.81,51.15,2118.47,2.94,25.42,5.46,0.75,78.69,5289,2.69
6728,上洋,111,111.5,111,-1,-0.89,32,40.62,11,0,0,11,10,9,1,0.03,-9,0,0,0,9,0,0.27,0,7,-7,23,17,6,12.27,584.56,26.14,-4.65,4787.88,1.97,36.94,2.92,5.86,2.01,151,3.01
6730,常廣,37.1,37.7,37.7,-0.1,-0.26,20,15,-2,0,0,-2,0,0,0,0,0,0,0,0,0,0,0,0,0,0,20,20,0,20.16,39.18,4.37,-5.19,484.36,0.44,47.97,2.13,3.98,--,0,3.63
6732,昇佳電子,180,181,181,6,3.43,531,42.75,-55,-2,1,-56,185,133,52,0.1,171,185,0,0,14,0.34,0.03,152,114,38,207,297,-90,28.55,356.39,-1.9,-3.14,4431.65,2.19,22.02,2.58,3.04,4.96,607,4.89
6733,博晟生醫,27.7,27.8,27.7,-0.1,-0.36,214,46.7,26,0,0,26,0,0,0,0,0,0,0,0,0,0,0,21,43,-22,196,174,22,--,19.6,18.03,0.92,229.99,-0.13,72.37,-1.9,0,--,0,13.43
6735,美達科技,113,113.5,113,4.5,4.15,741,45.9,-38,0,0,-38,104,208,-104,-0.14,104,104,0,0,0,0.14,0,167,123,44,483,423,60,201.79,34.97,-20.27,74.13,387.74,0.29,48.4,1.39,0.62,7.35,849,4.62
6739,竹陞科技,1280,1285,1280,30,2.4,266,39.62,30,-24,4,10,268,276,-8,-0.03,-25,81,90,94,102,0.58,0.67,3,4,-1,23,14,9,67.05,110.24,10.13,100.21,997.24,5.76,68.38,14.31,1.02,19.22,1124,2.34
6741,91APP*-KY,62.6,63,63,0.1,0.16,241,66.39,-94,-2,0,-96,94,0,94,0.39,42,0,42,0,0,0.17,0,27,46,-19,123,198,-75,15.04,173.44,-7.79,31.91,1977.79,1.15,74.2,4.23,3.17,5.28,1591,6.03
6751,智聯服務,47.5,47.75,47.5,-0.2,-0.42,57,40.35,2,0,0,2,0,0,0,0,0,0,0,0,0,0,0,0,0,0,58,58,0,9.15,108.28,-52.25,-39.19,1650.42,0.3,10.81,0.82,6.32,2.09,116,2.22
6752,叡揚,100,100.5,100.5,-0.5,-0.5,45,42.22,-3,0,0,-3,0,0,0,0,0,0,0,0,0,0,0,0,0,0,48,48,0,13.47,160.48,-1.81,-4.97,2037.87,1.39,46.36,3.79,4.78,5.19,482,3.71
6761,穩得,201,201.5,201.5,6,3.07,780,54.47,96,0,-11,85,351,266,85,0.11,351,351,0,0,0,0.44,0,108,122,-14,346,417,-71,29.29,177.26,6.37,-0.37,1893.04,1.6,38.3,3.25,2.98,39.85,3482,3.5
6762,達亞,178.5,190.5,188,0,0,7,50,0,0,0,0,0,0,0,0,0,0,0,0,0,0,0,4,0,4,3,7,-4,--,60.15,15.64,-14.15,656.39,-0.38,15.53,-1.04,0.53,--,0,3.52
6763,綠界科技*,45.25,45.3,45.3,-0.3,-0.66,405,41.96,3,0,0,3,26,25,1,0,-25,0,0,0,25,0,0.06,42,104,-62,346,285,61,10.92,154.11,-10.88,10,1811.94,0.55,41.94,3.3,6.62,4.26,1960,1.84
6767,台微醫,26.5,27,26.1,-0.9,-3.33,50,51.02,-4,0,0,-4,0,0,0,0,0,0,0,0,0,0,0,0,0,0,50,50,0,--,28.56,-9.62,13.94,315.93,0.09,79.15,0.59,0,--,0,3.92
6785,昱展新藥,128,129,128.5,2.5,1.98,323,34.84,-78,0,1,-77,122,94,28,0.09,122,122,0,0,0,0.37,0,34,80,-46,171,153,18,--,0,-100,--,3,-0.53,100,-1.47,0.08,6.52,1089,6.68
6788,華景電,423,423.5,423.5,16,3.93,736,53.36,-84,45,37,-2,353,352,1,0,353,353,0,0,0,0.46,0,114,93,21,302,323,-21,22.9,231.19,11.72,1.32,2667.56,4.49,60.33,6.6,3.54,29.87,2893,3.87
6791,虎門科技,114,115,115,5,4.55,223,47.53,13,0,0,13,10,61,-51,-0.22,-61,0,0,0,61,0,0.27,46,66,-20,172,101,71,23.52,68.84,-8.17,8.92,831.7,1.64,41.69,6.71,3.04,6.83,356,2.08
6803,崑鼎,287.5,288,288,0,0,66,30.77,-12,0,-10,-22,24,32,-8,-0.11,-28,0,0,0,28,0,0.39,16,20,-4,32,20,12,15.63,716.32,-8.69,2.56,9718.91,4.54,19.82,4.87,5.49,0.13,24,7.28
6804,明係,15.65,15.75,15.7,0.3,1.95,42,50,0,0,0,0,0,0,0,0,0,0,0,0,0,0,0,0,0,0,43,43,0,--,118.49,-22.7,34.25,1448.68,0.17,8.21,0.63,3.18,3.62,430,4.75
6811,宏碁資訊,216.5,217,217,8,3.83,236,54.04,21,0,-1,20,56,34,22,0.09,56,56,0,0,0,0.22,0,55,52,3,138,163,-25,14.33,884.4,-11.91,24.26,10252.83,4.8,12.37,8.86,4.84,2.83,293,4.14
6821,聯寶,57.4,57.5,57.4,0.2,0.35,2975,33.31,-248,0,-39,-287,293,731,-438,-0.15,-328,25,214,345,222,0.08,0.19,395,662,-267,2297,1592,705,53.15,59.11,34.02,-21.64,549.76,0.32,36.42,1.54,1.9,22.44,1844,3.26
6823,濾能,82,82.2,82.2,3.5,4.45,245,56.15,-29,0,-2,-31,0,0,0,0,0,0,0,0,0,0,0,15,20,-5,235,230,5,--,63.26,-7.34,51.37,669.07,-2.46,-13.63,-14.13,0,13.5,937,3.05
6829,千附精密,210.5,211.5,211.5,19,9.87,525,91.55,-28,0,36,8,359,290,69,0.15,310,296,63,49,0,0.76,0.1,38,80,-42,152,179,-27,50.48,170.18,-39.44,28.16,2036.64,1.63,26.19,4.86,1.65,8,1183,5.92
6840,東研信超,62.5,62.7,62.5,-0.9,-1.42,134,26.87,-27,0,1,-26,0,0,0,0,0,0,0,0,0,0,0,0,32,-32,136,104,32,41.67,87.66,6.53,10.46,933.92,0.12,40.2,0.34,1.6,5.71,439,3.08
6841,長佳智能,59.3,59.5,59.3,-0.9,-1.5,255,25.9,-27,0,-1,-28,20,0,20,0.08,0,0,0,0,0,0,0,0,40,-40,239,219,20,62.42,33.02,9.84,17.61,376.87,0.26,70.05,0.98,1.69,8.29,1974,9.52
6843,進典,42.2,43.8,43.4,0.6,1.4,48,35.42,-1,0,0,-1,0,0,0,0,0,0,0,0,0,0,0,0,0,0,48,48,0,21.27,65.28,3.94,9.95,843.2,0.4,39.5,1.32,4.61,1.07,89,3.33
6844,諾貝兒,66,66.9,66.8,0.2,0.3,19,57.89,0,0,0,0,0,0,0,0,0,0,0,0,0,0,0,9,0,9,11,20,-9,25.69,273.16,-3.6,-0.14,3423.65,1.57,34.64,1.87,5.99,--,0,3.74
6846,綠茵,68.3,69,69,-1,-1.43,26,50,1,0,0,1,0,0,0,0,0,0,0,0,0,0,0,0,0,0,27,27,0,14.11,64.25,-35.35,-0.08,880.6,1.15,48.69,3.31,5.71,--,0,2.71
6855,數泓科,104,104.5,104,1.5,1.46,6,33.33,1,0,0,1,0,0,0,0,0,0,0,0,0,0,0,0,0,0,6,6,0,14.96,51.07,8.76,15,597.04,2.03,48.75,5.41,5.29,--,0,2.32
6856,鑫傳,50.4,52.3,52.5,-0.4,-0.76,4,75,0,0,0,0,0,0,0,0,0,0,0,0,0,0,0,0,0,0,4,4,0,19.3,63.68,19.55,0.01,767.86,0.56,67.84,1.57,5.71,--,0,2.82
6859,伯特光,119,121.5,120.5,1.5,1.26,73,53.42,12,0,0,12,0,13,-13,-0.17,-13,0,0,0,13,0,0.17,19,10,9,57,53,4,61.17,57.09,-4.49,-39.03,754.79,1.01,27.61,1.97,1.66,6.9,717,4.16
6865,偉康科技,27.55,28.5,28.45,0.8,2.89,40,52.5,-1,0,0,-1,0,0,0,0,0,0,0,0,0,0,0,0,0,0,42,42,0,167.35,20.04,48.89,-24.73,358.77,-1.12,35.28,-4.75,4.92,8.28,328,1.58
6870,騰雲,233.5,235,235,11,4.91,416,49.87,-61,0,-14,-75,65,64,1,0,65,65,0,0,0,0.15,0,90,89,1,286,288,-2,31.21,85.89,5.11,81.46,897.84,1.1,66.29,1.88,2.23,12.96,757,2.34
6872,浩宇生醫,18.25,18.45,18.3,-0.15,-0.81,5,60,0,0,0,0,0,0,0,0,0,0,0,0,0,0,0,0,0,0,5,5,0,--,1.3,-92.3,226.32,28.51,-0.41,56,-5.06,0,--,0,7.08
6874,倍力,80.9,81,81,1.2,1.5,50,50,-9,0,0,-9,0,0,0,0,0,0,0,0,0,0,0,0,0,0,52,52,0,20.45,98.29,-44.86,45.69,1826.41,1.95,9.56,8.57,4.94,5.16,284,2.2
6875,國邑*,37.95,38,38,-0.1,-0.26,149,56.38,-9,0,0,-9,0,0,0,0,0,0,0,0,0,0,0,0,0,0,149,149,0,--,0,-100,--,69.06,-0.73,18.42,-6.23,0,--,0,6.46
6877,鏵友益,152.5,153,152.5,0.5,0.33,229,41.82,-8,0,0,-8,44,34,10,0.04,10,23,21,34,0,0.19,0.14,42,61,-19,149,140,9,--,24.12,18.21,33.31,397.29,-0.65,47.74,-3.44,0.33,81.31,8155,4.7
6881,潤德,270,273.5,273,1,0.37,18,100,0,0,0,0,10,4,6,0.33,10,10,0,0,0,0.56,0,8,4,4,0,10,-10,13.14,215.94,0.38,7.9,2548.82,5.23,21.09,8.33,6.78,--,0,1.5
6884,海柏特,32.85,33.2,32.8,-0.55,-1.65,38,13.16,-1,0,0,-1,0,0,0,0,0,0,0,0,0,0,0,0,16,-16,38,22,16,17.54,114.29,10.89,32.71,1258.99,0.42,19.74,2.37,4.57,--,0,1.84
6894,衛司特,356.5,359,358.5,4,1.13,193,34.55,-8,0,1,-7,36,78,-42,-0.21,-51,3,21,28,47,0.12,0.38,34,28,6,130,94,36,27.83,191.6,-19.35,88.37,1662.14,4.5,35.82,6.43,2.37,8.24,490,2.38
6895,宏碩系統,152.5,153.5,153,1,0.66,80,29.11,-18,0,-1,-19,12,18,-6,-0.07,-18,0,0,0,18,0,0.22,10,5,5,61,60,1,47.22,28.32,-10.46,-47.95,816.77,0,24.37,-0.01,1.9,12.49,1065,3.41
6899,創為精密,62.5,62.6,62.5,1.6,2.63,317,41.14,-19,0,0,-19,0,0,0,0,0,0,0,0,0,0,0,15,20,-5,306,301,5,17.36,92.61,5.13,-14.22,1165.8,1.08,41.57,2.44,4.48,2.17,230,4.24
6903,巨漢,392.5,393,392.5,7,1.82,749,46.1,49,0,-7,42,367,369,-2,-0,358,367,0,9,0,0.47,0.01,85,126,-41,325,282,43,24.2,697.78,-4.99,297.05,5632.09,6.72,31.43,12.68,2.17,12.13,2022,6.67
6904,伯鑫,113,115,--,--,--,0,--,0,0,0,0,0,0,0,--,0,0,0,0,0,--,--,0,0,0,0,0,0,19.01,63.56,-23.66,-3.02,842.34,1.83,29.49,3.22,4.35,--,0,1.85
6907,雅特力-KY,121.5,122,121.5,7.5,6.58,1090,60.39,54,0,2,56,355,268,87,0.08,306,331,24,25,24,0.32,0.04,206,159,47,546,681,-135,47.28,286.72,10.52,121.66,2102.7,1.16,35.11,5.35,0.82,--,0,6.25
6910,德鴻,28.45,28.8,28.8,0.8,2.86,64,34.37,-17,0,0,-17,0,0,0,0,0,0,0,0,0,0,0,0,0,0,64,64,0,16.36,33.16,-12.28,8.29,--,0.27,52.79,1.8,6.08,--,0,3.05
6913,鴻呈,139.5,140,140,3,2.19,656,56.51,33,13,-6,40,313,239,74,0.11,68,43,242,145,72,0.43,0.32,89,153,-64,267,277,-10,29.05,302.96,26.96,25.45,2827.87,1.58,29.19,4.28,1.79,14.92,1635,4.38
6922,宸曜,185.5,187.5,187.5,5.5,3.02,257,62.75,46,0,5,51,82,66,16,0.06,82,82,0,0,0,0.32,0,48,76,-28,131,119,12,26.52,180.14,-10.27,26.99,1774.82,2.6,40.3,6.9,2.58,2.56,174,2.72
6925,意藍,59.3,59.5,59.3,-0.4,-0.67,69,59.42,7,0,0,7,0,0,0,0,0,0,0,0,0,0,0,0,10,-10,70,60,10,20.81,16.77,5.81,6.88,213.97,0.39,75.45,1.98,3.37,3.4,170,2
6929,佑全,22.6,23.15,23,0,0,16,50,3,0,0,3,0,0,0,0,0,0,0,0,0,0,0,0,0,0,18,18,0,--,262.34,-3.55,-0.78,3218.76,-0.21,33.17,-0.93,0,--,0,4.51
6953,家碩,261,261.5,261,5.5,2.15,124,47.58,-12,0,17,5,23,37,-14,-0.11,11,17,6,12,0,0.18,0.09,55,31,24,52,62,-10,33.85,115.25,32.57,13.75,1356.77,1.26,46.74,2.41,2.3,5.05,379,3
6961,旅天下,58.4,58.5,58.4,-0.1,-0.17,43,30.23,0,0,0,0,0,0,0,0,0,0,0,0,0,0,0,12,10,2,32,34,-2,20.49,333.98,-15.85,10.62,--,1.9,16.24,5.3,8.56,--,0,2.68
6967,汎瑋材料,74,74.1,74.1,1.6,2.21,92,42.39,39,0,0,39,0,0,0,0,0,0,0,0,0,0,0,0,10,-10,93,83,10,16.88,129.27,-18.65,9.6,1510.92,1.07,26.72,3.26,4.99,3.61,225,2.49
6968,萬達寵物,44.4,45,45,0,0,57,23.21,-19,0,-1,-20,0,0,0,0,0,0,0,0,0,0,0,0,0,0,58,58,0,18.29,295.29,-1.49,13.72,3383.28,0.96,41.15,3.59,3.33,2.47,275,4.94
6971,惠民實業,27.85,27.9,27.9,0.5,1.82,49,48.98,7,0,0,7,0,0,0,0,0,0,0,0,0,0,0,0,0,0,49,49,0,12.62,149.31,-18.48,-6.06,2341.81,0.16,8.83,0.44,5.38,0.34,33,3.87
6982,大井泵浦,57.2,--,57.2,5.2,10,264,67.05,1,0,-4,-3,0,0,0,0,0,0,0,0,0,0,0,11,9,2,257,259,-2,--,161.21,-14.8,10.4,1686.42,0.1,24.08,0.42,2.8,2.84,289,4.07
6996,力領科技,194,194.5,194,-4,-2.02,427,20.48,-4,0,-8,-12,101,157,-56,-0.13,-150,7,0,0,157,0.02,0.36,91,129,-38,243,149,94,15.03,285.6,6.25,13.29,2819.47,3.27,40.83,5.24,5.15,3.01,316,4.2
6997,博弘,71.5,72.9,71,2.5,3.65,15,86.67,1,0,0,1,0,0,0,0,0,0,0,0,0,0,0,0,0,0,15,15,0,52.21,552.32,38.26,56.58,4723.54,-2.31,9.04,-8.52,6.48,--,0,2.21
7402,邑錡,96.5,96.8,96.7,1.9,2,293,49.83,-44,0,2,-42,0,0,0,0,0,0,0,0,0,0,0,35,28,7,267,274,-7,--,45.24,-2.13,3.53,498.1,-0.4,25.71,-2.2,0.52,46.7,4119,3.53
7547,碩網,68.1,68.9,68.2,-0.1,-0.15,96,40.43,-6,0,0,-6,0,0,0,0,0,0,0,0,0,0,0,10,18,-8,87,79,8,27.61,24.47,-30.85,3.14,381.96,0.42,41.23,1.42,2.64,3.25,273,3.37
7556,意德士,276,276.5,276,7,2.6,201,41.92,17,0,-4,13,37,28,9,0.04,15,8,29,22,0,0.18,0.11,82,84,-2,86,93,-7,36.41,71.08,-5.64,12.88,776.61,2.52,39.22,5.06,1.67,7.12,491,2.76
7584,樂意,27.15,27.75,27.7,0.15,0.54,10,10,-1,0,0,-1,0,0,0,0,0,0,0,0,0,0,0,0,0,0,10,10,0,--,69.71,11.88,-7.84,879.84,-1.23,33.1,-4.46,1.44,0.68,28,1.65
7642,昶瑞機電,70.2,70.9,69.7,0,0,18,29.41,-1,0,0,-1,0,0,0,0,0,0,0,0,0,0,0,0,0,0,18,18,0,30.17,49.63,35.37,-31.06,679.12,0.5,28.38,1.55,4.3,1.15,87,3.02
7703,銳澤,209,209.5,209,0.5,0.24,483,63.15,177,0,0,177,308,415,-107,-0.22,-352,0,63,80,335,0.13,0.85,37,17,20,144,57,87,26.66,257.35,71.9,23.54,2653.32,1.08,20.59,1.76,3.35,6.6,573,3.47
7704,明遠精密,65.4,65.6,65.6,2.8,4.46,158,43.59,9,0,0,9,0,0,0,0,0,0,0,0,0,0,0,21,0,21,138,159,-21,28.77,59.8,-9.48,0.14,686.36,0.7,34.76,2.03,2.74,5.48,463,3.38
7708,全家餐飲,91.6,91.8,91.8,-0.2,-0.22,20,10,-1,0,0,-1,0,0,0,0,0,0,0,0,0,0,0,0,9,-9,22,13,9,13.44,238.51,3.43,15.78,2831.16,1.92,47.64,4.94,5.99,--,0,2.55
7709,榮田,90.6,91.5,90.6,-2.3,-2.48,686,32.53,-36,0,-6,-42,14,30,-16,-0.02,-30,0,0,0,30,0,0.04,39,121,-82,644,546,98,44.85,152.69,75.91,62.9,1073.38,0.37,21.68,0.87,1.66,5.84,571,3.91
7712,博盛半導體,167,167.5,167.5,2,1.21,1113,50.83,87,0,-4,83,402,367,35,0.03,-144,0,223,122,245,0.2,0.33,156,270,-114,574,496,78,30.4,131.15,14.02,2.93,1334.58,1.42,35.3,2.4,2.39,16.82,1369,3.26
7713,威力德生醫,67.8,68,67.9,0.4,0.59,13,8.33,-1,0,0,-1,0,0,0,0,0,0,0,0,0,0,0,0,0,0,13,13,0,14,114.96,12.34,38.8,1175.25,1.17,34.51,4.44,6.04,--,0,4.55
7714,創泓科技,122.5,123,122.5,-2.5,-2,83,19.75,-10,0,-1,-11,0,0,0,0,0,0,0,0,0,0,0,5,10,-5,83,78,5,17.83,144.21,-9.14,-10.1,1813.07,1.58,19.23,6.08,4.08,5.16,271,2.1
7715,裕山,31.35,31.45,31.4,1.8,6.08,502,54.21,-2,0,0,-2,74,38,36,0.07,74,74,0,0,0,0.15,0,38,52,-14,394,416,-22,13.08,102.16,30.14,16.92,1007.21,0.64,28.16,2.3,5.73,4.53,371,3.27
7716,昱臺國際,24.3,25.3,25.2,0.2,0.8,8,37.5,-3,0,0,-3,0,0,0,0,0,0,0,0,0,0,0,0,0,0,8,8,0,19.69,164.91,7.78,-7.78,--,0.17,21.26,0.79,6.75,--,0,2.25
7717,萊德光電-KY,697,698,697,10,1.46,482,48.63,15,0,4,19,237,225,12,0.02,207,197,40,30,0,0.46,0.06,249,262,-13,26,25,1,117.74,94.54,17.61,-21.37,889.07,1.57,57.52,3.72,0.47,0.9,56,2.48
7718,友鋮,49.6,49.7,49.9,-0.1,-0.2,36,54.29,-2,0,0,-2,0,0,0,0,0,0,0,0,0,0,0,0,0,0,36,36,0,11.88,172.08,-20.42,-6.35,2466.7,1.5,20.16,4.32,5.01,0.3,35,4.64
7723,築間,24.7,24.9,24.75,-0.1,-0.4,103,62.75,9,0,0,9,0,0,0,0,0,0,0,0,0,0,0,0,0,0,105,105,0,--,309.91,-3.7,-16.87,4621.03,-0.9,44.69,-5.62,0,1.19,147,4.96
7728,光焱科技,716,720,720,2,0.28,67,32.84,-11,0,0,-11,28,23,5,0.07,26,28,0,0,2,0.39,0.03,39,44,-5,5,5,0,134.08,20.14,-36.36,-24.04,365.61,1.53,67.03,2.9,0.71,17.27,598,1.39
7734,印能科技,3385,3400,3385,-70,-2.03,355,48.86,-42,49,2,9,358,361,-3,-0.01,70,163,105,108,90,0.71,0.53,2,2,0,15,13,2,86.2,393.47,34.97,58.9,2843.31,14.68,65.25,6.23,0.59,8.03,562,2.8
7738,東聯互動,167,167.5,167.5,2,1.21,55,29.63,-1,0,0,-1,18,23,-5,-0.09,-13,0,10,13,10,0.18,0.42,0,0,0,37,32,5,12.05,49.5,-0.41,13.87,593.96,2.8,54.5,4,5.97,0.29,20,2.74
7743,金利食安,19.2,19.9,19.2,-0.1,-0.52,21,0,0,0,0,0,0,0,0,0,0,0,0,0,0,0,0,0,0,0,21,21,0,39.18,80.1,33.13,-4.41,712.83,0.05,22.58,0.23,2.6,--,0,3.65
7744,崴寶,501,505,501,-3,-0.6,213,22.64,21,0,-2,19,85,149,-64,-0.29,-106,16,3,17,108,0.09,0.57,86,51,35,50,20,30,29.73,354.32,5.4,80.51,--,5.66,36.13,7.14,1.4,--,0,3.2
7747,昕奇雲端,123.5,125,125,-2.5,-1.96,4,50,0,0,0,0,0,0,0,0,0,0,0,0,0,0,0,0,0,0,4,4,0,30.79,134.07,-14.42,1.97,1577.3,1.39,15.19,4.07,3.2,--,0,2.74
7751,竑騰,1815,--,1815,165,10,180,84.97,-36,0,1,-35,185,189,-4,-0.02,126,132,53,59,0,0.88,0.28,7,6,1,19,16,3,80.13,241.05,9.39,67.2,2217.63,7,55.7,8.12,0.99,--,0,2.69
7753,星亞,42.05,43,43,1.7,4.12,44,69.77,-2,0,0,-2,0,0,0,0,0,0,0,0,0,0,0,0,0,0,44,44,0,10.41,76.18,21.35,8.63,873.36,1.08,37.36,4.79,3.49,0.98,61,2.5
7757,金色三麥,103.5,104.5,104,-0.5,-0.48,9,25,-1,0,0,-1,0,0,0,0,0,0,0,0,0,0,0,0,0,0,10,10,0,12.32,163.72,-10.35,1.34,2320.68,1.64,54.36,3.59,7.45,0.02,1,2.41
7767,仁大資訊,43.6,43.65,43.65,0.05,0.11,25,48,0,0,0,0,0,0,0,0,0,0,0,0,0,0,0,0,0,0,26,26,0,11.99,231.63,26.31,33.3,2371.54,0.72,14.07,2.43,6.87,--,0,3.01
7770,君曜,42.4,42.95,42.4,0.4,0.95,23,60.87,-4,0,-2,-6,0,0,0,0,0,0,0,0,0,0,0,0,0,0,23,23,0,20.29,26.13,41.19,-37.48,--,0.1,29.01,0.51,4.72,--,0,3.01
7772,耀穎,165.5,--,165.5,15,9.97,388,75.47,71,0,2,73,106,35,71,0.17,106,95,11,0,0,0.26,0,63,83,-20,241,292,-51,190.23,38.92,3.03,-11.93,--,0.35,31.7,1.21,0.91,--,0,2.65
7777,能率亞洲,34.4,34.45,34.45,1.6,4.87,2973,56.4,601,0,-3,598,443,61,382,0.13,443,443,0,0,0,0.15,0,351,329,22,2200,2604,-404,53.83,112.45,205.62,1298.03,262.41,-0.25,-572.36,-2.16,0.75,--,0,18.25
7782,光速火箭,26.35,26.55,26.35,-0.4,-1.5,35,16,0,0,0,0,0,0,0,0,0,0,0,0,0,0,0,0,0,0,36,36,0,15.87,50.69,-10.49,6.01,699.76,0.55,66.14,2.56,7.63,0.1,6,2.32
7792,安葆,273,274,273,6,2.25,156,55.77,7,0,2,9,34,65,-31,-0.19,34,34,0,0,0,0.2,0,35,35,0,97,65,32,34.73,336.64,-44.55,-25.86,--,1.71,15.13,2.75,2.93,--,0,4.67
7794,宏碁智新,29,29.1,29.1,0.25,0.87,23,69.57,0,0,-7,-7,0,0,0,0,0,0,0,0,0,0,0,0,0,0,25,25,0,12.38,100.27,10.9,14.49,--,0.53,19.62,3.77,5.5,--,0,2.8
7805,威聯通,763,765,764,46,6.41,407,71.07,129,0,18,147,267,174,93,0.21,267,267,0,0,0,0.61,0,150,238,-88,23,28,-5,17.71,625.03,6.57,9.99,6457.61,12.96,61.29,5.75,5.24,--,0,3.31
7810,捷創科技,228.5,229,229,3,1.33,90,42.22,12,0,1,13,10,12,-2,-0.02,5,5,5,5,0,0.11,0.05,14,3,11,71,80,-9,37.12,83.82,38,82.69,682.86,1.83,50.24,3.85,2.18,--,0,2.03
7811,民盛,77,77.5,77,-0.7,-0.9,29,20.69,1,0,0,1,0,0,0,0,0,0,0,0,0,0,0,0,8,-8,29,21,8,15.52,237.8,-3.26,11.18,--,1.09,19.1,1.66,8.09,--,0,3.34
7820,立盈,134,134.5,134,-1,-0.74,67,29.85,11,0,0,11,10,0,10,0.14,0,0,0,0,0,0,0,9,23,-14,51,47,4,70.53,33.51,-0.62,57.76,--,0.79,56.24,3.55,1.12,--,0,3.78
7828,創新服務,1165,--,1165,105,9.91,95,97.85,3,0,19,22,108,98,10,0.09,108,108,0,0,0,1,0,0,1,-1,0,9,-9,190.05,130.04,104.16,32086.9,--,1.02,80.18,3.32,0.39,--,0,4.05
7842,天能綠電,101.5,102.5,101,-1,-0.98,67,47.76,29,0,0,29,0,0,0,0,0,0,0,0,0,0,0,10,23,-13,60,47,13,27.82,278.16,-6.09,52.85,2716.91,1.33,5.48,4.63,3.17,--,0,1.83
8024,佑華,12.6,12.9,12.9,0.55,4.45,216,52.56,4,0,0,4,0,0,0,0,0,0,0,0,0,0,0,0,0,0,218,218,0,--,23.8,37.39,32.92,150.74,-0.55,29.69,-6.01,0,--,165,4.52
8027,鈦昇,244.5,245,244.5,3,1.24,15001,45.87,-844,0,-52,-896,8644,9799,-1155,-0.08,7152,7999,154,218,783,0.53,0.07,2259,2037,222,4431,3498,933,--,157.19,8.03,24.85,1908.07,-0.22,29.75,-0.88,0,43.61,11994,11
8032,光菱,42.8,42.85,42.85,0.65,1.54,250,67.6,66,0,0,66,24,0,24,0.09,24,24,0,0,0,0.09,0,25,15,10,204,238,-34,16.23,430.13,-12.19,44.33,4121.93,0.94,13.19,2.24,2.8,7.15,926,5.18
8034,榮群,24.55,24.6,24.6,0.5,2.07,388,60.63,9,0,0,9,0,0,0,0,0,0,0,0,0,0,0,23,0,23,369,392,-23,17.32,47.55,448.51,106.45,524.25,0.01,53.57,0.06,4.88,24.73,3498,5.66
8038,長園科,41.65,41.7,41.7,0.8,1.96,493,66.94,14,0,0,14,99,100,-1,-0,-100,0,0,0,100,0,0.2,50,56,-6,351,344,7,31.12,60.93,3.06,15.3,732.23,0.24,33.89,3.15,0,--,0,6.23
8040,九暘,119,--,119,10.5,9.68,1921,98.31,38,0,19,57,1831,1307,524,0.27,1815,1821,10,16,0,0.94,0.01,36,251,-215,80,390,-310,--,70.14,-4.78,26.19,709.09,0.13,42.97,0.5,0,26.44,4551,9.64
8042,金山電,123,123.5,123,-2,-1.6,1591,16.18,-107,0,68,-39,872,1060,-188,-0.12,-838,0,222,339,721,0.14,0.68,206,194,12,600,424,176,39.3,430,14.99,32.83,4134.33,2.17,21.97,6.94,0.98,15.19,4917,12.95
8043,蜜望實,130.5,131,130.5,5,3.98,28861,51.1,-858,0,-64,-922,19022,21709,-2687,-0.09,17058,17791,1231,1964,0,0.66,0.07,3873,2993,880,6169,4361,1808,39.19,525.13,-47.92,26.8,6387.4,1.35,7.11,3.87,0.69,35.93,7178,7.99
8044,網家,28.9,29,28.9,0.1,0.35,2610,41.76,-114,0,-3,-117,247,354,-107,-0.04,203,203,0,0,0,0.08,0,339,372,-33,2044,1903,141,--,2999.64,-5.62,10.35,37787.29,-0.39,15.41,-0.22,0,7.74,2603,20.48
8047,星雲,45,45.5,45,-0.85,-1.85,110,16.67,-16,0,0,-16,0,0,0,0,0,0,0,0,0,0,0,0,0,0,111,111,0,--,39.28,55.39,-7.8,436.93,-0.29,31.02,-3.06,0,--,4,4.17
8048,德勝,62.7,63,62.7,1.7,2.79,476,54.43,121,0,0,121,40,16,24,0.05,40,40,0,0,0,0.08,0,89,66,23,352,399,-47,24.4,122.07,15.46,32.83,1061.1,0.57,33.69,2.77,3.67,20.53,2961,5.77
8049,晶采,26.75,26.8,26.8,0.35,1.32,464,70.22,186,0,0,186,0,42,-42,-0.09,0,0,0,0,0,0,0,113,20,93,355,406,-51,15.76,133.44,20.72,10.52,1283.75,0.44,31.67,2.24,5.22,1,296,11.83
8050,廣積,53.8,53.9,53.8,2.5,4.87,2068,64.24,433,0,3,436,412,212,200,0.1,412,412,0,0,0,0.2,0,513,322,191,1174,1566,-392,53.8,577.42,16.6,3.73,5061.88,1.07,23.3,1.47,4.05,6.58,3376,20.52
8054,安國,111,111.5,111.5,2,1.83,6741,45.67,667,0,5,672,3397,4053,-656,-0.1,-362,1192,1216,1112,1658,0.36,0.41,931,745,186,2456,1986,470,--,231.12,-55.46,47.7,4277.42,-0.01,15.72,-0.17,0,41.7,8256,10.62
8059,凱碩,19.25,19.4,19.4,0.95,5.15,588,60.27,165,0,0,165,0,0,0,0,0,0,0,0,0,0,0,31,35,-4,558,554,4,--,829.64,-29.37,228.65,10140.55,-0.07,17.53,0.66,0,--,0,19.4
8064,東捷,132.5,--,132.5,12,9.96,14572,71.9,586,0,218,804,9705,7800,1905,0.13,7568,8965,0,0,1397,0.61,0.09,1371,2228,-857,3668,4715,-1047,62.8,193.11,-23.21,31.54,3072.18,0.35,24.66,1.61,0.83,23.13,9532,18.48
8066,來思達,16.75,16.95,16.8,-0.55,-3.17,56,25.93,-6,0,0,-6,0,0,0,0,0,0,0,0,0,0,0,0,0,0,67,67,0,--,361.56,28.76,-13.24,4157.2,-0.91,7.84,-4.85,0,6.41,585,3.66
8067,志旭,13.65,14.6,13.65,-1.2,-8.08,34,3.23,0,0,0,0,0,0,0,0,0,0,0,0,0,0,0,0,0,0,35,35,0,--,7.72,-3.79,-15.74,94.4,-0.62,50.44,-9.39,0,--,0,2.07
8068,全達,20.7,20.75,20.7,0.15,0.73,428,48.7,45,0,0,45,0,0,0,0,0,0,0,0,0,0,0,0,25,-25,429,404,25,19.53,103.18,-7.44,17.05,1004.32,-0.12,14.7,-0.95,0,10.37,2094,8.08
8069,元太,223.5,224,224,-6.5,-2.82,4470,53.35,-1357,734,-14,-637,3236,3822,-586,-0.13,-3617,0,205,191,3631,0.05,0.85,320,192,128,1041,582,459,23.28,2894.68,-10.92,-12.55,36274.28,2.41,59.65,4.12,2.63,2.26,6174,115.42
8071,能率網通,20.05,20.1,20.05,0.15,0.75,1842,50.08,369,0,0,369,172,225,-53,-0.03,54,121,0,0,67,0.07,0.04,177,307,-130,1502,1319,183,--,205.24,12.62,14.29,2028.88,-0.39,14.79,-2.42,0,17.38,2610,6.01
8074,鉅橡,78.8,78.9,78.8,4.3,5.77,2991,54.19,35,0,101,136,698,824,-126,-0.04,698,698,0,0,0,0.23,0,524,452,72,1810,1757,53,51.84,143.86,-2.99,26.34,1401.19,0.52,26.28,2.73,1.4,24.71,5003,8.7
8076,伍豐,24.05,24.1,24.05,0,0,1350,40.26,231,0,1,232,248,177,71,0.05,-40,42,50,78,54,0.07,0.1,202,396,-194,909,786,123,89.07,260.81,21.7,45.76,2276.98,0.16,35.02,1.2,2.91,12.87,9403,29.22
8077,洛碁,45.4,45.55,45.55,0.75,1.67,19,84.21,0,0,0,0,0,0,0,0,0,0,0,0,0,0,0,0,0,0,20,20,0,6.98,88.33,-11.04,0.79,1089.98,1.95,30.7,8.21,4.39,--,0,2.19
8080,泰霖,28.5,28.65,27.75,-0.25,-0.89,69,15.38,4,0,0,4,0,0,0,0,0,0,0,0,0,0,0,0,27,-27,69,42,27,1387.5,5.3,7.05,-67.1,157.78,0.02,50.7,0.21,0,--,0,6.72
8083,瑞穎,168,168.5,168.5,-2,-1.17,75,59.46,-17,0,0,-17,9,19,-10,-0.13,-19,0,0,0,19,0,0.25,19,16,3,49,42,7,15.82,140.11,3.59,-5.31,1487.56,2.74,42.3,7.57,5.93,0.38,33,3.51
8084,巨虹,42.3,42.65,42.3,-0.8,-1.86,175,21.14,-23,0,0,-23,0,48,-48,-0.27,-48,0,0,0,48,0,0.27,60,40,20,116,88,28,--,33.91,-33.19,-5.27,550.78,0.33,47.94,4.44,0,--,0,6.95
8085,福華,11.65,11.75,11.65,0.1,0.87,341,48.24,132,0,0,132,0,0,0,0,0,0,0,0,0,0,0,0,0,0,345,345,0,--,50.18,3.58,-0.77,675.81,-0.16,3.74,-1.79,0,--,1071,14
8086,宏捷科,159,159.5,159.5,10.5,7.05,8289,66.59,2424,0,402,2826,5809,3882,1927,0.23,5730,5756,53,79,0,0.69,0.01,724,1249,-525,1906,3308,-1402,35.84,447.98,3.7,49.39,4715.19,1.51,34.63,3.61,1.05,20.31,7694,19.65
8087,麗升能源,33.75,33.9,33.85,-0.3,-0.88,149,30.87,-28,0,-3,-31,0,0,0,0,0,0,0,0,0,0,0,0,15,-15,150,135,15,--,142.62,8.16,2881.23,572.86,0.86,19.31,4.3,0,1.72,166,3.87
8088,品安,56.9,57,56.9,2.8,5.18,4442,60.06,720,0,1,721,1767,1081,686,0.15,1719,1747,20,48,0,0.4,0.01,694,767,-73,2011,2625,-614,21.88,97.13,-48.54,2.13,1890.3,1.04,19.77,5.52,2.64,33,5026,6.09
8089,康全電訊,20.7,20.85,20.75,0.4,1.97,354,60.73,150,0,0,150,51,51,0,0,51,51,0,0,0,0.14,0,0,0,0,310,310,0,--,63.49,14.89,17.47,540.57,-0.96,22.54,-5.91,0,11.29,1862,6.6
8091,翔名,267,267.5,267,21,8.54,930,23.08,-43,0,14,-29,497,461,36,0.04,383,441,28,16,70,0.56,0.1,175,206,-31,282,287,-5,38.14,272.52,6.75,35.26,2389.14,2.56,40.59,3.55,1.69,18.77,2516,5.36
8092,建暐,18.25,18.3,18.3,0.1,0.55,207,32.47,-29,0,0,-29,0,0,0,0,0,0,0,0,0,0,0,0,0,0,208,208,0,261.43,40.71,132.41,21.14,360.15,-0.28,6.56,-2.94,0,--,0,5.72
8093,保銳,18.15,18.3,18.3,0.25,1.39,14,85.71,0,0,0,0,0,0,0,0,0,0,0,0,0,0,0,0,0,0,16,16,0,--,14.7,29.85,-57.71,198.97,-0.42,16.81,-5.98,0,--,0,5.66
8096,擎亞,118.5,--,118.5,10.5,9.72,22638,70.39,4260,0,217,4477,18204,14809,3395,0.15,18204,18204,0,0,0,0.8,0,1468,2819,-1351,3150,5194,-2044,69.3,4356.94,-5.82,21.36,31108.85,1.9,6.16,10.22,0.42,76.11,28417,14.93
8097,常珵,57.2,57.7,57.3,0.3,0.53,93,63.44,0,0,0,0,21,0,21,0.23,21,21,0,0,0,0.23,0,27,0,27,45,93,-48,--,38.2,8.89,-34.23,224.53,-0.72,2.93,-3.94,0,76.97,9968,6.38
8099,大世科,59.5,59.8,59.5,-0.6,-1,222,39.64,2,0,1,3,40,79,-39,-0.17,-79,0,0,0,79,0,0.35,35,11,24,149,134,15,20.38,360.46,-28.04,14.37,5311.86,0.79,25.27,4.58,3.53,45.95,11496,10.01
8102,傑霖科技,63.3,65.1,64.9,-0.3,-0.46,14,57.14,-1,0,0,-1,0,0,0,0,0,0,0,0,0,0,0,0,0,0,14,14,0,43.27,32.57,-40.08,-16.34,419.8,0.4,36.24,2.27,2.93,--,0,2.34
8107,大億金茂,11.6,11.75,11.65,0.05,0.43,49,46.94,11,0,0,11,0,0,0,0,0,0,0,0,0,0,0,0,0,0,50,50,0,--,33.19,-57.25,-56.34,845.23,0.03,19.61,0.15,0,9.27,1738,7.5
8109,博大,125,125.5,125,-2.5,-1.96,871,58.97,102,-1,1,102,468,498,-30,-0.03,-498,0,0,0,498,0,0.57,111,134,-23,300,247,53,19.72,183.74,1.07,20.65,1854.94,1.75,50.11,4.82,3.6,3.16,650,8.22
8111,立碁,66.8,66.9,66.8,4.3,6.88,3347,57.3,335,0,212,547,954,559,395,0.12,954,954,0,0,0,0.28,0,800,676,124,1620,2139,-519,196.47,66.16,2.86,-7.76,843.81,0.17,30.78,1.42,0.9,43.34,11820,10.91
8121,越峰,39.55,39.6,39.55,2.2,5.89,4434,63.5,824,0,7,831,1470,573,897,0.2,1470,1470,0,0,0,0.33,0,655,711,-56,2355,3196,-841,--,304.57,-3.4,38.36,3287.13,0.1,19.43,0.47,0,--,0,21.3
8147,正淩,175.5,176,175.5,0.5,0.29,730,52.7,64,0,26,90,344,265,79,0.11,295,325,9,28,11,0.44,0.05,134,201,-67,274,286,-12,54.17,210.28,26.94,19.54,1760.66,0.9,40.28,2.47,1.73,11.92,1243,4.17
8155,博智,413.5,414,413.5,0.5,0.12,2156,41.2,-243,0,-42,-285,930,1316,-386,-0.17,-526,228,337,329,762,0.25,0.49,334,319,15,963,592,371,49.58,538.3,0.71,29.3,5487.82,3.29,24.05,5.45,1.28,21.99,3387,6.16
8171,天宇,23.6,23.7,23.7,0.35,1.5,145,39.31,34,0,0,34,0,0,0,0,0,0,0,0,0,0,0,0,0,0,147,147,0,--,52.64,95.78,269.89,360.6,-0.2,1.8,-1.44,0,43.31,8429,11.29
8176,智捷,10,10.05,10.05,0.07,0.7,163,41.67,17,0,0,17,0,0,0,0,0,0,0,0,0,0,0,0,0,0,170,170,0,77.31,27.32,200.91,41.6,319.74,-0.1,40.2,-1.22,0,--,0,7.17
8182,加高,41.35,--,41.35,3.75,9.97,5540,79.74,1237,0,8,1245,2233,1658,575,0.1,2233,2233,0,0,0,0.4,0,604,585,19,2742,3336,-594,689.17,257.16,3.89,14.12,2879.96,0.14,14.64,0.43,0.6,6.41,1716,10.7
8183,精星,31.65,31.75,31.65,0.85,2.76,504,55.12,-11,0,0,-11,0,0,0,0,0,0,0,0,0,0,0,126,38,88,382,470,-88,12.41,716.3,2.69,12.86,7606.82,0.3,12.02,0.96,2.53,7.6,2305,12.13
8227,巨有科技,227,--,227,20.5,9.93,1266,79.85,-13,-40,138,85,837,458,379,0.3,837,837,0,0,0,0.67,0,106,284,-178,371,572,-201,90.8,272.52,79.74,207.02,1706.43,0.64,18.88,2.18,0.75,36.85,3643,3.95
8234,新漢,70.1,70.2,70.2,2.6,3.85,1268,58.31,300,-83,-3,214,290,150,140,0.11,290,290,0,0,0,0.23,0,206,191,15,784,939,-155,--,474.45,14.75,2.41,5210.28,-0.44,22.59,-2.08,0.57,13.51,4769,14.12
8240,華宏,65.8,65.9,65.8,2.7,4.28,1862,53.55,-70,0,0,-70,262,322,-60,-0.03,262,262,0,0,0,0.14,0,377,374,3,1242,1185,57,35.96,559.93,-5.58,-11.61,6790.14,0.4,14.78,0.84,1.98,11.26,2816,10
8255,朋程,157,157.5,157,2.5,1.62,1763,47.44,334,0,12,346,1238,982,256,0.14,694,661,577,544,0,0.69,0.3,162,260,-98,389,548,-159,27.54,678.3,-6.57,-11.78,7936.14,1.7,26.94,1.37,2.23,8.54,2174,10.18
8272,全景軟體,70.1,70.9,70.3,0.1,0.14,9,25,-1,0,0,-1,0,0,0,0,0,0,0,0,0,0,0,0,0,0,10,10,0,14.65,33.12,12.6,23.69,487.89,0.39,74.98,1.2,3.98,--,0,1.9
8277,商丞,7,7.01,7,0.02,0.29,188,61.7,1,0,0,1,0,0,0,0,0,0,0,0,0,0,0,0,0,0,190,190,0,--,8.63,-0.21,-58.95,204.13,-0.09,33.77,-1.85,0,--,0,9.16
8279,生展,97.5,98.2,97.5,0,0,10,30,0,0,0,0,0,0,0,0,0,0,0,0,0,0,0,0,0,0,11,11,0,10.83,234.35,57.17,-0.85,2065.23,1.23,32.97,1.44,5.13,1.52,103,2.71
8284,三竹,63.4,63.6,63.5,-0.2,-0.31,25,37.5,7,0,0,7,0,0,0,0,0,0,0,0,0,0,0,0,10,-10,26,16,10,14.17,260.38,-2.24,15.77,3053.35,1.28,24.19,4.23,6.3,0.12,14,4.73
8289,泰藝,66.8,--,66.8,6,9.87,9438,64.07,484,0,19,503,4581,4504,77,0.01,4581,4581,0,0,0,0.48,0,1355,1811,-456,3548,3169,379,267.2,167.3,3.56,-5.73,1729.21,0.28,23.82,1.2,0.22,24.71,4221,6.83
8291,尚茂,91.1,--,91.1,8.2,9.89,377,100,2,0,0,2,51,171,-120,-0.31,51,51,0,0,0,0.13,0,76,80,-4,261,137,124,--,0.9,78.64,345.27,4.3,-0.49,-234.52,-12.32,0,--,0,1.75
8299,群聯,2430,2435,2430,95,4.07,5605,49.14,-888,-6,92,-802,5850,5986,-136,-0.02,5034,5046,804,816,0,0.96,0.13,78,33,45,195,105,90,23.59,20207.49,10.32,236.63,113997.14,68.8,61.82,22.61,0.96,27.09,14975,22.11
8342,益張,90.1,91,92,1.7,1.88,3,100,0,0,0,0,0,0,0,0,0,0,0,0,0,0,0,0,0,0,3,3,0,15.81,148.9,9.33,5.85,1655.37,1.45,25.97,4.39,5.43,0.01,1,3.35
8349,恒耀,41.5,41.55,41.5,0,0,188,30.48,21,0,0,21,0,0,0,0,0,0,0,0,0,0,0,30,16,14,162,176,-14,20.15,1006.39,-4.56,2.38,11483.85,0.61,21.19,1.52,3.61,3.74,1952,20.88
8354,冠好,16.6,16.75,16.65,0.2,1.22,37,48.65,9,0,0,9,0,0,0,0,0,0,0,0,0,0,0,0,0,0,43,43,0,42.69,65.8,-11.44,16.48,664.06,0.3,17.01,1.13,0.66,21.7,4261,7.85
8358,金居,521,522,522,24,4.82,4199,56.44,1600,-4,71,1667,3888,3591,297,0.07,3723,3717,171,165,0,0.91,0.04,383,691,-308,163,153,10,100,900.77,4.66,35.81,8921.54,2.06,28.71,6.64,0.38,31.14,19663,25.26
8383,千附,59.3,59.4,59.3,2.7,4.77,2570,46.92,-319,0,55,-264,560,563,-3,-0,560,560,0,0,0,0.22,0,546,642,-96,1491,1392,99,15.94,353.17,-16.6,38.31,3648.26,1.04,26.17,3.34,4.22,9.56,2718,11.38
8390,金益鼎,119.5,120,120,0,0,1408,40.55,-138,0,-68,-206,490,730,-240,-0.17,-507,79,74,180,480,0.11,0.46,267,203,64,678,502,176,14.55,594.82,11.21,31.88,5326.03,2.87,28.76,7.37,3.17,8.58,2061,9.61
8401,白紗科,22.9,23,22.9,-0.1,-0.43,55,56.36,25,0,0,25,0,0,0,0,0,0,0,0,0,0,0,0,0,0,56,56,0,8.58,137.15,-2.18,7,1570.25,0.46,30.14,2.73,5.24,1.74,307,7.07
8403,盛弘,19.9,19.95,19.95,-0.1,-0.5,173,39.31,-81,0,0,-81,0,0,0,0,0,0,0,0,0,0,0,43,0,43,142,185,-43,21.45,385.05,-2.74,8.59,4414.79,0.13,13.78,0.26,3.01,1.67,575,13.76
8409,商之器,19.2,19.9,19.95,0.5,2.57,30,82.14,0,0,0,0,0,0,0,0,0,0,0,0,0,0,0,0,0,0,30,30,0,20.36,8.46,-47.66,-19.32,279.44,-0.05,80.67,-0.48,0,--,0,3.2
8410,森田,34.45,34.5,34.5,-0.65,-1.85,71,16.67,6,0,0,6,0,0,0,0,0,0,0,0,0,0,0,0,0,0,71,71,0,12.64,80.02,11.04,-22.94,1051.48,0.57,31.31,1.11,4.64,16.01,1464,3.66
8415,大國鋼,35.8,35.85,35.8,-0.45,-1.24,689,29.59,31,0,5,36,81,30,51,0.07,-30,0,0,0,30,0,0.04,178,183,-5,432,478,-46,10.82,2493.46,4.15,18.57,24277.18,1.03,39.07,3.48,4.19,0.51,1310,103.15
8416,實威,172,173,173,-1,-0.57,18,27.78,0,0,0,0,0,0,0,0,0,0,0,0,0,0,0,0,8,-8,19,11,8,12.36,145.36,-18.16,15.2,1732.75,3.36,55.3,5.51,4.91,--,0,2.82
8421,旭源,13.55,13.6,13.6,0,0,21,55,0,0,0,0,0,0,0,0,0,0,0,0,0,0,0,0,0,0,22,22,0,--,124.39,11.45,29.28,1207.74,0.02,19.87,0.67,0,2.49,341,5.48
8423,保綠-KY,17.65,17.75,17.8,-0.05,-0.28,42,35.71,1,0,0,1,0,0,0,0,0,0,0,0,0,0,0,0,0,0,43,43,0,20.94,40.16,8.99,3.77,381.29,0.26,29.16,1.71,3.93,4.59,479,4.17
8424,惠普,72.9,73.3,73,0,0,43,40.48,3,0,0,3,0,0,0,0,0,0,0,0,0,0,0,0,12,-12,44,32,12,12.46,93.93,-3.69,0.69,1074.6,1.47,31.11,4.44,6.85,0.02,2,3.61
8426,紅木-KY,22.05,22.2,22.15,-0.25,-1.12,39,71.05,1,0,0,1,0,0,0,0,0,0,0,0,0,0,0,0,0,0,40,40,0,10.65,193.1,19.54,10.09,2772.71,-0.42,21,-1.67,3.61,7.33,921,5.02
8431,匯鑽科,60.8,60.9,60.8,3.2,5.56,1444,56.27,128,0,72,200,217,99,118,0.08,217,217,0,0,0,0.15,0,237,229,8,1007,1133,-126,--,71.82,-14.17,-24.03,1040.96,-1.04,9.27,-5.84,0,32.34,3944,4.88
8432,東生華,50.7,50.9,51.1,0.1,0.2,20,50,3,0,0,3,0,0,0,0,0,0,0,0,0,0,0,0,0,0,20,20,0,13.31,108.36,-0.41,27.37,1366.33,1.01,54.76,2.43,5.11,1.76,169,3.84
8433,弘帆,53,53.5,53.5,0.3,0.56,29,44.83,-9,0,0,-9,0,0,0,0,0,0,0,0,0,0,0,0,0,0,30,30,0,18.64,256.53,3.05,34.71,3615.92,1.37,22.67,3.19,7.85,1.31,179,5.45
8435,鉅邁,55.5,55.7,55.5,-0.3,-0.54,52,15.38,0,0,0,0,0,19,-19,-0.36,-19,0,0,0,19,0,0.36,10,0,10,43,34,9,15.5,52.51,-7.32,9.12,630.26,0.83,50.78,3.28,5.77,0.23,18,3.52
8436,大江,120.5,121,120.5,0.5,0.42,515,39.53,186,-10,0,176,379,275,104,0.2,218,302,0,0,84,0.58,0.16,38,82,-44,103,163,-60,13.79,605.52,-0.9,14.01,7117.84,1.92,45.41,2.59,4.98,4.01,1179,11.77
8437,大地-KY,12.3,12.4,12.35,0.3,2.49,131,66.14,-16,0,0,-16,0,0,0,0,0,0,0,0,0,0,0,0,0,0,136,136,0,--,14.18,-54.9,-5.34,198.02,-0.4,33.97,-0.79,0,4.16,489,4.7
8440,綠電,22.55,22.6,22.55,-0.15,-0.66,133,33.59,-1,0,0,-1,0,0,0,0,0,0,0,0,0,0,0,0,0,0,139,139,0,41.76,83.35,26.19,5.43,854.27,0.22,17.54,1.67,0.89,9.03,1135,5.03
8444,綠河-KY,6.62,6.68,6.67,0.01,0.15,117,13.68,-1,0,0,-1,0,0,0,0,0,0,0,0,0,0,0,0,0,0,118,118,0,--,140.81,26.94,-56.78,2448.07,-3.3,-33.67,-226.09,0,--,269,11.12
8446,華研,84.6,84.7,84.8,-0.7,-0.82,60,16.67,-16,0,0,-16,0,0,0,0,0,0,0,0,0,0,0,0,6,-6,66,60,6,9.68,108.42,45.99,2.5,1078.75,1.78,72.59,4.54,9.43,1.91,252,5.29
8450,霹靂,15.8,16,16,0.1,0.63,7,71.43,-1,0,0,-1,0,0,0,0,0,0,0,0,0,0,0,0,0,0,11,11,0,--,18.05,-80.25,4.54,307.42,0.32,34.72,3.86,0,--,110,5.13
8455,大拓-KY,40.1,42,40.1,-2.7,-6.31,132,40,1,0,0,1,0,0,0,0,0,0,0,0,0,0,0,0,0,0,135,135,0,74.26,112.74,-16.51,-6.69,1187.56,0.19,12.8,0.33,0,--,0,2.52
8472,夠麻吉,69.3,70.8,69.4,-3.5,-4.8,38,32.43,-2,0,0,-2,0,0,0,0,0,0,0,0,0,0,0,8,11,-3,30,27,3,--,39.83,-15.78,-11.84,515.45,-0.26,33.78,-1.74,0,3.18,141,1.77
8477,創業家,15.65,15.8,15.65,-0.7,-4.28,89,32.58,-8,0,0,-8,0,0,0,0,0,0,0,0,0,0,0,0,0,0,90,90,0,--,61.67,98.88,46.88,377.4,-0.03,20.17,-0.86,0,--,0,6.42
8489,三貝德,23.9,23.95,23.9,-0.5,-2.05,432,29.3,25,0,0,25,0,0,0,0,0,0,0,0,0,0,0,0,75,-75,445,370,75,--,162.1,-9.37,57.79,1681.11,0.38,54.59,2.72,0,27.78,2844,5.99
8905,裕國,30.3,30.7,30.3,0.75,2.54,5,40,1,0,0,1,0,0,0,0,0,0,0,0,0,0,0,0,0,0,5,5,0,55.09,199.3,3.75,18.64,2144.61,0.15,11.05,0.62,2.34,0.07,21,11.94
8906,花王,25.05,25.3,25.05,-0.75,-2.91,14,7.14,0,0,0,0,0,0,0,0,0,0,0,0,0,0,0,0,0,0,14,14,0,--,13.77,-13.76,-22.99,206.64,-0.28,9.97,-2.54,0,0.74,81,4.4
8908,欣雄,40.5,40.6,40.6,-0.1,-0.25,270,61.11,-65,0,0,-65,80,0,80,0.29,80,0,80,0,0,0.29,0,40,84,-44,153,189,-36,19.24,918.7,-5.29,-1.22,10125.33,0.46,10.04,3.29,4.43,0.25,196,31.53
8916,光隆,46.3,46.5,46.5,0,0,133,45.11,-30,0,0,-30,26,0,26,0.19,0,0,0,0,0,0,0,12,0,12,97,135,-38,19.87,615.83,4.2,-26.52,8093.17,0.17,11.78,0.5,6.45,0.35,130,15.04
8917,欣泰,52.8,53.5,53.1,0.1,0.19,10,20,-1,0,0,-1,0,0,0,0,0,0,0,0,0,0,0,0,0,0,10,10,0,22.99,281.11,-5.3,-0.79,3069.96,0.62,17.48,3.62,3.95,0.06,25,16.27
8921,沈氏,17.5,18.1,18.45,0.25,1.37,1,100,0,0,0,0,0,0,0,0,0,0,0,0,0,0,0,0,0,0,1,1,0,--,52.53,1.21,7.27,634.93,-0.26,7.03,-1.73,1.46,--,0,4.66
8923,時報,19.2,20,19.85,0.25,1.28,13,100,0,0,0,0,0,0,0,0,0,0,0,0,0,0,0,0,0,0,13,13,0,30.54,36.7,31.17,40.87,436.79,0.18,43.53,1.16,4.53,5.78,439,3.04
8924,大田,64.2,64.3,64.2,0,0,134,42.28,-16,0,0,-16,0,0,0,0,0,0,0,0,0,0,0,42,20,22,97,119,-22,12.81,402.36,2.5,30.06,4860.77,0.05,11.5,0.11,6.7,2.27,475,8.38
8927,北基,19.1,19.15,19.15,-0.35,-1.79,615,26.99,-90,0,0,-90,104,55,49,0.08,-55,0,0,0,55,0,0.09,56,57,-1,461,509,-48,38.3,1357.7,-14.16,50.68,11946.79,0.18,16.24,0.93,1.57,3.26,3455,42.35
8928,鉅明,21.5,21.65,21.5,-0.05,-0.23,30,40,4,0,0,4,0,0,0,0,0,0,0,0,0,0,0,0,0,0,30,30,0,37.72,185.11,-35.57,-41.75,3006.02,0.66,12.73,3.09,3.72,4.96,631,5.09
8929,富堡,14.2,14.25,14.2,-0.1,-0.7,27,28,-2,0,0,-2,0,0,0,0,0,0,0,0,0,0,0,0,0,0,37,37,0,--,64.95,-5.03,6.51,717.42,-0.06,24.06,-0.36,0,1.7,215,5.06
8930,青鋼,28.7,28.9,28.7,0.3,1.06,109,65.74,23,0,0,23,0,0,0,0,0,0,0,0,0,0,0,19,30,-11,91,80,11,12.26,119.91,-12.88,-14.97,1397.76,0.62,26.19,3.54,7.67,3.38,691,8.18
8931,大汽電,42.1,42.25,42.25,0.25,0.6,45,52.38,-3,0,0,-3,0,0,0,0,0,0,0,0,0,0,0,0,0,0,46,46,0,27.8,223.25,-3.7,18.8,2511.5,0.38,16.86,2.27,3.79,18.64,5697,12.23
8932,智通*,100.5,101,101,1,1,3489,50.23,-517,0,-43,-560,2399,2513,-114,-0.03,-1035,351,864,815,1435,0.35,0.64,397,397,0,720,606,114,51.53,253.62,7.62,27.19,2410.64,0.53,61.19,8.43,1.19,61.26,54821,8.95
8933,愛地雅,4.4,4.43,4.4,-0.05,-1.12,816,45.9,99,0,0,99,0,0,0,0,0,0,0,0,0,0,0,0,0,0,847,847,0,--,203.6,7.86,-21.61,1881.6,-0.3,0.06,-5.91,0,--,0,32.67
8935,邦泰,20,20.05,20,-0.25,-1.23,540,36.5,48,0,0,48,0,0,0,0,0,0,0,0,0,0,0,0,80,-80,542,462,80,--,40.02,-45.77,-9.04,519.31,-0.09,17.49,-1.22,0,--,0,11.35
8936,國統,50.1,50.2,50.2,0.2,0.4,1329,55.06,272,-6,-1,265,554,329,225,0.17,99,130,268,124,175,0.3,0.22,140,324,-184,648,689,-41,11.57,556.46,-15.74,9.32,6718.87,0.99,22.58,3.01,5.98,16.34,10134,24.81
8937,合騏*,31.3,31.45,31.3,-0.7,-2.19,622,25.63,-16,0,-5,-21,300,300,0,0,300,300,0,0,0,0.48,0,18,0,18,308,326,-18,--,104.77,26.32,1247.13,313.21,-0.07,25.39,-1.05,0,30.19,22222,10.79
8938,明安,54.3,54.4,54.4,0.3,0.55,132,48.48,-13,0,0,-13,20,19,1,0.01,1,0,20,19,0,0.15,0.14,10,34,-24,104,81,23,17.38,1085.33,-16.54,-17.96,14718.9,1.33,13.86,2.61,7.35,2.04,800,15.7
8941,關中,43.65,44.35,44.3,-0.05,-0.11,3,66.67,0,0,0,0,0,0,0,0,0,0,0,0,0,0,0,0,0,0,3,3,0,47.63,248.16,-11.77,-8.01,3001.77,1.36,29.43,4.49,2.26,0.19,17,3.5
8942,森鉅,40.8,40.85,40.8,-1.05,-2.51,598,19.69,-159,0,0,-159,28,121,-93,-0.15,-121,0,0,0,121,0,0.2,0,30,-30,578,455,123,23.45,250.44,-16.55,-45.6,2509.96,1.05,13.24,1.7,2.45,1.32,655,19.88
9949,琉園,23.45,23.55,23.45,-0.1,-0.42,21,14.29,-2,0,0,-2,0,0,0,0,0,0,0,0,0,0,0,0,0,0,26,26,0,4.22,11.17,24.88,26.57,141.69,0.03,66,0.22,9.38,76.23,8549,4.49
9950,萬國通,11,11.15,11,-0.35,-3.08,95,8.42,1,0,0,1,0,0,0,0,0,0,0,0,0,0,0,0,0,0,96,96,0,--,148.45,-26.31,-2.74,2123.59,-0.03,22.15,-0.32,0,--,0,16.77
9951,皇田,53.1,53.3,53.1,0,0,125,35.48,-11,0,0,-11,19,0,19,0.15,19,19,0,0,0,0.15,0,33,20,13,74,106,-32,10.71,505.14,-12.99,0.52,6573,1.46,22.84,2.8,6.06,1.57,288,7.33
9960,邁達康,31.45,31.7,31.65,0.4,1.28,28,71.43,-2,0,0,-2,0,0,0,0,0,0,0,0,0,0,0,0,0,0,30,30,0,16.93,73.75,3.74,49.32,708.96,0.53,36.38,2.7,4.9,5.12,430,3.36
9962,有益,9.32,9.4,9.4,-0.05,-0.53,142,28.57,1,0,0,1,0,0,0,0,0,0,0,0,0,0,0,0,0,0,142,142,0,--,198.48,95.88,-8.39,1625.1,0.05,7.63,0.47,0,1.3,294,9.02
