代碼,商品,買進,賣出,成交,漲跌,漲幅%,總量,內外盤比%,外資買賣超,投信買賣超,自營商買賣超,法人買賣超,控盤者買進,控盤者賣出,控盤者買賣超,控盤者買賣超比,控盤者主動買賣超,控盤者拉高買盤,控盤者作多買盤,控盤者偏空賣盤,控盤者殺低賣盤,控盤者主動買力,控盤者主動賣力,實戶買進,實戶賣出,實戶買賣超,散戶買進,散戶賣出,散戶買賣超,PE(市盈率),營收,營收期增率%,營收年增率%,營收(12),盈餘,毛利率%,ROE%,殖利率%,融資使用率%,融資餘額,股本
1101,台泥,24.25,24.3,24.3,0.2,0.83,33551,56.45,-5154,5,248,-4901,21246,22098,-852,-0.03,-2466,9172,0,0,11638,0.27,0.34,3205,3281,-76,9336,8408,928,--,12213.2,-1.61,-3.69,148481.34,0.1,18.72,0.4,3.29,1.63,30595,752.32
1102,亞泥,33.55,33.65,33.6,-0.8,-2.33,26328,40.04,-18189,-533,-18,-18740,13292,24961,-11669,-0.44,-24889,35,0,0,24924,0,0.94,2832,463,2369,10333,1034,9299,11.28,5694.46,6.45,-9.27,68693.16,0.56,12.96,0.89,6.85,0.21,1900,354.66
1103,嘉泥,13.15,13.2,13.2,0.1,0.76,404,57.88,133,0,1,134,0,0,0,0,0,0,0,0,0,0,0,139,60,79,275,354,-79,20,207.62,-14.46,-23.55,2887.3,0.08,21.15,0.27,4.17,2.08,4111,79.02
1104,環泥,27.55,27.6,27.55,0,0,808,43.42,-360,0,0,-360,0,162,-162,-0.2,-162,0,0,0,162,0,0.2,127,184,-57,693,475,218,10.76,635.96,9.5,-8.98,7689.7,0.41,27.95,1.14,6.72,0.65,1124,68.67
1108,幸福,13.45,13.55,13.5,-0.05,-0.37,404,21.85,-174,0,0,-174,0,0,0,0,0,0,0,0,0,0,0,50,85,-35,358,323,35,6.68,322.87,-6.92,-21.38,4130.96,0.17,16.14,1.23,7.41,0.81,824,40.47
1109,信大,14.4,14.45,14.4,-0.15,-1.03,395,34.79,53,0,16,69,76,178,-102,-0.25,-178,0,0,0,178,0,0.44,95,45,50,233,181,52,18.23,340.19,8.34,-21.62,4203.15,0.01,6.23,-0.15,6.25,0.36,308,34.12
1110,東泥,14,14.05,14,-0.2,-1.41,505,49.21,-20,0,-2,-22,240,238,2,0,-238,0,0,0,238,0,0.47,50,53,-3,216,215,1,43.75,237.55,5.8,-10.21,2666.66,0.05,14.33,0.26,2.14,2.02,2884,57.2
1201,味全,11.95,12,12,-0.05,-0.41,924,57.19,-126,0,0,-126,200,320,-120,-0.13,-320,0,0,0,320,0,0.34,96,150,-54,656,482,174,30.77,1793.56,6.46,-3.42,21564.35,0.2,27.41,1.32,1.75,1.04,1318,50.61
1203,味王,42.3,42.95,42.6,0,0,52,69.23,-1,0,2,1,0,0,0,0,0,0,0,0,0,0,0,30,20,10,24,34,-10,25.06,437.7,-5.83,-12.21,5340.21,0.49,34.47,2.41,2.35,0.01,6,24
1210,大成,52.1,52.2,52.1,-0.3,-0.57,2560,39.59,-1115,-6,1,-1120,1106,1807,-701,-0.27,-1785,0,0,0,1785,0,0.69,515,261,254,980,533,447,13.19,9098.46,-1.21,4.32,103978.56,0.94,14.07,2.77,5.76,0.91,2043,89.48
1213,大飲,8.1,8.28,8.27,-0.2,-2.36,52,13.46,0,0,0,0,0,0,0,0,0,0,0,0,0,0,0,0,0,0,52,52,0,--,25.4,8.92,0.97,308.55,-0.37,-2,-3.29,0,--,0,5.66
1215,卜蜂,142.5,143,142.5,-0.5,-0.35,1711,51.19,-198,-108,-37,-343,1034,1169,-135,-0.08,-789,220,0,0,1009,0.13,0.58,142,192,-50,578,393,185,15.36,2316.77,-7.75,-2.92,28841.27,1.26,17.75,3.12,4.91,0.34,247,29.48
1216,統一,71.2,71.5,71.2,-0.3,-0.42,13521,70.82,-6954,4455,36,-2463,10927,12521,-1594,-0.12,-5802,35,6684,7339,5182,0.49,0.92,844,374,470,1862,738,1124,19.24,57480.11,0.18,2.26,679885.44,1.15,33.78,4.5,4.21,0.1,1371,568.2
1217,愛之味,9.41,9.42,9.41,-0.01,-0.11,646,36.29,20,0,6,26,0,0,0,0,0,0,0,0,0,0,0,0,64,-64,668,604,64,19.6,396.67,3.15,5.27,5036.36,-0.13,26.35,-0.76,2.66,0.96,1181,49.45
1218,泰山,18.45,18.5,18.45,-0.2,-1.07,1224,35.26,-506,0,-1,-507,247,604,-357,-0.29,-604,0,0,0,604,0,0.49,128,320,-192,864,315,549,12.3,844.39,-3.2,6.37,10321.74,0.32,17.14,1.24,7.15,1.15,1432,50
1219,福壽,12.45,12.5,12.45,0,0,588,56.36,-131,0,26,-105,0,0,0,0,0,0,0,0,0,0,0,46,64,-18,552,534,18,26.49,1221.79,-6.3,1.21,14422.57,0.11,7.81,-0.08,4.02,0.62,531,34.12
1220,台榮,11.85,11.9,11.85,0,0,234,31.17,-14,0,12,-2,0,0,0,0,0,0,0,0,0,0,0,0,0,0,294,294,0,592.5,299.35,21.09,12.32,3387.14,-0.17,7.79,-0.98,1.69,2.61,1155,17.71
1225,福懋油,29.75,29.8,29.8,0.35,1.19,132,48.48,-16,0,3,-13,0,0,0,0,0,0,0,0,0,0,0,0,0,0,135,135,0,17.43,1110.18,2.92,8.99,12346.23,0.44,9.3,2.82,3.36,11.79,7140,24.23
1227,佳格,28.1,28.15,28.1,-0.35,-1.23,1388,32.65,-580,0,10,-570,150,565,-415,-0.29,-565,0,0,0,565,0,0.4,202,185,17,1064,666,398,19.38,1931.5,-8.11,-4.84,28668.11,0.52,23.44,2.51,4.77,0.43,977,91.51
1229,聯華,38.5,38.55,38.5,-0.2,-0.52,5263,45.5,-22,0,4,-18,1853,2444,-591,-0.11,-2297,0,0,0,2297,0,0.42,643,867,-224,2930,2116,814,14.86,604.37,-35.18,-45.4,13275.29,0.55,23.32,1.33,5.19,0.66,2974,179.6
1231,聯華食,84.8,84.9,84.8,-1,-1.17,607,26.39,-111,0,-4,-115,84,192,-108,-0.16,-192,0,0,0,192,0,0.28,66,103,-37,524,379,145,19.27,1007.99,3.52,1,13099.76,1,21.66,4,2.95,0.36,268,29.85
1232,大統益,148,148.5,148.5,1,0.68,126,23.08,2,0,4,6,26,49,-23,-0.17,26,26,0,0,0,0.2,0,26,44,-18,80,39,41,17.17,1890.2,-6.41,3.12,22067.12,2.33,13.69,6.17,4.85,0.01,4,16
1233,天仁,28.55,28.6,28.55,-0.25,-0.87,30,20,-3,0,2,-1,0,0,0,0,0,0,0,0,0,0,0,0,0,0,31,31,0,34.82,173.25,-1.37,2.59,2192.37,0.34,61.08,2.21,0.7,0.25,57,9.06
1234,黑松,33.9,33.95,33.95,0.4,1.19,137,58.82,-4,0,0,-4,0,0,0,0,0,0,0,0,0,0,0,41,35,6,100,106,-6,20.21,685.65,-5.88,-14.24,9495.82,0.29,23.95,0.62,4.86,0.03,27,40.19
1235,興泰,37.9,38.25,37.95,-0.4,-1.04,14,42.86,1,0,-1,0,0,0,0,0,0,0,0,0,0,0,0,0,0,0,14,14,0,--,14.86,-22.83,3.02,206.9,-0.54,28.55,-4.06,2.64,1.47,695,18.86
1236,宏亞,24.3,24.35,24.35,0.35,1.46,32,50,-4,0,6,2,0,0,0,0,0,0,0,0,0,0,0,0,0,0,36,36,0,--,122.25,18.38,-2.44,1839.97,0.23,28.09,0.8,6.78,0.73,159,8.67
1240,茂生農經,57.5,58.2,57.7,0,0,11,80,1,0,0,1,0,0,0,0,0,0,0,0,0,0,0,0,0,0,13,13,0,12.36,236.45,-11.88,11.59,2774.69,0.89,12.79,2.4,6.07,0.2,22,4.42
1256,鮮活果汁-KY,184,184.5,184,0.5,0.27,108,41.67,18,0,4,22,14,32,-18,-0.16,-32,0,0,0,32,0,0.28,27,19,8,75,65,10,13.9,455.56,27.91,56.21,4684.7,3.24,30.39,2.85,3.59,4.41,394,3.58
1259,安心,56.8,57.3,57,0.2,0.35,14,14.29,1,0,0,1,0,0,0,0,0,0,0,0,0,0,0,10,0,10,4,14,-10,25.45,488.5,-5.66,1.96,6125.47,0.06,22.76,0.07,2.11,0.53,43,3.24
1264,德麥,271.5,272.5,272,-1,-0.37,24,47.83,3,0,-2,1,0,4,-4,-0.13,-4,0,0,0,4,0,0.13,9,11,-2,21,15,6,13.1,630.34,12.03,11.03,6848.17,5.5,33.22,5.4,5.51,0,0,3.71
1268,漢來美食,169,169.5,169.5,-2,-1.17,50,22,-12,0,0,-12,10,8,2,0.04,-8,0,0,0,8,0,0.15,3,9,-6,39,35,4,14.61,514.78,-11.85,25.42,6584.17,5.87,48.89,10.21,4.72,0.19,20,4.22
1294,漢田生技,77.3,77.5,77,-0.8,-1.03,19,10.53,-2,0,0,-2,0,0,0,0,0,0,0,0,0,0,0,0,0,0,22,22,0,15.75,76.65,0.71,5.99,836.25,1.41,36.8,5.01,6.49,1.9,145,3.06
1295,生合,50.2,50.3,50.3,-1.6,-3.08,87,14.94,-37,0,0,-37,0,0,0,0,0,0,0,0,0,0,0,0,0,0,89,89,0,11.56,104.39,31.5,-10.24,1007.57,0.39,47.44,1.03,5.96,1.96,169,3.45
1301,台塑,44.75,44.8,44.8,-0.45,-0.99,21234,45.75,-3370,-150,-16,-3536,9280,14360,-5080,-0.24,-14055,125,70,129,14121,0.01,0.67,2763,2078,685,9379,4985,4394,--,18326.27,5.6,13.31,172347.64,0.51,3.7,0.87,1.12,1.17,18564,636.57
1303,南亞,87.1,87.2,87.1,0.4,0.46,32285,48.66,1376,180,176,1732,19819,20485,-666,-0.02,10955,13090,6519,7990,664,0.6,0.27,4417,4220,197,8352,7883,469,37.71,27681.31,1.89,19.44,267452.16,1.8,11.94,3.8,0.92,1.97,39045,793.08
1304,台聚,12.15,12.2,12.15,-0.15,-1.22,5558,45.35,1729,0,-40,1689,1349,126,1223,0.22,-19,107,0,0,126,0.02,0.02,884,1267,-383,3371,4212,-841,--,4412.98,2.14,13.41,43289.29,-0.41,2.86,-2.76,1.23,4.38,13008,118.88
1305,華夏,12.3,12.35,12.35,-0.05,-0.4,4512,45.22,1027,0,-2,1025,575,275,300,0.07,-185,90,0,0,275,0.02,0.06,983,1054,-71,2978,3207,-229,--,1192.32,10.17,43.35,9792.91,-0.21,1.97,-1.65,0.81,4.71,6846,58.11
1307,三芳,30.95,31,31,-0.5,-1.59,1659,31.9,-894,-15,-5,-914,38,565,-527,-0.32,-565,0,0,0,565,0,0.34,198,360,-162,1436,747,689,11.31,981.26,-2.95,8.54,10913.96,0.97,32.59,3.89,7.1,1.71,1700,39.78
1308,亞聚,13.35,13.4,13.35,0.05,0.38,3302,41.01,414,0,-18,396,323,0,323,0.1,0,0,0,0,0,0,0,724,675,49,2282,2654,-372,--,512.06,7.43,16.25,5583.33,-0.2,5.66,-1.13,1.5,5.37,7965,59.37
1309,台達化,15.6,15.65,15.65,-0.1,-0.63,6309,49.97,633,0,3,636,1551,828,723,0.11,-194,66,568,88,740,0.1,0.13,1156,1160,-4,3639,4358,-719,--,1262.51,-8.29,-8.24,13474.16,-0.53,-1.76,-3.69,0.96,8.94,8888,39.76
1310,台苯,8,8.01,8.01,0.03,0.38,3850,42.64,161,0,-14,147,0,0,0,0,0,0,0,0,0,0,0,433,309,124,3451,3575,-124,--,891.39,4.31,5.29,8608.64,-0.94,8.94,-6.61,0,8.5,11215,52.79
1312,國喬,10.4,10.45,10.4,0,0,7363,41.94,1680,0,35,1715,2327,2138,189,0.03,-2138,0,0,0,2138,0,0.29,1738,1374,364,3323,3877,-554,--,2489.49,-19.98,-5.46,24371.95,-1.17,-1.73,-4.14,0,5.39,14920,110.66
1313,聯成,10.65,10.7,10.7,0.05,0.47,4291,51.83,487,0,116,603,1068,427,641,0.15,281,589,0,0,308,0.14,0.07,671,764,-93,2581,3128,-547,--,5878.67,-9.41,5.52,60418.9,0.08,6.21,0.35,0.93,3.36,11355,133.08
1314,中石化,7.07,7.08,7.07,-0.01,-0.14,18729,44.05,3768,0,-36,3732,5628,3031,2597,0.14,-3031,0,0,0,3031,0,0.16,2152,2668,-516,11027,13097,-2070,--,1556.46,10.83,-10.37,16626.02,-0.07,-7.12,-0.34,0,5.01,47397,378.49
1315,達新,60.7,60.8,60.9,0,0,16,81.25,3,0,0,3,0,0,0,0,0,0,0,0,0,0,0,0,0,0,17,17,0,41.15,131.51,3.46,-14.17,2120.3,0.15,11,0.14,7.39,0.16,39,9.91
1316,上曜,10.25,10.3,10.25,-0.15,-1.44,3938,31.61,372,0,6,378,1142,925,217,0.05,-825,0,0,0,825,0,0.21,315,879,-564,2503,2156,347,--,683.94,4.3,115.49,5968.9,-0.19,32.15,0.3,0,11.73,11028,40.16
1319,東陽,80.8,81.1,80.8,-0.8,-0.98,2955,36.7,-1096,-4,71,-1029,1300,2080,-780,-0.26,-1912,58,45,94,1921,0.03,0.68,481,328,153,1199,572,627,14.51,2009.03,-1.78,-14.11,23102.93,1.62,32.51,3.22,6.19,3.61,5338,59.15
1321,大洋,28.8,28.85,28.85,-0.5,-1.7,343,30.03,-94,0,-9,-103,0,0,0,0,0,0,0,0,0,0,0,67,54,13,279,292,-13,--,352.11,-5.51,10.96,3493.27,0.16,11.97,0.61,0,12.65,7187,22.72
1323,永裕,20.15,20.2,20.15,0.05,0.25,165,40,69,0,-4,65,0,0,0,0,0,0,0,0,0,0,0,0,0,0,166,166,0,35.98,186.58,-8.1,5.09,2034.03,0.36,18.63,1.26,4.47,0.93,212,9.13
1324,地球,10.15,10.2,10.15,-0.05,-0.49,90,17.98,4,0,0,4,0,0,0,0,0,0,0,0,0,0,0,0,0,0,97,97,0,--,51.22,-29.76,-24.22,702.64,-0.06,16.15,-0.5,0,7.58,1424,7.51
1325,恆大,27.35,27.4,27.35,0.75,2.82,551,44.67,-38,0,0,-38,40,0,40,0.07,0,0,0,0,0,0,0,20,70,-50,497,487,10,--,24.47,35.3,-13.39,262.13,-0.08,-20.01,-0.29,0,11.15,2377,8.53
1326,台化,44.95,45,44.95,-0.6,-1.32,17448,38.25,-4495,0,25,-4470,5936,10782,-4846,-0.28,-10645,0,0,0,10645,0,0.61,2410,1910,500,9244,4898,4346,299.67,32101.07,-4.83,28.23,296941.81,1.07,7.74,1.65,1.33,1.2,17540,586.12
1336,台翰,13.1,13.15,13.15,0.05,0.38,128,61.72,6,0,0,6,0,0,0,0,0,0,0,0,0,0,0,0,43,-43,129,86,43,35.54,203.81,-4.85,-8.9,2411.46,0.1,12.26,0.4,1.98,13.45,2609,7.76
1337,再生-KY,4.76,4.77,4.76,-0.04,-0.83,815,46.75,83,0,0,83,0,0,0,0,0,0,0,0,0,0,0,0,0,0,834,834,0,--,42.07,-32.04,-31.33,615.05,-0.43,-8.67,-3.14,0,31.26,21019,26.9
1338,廣華-KY,15.65,15.7,15.7,-0.15,-0.95,88,36.36,-4,0,1,-3,0,0,0,0,0,0,0,0,0,0,0,0,0,0,89,89,0,--,458.16,0.86,12.11,5200.28,-1.15,25.08,-1.37,1.91,11.31,2370,8.38
1339,昭輝,40.65,40.7,40.7,0,0,94,54.26,6,0,0,6,0,0,0,0,0,0,0,0,0,0,0,20,0,20,77,97,-20,9.62,141.13,0.81,-10.02,1543.54,2.78,24.62,5.41,6.14,3.45,639,7.41
1340,勝悅-KY,5.39,5.4,5.4,-0.05,-0.92,148,40.41,-14,0,-8,-22,0,0,0,0,0,0,0,0,0,0,0,0,0,0,163,163,0,--,5.28,53.49,-81.22,82.69,-0.3,-181.27,-1.74,0,2.62,1000,15.29
1341,富林-KY,60.6,61.5,61.6,0.3,0.49,5,20,0,0,0,0,0,0,0,0,0,0,0,0,0,0,0,0,0,0,5,5,0,15.1,265.86,-13.78,18.06,2598.18,1.62,25.06,6.92,6.49,--,0,5.29
1342,八貫,93.3,93.4,93.3,-0.9,-0.96,281,20.36,-130,0,0,-130,13,24,-11,-0.04,-24,0,0,0,24,0,0.08,0,40,-40,275,224,51,15.68,349.26,-5.82,44.52,3108.06,2.08,27.2,7.23,6.43,2.9,565,7.8
1402,遠東新,27.15,27.2,27.2,0.2,0.74,39172,41.29,6989,-9617,-40,-2668,36147,35289,858,0.02,-22697,5760,0,0,28457,0.15,0.73,1075,1413,-338,1981,2502,-521,16.89,22888.48,7.02,14.34,254108.68,0.61,21.9,1.74,4.6,0.71,9445,535.29
1409,新纖,17.55,17.6,17.6,0.4,2.33,13014,57.29,6271,0,178,6449,8750,4993,3757,0.29,8484,8568,182,266,0,0.67,0.02,1061,2001,-940,3260,6077,-2817,13.23,4079.33,3.4,25.05,39654.34,0.39,24.36,1.68,5.11,2.32,9372,161.84
1410,南染,26.3,26.65,26.5,0,0,11,63.64,3,0,-4,-1,0,0,0,0,0,0,0,0,0,0,0,0,0,0,12,12,0,49.07,23.11,-0.38,12.78,191.66,0.03,31.62,0.04,0.75,2.05,317,6.2
1413,宏洲,9.37,9.44,9.35,-0.07,-0.74,47,48.94,1,0,0,1,0,0,0,0,0,0,0,0,0,0,0,0,0,0,47,47,0,17,224.01,19.53,-0.58,1955.63,-0.13,-0.87,-1.51,0,--,0,13.21
1414,東和,14.75,14.8,14.75,-0.7,-4.53,483,25.58,-146,0,0,-146,0,68,-68,-0.14,-68,0,0,0,68,0,0.14,35,44,-9,451,374,77,50.86,46.22,16.3,-2.65,446.93,0.06,11.1,0.38,1.36,1.81,898,19.8
1416,廣豐,11.1,11.15,11.15,0,0,331,62.65,-42,0,0,-42,132,0,132,0.39,0,0,0,0,0,0,0,0,87,-87,205,250,-45,12.97,33.56,-4.63,26.52,391.28,0.18,34.96,0.8,5.11,8.01,3710,18.53
1417,嘉裕,8.16,8.2,8.2,0.04,0.49,236,56.78,20,0,18,38,0,0,0,0,0,0,0,0,0,0,0,0,0,0,243,243,0,18.22,22.01,8.23,1.81,422.97,-0.22,66.83,-1.81,3.05,3.28,1559,18.99
1418,東華,17.75,17.85,17.75,0,0,37,30.56,-3,0,2,-1,0,0,0,0,0,0,0,0,0,0,0,0,0,0,38,38,0,--,0.55,3158.82,59.2,3.34,-0.75,-8.18,-3.38,0,6.15,720,5.68
1419,新紡,65.8,66,65.9,3.3,5.27,375,62.04,15,0,5,20,0,0,0,0,0,0,0,0,0,0,0,42,17,25,338,363,-25,5.02,402.04,-28.64,39.74,5236.81,9.37,25.86,14.78,2.73,1.69,1269,30
1423,利華,41.8,41.85,41.8,0.9,2.2,122,66.39,17,0,2,19,0,0,0,0,0,0,0,0,0,0,0,55,0,55,70,125,-55,11.09,4.17,-47.9,-33.97,86.09,0.15,25.08,0.42,8.61,0.26,66,9.96
1432,大魯閣,16.35,16.4,16.4,-0.05,-0.3,321,25.63,-113,0,0,-113,0,0,0,0,0,0,0,0,0,0,0,50,31,19,285,304,-19,2.51,66.52,10.86,-39.79,1140.71,-0.54,16.5,-3.46,12.2,0.61,137,10.8
1434,福懋,15.05,15.1,15.1,-0.1,-0.66,3610,34.32,-1611,0,21,-1590,601,1482,-881,-0.24,-1482,0,0,0,1482,0,0.41,531,774,-243,2505,1381,1124,25.17,2584.62,-3.66,-5.12,26745.67,0.2,11.18,0.77,3.31,0.64,2694,168.47
1436,華友聯,44.45,44.6,44.6,-0.85,-1.87,558,20.9,-155,-1,1,-155,150,137,13,0.02,-137,0,0,0,137,0,0.24,13,79,-66,412,359,53,10.35,53.74,47.7,-25.39,3634.12,-0.31,49.22,-0.95,11.32,1.87,910,19.42
1437,勤益控,28.2,28.25,28.25,-0.25,-0.88,136,51.47,-24,0,0,-24,57,70,-13,-0.09,-70,0,0,0,70,0,0.51,0,21,-21,80,46,34,10.2,57.06,7.32,-16.14,898.51,0.68,61.41,1.67,3.4,3.89,1964,20.19
1438,三地開發,20.85,20.9,20.9,0.2,0.97,58,46.55,10,0,-3,7,0,0,0,0,0,0,0,0,0,0,0,0,0,0,59,59,0,7.57,11.99,-93.93,--,1648.35,0.65,39.56,2.26,4.78,0.28,64,11.12
1439,雋揚,26.05,26.25,26.2,0.3,1.16,43,69.77,-7,0,-1,-8,0,0,0,0,0,0,0,0,0,0,0,0,0,0,43,43,0,8.51,5.53,-91.66,20.82,753.54,0.59,30.12,1.68,1.91,4.53,1042,9.2
1440,南紡,12,12.05,12,0.65,5.73,4921,52.89,-608,0,-13,-621,278,1148,-870,-0.18,278,278,0,0,0,0.06,0,1141,758,383,3529,3042,487,--,1026.7,-26.87,-16.29,13401.19,-0.05,8.73,-0.26,2.5,1.2,4951,165.68
1441,大東,9.25,9.35,9.38,0.04,0.43,66,30.3,1,0,-1,0,0,0,0,0,0,0,0,0,0,0,0,0,0,0,85,85,0,--,131.68,14.93,1.87,1404.49,-0.62,1.42,-10.07,0,--,0,7.17
1442,名軒,25.7,25.8,25.8,-0.2,-0.77,762,42.32,-391,0,0,-391,156,290,-134,-0.17,-178,56,0,0,234,0.07,0.3,80,133,-53,532,345,187,13.16,74.34,-6.36,-76.32,2016.31,0.23,49.87,1.07,9.3,3.53,3230,36.62
1443,立益物流,25.8,25.9,25.9,-0.2,-0.77,12,50,-3,0,3,0,0,0,0,0,0,0,0,0,0,0,0,0,0,0,14,14,0,23.55,80.48,9.21,-4.58,951.17,0.52,47.69,3.95,0,0.1,33,13.53
1444,力麗,5.92,5.93,5.93,-0.02,-0.34,1354,49.55,-158,0,7,-151,297,0,297,0.22,0,0,0,0,0,0,0,0,304,-304,1078,1071,7,--,623.27,-34.41,9.21,7376.57,0.07,5.47,0.58,0,--,1007,99.56
1445,大宇,11.65,11.7,11.7,-0.1,-0.85,194,84.02,-5,0,10,5,150,150,0,0,-150,0,0,0,150,0,0.77,0,0,0,45,45,0,--,24.37,-53.41,-64.14,697.12,0.03,24.65,0.19,4.27,3.99,1303,13.07
1446,宏和,15.5,15.55,15.5,-0.2,-1.27,336,30.65,-57,0,-8,-65,0,0,0,0,0,0,0,0,0,0,0,57,64,-7,281,274,7,9.12,62.95,-35.66,-83.63,584.94,0.5,39.1,2.44,9.68,6.22,2142,13.77
1447,力鵬,5.85,5.86,5.85,-0.15,-2.5,1845,30.3,-721,0,10,-711,600,0,600,0.32,0,0,0,0,0,0,0,146,126,20,1121,1741,-620,--,3258.89,-15.82,27.79,29701.74,0.1,2.66,1.09,0,--,2328,91.01
1449,佳和,12.4,12.45,12.4,-0.25,-1.98,1832,21.93,29,0,0,29,97,440,-343,-0.19,-440,0,0,0,440,0,0.24,217,156,61,1528,1246,282,--,377.32,34.69,75.49,3008.72,-0.23,10.06,-0.95,0.81,12.05,3828,12.71
1451,年興,16.55,16.6,16.55,-0.15,-0.9,416,25.37,-80,0,17,-63,73,131,-58,-0.14,-131,0,0,0,131,0,0.31,141,48,93,210,245,-35,18.6,513.37,-0.97,-4.08,6416.66,0.47,16.45,1.26,6.04,1.17,577,19.8
1452,宏益,10.45,10.5,10.45,-0.15,-1.42,109,20.18,13,0,0,13,0,0,0,0,0,0,0,0,0,0,0,0,0,0,110,110,0,--,147.54,-8.46,12.05,1350.26,-0.09,3.3,-0.43,1.91,0.31,103,13.26
1453,大將,11.3,11.35,11.3,-0.05,-0.44,59,62.71,5,0,7,12,0,0,0,0,0,0,0,0,0,0,0,0,0,0,70,70,0,102.73,0.13,0,1.61,1.48,-0.05,63.93,-0.36,2.65,4.65,1316,11.32
1454,台富,12.55,12.6,12.5,-0.1,-0.79,70,27.54,10,0,3,13,0,0,0,0,0,0,0,0,0,0,0,0,0,0,88,88,0,--,124.28,11.76,-20.89,1393.77,-0.2,3.8,-1.77,0.8,6.44,2089,12.98
1455,集盛,8.07,8.08,8.07,-0.1,-1.22,1082,33.58,-303,0,1,-302,156,0,156,0.14,0,0,0,0,0,0,0,90,63,27,845,1028,-183,--,595.32,12.38,-3.06,5589.46,-0.05,2.13,-0.46,1.98,2.02,2687,53.17
1456,怡華,12.9,13,12.95,0.1,0.78,33,51.61,7,0,1,8,0,0,0,0,0,0,0,0,0,0,0,0,0,0,34,34,0,3.75,64.1,14.38,23.71,896.39,-0.43,39.68,-2.12,0,1.34,314,9.37
1457,宜進,13.8,13.85,13.85,-0.2,-1.42,327,27.22,-70,0,1,-69,0,0,0,0,0,0,0,0,0,0,0,0,40,-40,333,293,40,20.67,295.48,8.4,-0.12,2766.73,0.2,5.92,0.36,7.22,0.77,613,31.67
1459,聯發,11.65,11.75,11.65,-0.1,-0.85,490,29.96,12,0,12,24,100,100,0,0,-100,0,0,0,100,0,0.2,272,174,98,122,220,-98,8.5,94.35,-5.57,-3.67,1059.13,0.03,18.88,0.27,1.72,0.44,393,35.86
1460,宏遠,6.94,6.95,6.94,-0.04,-0.57,527,38.52,-45,0,15,-30,0,0,0,0,0,0,0,0,0,0,0,0,0,0,532,532,0,--,426.2,-27.21,-27.61,6853.27,0.02,17.68,0.23,0,--,0,69.46
1463,強盛新,17.75,17.8,17.75,-0.15,-0.84,21,30,-3,0,6,3,0,0,0,0,0,0,0,0,0,0,0,0,0,0,22,22,0,--,20.9,-17.1,34.51,226.01,-0.01,17.06,-0.09,0.73,0.73,318,17.33
1464,得力,10,10.05,10.05,-0.05,-0.5,901,13.59,-28,0,25,-3,322,217,105,0.11,-217,0,0,0,217,0,0.24,102,171,-69,495,531,-36,62.81,1129.61,-0.2,6.49,12100.86,0.3,20.88,2.07,2.49,1.92,2038,42.56
1465,偉全,11.95,12,12,-0.05,-0.41,144,38.89,11,0,7,18,0,0,0,0,0,0,0,0,0,0,0,0,45,-45,153,108,45,--,36.32,5.25,-12.07,367.29,0.27,2.36,1.79,2.5,12.78,3310,10.36
1466,聚隆,14.65,14.7,14.7,-0.05,-0.34,248,53.04,13,0,-3,10,0,0,0,0,0,0,0,0,0,0,0,0,0,0,250,250,0,--,187.41,-3.06,-17.51,2427.43,0.17,12.64,1.29,1.36,17.1,4751,11.12
1467,南緯,6.93,6.94,6.94,-0.01,-0.14,216,33.33,-1,0,0,-1,0,0,0,0,0,0,0,0,0,0,0,0,0,0,232,232,0,--,413.81,-10.62,27.49,5178.56,0.11,19.76,0.93,0,11.3,4751,23.36
1468,昶和,11.85,12.05,12.1,0.05,0.41,52,55.77,3,0,-3,0,0,0,0,0,0,0,0,0,0,0,0,0,0,0,52,52,0,100.83,42.43,67.16,-46.07,672.34,0.17,25.9,1.81,0,--,0,16.04
1470,大統新創,21.6,22,22,0,0,5,20,0,0,0,0,0,0,0,0,0,0,0,0,0,0,0,0,0,0,5,5,0,25.29,50.9,-26.3,-20.52,767.93,0.31,26.99,2.67,2.95,0.03,6,8.58
1471,首利,10.75,10.8,10.75,-0.1,-0.92,672,33.91,-160,0,3,-157,0,0,0,0,0,0,0,0,0,0,0,0,0,0,676,676,0,--,8,4.94,-52.38,148.74,-0.03,-20.25,-0.25,0,--,0,15.04
1472,三洋實業,89.5,90,89.5,0,0,18,50,2,0,2,4,0,0,0,0,0,0,0,0,0,0,0,0,0,0,19,19,0,13.92,307.21,35.42,-8.15,3619.14,1.78,14.67,3.94,6.7,47.23,4131,5.25
1473,台南,20.15,20.2,20.2,-0.25,-1.22,121,26.45,0,0,1,1,0,0,0,0,0,0,0,0,0,0,0,0,0,0,129,129,0,--,378.67,-31.82,-13.6,6080.36,0.69,18.38,2.59,2.48,2.28,833,14.62
1474,弘裕,9.77,9.8,9.8,-0.01,-0.1,114,34.21,-7,0,2,-5,0,0,0,0,0,0,0,0,0,0,0,0,0,0,134,134,0,40.83,252.11,-16.74,-6,2848.01,0.09,10.9,0.46,2.55,10,3247,12.99
1475,業旺,25.05,25.1,25.1,0,0,68,38.24,8,0,2,10,0,0,0,0,0,0,0,0,0,0,0,0,0,0,69,69,0,9.84,124.97,-4.45,-4.62,1421.08,0.88,17.89,3.77,5.98,2.24,369,6.6
1476,儒鴻,334.5,335,335,-7.5,-2.19,1503,35.79,-190,-18,33,-175,831,1334,-503,-0.32,-1298,9,18,12,1313,0.02,0.85,216,98,118,510,126,384,16.21,3264.02,-9.32,-3.74,38109.31,6.69,32.17,6.42,4.48,1.14,779,27.44
1477,聚陽,215.5,216,215.5,-3.5,-1.6,2971,21.19,-672,-463,3,-1132,1572,2729,-1157,-0.38,-2648,0,0,0,2648,0,0.86,393,123,270,1113,226,887,15.56,2605.95,-16.76,10.23,33642.9,4.35,26.14,7.91,6.96,2.71,1672,24.67
1503,士電,201,201.5,201.5,4.5,2.28,4519,54.22,165,1,7,173,2681,2798,-117,-0.03,1323,1364,1316,1357,0,0.58,0.29,467,527,-60,1512,1335,177,29.99,3404.4,-19.52,32.53,39277.5,2.79,23.77,3.99,2.48,2.19,2847,52.1
1504,東元,72,72.1,72,-0.1,-0.14,12757,49.77,-500,-122,22,-600,6219,7422,-1203,-0.09,-2710,54,4609,5025,2348,0.36,0.57,1975,1877,98,4703,3599,1104,32.43,5626.68,9.75,13.55,60239.23,0.51,23.47,1.31,2.78,4.35,25873,237.64
1506,正道,10.35,10.4,10.35,-0.6,-5.48,426,23.54,-38,0,7,-31,0,0,0,0,0,0,0,0,0,0,0,0,0,0,428,428,0,86.25,102.67,4.75,2.38,1112.5,0.02,17.44,0.18,0,--,0,30.04
1512,瑞利,6.9,6.98,6.97,-0.02,-0.29,150,68.46,10,0,0,10,0,0,0,0,0,0,0,0,0,0,0,0,0,0,154,154,0,24.89,76.63,5.19,-9.81,1169.36,0.09,31.8,1.28,0,--,0,9.82
1513,中興電,159.5,160,160,3.5,2.24,12202,64.17,-730,750,15,35,7857,8052,-195,-0.02,4729,5806,1236,1173,1140,0.56,0.19,1729,1555,174,2893,2872,21,19.8,2307.7,-6.87,5.86,27617.58,1.94,25.98,4.49,3.75,7.32,9209,50.31
1514,亞力,122.5,123,122.5,0,0,4647,39.29,476,0,-92,384,2370,2454,-84,-0.02,-759,17,1637,1616,797,0.35,0.51,620,671,-51,1770,1636,134,35.92,858.23,7.89,40.12,11319.11,0.73,17.54,3.08,1.8,10.47,7150,27.31
1515,力山,22.85,22.95,22.9,0.25,1.1,467,42.01,-100,0,0,-100,0,0,0,0,0,0,0,0,0,0,0,0,30,-30,471,441,30,23.37,325.36,4.41,-19.27,5377.47,0.07,14.74,0.29,2.62,4.47,2030,18.15
1516,川飛,20.9,21,21,0.25,1.2,111,71.17,-14,0,3,-11,61,50,11,0.1,61,61,0,0,0,0.54,0,0,0,0,51,62,-11,1050,7.47,-21.35,--,90.65,-0.05,6.11,-1.02,0,--,18,4
1517,利奇,10.05,10.1,10.05,0.05,0.5,562,38.99,41,0,-4,37,0,0,0,0,0,0,0,0,0,0,0,91,117,-26,484,458,26,--,172.84,8.14,-15.62,1874.46,-0.19,1.13,-1.05,1.99,2.92,1605,22
1519,華城,830,832,830,4,0.48,1714,38.33,-209,2,16,-191,1051,1220,-169,-0.09,33,324,642,788,145,0.51,0.5,705,574,131,129,90,39,57.01,2248.96,10.43,6.38,24893.28,3.29,43.61,10.54,1.45,4.28,3380,31.59
1521,大億,24.65,24.85,24.85,0.7,2.9,31,44,-6,0,0,-6,0,0,0,0,0,0,0,0,0,0,0,0,0,0,33,33,0,35,350.41,0.37,18.3,3799.65,0.44,15.05,1.8,3.02,2.19,417,7.62
1522,堤維西,29.2,29.25,29.2,-0.25,-0.85,1034,34.44,-207,0,7,-200,78,35,43,0.04,-35,0,0,0,35,0,0.03,108,317,-209,859,693,166,85.88,2205.38,-11.61,53.32,26984.65,-0.19,15.48,-0.23,4.11,5.97,4671,31.29
1524,耿鼎,29.6,29.7,29.7,0.15,0.51,1072,35.44,-29,0,6,-23,158,112,46,0.04,-112,0,0,0,112,0,0.1,148,159,-11,772,807,-35,19.8,219.91,9.81,1.77,2443.77,0.53,30.28,2.95,4.71,11.35,4692,16.53
1525,江申,70,71,71,6.2,9.57,302,78.08,-9,0,1,-8,66,0,66,0.22,66,66,0,0,0,0.22,0,54,28,26,185,277,-92,44.38,107.2,1.34,4.35,1254.94,-0.82,14.43,-1.18,3.94,1.3,239,7.34
1526,日馳,14.4,14.45,14.4,-0.2,-1.37,128,26.77,-17,0,1,-16,0,0,0,0,0,0,0,0,0,0,0,0,0,0,130,130,0,--,52.12,-21.79,-22.19,717.56,-0.44,12.58,-1.96,0,3.75,563,6
1527,鑽全,32.55,32.6,32.55,-0.4,-1.21,379,33.77,-72,0,22,-50,126,37,89,0.23,-37,0,0,0,37,0,0.1,67,44,23,191,303,-112,35.77,236.84,-2.84,-2.66,2703.38,0.32,18.41,0.92,4.61,1.58,548,13.86
1528,恩德,26.95,27,27,0.7,2.66,7806,42.59,-1686,0,1,-1685,1446,2592,-1146,-0.15,-1106,0,1446,2552,0,0.18,0.33,1193,1300,-107,5194,3941,1253,--,241.07,-12.98,1.23,2946.99,-0.15,30.47,-1.33,0,21.87,10463,19.13
1529,樂事綠能,20.95,21,20.95,-0.05,-0.24,861,40.56,49,0,-1,48,0,0,0,0,0,0,0,0,0,0,0,105,158,-53,763,710,53,18.38,35.57,7.69,-71.99,816.05,0.16,16.08,1.5,4.77,8.54,3312,15.51
1530,亞崴,29,29.05,29.05,1.05,3.75,481,51.58,-22,0,-2,-24,0,0,0,0,0,0,0,0,0,0,0,39,27,12,451,463,-12,25.26,213.32,23.55,68.97,1906,0.18,12.79,0.43,3.44,0.56,133,9.46
1531,高林股,12.2,12.25,12.2,-0.15,-1.21,436,28.9,68,0,-1,67,100,115,-15,-0.03,-115,0,0,0,115,0,0.26,0,46,-46,348,287,61,--,125.32,-1.78,-2.87,1424.6,0.03,14.69,0.15,8.2,3.8,1731,18.21
1532,勤美,20.65,20.7,20.65,0.1,0.49,498,43.12,46,0,0,46,0,0,0,0,0,0,0,0,0,0,0,146,76,70,355,425,-70,17.96,1098.43,-11.22,5.47,15748.84,-0.09,21.6,-0.12,3.87,2.28,2409,42.26
1533,車王電,38.85,38.9,38.85,0,0,591,42.41,-30,0,18,-12,26,27,-1,0,-1,0,26,27,0,0.04,0.05,13,54,-41,558,516,42,23.83,476.83,2.09,72.77,4701.02,0.84,27.81,4.77,0,2.86,704,9.85
1535,中宇,48.75,48.8,48.8,-0.65,-1.31,209,15.87,-101,0,-2,-103,0,21,-21,-0.1,-21,0,0,0,21,0,0.1,0,14,-14,216,181,35,12.54,604.23,-24.46,-26.07,10886.47,0.77,11.64,2.44,6.15,0.16,51,12.37
1536,和大,52.2,52.3,52.3,0.7,1.36,3712,49.04,-47,0,45,-2,1637,1540,97,0.03,391,977,195,134,647,0.31,0.21,492,555,-63,1610,1644,-34,--,405.21,-18.03,-4.8,4701.53,-0.52,6.52,-1.91,0,12.76,8897,27.9
1537,廣隆,125,125.5,125.5,0,0,112,38.74,25,0,0,25,38,22,16,0.14,18,28,0,0,10,0.25,0.09,28,28,0,47,63,-16,16.51,575.53,4.94,-8.96,6539.56,2.11,20.29,3.84,5.74,0.16,32,8.21
1538,正峰,11.6,11.85,11.8,-0.2,-1.67,27,14.81,-3,0,0,-3,0,0,0,0,0,0,0,0,0,0,0,0,0,0,29,29,0,--,9.21,130.6,7.74,96.39,-1.11,15.69,-26.91,0,--,0,3.23
1539,巨庭,16.2,16.3,16.2,0.75,4.85,303,46.2,-5,0,-1,-6,0,0,0,0,0,0,0,0,0,0,0,0,0,0,305,305,0,405,104.99,59.87,-16.64,1166.3,0.08,8.51,0.33,0,7.84,1281,6.54
1540,喬福,21.05,21.15,21.1,-0.25,-1.17,546,43.98,-157,0,0,-157,173,173,0,0,-56,50,0,0,106,0.09,0.19,0,0,0,376,376,0,22.69,35.52,25.24,-24.12,440.55,0.32,24.28,1.81,4.74,8.87,1895,8.55
1541,錩泰,20.15,20.3,20.2,-0.5,-2.42,68,20.59,-7,0,-5,-12,0,0,0,0,0,0,0,0,0,0,0,0,0,0,68,68,0,8.9,200.94,25.95,-43.66,3224.75,0.48,18.74,1.77,0,0.54,106,7.88
1558,伸興,90.1,90.2,90.1,-0.7,-0.77,86,27.06,-12,0,0,-12,0,15,-15,-0.17,-15,0,0,0,15,0,0.17,15,13,2,73,60,13,16.03,701.46,0.3,11.2,8056.46,1.23,24.2,1.78,5.55,1.7,274,6.45
1560,中砂,720,721,720,32,4.65,1930,48.69,-57,6,24,-27,1371,1399,-28,-0.01,1257,1278,93,114,0,0.68,0.06,586,565,21,66,57,9,70.18,830.35,5.22,18.82,8802.65,2.94,35,5.18,0.69,5.52,2066,14.98
1563,巧新,46,46.05,46,-0.05,-0.11,801,49.81,-78,0,5,-73,222,110,112,0.14,-29,46,0,0,75,0.06,0.09,114,164,-50,472,534,-62,109.52,595.37,-11.93,5.74,6963.38,0.6,22.01,1.54,4.35,1.85,1043,22.56
1565,精華,93.3,93.4,93.3,-1.6,-1.69,219,30.73,-67,0,0,-67,33,26,7,0.03,-26,0,0,0,26,0,0.11,22,46,-24,174,157,17,13.35,303.81,-0.43,-16.62,3844.85,1.39,20.32,1.09,6.22,8.51,1073,5.04
1568,倉佑,31.95,--,31.95,2.9,9.98,2227,87.48,36,0,27,63,1273,668,605,0.27,1273,1273,0,0,0,0.57,0,262,286,-24,706,1286,-580,23.84,109.32,-0.6,32.75,1045.45,0.51,37,2.6,3.13,17.29,4457,10.31
1569,濱川,52.9,53,52.9,0.2,0.38,1150,31.23,-292,0,8,-284,197,320,-123,-0.11,-139,38,103,192,88,0.12,0.24,218,219,-1,754,629,125,--,266.77,-28.54,-10.79,3214.15,-0.73,7.14,-3.1,0,46.89,14235,14.42
1570,力肯,45.75,45.8,45.75,3.65,8.67,807,48.67,-61,0,0,-61,30,57,-27,-0.03,30,30,0,0,0,0.04,0,57,53,4,729,706,23,117.31,55.52,6.43,17.38,500.17,0.23,22.61,1.18,2.19,18.42,2372,5.15
1580,新麥,121.5,122,122,-0.5,-0.41,67,45.45,-5,0,0,-5,0,0,0,0,0,0,0,0,0,0,0,24,16,8,45,53,-8,9.68,417.46,18.77,-10.13,4841.96,2.73,43.36,4.36,6.97,0.26,32,4.93
1582,信錦,113.5,114,114,-1,-0.87,15240,42.52,-2499,0,106,-2393,7153,9815,-2662,-0.17,-3810,1286,3703,5000,3799,0.32,0.57,2341,1555,786,5941,4065,1876,41.45,770.93,3.99,-1.13,8542.73,0.35,19.97,0.71,2.63,28.02,10105,14.43
1583,程泰,47.5,47.9,47.5,0.25,0.53,37,50,3,0,1,4,0,0,0,0,0,0,0,0,0,0,0,0,0,0,38,38,0,17.03,440.43,6.28,40.74,4083.25,0.18,18.03,0.39,2.11,0.11,31,10.94
1584,精剛,20.2,20.25,20.2,0.55,2.8,1719,58.09,459,0,1,460,316,206,110,0.06,316,316,0,0,0,0.18,0,224,180,44,1188,1342,-154,77.69,194.18,30.37,-16.27,2393.11,0.09,10.8,0.41,1.24,12.01,6978,23.25
1586,和勤,22.15,22.35,22.15,-1.3,-5.54,432,27.06,-119,0,0,-119,0,0,0,0,0,0,0,0,0,0,0,0,26,-26,436,410,26,184.58,206.36,12.02,-4.54,2293.11,0.17,17.74,0.9,--,70.52,15312,10.68
1587,吉茂,28.3,28.45,28.3,-0.25,-0.88,610,32.01,24,0,-8,16,0,0,0,0,0,0,0,0,0,0,0,21,91,-70,597,527,70,69.02,197.97,-15.85,-11.76,2820.84,0.04,16.81,0.2,0,13.73,2747,8.01
1590,亞德客-KY,1450,1455,1450,40,2.84,571,40.28,24,-4,0,20,575,579,-4,-0.01,253,283,265,268,27,0.93,0.5,2,3,-1,13,8,5,31.74,4342.34,4.89,25.23,37122.07,13.35,47.97,5.16,2.01,0.46,228,20
1591,駿吉-KY,41.55,--,41.55,3.75,9.92,370,100,-3,0,0,-3,60,211,-151,-0.41,60,60,0,0,0,0.16,0,115,50,65,197,111,86,--,47.51,-5.03,510.67,283.85,-0.08,31.69,-0.66,0,--,1356,3.8
1593,祺驊,31.2,31.4,31.25,-0.15,-0.48,34,50,0,0,0,0,0,0,0,0,0,0,0,0,0,0,0,0,0,0,35,35,0,13.35,122.18,19.06,18.49,1303.22,0.58,30.71,2.18,6.4,1.64,163,3.98
1595,川寶,96,96.1,96,-2.1,-2.14,5215,41.53,-599,0,-3,-602,1442,2012,-570,-0.11,691,1038,92,104,335,0.22,0.09,958,1104,-146,2879,2162,717,--,57.63,-13.4,-24.09,655.62,-0.74,14.17,-1.49,0.52,52.53,7147,5.44
1597,直得,201,--,201,18,9.84,2222,88.25,206,0,69,275,1948,1724,224,0.1,1747,1761,187,201,0,0.83,0.09,113,244,-131,285,378,-93,173.28,153.9,27.72,70.97,1283.24,0.43,41.76,1.58,0.35,34.92,7792,8.93
1598,岱宇,20.05,20.15,20.15,0.05,0.25,409,34.8,50,0,22,72,0,60,-60,-0.14,-60,0,0,0,60,0,0.14,28,0,28,391,359,32,--,452.73,-32.76,-16.34,5799.07,0.25,42.12,0.77,0,4.8,2150,17.91
1599,宏佳騰,23.15,23.35,23.35,-0.15,-0.64,43,41.86,8,0,0,8,0,0,0,0,0,0,0,0,0,0,0,0,0,0,51,51,0,--,158.21,-35.72,8,2017.6,0.28,22.02,0.62,2.14,2.03,370,7.3
1603,華電,30.65,30.7,30.7,0,0,446,26.86,-111,0,19,-92,0,50,-50,-0.11,-50,0,0,0,50,0,0.11,70,20,50,381,381,0,13.77,575.32,7.1,17.88,5488.31,0.29,8.83,0.6,6.51,4.62,2216,19.17
1604,聲寶,23.1,23.2,23.2,0,0,546,57.88,-153,0,-1,-154,228,0,228,0.41,0,0,0,0,0,0,0,92,141,-49,235,414,-179,14.87,815.21,4.35,2.93,8984.92,0.51,20.15,2.13,6.47,0.27,262,38.42
1605,華新,37.95,38,37.95,1.45,3.97,69266,54.15,11070,0,-391,10679,46154,40567,5587,0.08,35049,36899,9255,11105,0,0.66,0.16,6299,9221,-2922,17240,19905,-2665,27.7,15530.51,-1.22,-12.05,168327.19,0.81,7.77,2,1.32,4.73,52350,443.13
1608,華榮,34,34.05,34.05,0.75,2.25,4185,56.89,1389,-14,24,1399,1861,516,1345,0.32,1592,1490,371,269,0,0.44,0.06,526,881,-355,1834,2823,-989,9.23,1041.76,-19.13,8.04,12037.16,0.37,14.01,1.88,5.87,5.27,8331,63.28
1609,大亞,36,36.05,36,0.5,1.41,7866,53.86,2550,0,87,2637,3459,2541,918,0.12,2713,2595,864,746,0,0.44,0.09,994,1204,-210,3504,4211,-707,15.06,3124.83,1.17,16.23,32938.44,0.66,18.85,3.02,1.94,6.51,12780,78.53
1611,中電,11.4,11.45,11.4,-0.1,-0.87,757,30.79,57,0,0,57,0,0,0,0,0,0,0,0,0,0,0,0,99,-99,779,680,99,285,85.78,-6.54,-9.3,1025.29,0.13,38.27,1.04,7.02,4.26,3437,32.27
1612,宏泰,36.65,36.7,36.65,0.05,0.14,832,35.3,6,-13,-1,-8,79,222,-143,-0.17,-143,0,79,127,95,0.09,0.26,95,110,-15,665,507,158,12.22,673.31,-5.88,1.56,7691.08,0.82,17.4,3.14,6.82,1.8,1424,31.61
1614,三洋電,30.7,30.95,30.7,-0.1,-0.32,77,44.16,21,0,2,23,0,0,0,0,0,0,0,0,0,0,0,0,0,0,78,78,0,24.17,487.86,27.93,2.3,5234.57,0.47,18.47,2.16,3.16,0.53,357,26.91
1615,大山,42.75,42.85,42.8,-0.1,-0.23,215,42.25,-24,0,-10,-34,0,0,0,0,0,0,0,0,0,0,0,14,29,-15,210,195,15,9.03,497.86,-27.87,13.44,5581.12,0.94,23.41,3.98,6.07,0.32,155,19.67
1616,億泰,22.05,22.2,22.05,0,0,735,40.25,-120,0,15,-105,0,0,0,0,0,0,0,0,0,0,0,0,88,-88,740,652,88,18.38,439.17,6.85,8.53,5345.35,0.28,9.86,2.38,6.17,7.06,3426,19.41
1617,榮星,14.7,14.75,14.7,-0.2,-1.34,184,30.39,-48,0,4,-44,0,0,0,0,0,0,0,0,0,0,0,0,0,0,193,193,0,16.7,389.13,-3.39,23.66,3579.22,0.08,8.27,0.55,4.08,2.86,1210,16.95
1618,合機,39.7,39.75,39.75,0.45,1.15,1158,52,98,0,8,106,134,130,4,0,4,90,44,50,80,0.11,0.11,113,107,6,919,929,-10,8.74,184.7,-47.96,-76.96,4277.13,1.57,33.74,4.64,4.28,8.35,4023,19.27
1623,大東電,227.5,228.5,228,3.5,1.56,219,39.15,60,0,-21,39,50,102,-52,-0.23,-44,5,45,94,0,0.22,0.41,43,14,29,134,112,22,16.49,477.37,-26.15,-8.68,--,4.33,21.93,8.07,3.51,--,0,6.6
1626,艾美特-KY,9.95,9.96,9.95,-0.01,-0.1,73,57.75,31,0,0,31,0,0,0,0,0,0,0,0,0,0,0,0,0,0,83,83,0,--,960.28,8.03,-10.14,7512.41,-1.11,13.37,-6.08,0,6.86,2570,14.98
1702,南僑,32.9,32.95,32.9,-0.35,-1.05,662,49.7,-87,0,14,-73,31,0,31,0.05,0,0,0,0,0,0,0,92,103,-11,551,571,-20,53.93,1966.99,-4.78,-3.17,23058.81,0.12,24.11,0.59,4.86,0.55,408,29.41
1707,葡萄王,101.5,102,101.5,-1.5,-1.46,487,37.11,36,0,-4,32,155,282,-127,-0.25,-253,15,0,0,268,0.03,0.52,73,77,-4,285,153,132,12.69,806.39,-5.98,-6.01,10225.67,1.18,69.67,2.4,5.91,0.66,243,14.81
1708,東鹼,40,40.05,40.05,0.9,2.3,3431,60.56,292,0,12,304,1429,432,997,0.29,1285,1375,0,0,90,0.4,0.03,548,472,76,1488,2561,-1073,11.88,696.73,22.67,42,6397.71,1.11,30.57,3.75,4,8.78,5463,24.9
1709,和益,19.1,19.15,19.15,0.75,4.08,1654,61.75,222,0,20,242,384,163,221,0.13,384,384,0,0,0,0.23,0,225,82,143,1062,1426,-364,13.78,756.07,-17.44,3.29,8836.78,0.55,20.33,2.91,5.22,1.53,1821,47.7
1710,東聯,13.1,13.15,13.15,0.2,1.54,7509,60.61,1267,0,64,1331,3335,2422,913,0.12,-903,1057,0,0,1960,0.14,0.26,852,1604,-752,3344,3504,-160,--,2424.13,8.71,12.9,21743.21,-0.15,1.66,-1.71,0,3.51,7762,88.57
1711,永光,51.1,51.2,51.1,0,0,16619,49.45,1867,0,68,1935,7447,7678,-231,-0.01,-768,1494,4351,4284,2329,0.35,0.39,2445,2607,-162,6863,6470,393,--,721.65,-13.8,-1.37,7663.05,0.09,21.52,0.59,0,17.1,23423,54.78
1712,興農,39.4,39.45,39.4,-0.5,-1.25,1758,42.36,-492,0,13,-479,272,803,-531,-0.29,-775,0,0,0,775,0,0.43,291,289,2,1236,708,528,15.89,1913.83,2.07,9.4,18671.7,0.67,30.67,3.46,6.35,0.49,516,42.05
1713,國化,49,49.05,49,1.2,2.51,516,74.51,145,0,3,148,100,0,100,0.19,100,100,0,0,0,0.19,0,152,62,90,267,457,-190,10.94,40.63,-23.69,29.57,472.89,1.36,10.27,5.24,6.33,7.98,3011,15.1
1714,和桐,9.64,9.65,9.65,-0.02,-0.21,2511,32.88,-363,0,15,-348,0,269,-269,-0.11,-269,0,0,0,269,0,0.11,168,117,51,2361,2143,218,15.08,3183.68,13.72,71.71,27320.68,0.23,11.24,2.29,1.87,2.93,7262,99.18
1717,長興,82.2,82.3,82.2,-0.8,-0.96,48503,40.77,-760,500,-204,-464,26098,28506,-2408,-0.05,-7641,3009,15543,16784,9409,0.38,0.54,7147,7083,64,15750,13405,2345,55.54,4233.39,8.08,12.99,41353.84,0.37,22.16,1.48,1.22,8.43,24712,117.22
1718,中纖,6.4,6.41,6.4,-0.06,-0.93,4166,44.26,-436,0,150,-286,0,0,0,0,0,0,0,0,0,0,0,642,1117,-475,3560,3085,475,33.68,4445.46,40.6,4.23,45780.37,0.17,46.05,2.21,0,3.06,12887,168.59
1720,生達,61.4,61.5,61.4,-0.7,-1.13,398,33.88,-123,0,7,-116,45,150,-105,-0.26,-129,0,0,0,129,0,0.32,101,84,17,258,170,88,11.37,677.31,18.78,3.8,7058.44,1.3,43.62,3.25,4.89,0.84,376,17.87
1721,三晃,28.15,28.2,28.15,-0.85,-2.93,6242,33.84,-236,0,1,-235,823,1950,-1127,-0.18,-1950,0,0,46,1904,0,0.31,819,1071,-252,4648,3269,1379,--,153.25,10.14,7.65,1673.96,-0.36,-5.63,-4.05,0,--,129,18.49
1722,台肥,45.8,45.85,45.85,-0.2,-0.43,3027,36.58,-427,0,4,-423,1117,1572,-455,-0.15,-1522,0,50,39,1533,0.02,0.52,407,443,-36,1527,1036,491,44.09,1222.43,-11.03,8.35,12599.77,0.19,6.99,0.34,4.36,1.65,4053,98
1723,中碳,82.6,82.8,82.7,1,1.22,1429,57.35,468,0,60,528,353,220,133,0.09,232,257,65,90,0,0.22,0.06,302,290,12,801,946,-145,34.03,731.33,38.39,40.9,5656.39,0.77,24.93,2.25,2.24,1.56,925,23.69
1725,元禎,31.4,31.45,31.4,0.3,0.96,131,31.78,8,0,-3,5,0,0,0,0,0,0,0,0,0,0,0,0,0,0,132,132,0,19.38,1051.12,9.8,45.18,8390.76,0.23,4.81,0.62,3.41,0.6,274,18.18
1726,永記,76.7,77.3,77,0.3,0.39,27,11.54,0,0,2,2,0,0,0,0,0,0,0,0,0,0,0,0,0,0,28,28,0,12.98,950.56,-8.37,16.23,10025.09,2.03,29.03,3.08,4.81,0.02,8,16.2
1727,中華化,104.5,105,104.5,2.5,2.45,23921,47.98,-460,0,-146,-606,14637,15823,-1186,-0.05,822,2757,11416,12602,749,0.59,0.55,2987,3029,-42,6556,5328,1228,282.43,186.54,-19.36,12.07,2056.88,0.28,17.95,1.71,0.14,31.46,10069,12.8
1730,花仙子,52.5,52.8,52.7,0.2,0.38,63,6.45,-2,0,2,0,0,20,-20,-0.31,-20,0,0,0,20,0,0.31,10,0,10,55,45,10,11.38,194.23,9.59,8.67,2411.99,1.48,50.64,4.58,5.69,0.05,8,6.32
1731,美吾華,21.5,21.55,21.5,0,0,151,22.52,-2,0,9,7,0,0,0,0,0,0,0,0,0,0,0,0,30,-30,154,124,30,15.36,133.14,-3.09,6.7,1622.44,0.43,62.29,2.63,5.67,0.78,260,13.29
1732,毛寶,26.4,26.5,26.4,-0.15,-0.56,196,36.41,-27,0,0,-27,0,0,0,0,0,0,0,0,0,0,0,0,0,0,198,198,0,29.33,63.84,6.97,9.62,693.49,0.35,41.83,3.02,2.27,5.02,533,4.24
1733,五鼎,29.8,29.9,29.9,0.25,0.84,388,20,-95,0,4,-91,232,72,160,0.41,-72,0,0,0,72,0,0.19,25,122,-97,132,195,-63,16.43,151.04,6.83,-19.34,1869.65,0.81,33.8,4.41,4.35,10.43,2606,10
1734,杏輝,30.5,30.55,30.5,-0.25,-0.81,551,31.64,-183,0,8,-175,97,129,-32,-0.06,-129,0,0,0,129,0,0.23,75,141,-66,389,291,98,17.73,291.46,-8.11,7.56,3412.14,0.39,43.85,1.81,5.25,1.06,502,19.02
1735,日勝化,26.95,27,26.95,0.15,0.56,866,30.59,-19,0,-1,-20,0,0,0,0,0,0,0,0,0,0,0,67,153,-86,805,719,86,33.27,266.01,1.29,29.22,2337.09,0.2,19.26,1.25,2.41,3.63,902,9.94
1736,喬山,119,119.5,119,0.5,0.42,514,39.88,8,0,2,10,215,249,-34,-0.06,-172,22,0,0,194,0.04,0.37,119,136,-17,195,144,51,14.46,3998.08,-6.31,6.4,55724.21,0.08,51.33,0.17,3.78,2.56,1943,30.34
1737,臺鹽,31.5,31.55,31.5,-0.05,-0.16,215,52.56,19,0,5,24,42,40,2,0.01,0,0,0,0,0,0,0,65,56,9,114,125,-11,15.83,263.28,-11.52,2.82,3283.68,0.47,40.4,1.38,4.44,0.07,35,20
1742,台蠟,15.1,15.3,15.2,0.2,1.33,54,58.49,1,0,0,1,0,0,0,0,0,0,0,0,0,0,0,0,0,0,55,55,0,--,8.62,18.48,-29.31,84.91,-0.13,6.78,-0.97,0,29.12,3393,9.27
1752,南光,32.35,32.65,32.4,-0.35,-1.07,143,15.49,-10,0,0,-10,0,0,0,0,0,0,0,0,0,0,0,18,18,0,126,126,0,15.96,196.74,21.61,10.15,2130.5,0.32,35.4,1.32,4.94,1.37,345,10.1
1760,寶齡富錦,61,61.1,61,-0.8,-1.29,271,22.18,-99,0,-2,-101,0,17,-17,-0.06,-17,0,0,0,17,0,0.06,20,49,-29,256,210,46,24.5,144.63,-3.47,6.98,2110.59,0.6,51.87,2.73,3.28,4.77,1022,8.57
1762,中化生,40.1,40.25,40.2,2.25,5.93,1056,46.74,341,0,20,361,33,35,-2,0,33,33,0,0,0,0.03,0,148,56,92,892,982,-90,--,130.98,-0.35,75.98,1029.7,1.64,41.69,2.89,0,4.06,781,7.69
1773,勝一,188.5,189,189,4.5,2.44,1945,57.37,-136,210,12,86,893,960,-67,-0.03,523,643,250,370,0,0.44,0.18,414,349,65,709,707,2,26.07,1185.6,5.64,31.81,12078.75,2.02,37.55,5.18,2.12,1.82,1365,30
1776,展宇,18.6,18.7,18.6,-0.35,-1.85,346,30.43,-7,0,5,-2,80,0,80,0.23,80,0,80,0,0,0.23,0,31,82,-51,236,265,-29,37.96,98.79,-23.11,9,1038.8,0.35,23.08,2.48,3.23,6.19,930,6.01
1777,生泰,71.5,71.7,71.5,0,0,15,60,2,0,0,2,0,0,0,0,0,0,0,0,0,0,0,0,0,0,16,16,0,12.37,101.29,16.01,-7.52,1251.82,1.61,40.35,2.82,5.59,0.34,38,4.46
1781,合世,10.9,10.95,10.9,-0.1,-0.91,53,28.3,2,0,0,2,0,0,0,0,0,0,0,0,0,0,0,0,0,0,53,53,0,--,22.16,-19.34,-3.23,372.19,-0.19,12.52,-2.81,0,--,0,4.74
1783,和康生,38.45,38.5,38.45,-0.55,-1.41,388,14.69,-92,0,0,-92,181,154,27,0.07,-154,0,0,0,154,0,0.39,20,47,-27,191,191,0,12.73,61.27,-12.4,15.84,833.63,0.59,70.5,3.34,5.2,4.07,823,8.97
1784,訊聯,69.5,69.6,69.5,-1.8,-2.52,343,28.57,-120,0,-6,-126,20,15,5,0.01,-15,0,0,0,15,0,0.04,21,104,-83,313,235,78,75.54,116.5,-8.39,13.51,1274.36,0.25,53.81,-0.05,1.25,14.51,1927,5.31
1785,光洋科,151,151.5,151,7,4.86,25862,53.98,-3794,-164,17,-3941,17933,18511,-578,-0.02,13441,14626,2980,3660,505,0.67,0.16,2741,2508,233,5512,5167,345,29.78,5595.66,-6.05,49.08,47715.89,2.54,18.23,9.87,1.32,29.38,43768,59.6
1786,科妍,55.1,55.5,55.1,-3.1,-5.33,480,19.4,-45,0,-11,-56,0,46,-46,-0.09,-46,0,0,0,46,0,0.09,67,145,-78,423,299,124,32.41,63.23,-15.5,0.12,887.69,0.29,70.72,1.14,3.47,29.99,5610,7.48
1788,杏昌,134.5,135,134.5,-1,-0.74,101,28.71,2,0,0,2,18,65,-47,-0.44,-65,0,0,0,65,0,0.6,16,19,-3,74,24,50,15.42,369.64,-5.7,2.56,4382.15,2.34,28.53,3.36,5.2,0,0,4.45
1789,神隆,19,19.05,19.05,-0.3,-1.55,1290,33.85,308,0,-10,298,0,482,-482,-0.37,-482,0,0,0,482,0,0.37,190,175,15,1105,638,467,136.07,255,-21.6,12.51,3165.13,0.02,33.58,0.16,1.52,1.44,2838,79.07
1795,美時,197.5,198,197.5,-3.5,-1.74,2481,28.29,-486,3,-56,-539,1239,1686,-447,-0.17,-1562,63,0,10,1615,0.02,0.63,357,320,37,988,578,410,13.69,3085.76,-29.13,19.91,24928.34,2.18,50.73,2.37,1.36,13.79,9201,26.69
1796,金穎生技,37.25,37.4,37.25,-1.25,-3.25,13,46.15,-5,0,0,-5,0,0,0,0,0,0,0,0,0,0,0,0,0,0,13,13,0,98.03,51.41,-2.54,-12.65,656.43,-0.16,18.32,-0.84,1.88,3.21,333,4.15
1799,易威,33.5,33.7,33.7,-0.45,-1.32,295,33.22,43,0,0,43,0,0,0,0,0,0,0,0,0,0,0,0,64,-64,300,236,64,--,88.54,-11.57,240.44,745.09,0.16,52.16,3.06,0,--,0,12.47
1802,台玻,73.9,74,73.9,3.4,4.82,183583,56.69,43213,11,1315,44539,135638,127238,8400,0.05,130529,132139,3499,5109,0,0.73,0.03,20587,26570,-5983,29060,31477,-2417,568.46,3930.04,-5.03,6.46,42455.07,0.2,19.23,1.14,0,7.91,57528,290.81
1805,寶徠,10,10.05,10,-0.1,-0.99,125,39.2,11,0,9,20,0,0,0,0,0,0,0,0,0,0,0,50,0,50,77,127,-50,76.92,0.11,-99.89,-98.6,292.04,0.14,35.31,1.12,0,4.59,1550,13.5
1806,冠軍,8.04,8.05,8.04,-0.02,-0.25,817,29.38,-117,0,0,-117,0,0,0,0,0,0,0,0,0,0,0,0,179,-179,836,657,179,57.43,280.41,10.16,-10.18,3031.51,-0.1,16.13,-0.75,1.87,3.06,2983,39.04
1808,潤隆,28.95,29,28.95,0.3,1.05,1819,37.97,-449,0,-2,-451,664,443,221,0.12,74,374,0,0,300,0.2,0.16,457,358,99,743,1063,-320,10.8,2246.36,2.02,6493.74,14069.45,1.06,27.35,7.1,5.18,2.69,6012,89.3
1809,中釉,45.65,--,45.65,4.15,10,5328,63.69,-229,0,21,-208,1064,929,135,0.03,1064,1064,0,0,0,0.23,0,927,542,385,3424,3944,-520,240.26,215.79,13.66,-10.68,2488.36,0.05,19.37,-0.01,0.55,19.95,8330,16.7
1810,和成,18.85,18.9,18.9,-0.15,-0.79,1447,38.84,92,0,-1,91,0,60,-60,-0.04,-60,0,0,0,60,0,0.04,273,191,82,1182,1204,-22,5,370.5,1.38,-6.22,4458.49,3.64,17.36,14.54,1.06,24.84,18775,30.23
1813,寶利徠,12.15,12.2,12.15,0,0,48,37.5,-1,0,0,-1,0,0,0,0,0,0,0,0,0,0,0,0,0,0,55,55,0,--,26.64,-0.39,-0.29,294.32,0.11,-10.09,0.32,0,0.33,39,4.66
1815,富喬,109,109.5,109,2,1.87,32926,48.29,-905,-116,-71,-1092,24791,25933,-1142,-0.03,8663,10523,13858,15069,649,0.73,0.47,3769,3478,291,4747,3897,850,55.9,733.78,7.72,53.16,6728.3,0.79,35.97,3.55,0.92,48.7,71284,58.55
1817,凱撒衛,39.3,39.45,39.3,-0.05,-0.13,54,40.74,11,0,0,11,0,0,0,0,0,0,0,0,0,0,0,0,0,0,55,55,0,9.38,223.25,-1.98,-2.21,2607.96,1.21,38.82,3.77,5.6,0.1,19,7.26
1903,士紙,50.2,50.3,50.2,2.25,4.69,601,54.69,-94,0,20,-74,59,21,38,0.06,59,59,0,0,0,0.1,0,114,115,-1,433,470,-37,38.91,13.49,-3.21,10.8,153.72,-0.07,65.99,-0.35,0,4.5,2927,26
1904,正隆,19.25,19.3,19.3,0.2,1.05,2318,47.12,707,0,37,744,433,181,252,0.11,250,373,0,0,123,0.16,0.05,454,512,-58,1468,1662,-194,15.82,3958.96,-4.57,16.52,43679.67,0.56,20.63,2.06,2.33,0.96,2671,110.83
1905,華紙,12.2,12.25,12.25,0.15,1.24,5948,48.76,301,0,40,341,1506,1668,-162,-0.03,-872,555,0,0,1427,0.09,0.24,843,1066,-223,3632,3247,385,--,1584.51,-13.76,-5.45,18240.22,-0.16,5.24,-0.95,0,3.45,9510,110.28
1906,寶隆,10.5,10.6,10.5,0,0,198,83.33,-1,0,-2,-3,0,0,0,0,0,0,0,0,0,0,0,120,120,0,94,94,0,--,245.64,-31.35,-20.7,3062.45,-0.03,8.01,-0.14,0,19.25,7267,15.1
1907,永豐餘,24.8,24.85,24.85,0.4,1.64,1066,55.17,246,0,7,253,0,0,0,0,0,0,0,0,0,0,0,339,253,86,737,823,-86,17.75,6791.2,-3.42,8.24,74050.87,0.13,13.5,0.27,4.02,5.88,24403,166.04
1909,榮成,8.91,8.92,8.91,-0.05,-0.56,4432,51.62,-930,0,23,-907,998,803,195,0.04,-803,0,0,0,803,0,0.18,846,983,-137,2599,2657,-58,--,4351.14,4.98,7.01,45531.41,-0.02,10.31,-0.14,0,2.46,8160,132.77
2002,中鋼,19.95,--,19.95,1.8,9.92,208815,78.74,25870,0,3775,29645,148670,131751,16919,0.08,148670,148670,0,0,0,0.71,0,16561,23888,-7327,44702,54294,-9592,--,30891.43,7.93,2.15,313796.66,-0.16,3.33,-0.56,0.75,1.55,60872,1573.49
2006,東和鋼鐵,66.3,66.4,66.3,0.8,1.22,3397,58.49,1188,-24,-3,1161,2164,2153,11,0,2120,2121,43,44,0,0.63,0.01,431,439,-8,839,842,-3,10,5390.64,0.58,-3.2,56911.68,1.66,14.74,3.64,6.49,0.6,1093,73.02
2007,燁興,7.66,--,7.66,0.69,9.9,1434,83.62,280,0,12,292,0,0,0,0,0,0,0,0,0,0,0,194,277,-83,1251,1168,83,--,397.41,7.56,-21.69,4621.87,-0.45,-8.42,-5.87,0,--,5,53.07
2008,高興昌,27.6,27.8,27.75,0.2,0.73,19,33.33,7,0,-1,6,0,0,0,0,0,0,0,0,0,0,0,0,0,0,21,21,0,37,150.29,16.2,-21.9,1668.42,0.13,17.22,0.64,3.6,0.37,178,19.09
2009,第一銅,40.65,40.7,40.65,1.35,3.44,3676,57.11,1244,0,80,1324,1526,677,849,0.23,1489,1526,0,37,0,0.41,0.01,522,465,57,1672,2578,-906,71.32,292.48,7.82,12.72,3120.64,0.21,11.23,0.85,0.98,7.49,6738,35.96
2010,春源,23.05,23.1,23.05,0.65,2.9,2806,56.83,-12,0,4,-8,409,489,-80,-0.03,409,409,0,0,0,0.15,0,653,619,34,1757,1711,46,9.89,2142.7,-9.86,0.5,25090.17,0.57,10.61,2.9,8.68,1.26,2038,64.77
2012,春雨,14.9,15,15,0.8,5.63,253,62.45,-3,0,-1,-4,0,0,0,0,0,0,0,0,0,0,0,0,0,0,256,256,0,--,700.36,18.21,-0.28,8005.85,-0.12,11.33,-0.61,2,0.11,82,30.22
2013,中鋼構,42.8,42.95,42.8,0.9,2.15,262,42.15,-13,0,7,-6,0,0,0,0,0,0,0,0,0,0,0,23,31,-8,243,235,8,13.25,1856.87,25.41,-9.14,20213.62,0.66,4.88,2.31,5.61,2.89,1444,20
2014,中鴻,18.85,--,18.85,1.7,9.91,27058,79.78,12329,0,275,12604,19755,11176,8579,0.32,19755,19755,0,0,0,0.73,0,2148,3496,-1348,5261,12493,-7232,--,2029.45,20.73,-9.99,17550.28,-0.1,-0.95,-1.22,0,--,2034,143.55
2015,豐興,62.7,62.8,62.8,1.2,1.95,555,53.69,393,-5,7,395,219,285,-66,-0.12,219,219,0,0,0,0.39,0,133,70,63,205,202,3,15.82,2425.95,-8.33,-9.64,27725.2,0.91,12.81,2.4,5.25,0.03,48,58.16
2017,官田鋼,9.2,9.21,9.2,0.68,7.98,2811,60.94,173,0,5,178,0,0,0,0,0,0,0,0,0,0,0,0,140,-140,2840,2700,140,--,253.48,13.63,6.85,2688.85,-0.14,2.64,-1.26,0,6.59,7365,44.69
2020,美亞,21.75,21.8,21.75,0.45,2.11,982,59.8,55,0,0,55,0,54,-54,-0.05,0,0,0,0,0,0,0,153,125,28,841,815,26,11.21,408.76,16.04,1.39,4677.91,0.4,22.31,2.49,8.28,1.15,771,26.7
2022,聚亨,8.19,8.2,8.2,0.61,8.04,3926,54.73,238,0,1,239,0,0,0,0,0,0,0,0,0,0,0,397,253,144,3581,3725,-144,--,1131.64,-8.67,58.73,11031.04,-0.09,6.34,-0.32,0,1.34,1126,33.72
2023,燁輝,13.95,14,13.95,0.25,1.82,5525,56.84,-164,0,91,-73,1090,975,115,0.02,879,1090,0,0,211,0.2,0.04,1001,1496,-495,3489,3109,380,--,5990.26,-3.04,-6.91,64861.28,-0.4,8.54,-2.57,0,0.84,3917,184.12
2024,志聯,14.15,14.35,14.25,0.15,1.06,44,54.55,-5,0,0,-5,0,0,0,0,0,0,0,0,0,0,0,0,0,0,47,47,0,203.57,92.04,-4.4,0.86,969.39,0.16,8.37,1.39,0,0.23,56,9.75
2025,千興,12.4,12.5,12.5,0.1,0.81,849,35.78,99,0,-6,93,0,93,-93,-0.11,-93,0,0,0,93,0,0.11,0,165,-165,860,602,258,78.13,200.8,23.81,112.02,1110.88,0.47,22.21,5.24,0,--,0,17.27
2027,大成鋼,43.8,43.85,43.8,1.85,4.41,37304,59.24,11992,-620,749,12121,26274,19164,7110,0.19,26274,26274,0,0,0,0.7,0,3329,4638,-1309,8020,13821,-5801,14.08,12404.84,9.04,37.67,110398.06,1.17,27.32,3.86,3.42,5.31,34304,258.43
2028,威致,18.25,18.3,18.25,1.15,6.73,608,62.71,110,0,-6,104,0,0,0,0,0,0,0,0,0,0,0,0,0,0,613,613,0,52.14,598.84,-39.94,-31.99,8383.04,0.15,5.05,1.02,1.1,1.44,1171,32.57
2029,盛餘,20.65,20.7,20.7,0.4,1.97,663,55.66,83,0,7,90,0,0,0,0,0,0,0,0,0,0,0,27,99,-72,638,566,72,33.39,1242.29,-0.44,2.14,12610.36,0.42,14.15,1.39,2.9,0.51,413,32.12
2030,彰源,18.5,18.55,18.5,1.4,8.19,5022,60.09,743,0,28,771,682,447,235,0.05,682,682,0,0,0,0.14,0,557,789,-232,3806,3809,-3,28.46,1008.24,2.5,9.07,10196.29,0.61,15.07,3.4,2.7,3.31,2323,28.05
2031,新光鋼,39.6,39.65,39.6,1.35,3.53,1701,55.24,387,-13,7,381,193,171,22,0.01,193,193,0,0,0,0.11,0,329,276,53,1196,1271,-75,8.67,1701.79,-4.73,-10.72,16142.04,0.22,12.37,0.67,6.31,1.44,1154,32.11
2032,新鋼,18.15,--,18.15,1.65,10,2990,82.54,522,0,37,559,1265,519,746,0.25,1265,1265,0,0,0,0.42,0,292,359,-67,1448,2127,-679,21.1,313.47,2.71,12.51,3091.82,0.49,11.9,3.65,2.75,8.21,2679,13.05
2033,佳大,15.55,15.6,15.6,0.15,0.97,460,51.91,27,0,-7,20,0,0,0,0,0,0,0,0,0,0,0,0,0,0,461,461,0,47.27,63.72,-5.84,12.18,705.12,0.09,15.54,0.7,0,13.2,2663,8.07
2034,允強,20.75,20.8,20.8,1,5.05,3477,56.66,1016,0,41,1057,847,492,355,0.1,847,847,0,0,0,0.24,0,685,461,224,1967,2546,-579,--,1085.59,-2.54,2.28,11768.18,0,8.41,0.02,4.81,3.58,4731,52.9
2035,唐榮,27.3,28.3,28.35,0,0,8,100,0,0,0,0,0,0,0,0,0,0,0,0,0,0,0,0,0,0,9,9,0,--,1127.73,23.67,-2.51,9519.38,0.33,4.23,4.89,0,--,0,35
2038,海光,14.5,--,14.5,1.3,9.85,1785,85.8,164,0,20,184,653,0,653,0.36,653,653,0,0,0,0.36,0,294,234,60,865,1578,-713,--,734.05,-5.85,-14.72,8214.17,0.16,1.9,0.67,0,10.74,5213,19.41
2049,上銀,395,395.5,395,18.5,4.91,7574,55.75,1507,0,219,1726,5609,4774,835,0.11,5609,5609,0,0,0,0.71,0,635,955,-320,1621,2137,-516,86.06,2474.15,4.96,20.69,25227.24,1.64,31.94,1.46,0.51,5.65,4997,35.38
2059,川湖,4980,5005,4980,-110,-2.16,236,18.43,-99,-7,4,-102,244,263,-19,-0.08,-240,8,8,8,248,0.06,1.02,10,3,7,20,8,12,43.9,2595.89,35.33,79.14,20143.24,36.58,77.74,11.71,1.02,2.08,496,9.53
2061,風青,29.3,--,29.3,2.65,9.94,2687,75.1,311,0,1,312,1037,639,398,0.15,1037,1037,0,0,0,0.39,0,396,505,-109,1263,1553,-290,--,118.29,5.89,6.47,1232.62,0.3,12.58,2.77,0,27.19,3900,5.74
2062,橋椿,18.25,18.3,18.3,-0.2,-1.08,836,31.29,-9,-260,6,-263,0,68,-68,-0.08,-68,0,0,0,68,0,0.08,0,212,-212,841,561,280,87.14,620.11,-8.06,23.18,6510.95,0,10.6,0,5.46,3.48,1742,20
2063,世鎧,25.15,25.2,25.15,-0.15,-0.59,36,33.33,4,0,0,4,0,0,0,0,0,0,0,0,0,0,0,0,0,0,37,37,0,16.66,86.86,-0.23,14.01,948.75,0.33,21,1.71,5.96,0.82,99,4.81
2064,晉椿,13.05,13.35,13.3,0.25,1.92,88,43.18,1,0,0,1,0,0,0,0,0,0,0,0,0,0,0,0,0,0,88,88,0,--,161.94,-6.07,24.74,1678.07,0,6.19,-0.02,0,0.1,17,6.93
2065,世豐,35.5,35.55,35.5,0.35,1,166,23.78,4,0,0,4,94,0,94,0.55,94,94,0,0,0,0.55,0,15,23,-8,62,148,-86,29.1,186.18,0.02,5.19,2054.78,0.92,18.1,3.3,4.23,0.94,149,6.35
2066,世德,57.6,57.9,57.6,-0.3,-0.52,204,43.84,47,0,0,47,0,0,0,0,0,0,0,0,0,0,0,25,14,11,182,193,-11,46.08,231.74,-8.82,8.61,2595.86,1.96,35.94,4.01,3.73,34.31,3813,4.44
2067,嘉鋼,6.7,6.73,6.73,-0.19,-2.75,84,20.73,-8,0,0,-8,0,0,0,0,0,0,0,0,0,0,0,0,0,0,84,84,0,--,77.02,-12.4,-22.97,990.19,-0.68,4.57,-12.85,0,--,0,4.51
2069,運錩,19.55,19.65,19.55,0.35,1.82,823,40.85,222,0,9,231,0,118,-118,-0.14,0,0,0,0,0,0,0,42,179,-137,783,528,255,10.63,858.28,-2.58,-14.32,9579.35,0.64,12.06,2.49,5.12,1.7,709,16.64
2070,精湛,68.6,68.7,68.6,1.8,2.69,1332,57.43,21,0,0,21,191,130,61,0.05,191,191,0,0,0,0.14,0,192,215,-23,958,996,-38,37.28,69.75,-7.84,55.42,732.95,0.28,46.63,1,2.19,14.08,1471,4.18
2072,世紀風電,167.5,168,167.5,-1.5,-0.89,578,35.45,-3,0,1,-2,164,248,-84,-0.14,-227,9,6,0,242,0.03,0.41,130,158,-28,302,189,113,12.82,1637.46,14.07,78.33,--,5.26,30.92,4.2,4.23,--,0,19.2
2073,雄順,25.05,26,25.9,0,0,6,100,0,0,0,0,0,0,0,0,0,0,0,0,0,0,0,0,0,0,6,6,0,--,66.34,39.16,35.97,541.43,-0.28,5.76,-1.89,1.16,--,0,2.75
2101,南港,30.15,30.2,30.2,-0.5,-1.63,3672,43.47,49,0,18,67,1398,1758,-360,-0.1,-1758,0,0,0,1758,0,0.47,412,585,-173,1915,1383,532,9.9,2058.84,-52.19,150.65,13025.32,1.86,41.26,10.29,2.32,14.64,26870,73.39
2102,泰豐,18.05,18.15,18.05,-0.25,-1.37,417,32.13,-178,0,-15,-193,0,0,0,0,0,0,0,0,0,0,0,161,48,113,264,377,-113,2.87,13.16,-7.6,-29.93,225.5,0.01,15.08,0.06,0,3.44,4069,47.33
2103,台橡,19.5,19.55,19.5,-0.3,-1.52,5569,36.68,815,0,196,1011,1505,2083,-578,-0.1,-2083,0,0,0,2083,0,0.37,789,1122,-333,3296,2385,911,29.1,3907.13,1.95,18.98,37050.15,0.53,12.25,2.3,1.38,5.65,11662,82.57
2104,國際中橡,10.05,10.1,10.05,0.1,1.01,2857,49.43,518,0,-45,473,312,0,312,0.11,312,312,0,0,0,0.11,0,529,211,318,2036,2666,-630,--,1409.92,42.3,-15.6,14407.12,-0.81,-16.88,-3.93,0,8.49,20903,98.47
2105,正新,31.95,32,31.95,0.05,0.16,10105,54.03,-2390,-630,246,-2774,7480,7240,240,0.02,1069,3606,1902,1915,2524,0.54,0.44,974,712,262,1679,2181,-502,19.72,8639.89,-6.8,9.94,91809.56,0.57,24.84,2.15,5.63,1.13,9167,324.14
2106,建大,16.6,16.65,16.65,-0.05,-0.3,1884,37.96,-86,0,-21,-107,663,753,-90,-0.05,-753,0,0,0,753,0,0.4,210,304,-94,1031,847,184,92.5,3379.61,-2.86,8.93,34121.42,0.12,19.75,0.57,3.9,1.22,2915,95.49
2107,厚生,24.9,25,24.9,-0.35,-1.39,496,29.1,-294,0,8,-286,139,55,84,0.17,-55,0,0,0,55,0,0.11,115,121,-6,251,329,-78,17.29,107.02,-16.35,3.48,1383.13,0.23,33.26,0.52,5.62,0.25,188,30.36
2108,南帝,27.35,27.4,27.4,-0.55,-1.97,2203,40.29,7,0,1,8,209,626,-417,-0.19,-585,0,0,0,585,0,0.26,346,305,41,1663,1287,376,31.49,1309.89,33.48,47.3,10291.51,0.34,27.24,1.7,3.65,2.02,2490,49.24
2109,華豐,13.95,14,13.95,-0.05,-0.36,202,51.98,31,0,0,31,0,0,0,0,0,0,0,0,0,0,0,0,0,0,204,204,0,11.63,408.82,10.93,7.43,4411.28,0.41,22.76,2.81,7.17,1.07,748,27.93
2114,鑫永銓,91.4,91.6,91.6,1.5,1.66,144,59.72,27,0,3,30,0,20,-20,-0.13,0,0,0,0,0,0,0,56,28,28,93,101,-8,15.93,140.11,-0.22,6.39,1638,1.41,40.27,3.42,5.46,0.23,45,7.8
2115,六暉-KY,20.65,20.7,20.6,-0.1,-0.48,98,55.79,0,0,3,3,0,0,0,0,0,0,0,0,0,0,0,0,0,0,100,100,0,16.22,337.19,18.08,16.4,3017.04,0.27,18.4,0.84,5.83,2.99,781,10.44
2201,裕隆,27.4,27.45,27.45,0.6,2.23,4142,49.25,14,0,-59,-45,2000,1137,863,0.21,2000,2000,0,0,0,0.48,0,612,823,-211,1573,2225,-652,32.29,5824.01,-2.54,3.93,72273.24,0.35,32.99,1.11,2.04,4.63,12395,107
2204,中華,53.3,53.4,53.3,0.2,0.38,1600,50.56,-486,-11,-6,-503,1072,621,451,0.28,225,574,0,0,349,0.35,0.22,135,386,-251,409,609,-200,9.83,2819.36,-11.43,-5.23,33402.85,1.18,13.91,1.5,6.75,1.58,2183,55.36
2206,三陽工業,59.7,59.8,59.8,-0.3,-0.5,1631,35.81,-641,-9,9,-641,1391,948,443,0.27,-676,0,0,0,676,0,0.41,71,286,-215,179,407,-228,10.72,5248.21,-5.81,-8.9,62054.67,1.37,21.2,2.57,5.02,3.43,6728,78.37
2207,和泰車,460.5,461.5,460.5,-1.5,-0.32,397,22.19,-74,-67,1,-140,214,334,-120,-0.29,-307,5,0,0,312,0.01,0.75,49,21,28,152,60,92,13.26,30160.25,25.01,30.03,282974.93,7.95,19.18,4.38,4.34,0.07,104,55.71
2208,台船,18.15,18.2,18.15,-0.4,-2.16,6518,36.09,-1951,0,0,-1951,1514,3472,-1958,-0.3,-3472,0,0,0,3472,0,0.53,881,564,317,4185,2544,1641,--,1937.45,45.87,132.19,23724.74,0.07,0.05,1.19,0,--,0,127.45
2211,長榮鋼,92.8,92.9,92.9,0.9,0.98,898,55.69,-265,-28,3,-290,284,407,-123,-0.13,-126,120,20,18,248,0.15,0.29,121,135,-14,512,375,137,11.36,1295.22,-2.85,-7.13,14663.08,1.07,23.15,1.68,7,0.53,556,41.71
2221,大甲,44.35,44.4,44.35,-0.05,-0.11,692,34.08,76,0,0,76,0,89,-89,-0.13,-89,0,0,0,89,0,0.13,31,37,-6,668,573,95,18.87,140.43,7.03,17.06,1431.16,0.69,19.48,2.63,3.38,6.78,717,4.23
2227,裕日車,48.95,49,48.95,-0.25,-0.51,17,29.41,1,0,0,1,0,0,0,0,0,0,0,0,0,0,0,0,0,0,20,20,0,52.63,1232.36,3.67,4.58,13792.95,-0.89,11.08,-1.46,1.72,--,0,30
2228,劍麟,83,83.3,83,-0.6,-0.72,250,27.2,29,0,4,33,54,34,20,0.08,-34,0,0,0,34,0,0.13,31,26,5,171,196,-25,19.44,408.23,-8.38,-7.66,4861.3,0.87,22.39,1.35,5.42,9.52,1898,7.98
2230,泰茂,28.65,28.75,28.65,-0.85,-2.88,412,21.17,-147,0,0,-147,0,0,0,0,0,0,0,0,0,0,0,30,62,-32,390,358,32,--,181.23,-18.47,77.87,2386.5,-1.21,-1.69,-7.13,2.09,22.2,3775,6.8
2231,為升,105.5,106,105.5,-1,-0.94,437,34.64,57,0,-20,37,156,101,55,0.12,-101,0,0,0,101,0,0.23,78,128,-50,208,213,-5,--,273.67,12.13,8.16,3559.35,0.4,36.71,0.38,0.47,9.61,3264,13.59
2233,宇隆,380.5,381.5,381.5,34.5,9.94,3738,60.87,-19,0,75,56,2385,2332,53,0.01,1656,1932,426,658,44,0.62,0.18,440,486,-46,989,1006,-17,60.85,297.58,-1.76,8.32,3232.25,1.59,27.59,2.69,1.05,60.57,9129,6.03
2235,謚源,30.1,31,30.1,0,0,4,0,0,0,0,0,0,0,0,0,0,0,0,0,0,0,0,0,0,0,4,4,0,43,54.14,6.89,5.95,556.91,0.27,14.51,0.79,4.98,0.39,35,3.59
2236,百達-KY,144,144.5,144.5,-2,-1.37,720,30.74,-236,0,1,-235,282,400,-118,-0.16,-149,96,31,43,233,0.17,0.38,151,160,-9,292,166,126,--,954.69,-0.39,5.2,9824.04,0.19,13.57,0.37,0.45,76.37,11862,6.21
2239,英利-KY,22.25,22.45,22.4,0,0,71,47.89,11,0,6,17,0,0,0,0,0,0,0,0,0,0,0,0,0,0,71,71,0,--,1715.53,49.14,-6.66,18535.55,-1.68,8.41,-1.45,0,5.23,1538,11.77
2241,艾姆勒,38,38.05,38.05,0.2,0.53,3113,49.21,259,0,6,265,175,646,-471,-0.15,-307,74,71,331,121,0.05,0.14,675,435,240,2276,2045,231,--,95.47,37.43,65.61,862.46,-0.15,11.2,-0.7,0,22.1,5780,10.46
2243,宏旭-KY,23.45,23.5,23.5,0.7,3.07,951,49.68,-29,0,-26,-55,103,0,103,0.11,53,53,0,0,0,0.06,0,109,173,-64,742,781,-39,9.44,91.84,-38.19,15.41,2110.65,0.66,15.46,5.43,0,4.58,794,6.94
2247,汎德永業,205.5,206,205.5,-1.5,-0.72,69,18.18,-24,0,0,-24,20,22,-2,-0.03,-22,0,0,0,22,0,0.3,3,6,-3,51,46,5,12.94,3606.35,26.45,-29.1,45771.77,2.35,11.96,1.5,7.06,0.6,121,8.07
2248,華勝-KY,53.9,54.1,54.2,-0.4,-0.73,68,7.46,1,0,0,1,0,23,-23,-0.33,-23,0,0,0,23,0,0.33,0,10,-10,69,36,33,9.16,232.85,-9.09,58.99,2288.99,1.87,31.84,5.16,5.68,1.77,211,4.76
2250,IKKA-KY,62,62.1,62.1,-0.9,-1.43,155,18.54,-73,0,0,-73,0,0,0,0,0,0,0,0,0,0,0,10,13,-3,147,144,3,18.43,279.56,1.7,-8.54,3274.22,0.64,17.07,1.09,4.83,14.25,1296,3.64
2301,光寶科,227.5,--,227.5,20.5,9.9,32696,72.82,7035,365,1107,8507,28175,23684,4491,0.13,28146,28165,10,29,0,0.84,0,1455,3255,-1800,3921,6611,-2690,34.16,16694.76,1.28,24.51,176366.21,1.66,21.66,4.24,2.2,3.36,19467,231.61
2302,麗正,30.9,--,30.9,2.8,9.96,9344,81.08,-997,0,10,-987,4177,4729,-552,-0.06,4177,4177,0,0,0,0.45,0,871,1126,-255,4316,3509,807,39.11,98.38,36.62,26.94,889.47,0.25,32.72,2.31,1.13,12.22,5081,16.63
2303,聯電,125,--,125,11,9.65,337987,78.12,48520,-21406,5723,32837,319239,313714,5525,0.02,292967,305030,4574,5208,11429,0.91,0.05,9178,13962,-4784,12491,13259,-768,31.41,22663.95,8.8,10.8,242941.56,1.29,29.19,4.1,2.08,4.09,128726,1257.7
2305,全友,20.65,--,20.65,1.85,9.84,2643,99.8,-71,0,28,-43,2528,853,1675,0.63,2528,2528,0,0,0,0.96,0,56,585,-529,87,1234,-1147,76.48,119.66,33.74,81.07,881.35,0.16,42.21,2.04,0,9.53,4899,20.57
2308,台達電,2290,2295,2290,195,9.31,10124,62.74,4330,203,385,4918,11434,11202,232,0.02,11315,11315,119,119,0,0.98,0.01,69,206,-137,180,275,-95,84.44,58691.65,-1.82,43.92,613227.9,7.91,37,6.98,0.51,0.8,5178,259.75
2312,金寶,36.4,--,36.4,3.3,9.97,66204,85.54,11592,-2772,1358,10178,50760,52592,-1832,-0.03,46308,47508,3252,4452,0,0.76,0.07,5677,6655,-978,10226,7416,2810,34.67,12122.63,2.58,-3.49,156398.58,0.35,6.87,1.94,1.65,17.9,67369,150.58
2313,華通,298.5,299,298.5,20.5,7.37,97967,59.13,9606,840,764,11210,86022,86658,-636,-0.01,71694,73193,12829,14328,0,0.86,0.14,8407,8718,-311,6035,5094,941,52.65,6315.28,-9.04,-2.86,78627.81,1.26,17.98,3.18,0.94,15.32,45644,119.18
2314,台揚,16.4,16.45,16.4,0.6,3.8,980,35.74,1,0,0,1,0,278,-278,-0.28,-278,0,0,278,0,0,0.28,35,153,-118,968,572,396,--,195.16,22.96,89.93,1905.78,-0.97,14.44,-107.17,0,--,0,10.61
2316,楠梓電,168.5,--,168.5,15,9.77,5883,80.67,840,0,100,940,4480,3363,1117,0.19,4480,4480,0,0,0,0.76,0,458,862,-404,1004,1717,-713,10.99,429.72,6.39,74.29,4079.15,3.53,6.2,4.86,1.19,12.52,5722,18.27
2317,鴻海,260.5,261,261,11,4.4,118926,74.91,52052,1212,2523,55787,116183,114802,1381,0.01,116183,116183,0,0,0,0.94,0,4286,5678,-1392,2522,2510,12,18.54,832097.96,3.53,29.74,8777960.25,3.56,6.18,2.88,2.76,1.45,50957,1402.86
2321,東訊,12.8,12.95,13,0.2,1.56,4,75,0,0,0,0,0,0,0,0,0,0,0,0,0,0,0,0,0,0,6,6,0,--,59.5,-12.97,8.55,734.65,-0.12,32.7,0.46,0,--,0,3.03
2323,中環,10.65,10.7,10.7,0.5,4.9,16595,65.94,1114,816,348,2278,7180,5810,1370,0.08,4420,5487,926,1140,853,0.38,0.12,2328,2416,-88,7160,8442,-1282,4.91,601.76,-8.19,-1.53,7451.56,-0.41,26.38,-2.31,1.87,10.8,29422,108.93
2324,仁寶,34.65,--,34.65,3.15,10,278735,74.84,57815,-30324,1496,28987,236097,236270,-173,0,235248,235287,810,849,0,0.84,0,12858,14660,-1802,30920,28945,1975,26.25,71979.26,-19.3,15.54,769399.37,0.45,5.26,1.63,3.17,6.52,71816,440.71
2327,國巨*,691,--,691,62,9.86,65707,63.47,-927,2958,200,2231,63038,64168,-1130,-0.02,39944,41033,22005,23094,0,0.93,0.34,4120,3237,883,502,259,243,54.88,14039.1,3,22.04,142527.66,3.9,38.1,4.69,0.87,8.62,44615,51.79
2328,廣宇,56.5,56.6,56.5,1.7,3.1,27362,61.28,4704,167,122,4993,15188,12708,2480,0.09,11450,12747,2106,2608,795,0.54,0.12,4221,4723,-502,8149,10127,-1978,57.65,1735.75,15.05,-16.55,19967,-0.16,7.79,-0.62,1.59,15.96,20682,51.83
2329,華泰,56.3,56.4,56.4,1.8,3.3,11233,54.78,667,39,170,876,4903,4551,352,0.03,3589,4295,548,1045,209,0.43,0.11,1686,1800,-114,4730,4968,-238,25.52,1796.13,1.79,4.81,20548.75,0.33,12.79,2.08,1.77,12.74,20991,65.89
2330,台積電,2305,2310,2310,55,2.44,25146,66.24,4046,4129,97,8272,28041,28128,-87,0,28041,28041,0,0,0,0.99,0,113,71,42,95,52,43,31.06,410725.12,-1.08,17.5,4165062.23,22.08,66.25,10.06,0.95,0.4,26172,2593.24
2331,精英,21.8,21.85,21.8,0.95,4.56,12576,55.06,-2221,-8,120,-2109,3005,4154,-1149,-0.09,3005,3005,0,0,0,0.24,0,1583,1712,-129,8020,6742,1278,43.6,1925.31,6.05,13.04,21782.65,0.11,8.69,0.58,0,7.5,10451,55.74
2332,友訊,15.7,15.75,15.7,0.25,1.62,8692,45,1190,0,22,1212,3903,3358,545,0.06,128,708,2595,2320,855,0.38,0.36,1232,1018,214,3584,4347,-763,--,1205.41,-0.77,18.53,13660.91,-0.05,25.27,-0.18,0,12.52,18854,60.22
2337,旺宏,152.5,153,152.5,3,2.01,134310,52.54,12150,-659,-54,11437,111849,118520,-6671,-0.05,65455,90560,1637,1548,25194,0.68,0.2,11220,8353,2867,12741,8937,3804,--,5912.52,33.71,153.71,36793.6,0.9,40.8,3.69,0,22.3,110447,198.13
2338,光罩,57.1,57.2,57.1,2.7,4.96,16351,53.36,3000,0,455,3455,8054,5124,2930,0.18,5343,5520,1630,924,883,0.43,0.11,2526,3614,-1088,5970,7812,-1842,--,487.13,-10.22,-6.59,5914.42,0.52,17.55,3.01,0,9.33,7080,36.68
2340,台亞,39.65,39.7,39.7,1.05,2.72,20027,49.61,-2318,0,319,-1999,5318,7553,-2235,-0.11,3091,4448,458,695,1120,0.24,0.09,2645,2673,-28,12165,9902,2263,--,318.89,-8.68,-8.91,4282.49,-0.49,-3.96,-3.44,0,11.6,10977,43.86
2342,茂矽,43.1,43.15,43.15,1.75,4.23,8877,55.16,999,0,21,1020,2529,1715,814,0.09,1380,1252,1277,1149,0,0.28,0.13,1233,1242,-9,5169,5974,-805,--,171.63,4.06,-3.46,1966.46,-0.11,15.86,-0.72,0,13.06,5143,15.75
2344,華邦電,128.5,129,128.5,3.5,2.8,355112,56.28,72092,5251,309,77652,323567,322778,789,0,142353,190362,88070,89657,46422,0.78,0.38,18724,20244,-1520,15322,14591,731,38.13,19245.02,32.71,182.22,120092.56,2.25,53.37,8.54,0.39,10.39,116906,450
2345,智邦,2540,2545,2540,70,2.83,2528,51.12,256,-3,27,280,2577,2572,5,0,2258,2259,319,320,0,0.98,0.12,13,16,-3,43,46,-3,48.22,27360.3,9.39,53.87,285222.35,14.92,19.55,13.55,0.59,1.21,1703,56.11
2347,聯強,84.1,84.2,84.2,0.1,0.12,3816,36.05,1473,-1933,12,-448,3025,3186,-161,-0.04,-746,89,2246,2320,761,0.61,0.8,264,230,34,547,420,127,14.64,57336.4,2.28,83.28,471274.5,1.77,4.3,3.75,4.99,0.22,914,166.79
2348,海悅,68.3,68.4,68.3,-0.7,-1.01,583,20.97,-211,0,0,-211,60,148,-88,-0.14,-133,15,0,0,148,0.02,0.24,46,143,-97,502,317,185,13.77,139.6,-59.81,-82.39,6402.83,0.16,28.12,0.15,8.05,4.67,1774,15.19
2349,錸德,14.3,--,14.3,1.3,10,17376,76.9,3539,0,23,3562,8551,3772,4779,0.27,7559,7803,748,892,100,0.49,0.06,2722,3119,-397,6205,10587,-4382,--,755.28,10.11,-1.15,7416.8,0.02,21.21,-0.2,0,--,0,69.37
2351,順德,196,196.5,196.5,10,5.36,9111,57.23,1358,0,195,1553,6492,5713,779,0.08,5376,5462,1030,1116,0,0.7,0.12,1042,1297,-255,1720,2244,-524,86.95,1175.36,11.12,23.77,10760.17,1.22,19.12,3.13,0.56,62.49,28453,19.05
2352,佳世達,28.65,28.7,28.65,-0.1,-0.35,17183,44.15,-1571,578,-275,-1268,5865,8031,-2166,-0.12,-5083,138,2736,3733,4224,0.17,0.46,2311,2446,-135,9196,6895,2301,46.21,16813.65,-13.81,-1.84,209682.47,0.2,16.67,0.62,3.49,3.85,15195,158.05
2353,宏碁,32.5,--,32.5,2.95,9.98,95092,70.57,-10181,-925,519,-10587,63918,62564,1354,0.01,35933,44135,19783,27985,0,0.67,0.29,8227,10104,-1877,23445,22922,523,25,31311.75,4.74,68.39,299368.61,0.23,11.16,1.37,4,4.39,33476,304.79
2354,鴻準,61.1,61.2,61.1,0.9,1.5,13204,51.11,1445,11,-25,1431,6181,5523,658,0.05,864,265,5875,5150,126,0.46,0.4,2081,2318,-237,5080,5501,-421,28.96,6527.11,39.19,-49.36,145119.62,0.47,4.84,0.61,2.45,7.38,26088,141.45
2355,敬鵬,67,67.1,67,1.8,2.76,53204,45.69,-4551,0,177,-4374,26897,30935,-4038,-0.08,14658,18160,8737,12239,0,0.5,0.23,7219,6567,652,19521,16134,3387,39.64,1390.75,-1.34,-3.09,15901.33,0.62,12.08,1.41,1.49,21.43,21300,39.75
2356,英業達,65.4,--,65.4,5.9,9.92,134281,69.94,-14575,-214,122,-14667,100735,120341,-19606,-0.15,49389,68008,32728,51347,0,0.75,0.38,12562,5794,6768,21986,9149,12837,24.87,84786.84,-3.17,36.53,757132.45,0.68,5.08,3.24,3.06,3.17,28420,358.75
2357,華碩,709,710,709,27,3.96,6545,54.94,1477,1062,179,2718,6054,5211,843,0.12,6039,6047,7,15,0,0.88,0,721,1450,-729,125,239,-114,12.67,81915.5,-4.84,45.71,825285.63,13.19,14.86,3.63,5.92,1.1,2050,74.28
2359,所羅門,141.5,142,141.5,0.5,0.35,8487,45.68,-453,0,-22,-475,4426,4975,-549,-0.06,-668,90,4114,4518,354,0.49,0.56,1321,1234,87,2910,2447,463,72.94,357.18,27.87,20.74,3973.62,0.78,21.44,2.29,0.71,15.93,6830,17.15
2360,致茂,2455,2465,2460,190,8.37,2534,59.68,351,184,33,568,2623,2572,51,0.02,2562,2562,61,61,0,0.99,0.02,10,21,-11,30,70,-40,77.87,4865.72,11.44,128.89,36045.51,9.12,62.6,12.93,0.79,1.14,1216,42.52
2362,藍天,42.3,42.35,42.3,1.45,3.55,4242,48.3,-1025,0,5,-1020,534,1289,-755,-0.18,534,534,0,0,0,0.12,0,512,754,-242,3235,2238,997,20.34,1892.55,13.6,11.41,21387.95,0.61,20.88,0.8,4.73,1.7,2649,62.23
2363,矽統,69.1,69.2,69.2,2.5,3.75,44290,46.87,-6957,0,466,-6491,21418,25771,-4353,-0.1,13033,16403,4743,7486,627,0.47,0.18,6267,5615,652,16969,13268,3701,40.71,345.12,36.07,87.15,3562.19,0.17,28.79,0.45,0.87,17.04,21936,51.5
2364,倫飛,69,69.2,69.1,-0.6,-0.86,366,38.44,51,0,4,55,0,30,-30,-0.08,-30,0,0,0,30,0,0.08,90,86,4,285,259,26,17.67,175.64,35.69,51.41,1527.35,0.83,38.46,5.64,4.34,6.6,864,5.24
2365,昆盈,39.65,39.7,39.65,0.5,1.28,14113,46,-1275,0,124,-1151,5843,5918,-75,-0.01,4728,5162,521,522,433,0.4,0.07,1684,1898,-214,6662,6373,289,101.67,88.06,-13.9,19.57,981.15,0.14,39.26,0.98,0.76,17.87,9899,22.15
2367,燿華,70.1,70.2,70.1,3.3,4.94,93691,52.79,-2372,0,938,-1434,54124,57717,-3593,-0.04,47046,49955,4169,7078,0,0.57,0.07,13858,12933,925,26765,24106,2659,--,1201.61,-8.29,-22.5,15458.2,-0.4,5.77,-2.23,0.29,24.61,43447,70.63
2368,金像電,1425,1430,1425,95,7.14,6360,60.21,-1411,891,48,-472,6543,6483,60,0.01,5067,5052,1491,1476,0,0.98,0.22,24,35,-11,99,147,-48,64.16,7289.76,-1.29,58.41,69801.98,6.87,34.81,10.19,0.7,3.61,4690,51.92
2369,菱生,34.25,34.3,34.3,2.25,7.02,33995,60.22,8249,0,194,8443,18174,10864,7310,0.21,16825,17165,847,924,263,0.53,0.03,3297,5456,-2159,12747,17899,-5152,--,571.77,-4.03,30.2,6170.05,0.1,7.25,0.68,0,14.22,13512,38.01
2371,大同,30.4,30.45,30.4,0.9,3.05,32008,48.79,665,-9,548,1204,14399,15033,-634,-0.02,8861,10551,3848,5538,0,0.45,0.17,4779,4771,8,13042,12416,626,--,4138.89,-2.87,-3.5,51166.81,-0.05,16.44,-0.14,0,11.51,61883,215.08
2373,震旦行,57,57.3,57.3,0.5,0.88,36,68.57,0,0,0,0,0,0,0,0,0,0,0,0,0,0,0,0,0,0,38,38,0,15.53,946.78,17.83,-1.83,10592.77,0.72,45.13,1.92,6.46,0.07,43,23.62
2374,佳能,83.6,83.7,83.7,0.3,0.36,11143,45.52,-354,0,-138,-492,4350,4988,-638,-0.06,-922,47,3988,4133,824,0.36,0.44,2148,2097,51,4816,4229,587,30.11,1081.4,17.73,62.53,11487.68,0.73,24.32,2.72,2.39,26.97,22696,33.66
2375,凱美,138,138.5,138,3.5,2.6,39779,50.56,-5022,0,-55,-5077,24684,29916,-5232,-0.13,-29,4830,19280,23268,871,0.6,0.6,6256,4175,2081,9405,6254,3151,41.95,529.11,7.03,-0.29,5689.93,0.78,16.96,0.86,0.87,27.48,7467,10.87
2376,技嘉,336,336.5,336.5,14,4.34,16693,52.09,-649,647,121,119,13592,13865,-273,-0.02,13573,13587,5,19,0,0.79,0,1324,1244,80,2213,2019,194,15.72,52267.73,33.92,73.66,398420.14,7.86,12.01,8.8,3.57,6.43,10769,66.99
2377,微星,127,127.5,127,3,2.42,79204,47.95,-13959,1540,9,-12410,58169,65935,-7766,-0.1,30304,35684,22485,27865,0,0.72,0.35,11482,6469,5013,10828,8075,2753,13.27,16358.37,-8.33,-22.26,228229.99,4.04,15,6.24,3.31,9.94,20987,84.49
2379,瑞昱,583,585,583,5,0.87,3991,59.18,192,524,18,734,3614,3497,117,0.03,2563,2607,1005,1049,0,0.88,0.26,434,525,-91,63,89,-26,20.99,12719.1,2.88,11.28,125395.33,8.44,49.66,8.89,4.29,2.14,2753,51.55
2380,虹光,5.85,5.87,5.85,0.03,0.52,413,32.52,2,0,0,2,0,0,0,0,0,0,0,0,0,0,0,0,0,0,422,422,0,19.5,285.32,-8.86,3.95,3021.07,0.4,38.61,4.35,0,--,0,21.69
2382,廣達,316.5,318,316.5,0.5,0.16,46058,53.86,-19828,10192,411,-9225,42149,43795,-1646,-0.04,22922,24555,17595,19228,0,0.9,0.41,2767,1620,1147,1859,1361,498,15.94,339921.32,-6.31,120.71,2633148.95,5.5,4.78,8.97,4.93,1.2,11560,386.26
2383,台光電,5505,--,5505,500,9.99,1565,69.23,316,-11,54,359,1774,1696,78,0.04,1509,1503,271,265,0,0.99,0.15,9,43,-34,18,60,-42,119.41,13923.69,15.93,93.62,112357.31,14.9,29.42,10.86,0.45,1.95,1746,35.83
2385,群光,130.5,131,130.5,-1,-0.76,2945,45.01,-116,-292,170,-238,2234,2142,92,0.03,-777,15,1340,1074,1058,0.45,0.71,228,290,-62,527,557,-30,15.39,7272.74,-17.38,-9.37,94499.16,2,16.15,3.28,5.52,1.01,1926,76.01
2387,精元,39.95,40,39.95,0.3,0.76,785,44.19,148,0,10,158,47,30,17,0.02,-30,0,0,0,30,0,0.04,179,151,28,566,611,-45,14.27,1337.7,-21.64,-9.07,18437.51,0.49,11.65,1.11,10.01,3.63,1771,19.53
2388,威盛,84.2,84.3,84.2,-3.8,-4.32,23112,30.89,-5976,0,-445,-6421,6878,14181,-7303,-0.31,-12304,218,1324,2830,11016,0.07,0.59,4121,3242,879,12365,5939,6426,467.78,1114.12,-1.27,84.79,10140.82,0.08,23.95,0.02,0.06,9.54,13253,55.6
2390,云辰,10.45,10.55,10.5,-0.1,-0.94,1226,28.34,-308,0,32,-276,190,115,75,0.06,-115,0,0,0,115,0,0.09,195,0,195,866,1136,-270,--,51.61,1.3,-10.78,630.19,0.54,23.23,4.38,0,5.55,2671,19.26
2392,正崴,38.55,38.6,38.6,0.55,1.45,2365,43.46,368,0,28,396,509,327,182,0.08,152,130,349,289,38,0.2,0.14,248,371,-123,1645,1703,-58,--,6222.37,-22.37,-5.5,92999.4,-0.46,19.32,6.81,2.59,4.55,5832,51.23
2393,億光,65.3,65.6,65.6,0.4,0.61,2697,46.11,-459,482,6,29,1083,1238,-155,-0.06,-368,376,344,342,746,0.26,0.4,411,447,-36,1229,1038,191,15.66,1754.05,2.17,-2.92,19616.21,0.91,24.73,2,6.86,2.04,2259,44.34
2395,研華,498.5,499,498.5,29.5,6.29,4903,53.15,-1168,261,35,-872,3617,3949,-332,-0.06,2559,2705,912,1058,0,0.7,0.21,868,738,130,657,455,202,38.55,8269.47,7.41,34.61,76042.78,3.85,39.15,6.33,2.25,1.07,2321,86.83
2397,友通,64.9,65,64.9,2.8,4.51,1256,47.13,150,0,0,150,145,360,-215,-0.17,3,145,0,142,0,0.11,0.11,369,252,117,756,658,98,27.97,1235.4,8.05,38.33,11692.16,0.76,24.89,2.14,3.78,4.88,1400,11.45
2399,映泰,47.35,47.4,47.4,0.85,1.83,14299,51.47,1687,0,6,1693,4971,2986,1985,0.14,4220,4558,381,497,222,0.34,0.05,1989,2410,-421,7410,8974,-1564,30.38,178.13,34.68,21.9,1702.37,1.48,16.47,11.28,0,21.26,9468,17.81
2401,凌陽,29.45,29.5,29.45,-1.3,-4.23,26886,32.24,-4382,0,-241,-4623,6404,13039,-6635,-0.25,-12674,0,0,0,12674,0,0.47,3841,4008,-167,16826,10024,6802,--,684.72,-5.49,14.11,6584.89,-0.02,49.74,0.88,0,7.76,11489,59.2
2402,毅嘉,67.8,67.9,67.8,1.9,2.88,14923,50.27,-2686,-1560,361,-3885,5822,8736,-2914,-0.19,3283,4602,1083,2015,387,0.38,0.16,2477,1506,971,6759,4817,1942,34.77,1070.89,5.38,15.19,11370.36,0.07,12.82,0.28,2.95,20.51,15771,30.75
2404,漢唐,1245,1250,1245,90,7.79,5096,63.09,1306,403,185,1894,5418,5277,141,0.03,5117,5119,299,301,0,0.98,0.05,29,68,-39,100,207,-107,23.35,8106.87,5.39,102.23,78946.91,16.31,23.32,18.43,3.21,7.47,3558,19.06
2405,輔信,17.05,17.1,17.05,0.5,3.02,8367,52.35,1679,0,62,1741,2749,2266,483,0.06,2595,2749,0,154,0,0.33,0.02,1680,1569,111,3969,4563,-594,--,166.95,0.42,23.65,1761.54,0,44.93,0.01,0.59,10.98,9426,34.34
2406,國碩,33.85,33.9,33.9,2.15,6.77,13518,60.33,3249,0,2,3251,6520,3217,3303,0.24,5916,6182,338,604,0,0.48,0.04,1509,2090,-581,5555,8278,-2723,--,1053.24,5.99,143.29,8696.58,0.27,19.19,3.43,0,13.59,11925,35.09
2408,南亞科,296,296.5,296,-14.5,-4.67,151715,44.35,-1301,-11730,-890,-13921,139467,143342,-3875,-0.02,-36820,0,106522,106463,36879,0.68,0.92,11323,8404,2919,5072,4117,955,26.5,25491.2,40.29,717.33,130857.89,8.41,67.89,14.33,0.46,14.13,109467,345.02
2409,友達,24.4,--,24.4,2.2,9.91,81492,97.47,17862,0,1086,18948,72184,69271,2913,0.04,71163,71866,318,1021,0,0.88,0.01,4284,7684,-3400,5835,5349,486,76.25,22100.38,-15.07,-4.48,277279.79,-0.15,11.85,-0.64,1.64,11.2,211253,754.71
2412,中華電,136.5,137,136.5,-0.5,-0.36,11415,68.54,-7508,359,216,-6933,9853,10876,-1023,-0.09,-10583,126,0,0,10709,0.01,0.93,799,226,573,894,444,450,27.14,20497.86,-1.4,7.61,241743.83,1.3,37.92,2.61,3.81,0.02,459,775.74
2413,環科,51.9,52,51.9,0.4,0.78,5735,52.6,1608,0,-1,1607,2447,1357,1090,0.19,1656,1996,216,178,378,0.38,0.1,966,1033,-67,2359,3382,-1023,67.4,311.42,-2.04,16.44,3404.05,0.51,15.58,3.18,0.96,16.52,5259,12.74
2414,精技,49.9,50,50,-0.2,-0.4,423,31.03,-36,0,30,-6,30,56,-26,-0.06,3,30,0,0,27,0.07,0.06,60,89,-29,340,285,55,14.16,2967.01,-9.95,18.82,30717.4,1.17,8.16,4.65,6,0.41,164,16.17
2415,錩新,27,27.1,27,-0.25,-0.92,156,26.45,-54,0,4,-50,0,0,0,0,0,0,0,0,0,0,0,0,0,0,159,159,0,14.06,216.48,5.49,3.98,2450.01,0.35,24.89,1.35,5.89,11.07,2491,9
2417,圓剛,51.8,51.9,51.9,1,1.96,4924,47.78,622,0,1,623,1633,1888,-255,-0.05,-824,0,1064,1107,781,0.21,0.38,902,656,246,2425,2415,10,247.14,330.43,-16.11,23.45,3562.76,0.28,57.98,1.74,0.48,11.45,4500,15.72
2419,仲琦,32.25,32.3,32.3,0.7,2.22,4180,50.67,630,0,91,721,704,410,294,0.07,420,361,343,284,0,0.17,0.07,680,524,156,2827,3277,-450,--,453.03,-55.04,-18.79,8954.85,0.07,19.16,0.68,0,8,6428,32.13
2420,新巨,64.7,64.8,64.7,2,3.19,1047,64.29,320,36,7,363,166,92,74,0.07,166,166,0,0,0,0.16,0,309,229,80,586,739,-153,16.42,202.92,-0.14,5.5,2185.33,1.05,47.76,3.91,4.64,3.1,1183,15.26
2421,建準,162,162.5,162.5,4,2.52,15201,60.74,3099,979,266,4344,11537,9026,2511,0.16,5401,4108,7429,6136,0,0.74,0.4,1213,2379,-1166,2786,4130,-1344,19.91,1871.49,-2.41,14.99,19779.07,2.36,31.66,6.42,3.38,8.14,5838,28.69
2423,固緯,76,76.1,76,1.3,1.74,347,42.98,1,0,6,7,51,49,2,0.01,51,51,0,0,0,0.15,0,26,10,16,273,291,-18,21.41,269.23,-26.98,6.39,3140.81,1.3,56.19,6.52,3.29,1.29,469,14.5
2424,隴華,--,13.15,13.15,-1.45,-9.93,103,0,-36,0,0,-36,0,0,0,0,0,0,0,0,0,0,0,0,43,-43,106,63,43,--,15.09,-5.7,150.78,167.77,-0.58,-1.92,-12.34,0,--,0,5.96
2425,承啟,35,35.05,35,0.3,0.86,872,41.52,-18,0,16,-2,0,29,-29,-0.03,0,0,0,0,0,0,0,78,125,-47,799,723,76,--,1694.94,10.1,87.78,10650.43,0.62,7.7,0.16,0.29,8.53,2057,9.65
2426,鼎元,78.2,78.3,78.2,-4.9,-5.9,38143,36.65,-2566,0,-855,-3421,14294,23237,-8943,-0.23,-761,8360,0,0,9121,0.22,0.24,6172,5354,818,18012,9888,8124,--,209.49,13.39,-9.65,2253.87,0.06,19.63,0.44,0.13,29.63,22266,30.06
2427,三商電,20.6,20.65,20.65,-0.05,-0.24,950,35.56,-207,0,0,-207,95,70,25,0.03,25,0,95,70,0,0.1,0.07,90,143,-53,779,751,28,16.01,457.11,90.18,31.07,7418.13,0.28,18.91,1.66,3.39,12.05,5966,19.8
2428,興勤,243,243.5,243,0.5,0.21,2570,43.06,-276,0,-34,-310,1338,1528,-190,-0.07,-560,37,869,924,542,0.34,0.56,309,314,-5,989,795,194,22.09,862.4,8.02,19.35,8335.87,2.21,33.97,2.46,2.43,8.42,2698,12.81
2429,銘旺科,46.5,46.6,46.55,-1.9,-3.92,697,25.47,-179,0,-1,-180,0,82,-82,-0.12,-82,0,0,0,82,0,0.12,30,81,-51,680,547,133,--,28.94,-37.19,10.75,489.52,-0.45,4.24,-5.02,0,--,4546,8.55
2430,燦坤,18.4,18.45,18.45,0.15,0.82,184,69.06,90,0,-1,89,0,0,0,0,0,0,0,0,0,0,0,0,60,-60,190,130,60,38.44,1458.4,8.89,-1.89,17602.21,0.07,14.8,0.2,4.34,0.22,65,11.68
2431,聯昌,10.6,10.65,10.6,-0.05,-0.47,709,34.14,-129,0,1,-128,0,0,0,0,0,0,0,0,0,0,0,72,0,72,642,714,-72,--,22.42,1.67,-47.88,300.92,-0.2,-6.38,-2.09,0,--,2051,11.09
2433,互盛電,44.05,44.1,44.1,-0.35,-0.79,179,47.4,-15,0,8,-7,0,0,0,0,0,0,0,0,0,0,0,0,20,-20,182,162,20,14.46,228.11,1.23,-0.24,2722.48,0.51,34.88,1.93,6.12,0.07,24,14.45
2434,統懋,30,30.05,30,0.05,0.17,50,50,3,0,0,3,0,0,0,0,0,0,0,0,0,0,0,0,0,0,52,52,0,--,4.47,1.04,-1.26,46.11,-0.13,-26.22,-1.01,0,0.76,18,3.7
2436,偉詮電,80.5,80.6,80.5,2.9,3.74,18544,49.58,1531,0,-31,1500,8469,8656,-187,-0.01,5869,6698,1772,2601,0,0.45,0.14,2621,3028,-407,7658,7064,594,24.25,390.49,11.08,30.48,3912.28,0.7,33.54,3.23,2.48,17.5,8752,20.01
2438,翔耀,22.5,22.55,22.5,0.5,2.27,259,46.51,65,0,0,65,0,0,0,0,0,0,0,0,0,0,0,0,0,0,263,263,0,--,38.3,-29.79,-28.01,518.13,-0.32,15.02,-5.05,0,--,0,7.12
2439,美律,88.2,88.3,88.2,-0.1,-0.11,3020,40.93,154,-806,35,-617,1254,1717,-463,-0.15,-1075,148,340,398,1165,0.16,0.51,526,394,132,1279,948,331,18.04,3233.3,-17.28,-1.78,48447.78,1.03,11.83,2.05,4.54,5.3,3362,25.36
2440,太空梭,18.2,18.25,18.25,0.25,1.39,1253,40.75,59,0,12,71,0,0,0,0,0,0,0,0,0,0,0,192,32,160,1069,1229,-160,--,406.09,-6.89,13.9,3654.31,0.14,5.87,1.12,0,3.82,989,13.91
2441,超豐,128.5,--,128.5,11.5,9.83,24416,60.64,-127,-11,308,170,17103,18820,-1717,-0.07,12742,14191,2911,4360,0,0.69,0.18,2759,2216,543,4889,3716,1173,27.52,1664.7,0.95,13.19,17784.17,1.4,23.63,3.23,2.33,8.21,11680,56.88
2442,新美齊,18.4,18.45,18.45,-0.05,-0.27,2051,42.75,-456,0,0,-456,253,499,-246,-0.12,-499,0,0,0,499,0,0.24,333,321,12,1488,1254,234,3.51,177.52,-89.23,168.44,13586.04,1.14,28.85,7.17,14.63,6.34,5017,32.52
2444,兆勁,12.75,12.95,12.75,0.1,0.79,1236,43.55,9,0,-7,2,0,166,-166,-0.13,-85,0,0,0,85,0,0.07,197,80,117,1044,995,49,--,72.32,-0.43,-14,1034.1,-0.51,0.85,-6.73,0,--,0,10.16
2449,京元電子,316.5,317,317,21,7.09,51890,51.98,10612,-3764,484,7332,43892,42002,1890,0.04,40991,41052,2840,2901,0,0.82,0.05,5040,6417,-1377,4659,5178,-519,43.01,3743.02,4.03,34.56,38771.26,1.87,39.74,4.36,0.47,8.07,24659,122.27
2450,神腦,29.2,29.25,29.2,0,0,506,37.7,-94,0,0,-94,0,75,-75,-0.15,-75,0,0,0,75,0,0.15,88,177,-89,427,263,164,19.08,2975.98,-9.54,24.71,34855.03,0.25,9.67,1.03,5.31,0.13,84,25.83
2451,創見,311,311.5,311,-5.5,-1.74,6122,43.82,-974,-24,60,-938,3786,4590,-804,-0.13,-4511,0,79,68,4522,0.01,0.73,925,729,196,1563,955,608,10.06,7449.25,31.06,594.43,34147.61,18.93,76.39,33.01,3.79,4.03,4336,43.13
2453,凌群,57.5,57.6,57.5,0.3,0.52,1039,36.61,-314,0,3,-311,20,86,-66,-0.06,-66,20,0,22,64,0.02,0.08,172,218,-46,860,748,112,18.37,613.54,1.39,3.18,7561.84,0.9,24.72,4.16,4.87,10.92,2730,10
2454,聯發科,4245,--,4245,385,9.97,4173,100,-1175,-961,169,-1967,4586,4590,-4,0,4586,4586,0,0,0,1,0,9,12,-3,12,6,6,67.99,46736.66,-26.07,-4.14,589786.2,15.17,46.3,6.04,1.26,2.87,11526,160.39
2455,全新,444,444.5,444,19,4.47,21463,56.96,-1441,132,256,-1053,15480,16781,-1301,-0.06,12515,13504,1849,2634,204,0.7,0.13,2032,1788,244,4280,3245,1035,140.06,318.6,2.36,37.75,3633.09,1.06,38.09,5.6,0.6,22.73,10525,18.52
2457,飛宏,26.85,26.9,26.85,0.65,2.48,5573,46.41,-442,0,153,-289,800,1258,-458,-0.08,-405,83,717,1205,0,0.14,0.21,1032,778,254,3793,3589,204,--,780.34,0.35,-9.4,9551.71,-0.34,21.18,-1.61,0,11.39,12094,42.48
2458,義隆,163,163.5,163.5,1.5,0.93,4006,49.99,4,66,-14,56,2420,2287,133,0.03,998,1138,1282,1422,0,0.59,0.35,532,613,-81,1142,1193,-51,19.12,1141.26,-6.69,6.32,12500.11,2.46,47.63,6.67,4.32,4.55,3457,30.39
2459,敦吉,66.3,66.5,66.4,-0.7,-1.04,391,20.05,-258,0,1,-257,51,99,-48,-0.12,-99,0,0,0,99,0,0.25,29,124,-95,314,171,143,12.7,433.7,-0.15,-4.15,4963.91,1.41,30.51,2.47,6.33,0.61,162,10.56
2460,建通,32.65,32.75,32.75,0.2,0.61,799,39.3,-91,0,-4,-95,0,0,0,0,0,0,0,0,0,0,0,79,40,39,733,772,-39,--,429.22,-10.6,57.62,3762.55,0.11,11.43,1.22,0,--,363,16.92
2461,光群雷,16.6,16.65,16.65,-0.1,-0.6,1215,56.07,-34,0,4,-30,269,220,49,0.04,-220,0,0,0,220,0,0.18,187,261,-74,765,740,25,--,447.94,5.25,3.08,5303.77,0.3,26.61,1.06,0,9.64,4623,19.19
2462,良得電,20.75,20.9,20.9,0.1,0.48,651,38.5,5,0,-10,-5,0,0,0,0,0,0,0,0,0,0,0,65,100,-35,595,560,35,298.57,353.83,3.24,-8.76,4024.79,0.01,8.7,0.04,0.96,8.44,2574,15.08
2464,盟立,158,--,158,14,9.72,8596,88.53,2416,0,19,2435,7631,6717,914,0.11,7573,7581,50,58,0,0.88,0.01,371,906,-535,727,1106,-379,--,654.29,0.34,23.09,6939.71,0.24,18.67,0.98,0.32,29.15,15037,20.64
2465,麗臺,86.1,86.2,86.2,0.3,0.35,2224,48.01,63,0,6,69,612,418,194,0.09,72,79,386,285,108,0.21,0.17,399,537,-138,1239,1295,-56,65.3,863.34,38.15,175.8,5757.15,1.15,10.65,9.41,0,10.85,1870,9.39
2466,冠西電,49.55,49.85,49.85,-0.45,-0.89,429,27.07,-56,0,1,-55,0,0,0,0,0,0,0,0,0,0,0,10,46,-36,422,386,36,66.47,70.82,21.75,-27.21,876.91,0.03,7.19,0.26,0,12.42,5085,17.35
2467,志聖,663,--,663,60,9.95,3784,76.4,618,-64,75,629,3091,2900,191,0.05,3086,3091,0,5,0,0.78,0,820,984,-164,59,87,-28,90.7,891.19,-0.26,86.98,7469.15,3.06,49.47,6.19,0.83,6.46,2530,16.12
2468,華經,33.75,33.9,33.75,-0.45,-1.32,262,38.7,-15,0,0,-15,0,0,0,0,0,0,0,0,0,0,0,0,0,0,268,268,0,26.37,175.97,-19.86,-16.69,2506.59,0.3,10.73,1.66,2.96,19.64,3435,7
2471,資通,50.4,50.5,50.4,-0.1,-0.2,221,30.91,-61,0,0,-61,0,0,0,0,0,0,0,0,0,0,0,37,50,-13,188,175,13,13.13,73.67,-3.74,6.07,1033.11,0.49,31.14,2.42,6.57,12.49,1475,4.73
2472,立隆電,279.5,280,279.5,19.5,7.5,23396,58.12,-278,192,52,-34,16409,17159,-750,-0.03,7063,8710,7699,9340,6,0.69,0.39,3177,3056,121,4285,3641,644,32.31,1195.89,7.19,14.52,11693.18,1.6,30.01,2.81,1.25,29.99,12350,16.47
2474,可成,186.5,187,186.5,-1,-0.53,7780,29.03,-676,-1587,0,-2263,6105,7112,-1007,-0.13,-5059,228,1653,1812,5128,0.24,0.88,697,288,409,1050,451,599,18.25,958.62,-20.15,-36.19,17515.99,2.63,28.8,1.06,5.45,4.25,5958,56.14
2476,鉅祥,124.5,125,124.5,3.5,2.89,7922,55.77,303,0,233,536,5672,5560,112,0.01,5341,5444,228,331,0,0.71,0.04,800,745,55,1536,1703,-167,28.42,813.27,-3.25,24.68,8128.21,1.14,29.92,2.82,2.41,50.51,27643,21.89
2477,美隆電,20.95,21.05,20.95,-0.2,-0.95,237,30.08,-62,0,0,-62,0,0,0,0,0,0,0,0,0,0,0,51,24,27,191,218,-27,12.93,197.76,27.56,27.19,2523.82,0.11,26.62,0.41,6.68,3.09,1225,15.86
2478,大毅,120,120.5,120,-7.5,-5.88,25587,37.64,-1011,0,-312,-1323,14917,19802,-4885,-0.19,-15666,648,2616,3912,15018,0.13,0.73,2966,2012,954,7991,4060,3931,32.79,542.15,-3.39,11.58,5615.65,1.14,25.01,2.24,1.67,17.06,6173,14.47
2480,敦陽科,146.5,147,146.5,-3,-2.01,622,29.61,-348,-3,15,-336,143,459,-316,-0.49,-459,0,0,0,459,0,0.71,86,72,14,415,113,302,17.46,769.55,5.72,7.95,8804.03,2.63,23.46,8.59,5.32,1.67,443,10.64
2481,強茂,134,134.5,134,0.5,0.37,50880,51.4,-1180,0,887,-293,37469,38989,-1520,-0.03,21295,24625,11985,13578,1737,0.72,0.3,6445,5386,1059,7295,6823,472,42.54,1297.4,4.44,8.76,13549.71,0.75,32.74,1.93,1.34,18.32,17497,38.21
2482,連宇,16.8,16.85,16.85,-0.05,-0.3,268,32.96,-29,0,0,-29,0,0,0,0,0,0,0,0,0,0,0,0,32,-32,299,267,32,--,41.92,8.28,-11.16,492.94,-0.23,38.24,-1.67,0.59,10.58,2059,7.79
2483,百容,25.3,25.35,25.35,-0.6,-2.31,792,27.01,-212,0,4,-208,0,0,0,0,0,0,0,0,0,0,0,23,22,1,772,773,-1,27.55,186.81,6.75,13.22,1842.95,0.15,13.23,0.64,1.18,1.78,480,10.79
2484,希華,54.2,--,54.2,4.9,9.94,41062,66.69,3608,0,-37,3571,26320,28141,-1821,-0.04,26068,26142,178,252,0,0.64,0.01,4208,4556,-348,10703,8532,2171,73.24,233.71,16.51,0.03,2370.09,0.33,22.2,1.32,1.29,38.93,15515,15.94
2485,兆赫,76.7,76.8,76.7,3.7,5.07,69767,53.05,2033,0,1086,3119,36968,37088,-120,0,35256,36010,958,1712,0,0.53,0.02,10321,11373,-1052,23147,21990,1157,1917.5,381.29,-7.71,38.27,3341.35,0.41,22.49,2.5,0,26.23,20830,31.77
2486,一詮,297.5,--,297.5,27,9.98,8959,76.3,1985,462,-114,2333,7563,6250,1313,0.14,7522,7534,29,41,0,0.83,0,675,1338,-663,914,1534,-620,583.33,667.11,8.52,21.16,6434,0.29,21.05,1.12,0.17,36.13,21165,23.44
2488,漢平,53.6,53.7,53.7,-0.7,-1.29,300,24.41,-83,0,2,-81,20,67,-47,-0.16,-67,0,0,0,67,0,0.22,60,45,15,223,191,32,11.57,303.41,45.36,29.78,2973.55,0.92,24.51,2.58,5.59,3.01,602,8
2489,瑞軒,56.5,--,56.5,5.1,9.92,6230,100,-65,0,408,343,6009,3776,2233,0.33,6009,6009,0,0,0,0.9,0,277,1317,-1040,420,1613,-1193,51.83,2348.23,-0.3,14.28,25417.68,0.15,8.69,0.72,2.12,42.15,64274,61
2491,吉祥全,23.5,23.6,23.6,1.45,6.55,1169,51.48,-23,0,3,-20,60,61,-1,0,60,60,0,0,0,0.05,0,24,0,24,1094,1117,-23,6.86,15.77,15,0.73,171.7,0.85,14.86,8.43,0,8.2,1682,8.2
2492,華新科,321.5,--,321.5,29,9.91,5661,56.95,85,30,84,199,4637,4546,91,0.02,4637,4637,0,0,0,1.11,0,522,695,-173,679,607,72,61.71,3705.15,8.87,16.04,37804.98,1.69,18.3,1.55,0.78,13.35,16211,48.52
2493,揚博,149,149.5,149,11.5,8.36,6866,57.18,979,5,209,1193,4586,3549,1037,0.15,4546,4578,8,40,0,0.66,0.01,778,989,-211,1618,2444,-826,35.22,300.39,-1.92,-3.11,3769.13,1.26,29.19,5.19,2.68,26.28,8330,12.68
2495,普安,46.1,46.15,46.15,1.95,4.41,17646,56.82,3276,202,151,3629,7303,4398,2905,0.16,4843,4207,2804,1672,496,0.4,0.12,2493,2851,-358,7950,10496,-2546,40.48,137.42,-6.25,36.72,1309.14,0.33,39.81,1.95,1.73,13.74,9394,27.36
2496,卓越,64.5,64.6,64.5,0,0,19,42.11,3,0,0,3,0,0,0,0,0,0,0,0,0,0,0,0,0,0,19,19,0,10.08,73.27,-3.47,5.59,886.6,1.65,55.51,3.54,7.75,0.9,43,1.91
2497,怡利電,58.9,59,59,2,3.51,895,51.56,111,0,2,113,236,111,125,0.14,171,172,64,65,0,0.26,0.07,147,98,49,523,697,-174,23.6,483.3,25.95,25.92,4621.64,0.8,26.29,3.68,3.39,10.69,3157,13.09
2498,宏達電,46.2,46.25,46.2,-0.2,-0.43,20905,42.39,-1201,0,120,-1081,7262,9214,-1952,-0.09,-1571,2557,3630,6388,1370,0.29,0.37,3271,3113,158,10499,8705,1794,22.32,151.38,-54.64,-3.46,2839.55,-0.29,41.7,-0.9,1.08,14.85,31039,83.6
2501,國建,21.8,21.85,21.8,-0.25,-1.13,3177,38.42,-1664,0,-5,-1669,946,2000,-1054,-0.33,-2000,0,0,0,2000,0,0.63,395,344,51,1858,855,1003,5.63,1122.76,-75.19,13.23,30419.7,1.21,24.15,4.84,5.5,1.86,5397,115.96
2504,國產,35.1,35.15,35.1,0.45,1.3,2472,38.29,-100,-50,92,-58,1225,994,231,0.09,-321,323,280,116,808,0.24,0.37,479,503,-24,787,995,-208,10.7,1807.45,-1.15,-10.23,22004.93,0.7,26.62,2.96,7.41,1.37,4053,118
2505,國揚,17.7,17.75,17.7,-0.4,-2.21,363,26.52,-95,0,0,-95,0,0,0,0,0,0,0,0,0,0,0,40,41,-1,329,328,1,8.89,-0.97,-100.23,-166.94,4100.91,0.17,26.93,0.58,5.65,2.84,2699,38
2506,太設,8.65,8.66,8.65,-0.02,-0.23,170,41.57,22,0,0,22,0,0,0,0,0,0,0,0,0,0,0,0,0,0,175,175,0,--,172.52,-10.22,182.93,1237.26,0.13,52.05,0.55,2.31,2.53,1903,38.7
2509,全坤建,12.4,12.45,12.45,-0.45,-3.49,484,28.48,-76,0,-1,-77,0,0,0,0,0,0,0,0,0,0,0,0,48,-48,499,451,48,--,20.39,-3.53,-8.59,257.39,-0.45,27.57,-2.49,0,1.16,649,22.46
2511,太子,7.69,7.7,7.69,-0.05,-0.65,1423,44.44,-736,0,27,-709,150,0,150,0.1,0,0,0,0,0,0,0,0,224,-224,1283,1209,74,21.97,663.16,-38.97,-16.82,9657.88,0.06,30.48,0.36,3.9,0.88,3580,162.33
2514,龍邦,12.95,13,12.95,0,0,495,6.87,-32,0,-1,-33,395,395,0,0,-395,0,0,0,395,0,0.78,0,0,0,111,111,0,8.14,1703.33,-2.83,2.82,22388.87,0.42,13.36,1.37,0,16.65,16433,39.47
2515,中工,13.15,13.2,13.15,-0.2,-1.5,9878,41.36,-2308,0,108,-2200,3825,4353,-528,-0.05,-4353,0,0,0,4353,0,0.44,1405,1633,-228,4691,3941,750,27.4,2162.34,11.04,52.63,23302.75,0.16,8.72,1.12,3.8,7.43,29849,160.79
2516,新建,12,12.05,12.05,-0.3,-2.43,600,24.24,-62,0,22,-40,200,182,18,0.03,-182,0,0,0,182,0,0.3,0,108,-108,402,312,90,10.21,513.49,-6.8,-44.55,9335.91,0.25,5.64,2.71,0,--,0,22.63
2520,冠德,30.05,30.1,30.05,-0.4,-1.31,2077,38.96,-595,-3,69,-529,369,617,-248,-0.12,-617,0,0,0,617,0,0.29,495,502,-7,1243,987,256,12.84,2622.65,71.6,66.98,24061.6,0.52,23.48,1.51,5.32,2.79,4245,60.95
2524,京城,32.85,33.1,32.7,-0.65,-1.95,449,12.08,21,0,4,25,291,294,-3,-0.01,-294,0,0,0,294,0,0.65,0,19,-19,160,138,22,57.37,135.76,-29.63,-48.78,2309.09,0.36,48.54,0.62,0,3.49,3194,36.6
2527,宏璟,34.9,34.95,34.95,1.4,4.17,614,64.18,-4,0,18,14,0,0,0,0,0,0,0,0,0,0,0,53,20,33,569,602,-33,7.12,28.95,-99.36,3.72,5072.12,3.45,27.5,4.56,4.29,4.94,3341,27.03
2528,皇普,22.15,22.2,22.15,0,0,659,29.25,-164,-2,3,-163,365,0,365,0.55,81,0,81,0,0,0.12,0,25,249,-224,274,415,-141,9.27,17.29,9049.21,-98.93,8012.96,-0.11,7.92,-0.61,13.54,5.36,5847,43.6
2530,華建,19.9,19.95,19.9,-0.55,-2.69,1443,29.55,-264,-8,157,-115,107,248,-141,-0.1,-248,0,0,0,248,0,0.17,236,258,-22,1105,942,163,10.1,0.83,-99.45,-96.84,6338.74,-0.04,19.68,-0.32,8.84,2.67,5624,84.13
2534,宏盛,17.65,17.7,17.7,-0.4,-2.21,897,32.69,-148,0,25,-123,0,238,-238,-0.26,-238,0,0,0,238,0,0.26,205,247,-42,719,439,280,17.18,32.98,-60.39,-96.86,2099.12,-0.02,73.99,-0.08,8.47,10.26,12164,47.42
2535,達欣工,76.7,76.8,76.7,-0.8,-1.03,582,28.22,-79,0,14,-65,40,54,-14,-0.02,-54,0,0,29,25,0,0.09,135,126,9,427,422,5,9.58,1982.63,-36.43,-20.42,24121.04,2.88,14.3,7.15,6,0.47,316,27.08
2536,宏普,19.65,19.7,19.65,-0.3,-1.5,977,19.47,-289,0,-11,-300,0,311,-311,-0.32,-311,0,0,0,311,0,0.32,272,183,89,709,487,222,5.94,42.1,-70.37,-97.03,9108.78,0.15,22.46,0.38,10.18,8.56,7124,33.28
2537,聯上發,9.55,9.56,9.55,-0.02,-0.21,1408,35.35,-151,0,37,-114,0,0,0,0,0,0,0,0,0,0,0,149,157,-8,1263,1255,8,29.84,28.96,-90.41,5302.61,2192.08,0.4,21.38,2.66,0,4.39,3298,30.06
2538,基泰,9.35,9.38,9.37,-0.04,-0.43,376,32.45,-36,0,29,-7,0,0,0,0,0,0,0,0,0,0,0,0,0,0,381,381,0,26.03,26.24,-17.62,32.83,302.16,0.02,96.3,0.15,5.34,2.29,2552,44.5
2539,櫻花建,36.35,36.6,36.6,-1.6,-4.19,4721,24.16,-776,4,-49,-821,776,2029,-1253,-0.26,-2029,0,0,0,2029,0,0.42,442,1250,-808,3606,1545,2061,12.93,2065.07,545.62,559.1,12727.43,0.68,45.36,4.45,7.65,0.91,2704,119.31
2540,愛山林,53.5,53.8,53.5,-2.3,-4.12,1208,47.59,-238,0,14,-224,191,549,-358,-0.29,-549,0,0,0,549,0,0.45,298,208,90,746,479,267,87.7,533.39,-12.94,-36.53,10596.46,-0.01,16.66,-0.07,11.21,1.28,3026,94.49
2542,興富發,42.35,42.4,42.4,-0.8,-1.85,13877,32.31,-1636,0,-70,-1706,5001,8403,-3402,-0.24,-8367,0,36,0,8403,0,0.6,1690,2072,-382,7418,3634,3784,13.46,7166.9,-0.36,4077.66,52880.12,1.15,30.11,4.98,9.43,1.59,8654,217.31
2543,皇昌,42.15,42.2,42.2,-3.3,-7.25,5318,29.32,-477,0,-21,-498,916,2009,-1093,-0.2,-2009,0,0,22,1987,0,0.37,594,926,-332,3879,2454,1425,17.02,1339.82,12.72,62.15,12860.4,0.37,13.32,1.89,3.55,9.75,12878,52.85
2545,皇翔,36.45,36.5,36.45,-0.5,-1.35,655,21.75,-143,0,28,-115,59,30,29,0.04,-30,0,0,0,30,0,0.04,64,185,-121,546,455,91,24.63,1055.93,-8.45,102.09,7125.07,-0.01,16.86,-0.03,7.68,3.01,2853,37.97
2546,根基,84.3,84.5,84.3,-0.3,-0.35,124,39.5,-4,0,4,0,0,0,0,0,0,0,0,0,0,0,0,6,13,-7,125,118,7,8.86,1925.44,39.19,19.08,22140.77,1.43,7.76,3.05,7.12,0.21,68,13.05
2547,日勝生,9.91,9.92,9.91,-0.09,-0.9,4439,45.18,-65,-5,-1,-71,737,1564,-827,-0.19,-1564,0,0,0,1564,0,0.35,484,1152,-668,3231,1736,1495,70.79,352.01,-49.34,-17.08,6341.6,0.06,50.58,0.54,8.07,4.88,12621,103.51
2548,華固,121.5,122,122,-1.5,-1.21,2548,50.68,-1641,0,13,-1628,1681,2267,-586,-0.23,-2257,0,0,0,2257,0,0.87,308,109,199,605,217,388,9.52,960.1,-51.16,28466,23390.41,2.28,26,3.38,6.97,1.84,1469,31.97
2596,綠意,27.15,27.35,27.35,-1.25,-4.37,623,24.19,-129,0,0,-129,0,0,0,0,0,0,0,0,0,0,0,105,222,-117,519,402,117,17.09,94.16,7.31,-70.46,849.73,0.2,38.39,0.78,5.48,7.97,1992,10
2597,潤弘,161,161.5,161,-2.5,-1.53,531,27.2,-170,0,0,-170,266,332,-66,-0.12,-317,8,7,0,332,0.03,0.6,58,93,-35,225,124,101,14.17,2729.07,18.23,16.53,32524.49,2.38,17.7,7.32,6.01,1.78,1385,31.07
2601,益航,5.08,5.09,5.08,0.05,0.99,3187,46.02,503,0,2,505,0,0,0,0,0,0,0,0,0,0,0,200,181,19,3006,3025,-19,--,123.25,-2.09,-64.6,3396.39,-0.02,26.95,0.15,0,--,1000,82.48
2603,長榮,214,215,214,-5,-2.28,30696,65.51,-3557,3860,270,573,28099,28034,65,0,-16938,3568,4472,4219,20759,0.26,0.8,950,1131,-181,2010,1894,116,9.35,31359.25,13.94,4.51,356752.79,3.84,15.47,1.46,7.48,2.42,13104,216.5
2605,新興,31.3,31.35,31.3,0,0,5923,48.76,88,0,-28,60,1705,2163,-458,-0.08,-1392,241,0,0,1633,0.04,0.27,1090,977,113,3167,2824,343,14.98,403.24,-23.88,-5.46,4897.85,0.66,42.65,2.21,3.19,7.37,10783,58.54
2606,裕民,67.9,68,67.9,2.5,3.82,7601,61.25,3094,-93,493,3494,5340,2872,2468,0.32,4868,5040,194,138,228,0.68,0.05,850,1414,-564,1486,3389,-1903,13.03,1691.3,15.26,38.67,16500.55,1.17,31.88,2.49,4.12,1.67,3528,84.51
2607,榮運,48.45,48.6,48.5,0.6,1.25,683,46.69,-151,0,10,-141,102,70,32,0.05,102,102,0,0,0,0.14,0,185,142,43,418,493,-75,10.25,1436.64,0.23,1.4,16495.98,1.04,21.76,1.79,5.57,0.73,971,53.36
2608,嘉里大榮,28.8,28.85,28.8,-0.2,-0.69,587,35.23,-221,0,8,-213,83,96,-13,-0.02,-96,0,0,0,96,0,0.16,48,127,-79,467,375,92,14.33,1048.13,-4.52,-2.32,12864.19,0.47,18.59,2.06,5.73,1.1,1279,46.7
2609,陽明,51.8,51.9,51.8,-1.2,-2.26,29644,42.42,-6815,24,-1047,-7838,14674,21770,-7096,-0.24,-19946,0,0,0,19946,0,0.67,4493,2275,2218,10702,5824,4878,16.82,14227.64,14.23,13.88,158631.81,0.41,7.3,0.46,3.86,4.17,36406,349.21
2610,華航,18.85,18.9,18.85,0.3,1.62,41329,39.08,15203,-2341,-357,12505,32172,28583,3589,0.09,28068,27964,4208,4104,0,0.78,0.1,2434,3525,-1091,6852,9351,-2499,7.31,20854.47,0.33,16.49,216353.46,0.85,20.6,5.55,4.35,3.33,51176,614.5
2611,志信,12.9,12.95,12.9,-0.05,-0.39,900,39.11,-394,0,26,-368,270,0,270,0.29,100,100,0,0,0,0.11,0,50,47,3,598,871,-273,9.85,127.67,-42.1,119.47,927.03,0.28,26.51,2.03,4.03,4.59,2168,18.9
2612,中航,56.9,57,56.9,1.1,1.97,791,43.47,-6,0,4,-2,156,107,49,0.06,77,43,113,79,0,0.2,0.1,144,130,14,498,561,-63,10.36,434.94,-6.42,9.05,4938.86,1.24,33.39,1.8,3.87,4.23,2090,19.75
2613,中櫃,21.85,21.9,21.85,-0.1,-0.46,528,29.7,22,0,0,22,0,0,0,0,0,0,0,0,0,0,0,64,83,-19,473,454,19,21.63,292.72,2.31,6.09,3441.38,0.18,13.46,0.77,4.58,5.81,2155,14.84
2614,東森,18.2,18.25,18.25,0.15,0.83,1399,59.63,-184,0,-14,-198,684,331,353,0.25,-157,0,0,0,157,0,0.11,110,331,-221,646,778,-132,8.95,406.24,1.18,-12.99,5363.56,0.3,29.88,1.32,6.58,6.49,5307,32.73
2615,萬海,83.2,83.3,83.3,-1,-1.19,18486,53.34,-3736,3091,-654,-1299,9550,11850,-2300,-0.12,-9738,744,0,0,10482,0.04,0.56,2635,2082,553,6485,4736,1749,7.68,12930.77,22.89,13.05,138418.02,2.73,22.76,2.73,3.6,3.14,22060,280.61
2616,山隆,13.4,13.45,13.4,-0.35,-2.55,553,23.44,-170,0,18,-152,0,0,0,0,0,0,0,0,0,0,0,0,0,0,584,584,0,--,774.79,0.55,17.22,8273.89,-1.37,7.37,-6.97,2.24,1.39,476,13.73
2617,台航,29.05,29.1,29.1,0.1,0.34,869,48.32,162,0,2,164,69,50,19,0.02,69,69,0,0,0,0.08,0,206,289,-83,604,540,64,8.79,388.52,-4.42,9.11,4391.16,0.71,41.99,1.65,5.15,2.05,2134,41.73
2618,長榮航,35.45,35.5,35.45,-0.05,-0.14,65974,68.28,-17136,9266,511,-7359,58282,56493,1789,0.03,-7293,11459,28981,28901,18832,0.61,0.72,1942,2808,-866,5913,6835,-922,6.73,21968.79,1.77,18.89,229395.61,1.53,26.22,6.09,5.64,3.18,42903,540.04
2630,亞航,42.9,42.95,42.95,-0.55,-1.26,1269,46.33,-32,0,-7,-39,255,285,-30,-0.02,-285,0,0,0,285,0,0.22,131,194,-63,897,804,93,45.69,310.15,-33.48,-22.88,5199.44,0.09,9.11,0.52,2.1,11.38,5958,20.94
2633,台灣高鐵,25.3,25.35,25.3,-0.5,-1.94,24068,39.09,-13896,0,0,-13896,14027,22256,-8229,-0.34,-22256,0,0,0,22256,0,0.92,2880,786,2094,7267,1133,6134,9.77,4798.43,0.07,6.25,55447.68,0.37,46.85,2.84,4.55,0.45,2965,562.83
2634,漢翔,46.4,46.45,46.4,-0.1,-0.22,5044,33.89,30,0,-1,29,1291,1799,-508,-0.1,-1587,49,0,36,1600,0.01,0.32,904,1030,-126,2908,2274,634,58,2899.37,6.45,12.26,35816.95,0.28,7.8,1.45,1.68,9.54,22457,94.19
2636,台驊控股,67.1,67.2,67.1,-0.1,-0.15,527,44.16,-61,0,3,-58,47,20,27,0.05,-20,0,0,0,20,0,0.04,71,117,-46,418,399,19,10.18,1889.05,13.85,10.46,20247.79,1.1,15.67,1.51,7.45,2.07,733,14.18
2637,慧洋-KY,75,75.1,75.1,3.9,5.48,5407,63.76,1297,-7,309,1599,3360,1731,1629,0.3,3130,3238,122,199,31,0.62,0.04,734,1068,-334,1355,2649,-1294,10.55,1645.85,-4.53,21.23,17956.94,1.6,28.68,2.42,4.66,2.3,4294,74.64
2640,大車隊,162,162.5,162.5,-1.5,-0.91,39,10.26,-15,0,0,-15,0,0,0,0,0,0,0,0,0,0,0,6,0,6,34,40,-6,17.62,277.6,2.96,9.64,3198.38,2.36,50.31,6.65,4.92,3.4,504,5.93
2641,正德,17.9,17.95,17.9,0.15,0.85,2596,55.04,439,0,-3,436,1064,493,571,0.22,455,381,487,243,170,0.33,0.16,255,652,-397,1289,1463,-174,7.46,197.96,-3.89,6.84,2481.42,0.71,39.91,2.69,2.79,12.56,10369,33.03
2642,宅配通,20.35,20.4,20.35,-0.05,-0.25,121,27.35,5,0,1,6,0,0,0,0,0,0,0,0,0,0,0,0,0,0,132,132,0,--,256.57,-2.21,-17.01,3591.46,-0.75,4.17,-3.69,2.46,2.37,566,9.55
2643,捷迅,66.3,66.5,66.8,-0.1,-0.15,37,16.22,3,0,0,3,0,0,0,0,0,0,0,0,0,0,0,9,0,9,29,38,-9,12.82,609.57,37.77,-17.54,7790.05,0.68,7.34,1.19,6.74,0.67,59,3.5
2645,長榮航太,162,162.5,162.5,2,1.25,1113,56.08,312,12,10,334,746,538,208,0.18,252,141,561,385,65,0.61,0.39,107,199,-92,297,412,-115,24.81,1708.81,0.64,11.75,18908.5,2.58,27.54,7.37,3.08,3.3,3091,37.46
2646,星宇航空,20.3,20.35,20.3,-0.15,-0.73,8037,47.76,1069,0,69,1138,3745,3382,363,0.04,-3120,106,0,0,3226,0.01,0.4,541,1127,-586,3847,3623,224,225.56,4680.26,-1,30.12,47701.74,0.3,20.17,2.88,0,0.48,3579,300.87
2701,萬企,10.2,10.3,10.25,0,0,191,38.62,9,0,7,16,0,0,0,0,0,0,0,0,0,0,0,58,50,8,135,143,-8,17.98,20.63,-0.54,-10.33,261.91,0.11,80.59,0.6,2.73,0.89,1001,45
2702,華園,12.8,12.95,12.8,-0.25,-1.92,88,39.77,-2,0,5,3,0,0,0,0,0,0,0,0,0,0,0,0,0,0,93,93,0,--,117.38,-15.76,1.79,1416.37,0.19,89.36,0.92,0,1.08,422,15.66
2704,國賓,41.9,42.05,42.05,0.2,0.48,140,50,-33,0,4,-29,31,0,31,0.22,31,31,0,0,0,0.22,0,34,25,9,77,117,-40,23.49,101.46,-10.19,7.06,1366.74,0.16,29.89,0.23,1.19,0.23,209,36.69
2705,六福,15.15,15.2,15.2,0.05,0.33,216,51.16,-74,0,0,-74,0,0,0,0,0,0,0,0,0,0,0,0,0,0,228,228,0,16.52,172.16,1.4,-10.34,2245.4,-0.21,28.27,-0.8,0,1.25,581,19.13
2706,第一店,11.95,12,11.9,-0.05,-0.42,173,26.01,9,0,15,24,0,0,0,0,0,0,0,0,0,0,0,98,0,98,81,179,-98,17.76,30.02,-5.02,4.3,379.19,0.14,77.5,0.68,2.94,0.69,867,50
2707,晶華,172,173,172,-2,-1.15,203,29.5,-51,0,3,-48,47,95,-48,-0.22,-95,0,0,0,95,0,0.44,37,37,0,131,83,48,12.29,513.14,-15.09,0.56,6927,5.73,35.95,18.11,6.25,0.51,161,12.74
2712,遠雄來,15,15.5,15,-0.5,-3.23,22,81.82,11,0,0,11,0,0,0,0,0,0,0,0,0,0,0,0,0,0,23,23,0,--,39.5,41.69,2.51,536.48,-0.14,15.88,-1.43,0,--,8,10.5
2718,全心投控,44.95,45.15,45.15,-0.95,-2.06,123,31.71,-28,0,0,-28,0,0,0,0,0,0,0,0,0,0,0,0,13,-13,123,110,13,2.4,35.78,11.77,-93.77,2605.12,2.63,54.76,3.59,12.18,1.87,339,8.76
2719,燦星旅,25.75,25.85,26,0,0,24,50,4,0,0,4,0,0,0,0,0,0,0,0,0,0,0,0,0,0,25,25,0,57.78,122.32,-18.42,-28.78,1827.11,0.75,16.71,7.11,0,3.49,75,6.92
2722,夏都,22.55,22.6,22.55,-0.1,-0.44,46,41.03,7,0,4,11,0,0,0,0,0,0,0,0,0,0,0,0,0,0,46,46,0,--,48.92,7.5,0.01,567.09,-0.21,22.59,-1.31,0,1.02,364,14.32
2723,美食-KY,61.9,62,61.9,-0.9,-1.43,756,23.41,-188,0,7,-181,227,371,-144,-0.19,-371,0,0,0,371,0,0.49,83,174,-91,454,219,235,--,1368.64,-1.37,-15.51,17064.54,1.31,61.06,2.35,0,5.94,2672,18
2724,藝舍-KY,13.15,14.05,14.1,0.15,1.08,30,93.33,0,0,1,1,0,0,0,0,0,0,0,0,0,0,0,0,0,0,31,31,0,--,31.6,188.64,44.88,170.69,-0.43,-28.83,-5.92,0,--,0,5.97
2726,雅茗-KY,9.76,9.93,9.93,-0.02,-0.2,189,60.32,19,0,0,19,0,0,0,0,0,0,0,0,0,0,0,0,0,0,190,190,0,--,36.3,-34.81,-33.06,537.83,-0.33,64.47,-3.5,0,--,405,3.79
2727,王品,229.5,230,229.5,-2.5,-1.08,457,35.16,-250,-5,6,-249,120,273,-153,-0.31,-273,0,0,0,273,0,0.56,102,79,23,264,134,130,13.8,1926.87,-1.81,13.13,24147.3,5.04,47.64,9.17,7.02,1.91,396,8.29
2729,瓦城,159.5,160.5,160,0,0,39,42.11,4,0,0,4,0,9,-9,-0.2,-9,0,0,0,9,0,0.2,10,5,5,34,30,4,26.62,497.22,9.74,13.68,6220.02,1.64,49.44,2.76,4.25,0.07,7,4.3
2731,雄獅,160,160.5,160,0,0,902,37.53,-390,1,23,-366,391,626,-235,-0.25,-503,0,123,161,465,0.13,0.68,122,70,52,412,228,184,9.36,2727.76,1.67,9.82,31255.23,4.17,15.95,7.26,8,4.01,934,9.33
2732,六角,64.4,64.5,64.5,-0.9,-1.38,58,0,-1,0,0,-1,0,0,0,0,0,0,0,0,0,0,0,0,20,-20,59,39,20,33.59,432.85,-5.62,32.15,4811.72,1.1,49.63,2.77,5.43,2.17,252,4.65
2734,易飛網,15.35,15.4,15.35,-0.15,-0.97,108,28.04,-10,0,0,-10,0,0,0,0,0,0,0,0,0,0,0,0,0,0,110,110,0,--,148.87,-11.31,19.88,1821.46,0.17,15.66,1.5,0,3.81,546,5.73
2736,富野,12.2,12.25,12.2,-0.1,-0.81,85,36.71,-3,0,0,-3,0,0,0,0,0,0,0,0,0,0,0,0,0,0,86,86,0,--,47.67,-5.46,18.42,544.12,-0.1,53.75,-0.65,0,4.4,660,8
2739,寒舍,35,35.05,35,0.3,0.86,114,71.93,37,0,6,43,0,0,0,0,0,0,0,0,0,0,0,43,20,23,74,97,-23,11.51,391.11,-15.75,5.94,5215.66,1.3,40.61,7.65,7.37,4.28,980,9.15
2740,華軒,34.8,35.9,35.9,-0.05,-0.14,6,83.33,0,0,0,0,0,0,0,0,0,0,0,0,0,0,0,0,0,0,6,6,0,--,4.15,-14.5,-58.99,93.08,-1.32,35.3,-17.62,0,--,0,1.68
2743,山富,66.8,66.9,66.8,-0.5,-0.74,130,24.81,-15,0,0,-15,0,0,0,0,0,0,0,0,0,0,0,0,0,0,139,139,0,34.26,552.53,9.78,4.64,6820.33,1.71,12.37,6.59,4.79,9.41,1101,4.68
2745,五福,101.5,102,101.5,0,0,119,18.97,12,0,0,12,28,31,-3,-0.02,-31,0,0,0,31,0,0.26,31,15,16,62,75,-13,11.08,811.92,-12.4,11.52,9196.33,3.44,14.83,11.15,7.39,13.01,1100,3.38
2748,雲品,39.2,39.25,39.2,-0.05,-0.13,140,39.57,-25,0,1,-24,0,0,0,0,0,0,0,0,0,0,0,0,0,0,143,143,0,18.85,173.45,-9.8,5.02,2470.04,0.94,33.66,3.32,4.46,3.11,822,10.58
2751,王座,51.7,51.9,51.8,-0.4,-0.77,4,0,1,0,0,1,0,0,0,0,0,0,0,0,0,0,0,0,0,0,5,5,0,11.07,159.19,6.33,33.54,1952.48,1.01,50.05,4.91,7.7,0.06,3,1.98
2752,豆府,172.5,173,172.5,-4.5,-2.54,73,16.44,-35,0,0,-35,8,14,-6,-0.08,-14,0,0,0,14,0,0.18,13,29,-16,57,35,22,11.29,344.56,3.53,13.56,4208.17,4.08,53.04,8.63,7.83,--,0,2.67
2753,八方雲集,174,174.5,174.5,1,0.58,361,49.28,-138,-3,1,-140,160,233,-73,-0.19,-55,40,104,178,21,0.38,0.53,71,53,18,144,89,55,12.95,761.09,-6.24,7.91,8932.41,3.56,36.45,5.54,6.88,4.19,698,6.66
2754,亞洲藏壽司,72.5,72.6,72.6,-0.1,-0.14,130,33.86,12,0,0,12,0,0,0,0,0,0,0,0,0,0,0,11,9,2,123,125,-2,17.62,442.88,-3.58,4.49,5875.33,1.42,40.72,3.74,1.38,3.62,425,4.69
2755,揚秦,131.5,132,132,-0.5,-0.38,57,29.82,-13,0,0,-13,0,0,0,0,0,0,0,0,0,0,0,12,27,-15,48,33,15,20.06,279.62,-0.46,18.4,3231.22,1.65,27.31,5.57,4.55,0.73,68,3.74
2756,聯發國際,61,61.4,60.6,-0.8,-1.3,11,50,5,0,0,5,0,0,0,0,0,0,0,0,0,0,0,0,0,0,11,11,0,15.62,91.33,-20.08,-7.6,1268.98,0.51,49.01,2.23,5.45,3.87,238,2.46
2762,世界健身-KY,81.8,82.1,82,-0.9,-1.09,135,54.81,31,0,0,31,0,0,0,0,0,0,0,0,0,0,0,7,20,-13,130,117,13,15.92,970.75,2.07,10.48,11317.04,2.01,21.78,7.88,7.26,0.63,177,11.25
2801,彰銀,20.2,20.25,20.2,-0.1,-0.49,28867,37.39,-18039,3171,-4,-14872,18338,25495,-7157,-0.25,-25444,51,0,0,25495,0,0.88,3610,1296,2314,7115,2271,4844,12.62,4178.02,-4.93,8.8,47312.26,0.44,--,2.34,5.2,0.34,9867,1176.6
2812,台中銀,18.75,18.8,18.75,-0.2,-1.06,13055,28.63,-1970,4,-33,-1999,3872,7799,-3927,-0.29,-7694,105,0,0,7799,0.01,0.58,2125,1914,211,7348,3632,3716,12.1,2402.85,37.58,69.85,22007.71,0.4,--,2.62,5.65,0.36,5466,602.16
2816,旺旺保,31.2,31.3,31.2,0.2,0.65,254,53.63,25,0,0,25,42,40,2,0.01,42,42,0,0,0,0.16,0,17,0,17,197,216,-19,4.95,1920.78,109.96,78.74,13563.97,1.78,--,4.69,4.81,0.51,283,22.36
2820,華票,16.75,16.8,16.8,-0.1,-0.59,1754,31.02,-1070,0,21,-1049,349,1076,-727,-0.41,-1076,0,0,0,1076,0,0.61,416,326,90,999,362,637,11.05,374.95,28.57,46.36,3604.16,0.48,--,2.3,5.36,0.31,1050,134.3
2832,台產,52.9,53,52.9,-0.3,-0.56,238,28.99,-38,0,3,-35,20,91,-71,-0.29,-91,0,0,0,91,0,0.38,64,78,-14,158,73,85,10.17,886.28,4.37,13.88,8307.19,1.64,--,3.41,6.62,0.59,377,25.35
2834,臺企銀,15.9,15.95,15.9,-0.1,-0.63,28684,51.9,-14610,40,9,-14561,16450,22830,-6380,-0.22,-20039,0,0,0,20039,0,0.69,3829,2118,1711,8675,4006,4669,12.14,3100.27,1.33,5.9,35534.95,0.35,--,2.32,6.29,0.37,9066,971.81
2836,高雄銀,11.8,11.85,11.8,-0.05,-0.42,1451,71.28,-395,0,11,-384,689,823,-134,-0.09,-823,0,0,0,823,0,0.56,143,204,-61,647,452,195,15.73,423.86,15.08,9.16,5139.45,0.2,--,1.38,4.24,1.31,6043,183.99
2838,聯邦銀,20.1,20.15,20.1,-0.05,-0.25,1487,31.74,-279,0,-6,-285,321,652,-331,-0.22,-652,0,0,0,652,0,0.43,260,234,26,931,626,305,13.58,2399.15,66.36,62.81,21826.36,0.35,--,1.74,5.27,0.07,806,434.06
2845,遠東銀,12.05,12.1,12.05,-0.05,-0.41,10100,46.79,466,-23,36,479,7064,7478,-414,-0.04,-7078,0,0,0,7078,0,0.7,652,770,-118,2448,1915,533,13.69,1206.69,6.5,31.99,13498.13,0.25,--,1.73,5.23,0.41,5036,486.53
2849,安泰銀,13.3,13.35,13.3,0,0,55,85.19,27,0,0,27,0,0,0,0,0,0,0,0,0,0,0,0,0,0,58,58,0,11.88,584.64,9.42,27.51,6117.97,0.26,--,1.41,3.83,0.04,93,195.76
2850,新產,137.5,138,138,1.5,1.1,577,54.58,-118,-4,3,-119,367,375,-8,-0.01,-125,29,211,174,191,0.41,0.62,65,43,22,159,173,-14,9.85,2791.09,21.58,64.58,24393.08,3.99,--,5.77,5.27,0.24,187,31.6
2851,中再保,35,35.1,35.1,0.3,0.86,2225,42.36,284,0,1,285,799,870,-71,-0.03,197,320,350,320,153,0.3,0.21,300,247,53,1138,1120,18,6.78,3681.43,572.63,605.14,24516.61,2.3,--,7.82,6.27,0.47,934,80.04
2852,第一保,26.85,26.9,26.9,-0.05,-0.19,576,32.87,-15,0,29,14,200,200,0,0,-200,0,0,0,200,0,0.34,97,131,-34,283,248,35,8.73,795.44,-4.23,4.4,8275.15,1,--,3.21,6.17,0.66,500,30.12
2855,統一證,42.05,42.1,42.05,1.3,3.19,7101,57.95,195,72,0,267,4087,2949,1138,0.16,4026,4019,68,61,0,0.57,0.01,665,966,-301,2402,3240,-838,9.41,4443.71,3286.61,1002.14,21342.31,1.43,83.15,5.65,5.02,1.15,4591,160.14
2867,三商壽,7.5,7.51,7.5,-0.13,-1.7,13463,27.59,-5250,0,1008,-4242,3733,7570,-3837,-0.28,-7570,0,0,0,7570,0,0.56,2117,2107,10,7666,3839,3827,53.57,19308.78,1066.88,577.22,89819.32,-0.03,--,-0.21,0,0.04,565,589.95
2880,華南金,30.55,30.85,30.55,-1.4,-4.38,66032,28.24,-26169,10066,-46,-16149,56579,63587,-7008,-0.11,-63246,193,0,0,63439,0,0.96,1897,773,1124,7879,1996,5883,16.08,7232.76,13.55,59.58,73851.45,0.47,--,11.57,4.75,0.13,4673,1391.7
2881,富邦金,97.2,97.7,97.7,2.6,2.73,46762,57.24,19599,-12757,205,7047,44627,41633,2994,0.06,31354,36241,3612,3427,5072,0.85,0.18,818,1744,-926,1579,3648,-2069,11.32,53356.17,303.05,219.79,404299.96,2.14,--,12.32,4.35,0.19,6500,1400.74
2882,國泰金,81.3,81.5,81.5,1.8,2.26,48727,58.93,21264,-15598,119,5785,46497,43012,3485,0.07,17106,30191,3361,3205,13241,0.69,0.34,962,2053,-1091,1522,3916,-2394,11.16,30515.22,53.36,153.91,339382.95,2.22,--,11.69,4.29,0.09,3125,1466.92
2883,凱基金,21.6,21.65,21.65,-0.05,-0.23,52413,56.38,-19479,-443,-467,-20389,40211,46335,-6124,-0.12,-46036,245,0,133,46148,0,0.88,3425,1387,2038,9019,4933,4086,12.23,13466.79,147.27,144.31,73274.73,0.65,--,9.47,4.62,0.4,16856,1697.48
2884,玉山金,30.9,30.95,30.9,-0.4,-1.28,47168,41.97,-17643,-12335,-245,-30223,29254,40961,-11707,-0.25,-40684,0,0,0,40684,0,0.85,6635,2186,4449,11876,4618,7258,14.05,10046.68,19.02,47.82,98756.68,0.62,--,3.61,4.53,0.27,10956,1617.4
2885,元大金,56,56.1,56.1,1,1.81,28585,37.53,14249,-11782,-61,2406,26134,24595,1539,0.05,24140,24866,0,0,726,0.87,0.03,859,1468,-609,1744,2675,-931,17.26,17253.77,38.9,324.9,150358.19,1.08,--,4.03,3.92,0.04,1445,1333.11
2886,兆豐金,39.5,39.55,39.5,-0.4,-1,34102,57.36,-13579,9082,308,-4189,28231,31724,-3493,-0.1,-31561,0,0,0,31561,0,0.92,1428,590,838,4643,1987,2656,16.06,9055.06,47.18,63.04,87298.18,0.63,--,2.34,4.43,0.03,1290,1483.34
2887,台新新光金,23.3,23.35,23.3,-0.5,-2.1,148913,63.82,-51064,23308,1525,-26231,127035,139980,-12945,-0.09,-138055,1063,51,180,138989,0.01,0.93,6195,2697,3498,16052,6605,9447,15.53,17221.19,33.11,16.09,183881.43,0.77,--,10.48,4.72,0.79,49409,2486.64
2889,國票金,14.55,14.6,14.55,-0.1,-0.68,2327,42.4,-805,0,23,-782,663,1028,-365,-0.15,-948,0,0,0,948,0,0.4,261,142,119,1449,1203,246,18.9,1502.4,92.75,3640.86,11052.38,0.25,--,2.07,4.05,0.19,1694,363.36
2890,永豐金,28.95,29,28.95,-0.15,-0.52,49549,38.84,-4530,841,-290,-3979,30540,42493,-11953,-0.24,-42069,0,0,0,42069,0,0.84,5684,2656,3028,14071,5148,8923,15.82,9512.2,13.74,87.36,86290.6,0.45,--,11.55,4.49,0.1,3525,1449.23
2891,中信金,57.2,57.3,57.3,-0.3,-0.52,45871,58.03,8417,-5718,-3334,-635,42911,42892,19,0,-30650,510,11382,10841,31701,0.26,0.92,823,1176,-353,2323,1989,334,13.45,19691.97,50.38,1120.57,252842.87,1.18,--,3.97,4.36,0.05,2288,1967.69
2892,第一金,27.55,27.6,27.6,0.05,0.18,79263,38.79,-46852,4341,-39,-42550,57746,71528,-13782,-0.17,-47792,12226,0,0,60018,0.15,0.75,7645,2711,4934,14417,5569,8848,14.76,7321.92,15.4,41.98,80271.59,0.36,--,9.61,4.71,0.53,18902,1437.95
2897,王道銀行,9.95,9.96,9.95,-0.05,-0.5,6934,21.44,-3315,0,64,-3251,868,4401,-3533,-0.51,-4401,0,0,0,4401,0,0.63,1151,937,214,4930,1611,3319,13.63,1048.23,8.55,29.44,11024.14,0.28,--,1.89,5.23,0.28,1934,280.54
2901,欣欣,22.85,23.1,23.3,0.7,3.1,14,0,-13,0,4,-9,0,0,0,0,0,0,0,0,0,0,0,0,0,0,17,17,0,56.83,10.48,-6.27,-4.74,133.26,0.11,87.07,0.86,1.59,3,548,7.3
2903,遠百,22.15,22.2,22.15,-0.1,-0.45,2244,36.04,-732,-11,58,-685,1166,1108,58,0.03,-1108,0,0,0,1108,0,0.49,239,415,-176,855,736,119,13.76,2532.89,-12.49,0.54,34064.32,0.39,57.96,1.68,5.64,0.5,1774,141.69
2904,匯僑,14.05,14.1,14.05,-0.2,-1.4,119,28.57,0,0,2,2,0,0,0,0,0,0,0,0,0,0,0,0,0,0,123,123,0,24.22,36.12,0.59,-18.53,444.68,-0.09,23.1,-0.56,4.98,0.11,22,7.78
2905,三商,13.45,13.5,13.5,-0.15,-1.1,689,36.34,-209,0,-14,-223,89,0,89,0.13,0,0,0,0,0,0,0,47,163,-116,564,537,27,18.75,26545.28,600.24,352.95,146659.87,0.03,-15.8,0,2.22,3.33,9238,111.04
2906,高林,12.5,12.55,12.5,-0.15,-1.19,99,35.71,10,0,4,14,0,0,0,0,0,0,0,0,0,0,0,0,0,0,106,106,0,27.78,654.57,-8.61,4.94,8872,0.07,29.69,1.12,4.8,1.18,618,20.91
2908,特力,21.1,21.15,21.15,0,0,404,51.79,-65,0,18,-47,169,53,116,0.29,-53,0,0,0,53,0,0.13,115,191,-76,122,162,-40,52.87,2866.82,-1.49,4.56,35034.23,0.32,29.58,2.02,2.6,11.28,14374,50.99
2910,統領,20.8,21.15,21.15,0,0,7,42.86,0,0,0,0,0,0,0,0,0,0,0,0,0,0,0,0,0,0,7,7,0,17.34,43,1.04,4.69,527.96,0.29,90.51,1.9,4.92,0.01,5,17.54
2911,麗嬰房,9.55,--,9.55,0.86,9.9,774,100,-25,0,-47,-72,0,139,-139,-0.17,0,0,0,0,0,0,0,121,117,4,715,581,134,2.55,121.81,-11.87,-41.19,2022.05,0.66,43.7,5.58,0,0.08,21,10.51
2912,統一超,212,212.5,212.5,-7.5,-3.41,8702,69.29,-3754,1572,58,-2124,7609,8518,-909,-0.1,-8441,18,52,46,8465,0.01,0.97,309,93,216,876,183,693,19.37,29913.63,0.51,4.88,356013.43,2.97,34.58,6.48,4.24,0.31,807,103.96
2913,農林,10.8,10.85,10.8,-0.1,-0.92,3399,44,-267,0,-13,-280,811,927,-116,-0.03,-927,0,0,0,927,0,0.27,683,665,18,1943,1846,97,--,37.3,-6.33,-14.09,456.89,-0.04,37.85,-0.27,0,3.87,6846,79
2915,潤泰全,42.6,42.65,42.6,-0.7,-1.62,4438,31.68,-2126,15,4,-2107,1494,3101,-1607,-0.36,-3101,0,0,0,3101,0,0.69,647,466,181,2332,906,1426,3.31,156.99,17.22,-21.38,2147.55,2.59,44.7,2.44,4.46,3.32,9155,110.43
2916,滿心,47.55,47.6,47.55,0,0,292,23.02,-51,0,0,-51,0,31,-31,-0.1,-31,0,0,0,31,0,0.1,14,103,-89,286,166,120,11.86,176.02,39.43,20.35,1991.28,1.26,52.6,5.21,7.57,2.34,378,6.46
2923,鼎固-KY,22.45,22.75,22.5,1.05,4.9,86,67.47,66,0,-15,51,0,0,0,0,0,0,0,0,0,0,0,0,0,0,88,88,0,--,580.52,123.67,160.85,7459.98,0.02,59.16,0.06,0.53,--,0,174.03
2924,宏太-KY,15.1,16.35,15.2,-1.15,-7.03,13,30.77,0,0,0,0,0,0,0,0,0,0,0,0,0,0,0,0,0,0,13,13,0,--,3.93,-4.12,-28.66,73.24,-0.22,21.09,-2.5,0,--,5,5.2
2926,誠品生活,35.95,36.05,36.05,-0.75,-2.04,8,85.71,0,0,0,0,0,0,0,0,0,0,0,0,0,0,0,0,0,0,8,8,0,65.55,570.16,-0.61,12.78,7111.01,0.17,38.63,1.31,1.28,0.03,3,4.74
2929,淘帝-KY,5.49,5.5,5.5,-0.23,-4.01,627,30.27,-61,0,26,-35,0,0,0,0,0,0,0,0,0,0,0,0,0,0,632,632,0,--,147.51,-30.54,-4.4,1710.72,-0.22,16.75,-0.88,0,7.68,2101,10.95
2937,集雅社,46.05,47.5,--,--,--,0,--,0,0,0,0,0,0,0,--,0,0,0,0,0,--,--,0,0,0,0,0,0,12.5,435.11,20.46,17.63,5316.67,0.62,20.66,2.45,6.53,--,0,4.35
2939,永邑-KY,22.35,23,22.7,0.2,0.89,15,80,-2,0,0,-2,0,0,0,0,0,0,0,0,0,0,0,0,0,0,15,15,0,--,21.89,-13.01,6.8,285.02,-0.3,15.47,-2.46,0,1.89,215,4.55
2941,米斯特,30.65,31.2,31.15,0.2,0.65,10,80,0,0,0,0,0,0,0,0,0,0,0,0,0,0,0,0,0,0,10,10,0,11.45,66.8,27.3,-9.36,935.15,0.89,63.71,3.9,7.32,--,0,1.54
2945,三商家購,40.55,41.35,41.35,0.4,0.98,17,88.24,5,0,0,5,0,0,0,0,0,0,0,0,0,0,0,0,0,0,18,18,0,18.38,1655.81,23.54,38.55,15628,0.54,26.96,1.7,3.63,--,0,6.75
2947,振宇五金,77.4,77.9,77.8,0,0,13,92.31,-1,0,0,-1,0,0,0,0,0,0,0,0,0,0,0,7,0,7,7,14,-7,26.55,193.2,-1.71,7.69,2346.83,1.02,41.3,2.73,3.98,--,0,2.15
2948,寶陞,36.15,37,37,0,0,5,80,0,0,0,0,0,0,0,0,0,0,0,0,0,0,0,0,0,0,6,6,0,17.13,187.74,1.36,-4.53,2139.38,0.4,43.68,1.18,6.08,--,0,3.1
2949,欣新網,62.9,63,62.9,1,1.62,16,37.5,0,0,0,0,0,0,0,0,0,0,0,0,0,0,0,9,0,9,9,18,-9,18.18,511.68,-12.37,25.69,6022.53,0.74,12.37,1.99,3.18,--,0,3.06
3002,歐格,17.45,17.55,17.5,-0.05,-0.28,434,27.9,-187,0,-16,-203,0,0,0,0,0,0,0,0,0,0,0,85,102,-17,352,335,17,53.03,73.68,4.52,6.66,738.83,-0.01,8.44,-0.49,1.89,10.76,2744,10.2
3003,健和興,61,61.1,61,-0.9,-1.45,1711,36.49,-47,0,11,-36,145,235,-90,-0.05,-122,20,93,87,148,0.07,0.14,312,464,-152,1281,1039,242,60.4,480.75,2.04,22.67,4742.03,0.47,23.07,1.23,1.64,9.29,3615,15.57
3004,豐達科,140,141,140.5,10,7.66,1630,57.88,304,40,1,345,914,515,399,0.24,888,901,13,26,0,0.55,0.02,240,405,-165,514,748,-234,26.26,419.39,-7.37,20.68,4395.13,1.92,25.24,3.4,1.81,17.69,2846,6.44
3005,神基,103,103.5,103.5,-0.5,-0.48,4498,36.54,270,-1377,77,-1030,2787,3376,-589,-0.13,-3261,35,37,109,3224,0.02,0.73,574,420,154,1196,760,436,12.67,3562.91,2.03,8.33,39477.92,1.74,31.06,4.2,6.56,3.11,4861,62.43
3006,晶豪科,229,229.5,229,-8.5,-3.58,29362,46.66,-3600,0,-12,-3612,19844,24342,-4498,-0.15,-23676,0,0,0,23676,0,0.79,3650,1740,1910,6354,3767,2587,28.59,4634.22,53.16,349.21,22541.84,7.22,47.52,17.89,0.44,30.59,22796,29.81
3008,大立光,3840,3845,3845,305,8.62,1265,58.05,-58,9,78,29,1347,1336,11,0.01,1347,1347,0,0,0,1.01,0,28,26,2,72,85,-13,24.49,5362.27,-1.06,24.48,63075.43,46.63,49.41,3.27,2.08,4.8,1601,13.08
3010,華立,139.5,140,140,2,1.45,1735,56.69,469,-5,9,473,1073,848,225,0.13,218,135,838,600,155,0.55,0.43,222,316,-94,472,603,-131,14.93,8032.77,5.47,12.64,82333.9,2.47,8.14,2.86,3.79,2.25,1457,25.94
3011,今皓,13.1,13.15,13.1,-0.6,-4.38,2219,25.52,-297,0,-26,-323,180,627,-447,-0.2,-627,0,0,0,627,0,0.28,0,268,-268,2044,1329,715,--,36.05,-29.56,-42.72,643.48,-0.73,2.36,-6.76,0,11.1,3252,12.96
3013,晟銘電,121.5,--,121.5,11,9.95,19423,67.77,747,0,501,1248,12516,11898,618,0.03,12516,12516,0,0,0,0.63,0,2209,2692,-483,5019,5154,-135,26.64,1321.33,12.2,40.66,11433.38,1.37,21.15,5.26,0.66,25.28,12965,20.51
3014,聯陽,148.5,149,148.5,0.5,0.34,3378,38.68,-478,2,14,-462,2012,2170,-158,-0.05,-54,115,1871,1948,92,0.58,0.6,416,370,46,1000,887,113,16.05,629.13,13.57,-4.21,6931.08,2.85,57.21,6.92,5.72,7.27,3018,16.6
3015,全漢,51.9,52,52,0.5,0.97,690,60.03,70,66,2,138,54,44,10,0.01,30,54,0,24,0,0.08,0.03,199,173,26,446,482,-36,25.62,1075.25,6.36,-12.74,12916.54,0.37,17.94,0.63,4.23,3.65,1709,18.73
3016,嘉晶,133,--,133,12,9.92,2191,66.97,-64,0,21,-43,1530,1205,325,0.15,1530,1530,0,0,0,0.73,0,312,410,-98,401,629,-228,324.39,426.66,12.49,32.85,4159.16,0.35,17.77,2.05,0.38,8.18,5902,28.86
3017,奇鋐,2570,2575,2575,30,1.18,5223,46.79,-801,-32,14,-819,5483,5488,-5,0,641,676,4788,4803,20,0.96,0.85,53,68,-15,152,132,20,42.28,15631.45,-13.24,71.62,171867.64,20.17,29.77,17.03,0.82,4.55,4463,39.25
3018,隆銘綠能,9.35,9.49,9.49,-0.39,-3.95,29,10.34,0,0,0,0,0,0,0,0,0,0,0,0,0,0,0,0,0,0,39,39,0,--,27.23,-36.31,-23.49,334.6,-0.67,-2.58,-9.45,0,--,5,7.54
3019,亞光,156,156.5,156.5,3,1.95,10815,53.52,2436,0,-240,2196,7542,6488,1054,0.1,3159,3145,4386,4347,25,0.69,0.4,1091,1522,-431,2333,2955,-622,22.81,2490.02,11.84,20.03,27659.76,1.05,17.3,2.08,2.94,20.69,14442,27.92
3021,鴻名,20.65,--,20.65,1.85,9.84,2923,63.82,-118,0,5,-113,104,220,-116,-0.04,104,104,0,0,0,0.04,0,307,508,-201,2529,2212,317,35.6,260.22,4.1,7.18,3381.21,0.19,19.42,0.96,2.91,4.89,1160,9.49
3022,威強電,73.4,73.5,73.5,1.9,2.65,1040,56.74,201,0,12,213,369,132,237,0.22,369,369,0,0,0,0.35,0,196,187,9,492,738,-246,20.82,637.95,-12.45,-3.72,6303.9,0.96,28.15,1.45,4.76,11.06,4883,17.66
3023,信邦,313.5,314.5,314,-0.5,-0.16,1619,33.92,129,12,36,177,1022,1068,-46,-0.03,-462,39,538,527,512,0.35,0.62,285,252,33,362,350,12,24.59,2959.79,1.85,14.97,31823.26,3.6,24.51,5.03,3.18,2.88,1726,24.01
3024,憶聲,16.05,16.1,16.05,-1.55,-8.81,7517,25.13,-433,0,52,-381,1265,2176,-911,-0.12,-2176,0,0,0,2176,0,0.29,822,1744,-922,5453,3619,1834,178.33,69.37,-8.62,-70.82,1173.43,0.02,25.75,0.2,1.37,10.23,7088,27.72
3025,星通,78.1,--,78.1,7.1,10,2217,90.83,232,0,-13,219,1469,1180,289,0.13,1416,1411,58,53,0,0.66,0.02,305,407,-102,466,653,-187,19.52,38.6,-16.38,76.45,730.09,0.6,66.34,3.76,4.1,15.75,2234,5.67
3026,禾伸堂,523,524,523,46.5,9.76,1733,91.1,333,350,72,755,1603,1588,15,0.01,1603,1603,0,0,0,0.97,0,143,167,-24,34,32,2,67.4,1427.47,10.67,21.12,13879.21,2.86,24.24,4.48,1.11,25.54,10592,16.59
3027,盛達,18.8,18.95,18.95,0.8,4.41,955,54.67,-40,0,-19,-59,0,0,0,0,0,0,0,0,0,0,0,27,28,-1,935,934,1,--,90.29,-34.87,-79.48,1466.57,0.05,23.98,0.07,0,17.28,4965,13
3028,增你強,81.3,81.4,81.3,-1,-1.22,5341,33.53,-312,0,-26,-338,1341,2317,-976,-0.18,-2134,35,0,53,2116,0.01,0.4,825,924,-99,3265,2190,1075,15.91,6995.63,-6.91,106.27,53724.74,3.05,9.1,11.4,3.69,5.93,3520,23.72
3029,零壹,96.9,97,97,0,0,1085,35.55,-417,-5,0,-422,217,505,-288,-0.26,-477,0,16,91,402,0.01,0.44,203,184,19,691,421,270,13.29,2365.36,2.07,14.19,25300.76,1.77,11.8,5.18,5.67,8.69,3367,16.7
3030,德律,418,418.5,418,-1.5,-0.36,8006,41.15,-596,0,-44,-640,5275,5888,-613,-0.07,1158,2344,2450,3133,503,0.58,0.44,821,782,39,2169,1596,573,36.19,1112.17,40.22,62.51,9396.14,3.5,60.27,8.24,1.67,18.98,11208,23.62
3031,佰鴻,32.85,32.9,32.85,-0.9,-2.67,6334,36.97,-64,0,10,-54,1136,1095,41,0.01,-657,176,111,168,776,0.05,0.15,560,831,-271,4668,4438,230,29.33,123.45,1.62,17.79,1192.55,0.13,26.21,0.74,3.04,16.2,7013,17.32
3032,偉訓,90.9,91,91,3.8,4.36,6289,41.82,-1215,0,83,-1132,2047,2538,-491,-0.08,-177,394,1653,2224,0,0.32,0.35,1092,1306,-214,3205,2500,705,--,944.49,8.57,-5.63,11438.15,0.85,23.16,2.99,0,33.92,8758,11.33
3033,威健,49.2,49.25,49.2,-4.7,-8.72,42551,27.96,-10329,-19,-540,-10888,12937,26529,-13592,-0.32,-26065,171,99,451,25884,0.01,0.61,6623,4984,1639,23470,11517,11953,18.64,11405.63,-10.5,15.18,115267.1,1.52,6.18,6.81,4.23,8.52,10340,48.53
3034,聯詠,489,489.5,489,3.5,0.72,4665,39.27,460,183,76,719,3798,3503,295,0.06,3140,3166,632,658,0,0.78,0.14,341,530,-189,719,825,-106,20.03,9225.02,8.93,1.16,96793.8,6.19,39.06,5.39,4.7,2.17,3307,60.85
3035,智原,218.5,219,218.5,7.5,3.55,29703,49.75,-1454,0,378,-1076,19307,20946,-1639,-0.05,12664,15128,3545,4777,1232,0.62,0.2,3170,2949,221,7871,6453,1418,116.22,967.01,-9.33,-43.12,12410.73,0.4,47.3,0.97,0.82,26.94,17545,26.06
3036,文曄,301.5,302,301.5,12.5,4.33,13583,53.3,2428,-2710,154,-128,10473,10343,130,0.01,9509,9810,662,963,0,0.76,0.07,1272,1434,-162,2031,2000,31,21.38,211019.73,8.72,78.7,1517728.57,5.32,3.45,6.06,2.59,2.08,6611,126.91
3037,欣興,990,991,990,20,2.06,22249,39.48,1775,-450,-134,1191,22136,22127,9,0,2707,2702,19434,19429,0,0.94,0.83,1122,1104,18,336,360,-24,144.31,13932.82,6.53,27.64,141614.63,3.28,17.96,4.81,0.2,9.49,37379,158.95
3038,全台,23.5,23.55,23.5,0.35,1.51,829,50.86,162,0,24,186,101,0,101,0.12,101,51,50,0,0,0.12,0,139,115,24,595,720,-125,26.4,246.93,-1.65,-6.46,2940.09,0.37,22.82,2.08,5.11,3.22,1268,15.74
3040,遠見,39.5,39.9,39.5,-0.1,-0.25,101,22.99,25,0,0,25,0,0,0,0,0,0,0,0,0,0,0,0,0,0,103,103,0,--,10.38,-15.78,-1.27,134.79,0.04,58.12,0.18,8.86,83.82,13878,6.62
3041,揚智,26.95,27,27,-0.15,-0.55,3954,32.95,-63,0,28,-35,661,548,113,0.03,-455,0,50,0,505,0.01,0.13,498,677,-179,2828,2762,66,--,119.64,0.69,18.2,1191.02,-0.48,47.38,-9.41,0,11.79,3452,14.02
3042,晶技,193.5,--,193.5,17.5,9.94,2198,100,-152,0,66,-86,2028,1625,403,0.18,2028,2028,0,0,0,0.9,0,118,300,-182,146,367,-221,34.49,1288.71,16.28,1.42,13539.66,1.32,32.33,2.88,2.48,25.27,20092,34.3
3043,科風,21.05,21.15,21.05,-0.35,-1.64,282,40,-5,0,2,-3,0,0,0,0,0,0,0,0,0,0,0,0,0,0,286,286,0,--,96.17,30.15,16.04,799.29,0.05,22.99,0.09,0,12.83,1250,3.9
3044,健鼎,494,494.5,494,3.5,0.71,4417,41.3,585,-183,40,442,3129,3638,-509,-0.11,592,1153,1924,2355,130,0.68,0.55,601,462,139,798,427,371,24,8201.13,12.07,28.9,79074.33,5.61,26.51,5.24,2.57,4.3,5646,52.56
3045,台灣大,111,111.5,111.5,-0.5,-0.45,14603,68.54,-7556,4967,-55,-2644,13710,14318,-608,-0.04,-5799,771,0,0,6570,0.05,0.45,325,127,198,598,188,410,27.81,15669.3,-8.42,1.79,200651.53,1.37,21.56,4.66,4.3,0.07,608,372.33
3046,建碁,54,54.1,54,0.6,1.12,587,38.67,-65,0,13,-52,58,0,58,0.1,58,0,58,0,0,0.1,0,104,206,-102,429,385,44,13.17,698.24,-16.69,93.6,7871.15,1.2,9.07,5.88,5.56,4.63,909,7.84
3047,訊舟,15.55,15.6,15.55,0.15,0.97,2530,41.08,67,0,-9,58,71,243,-172,-0.07,-243,0,0,84,159,0,0.1,587,183,404,1881,2113,-232,--,252.61,-3.62,-28.36,3020,-0.1,23.06,-2.01,0,12.53,7039,22.48
3048,益登,73.2,73.3,73.3,-1.2,-1.61,36036,41.63,-2382,0,-346,-2728,16518,24200,-7682,-0.21,-4152,5101,8766,15342,2677,0.38,0.5,4437,3629,808,15378,8503,6875,23.95,13078.41,4.93,22.19,122866.88,1.22,3.99,5.78,1.36,14.93,9136,26.98
3049,精金,12.7,12.75,12.75,0.3,2.41,8883,55.13,911,0,5,916,2517,949,1568,0.18,1911,1501,1016,606,0,0.28,0.07,1106,1932,-826,5302,6044,-742,--,32.85,-47.93,-72.14,1313.79,-0.04,39.6,2.75,0,--,0,80.2
3050,鈺德,12.75,12.8,12.75,0.25,2,1571,44.77,-53,0,-8,-61,0,100,-100,-0.06,-100,0,0,0,100,0,0.06,216,171,45,1360,1305,55,--,103.14,4.42,3.92,1240.77,-0.08,29.42,-0.34,1.96,10.8,4186,15.5
3051,力特,30.75,30.8,30.8,2.6,9.22,17997,60.93,-202,0,-4,-206,7024,7699,-675,-0.04,2938,3449,3575,4086,0,0.39,0.23,2274,3058,-784,8766,7307,1459,30.2,175.5,26.6,-5.71,1783.8,0.45,30.49,2.95,1.62,16.56,5658,16.7
3052,夆典,10.55,10.6,10.6,0.05,0.47,556,24.18,-100,0,9,-91,240,0,240,0.42,0,0,0,0,0,0,0,104,145,-41,229,428,-199,12.77,486.16,86.22,34.24,3647.03,0.19,9.71,1.08,5.66,2.59,1509,23.32
3054,立萬利,69,69.4,69,1.4,2.07,351,50.77,8,0,0,8,62,43,19,0.05,19,42,0,0,23,0.12,0.06,18,0,18,274,311,-37,20.35,86.01,33.05,2134.03,325.31,1.41,75.63,9.49,1.16,4.46,900,8.07
3055,蔚華科,118,118.5,118,0,0,6661,49.63,136,0,-111,25,3203,3809,-606,-0.09,1398,2131,598,823,508,0.41,0.2,984,817,167,2540,2100,440,--,126.14,360.7,336.31,574.01,-0.15,31.88,-0.99,0,34.12,8739,11.5
3056,富華新,13.3,13.35,13.35,-0.25,-1.84,2641,41.6,-586,0,11,-575,313,202,111,0.04,-202,0,0,0,202,0,0.08,515,984,-469,1850,1493,357,--,79.48,4.45,-25.03,981.94,0.01,16.43,0.04,4.57,5.54,6660,48.06
3057,喬鼎,19.95,20,20,0.25,1.27,359,61.06,48,0,9,57,0,0,0,0,0,0,0,0,0,0,0,0,0,0,374,374,0,--,54.65,-26.63,33.62,630.13,0.02,45.08,0.17,0,--,0,6.79
3058,立德,8.26,8.27,8.26,-0.16,-1.9,1097,35.58,-319,0,2,-317,0,0,0,0,0,0,0,0,0,0,0,0,0,0,1116,1116,0,--,307.91,6.57,1.94,3121.48,-0.19,13.27,-2.38,0,--,0,20.17
3059,華晶科,43.3,43.35,43.3,-0.25,-0.57,19970,46.92,266,0,102,368,6302,6772,-470,-0.02,151,2742,2717,4005,1303,0.27,0.26,2371,2646,-275,11458,10713,745,35.2,770.26,8.81,14.98,8944.79,0.26,23.94,1.18,2.31,15.47,11903,30.77
3060,銘異,28.95,29,29,0.15,0.52,3123,45.59,594,0,3,597,563,302,261,0.08,159,0,461,108,194,0.15,0.1,480,581,-101,2101,2261,-160,--,356.95,5.36,11.74,3930.92,0.33,15.4,1.83,0.69,21.38,7354,13.76
3062,建漢,31.2,31.25,31.25,1.9,6.47,27275,54.77,1493,0,525,2018,10817,10356,461,0.02,10010,10055,762,807,0,0.4,0.03,3414,3617,-203,13151,13409,-258,--,305.29,-18.26,5.9,4446.29,-0.54,1.17,-4.23,0,14.81,12223,33.01
3064,泰偉,17.5,18.5,18,0,0,8,75,0,0,0,0,0,0,0,0,0,0,0,0,0,0,0,0,0,0,9,9,0,--,8.05,22.8,15.19,80.77,-0.27,91.15,-5.6,0,--,0,1.3
3066,李洲,21.15,21.3,21.2,0.4,1.92,762,48.72,163,0,0,163,0,0,0,0,0,0,0,0,0,0,0,41,0,41,725,766,-41,302.86,23.65,6.36,22.59,257.94,0.52,35.75,4.31,0,3.4,659,8.31
3067,全域,17.4,18.35,18.45,1.2,6.96,17,5.88,0,0,0,0,0,0,0,0,0,0,0,0,0,0,0,0,0,0,17,17,0,--,3.25,-81.65,-7.1,69.91,0.12,30.4,0.94,0,--,0,2
3071,協禧,31.55,31.6,31.55,0.95,3.1,1240,55.9,347,0,-50,297,159,0,159,0.13,159,159,0,0,0,0.13,0,105,111,-6,987,1140,-153,45.07,262.3,6.3,31.35,2561.17,0.15,30.06,1.3,2.54,14.45,3973,11
3073,天方能源,20.2,20.3,20.25,-0.2,-0.98,187,43.17,11,0,0,11,0,76,-76,-0.4,-76,0,0,0,76,0,0.4,51,0,51,137,112,25,--,7.8,-43.97,42.13,141.86,0,12.72,-0.03,0,7.43,734,3.95
3078,僑威,57.5,57.6,57.5,0.8,1.41,1741,52.44,25,67,12,104,384,327,57,0.03,206,289,95,149,29,0.22,0.1,297,373,-76,1083,1064,19,11.66,605.56,23.9,-45.8,8356.27,0.72,20.56,2.32,6.96,10.4,5913,22.74
3081,聯亞,2925,2930,2925,215,7.93,2432,61.5,-67,359,71,363,2575,2501,74,0.03,2479,2479,96,96,0,0.97,0.04,18,44,-26,54,102,-48,384.36,395.35,15.16,115.38,2864.5,3.44,54.76,7.53,0.14,19.62,4537,9.25
3083,網龍,27.15,27.2,27.15,-0.55,-1.99,212,19.81,-50,0,0,-50,0,0,0,0,0,0,0,0,0,0,0,0,0,0,214,214,0,44.51,21.09,-30.77,2.25,417,0.3,80.89,1.99,1.22,6.07,1312,8.65
3085,新零售,12.1,12.3,12.3,0.75,6.49,5,60,0,0,0,0,0,0,0,0,0,0,0,0,0,0,0,0,0,0,7,7,0,--,7.83,56.84,96.81,57.64,-0.24,69.1,-4.16,0,--,0,6.9
3086,華義*,35.8,35.9,35.8,-1.1,-2.98,802,25.35,-284,0,-8,-292,58,36,22,0.03,-36,0,0,0,36,0,0.04,82,213,-131,676,567,109,--,9.04,-12.81,-7.23,147.65,-0.01,34.71,-1.5,0,--,8850,2.73
3088,艾訊,141,141.5,141,-1,-0.7,1910,39.23,-111,71,-56,-96,718,998,-280,-0.14,-292,125,488,725,180,0.31,0.46,343,270,73,895,688,207,24.91,828.12,-0.52,65.88,7832.18,2.25,34.03,4.85,2.13,12,3260,10.86
3090,日電貿,236.5,--,236.5,21.5,10,4136,72.66,803,0,13,816,3265,2885,380,0.16,3265,3265,0,0,0,1.37,0,283,431,-148,707,938,-231,49.17,1843.31,18.11,28.14,16829.4,1.7,19.85,3.12,2.03,11.22,8067,28.76
3092,鴻碩,30.3,30.35,30.3,-0.4,-1.3,742,30.96,-144,0,-4,-148,0,0,0,0,0,0,0,0,0,0,0,0,58,-58,750,692,58,--,131.53,-22.24,-15.43,1575.32,-0.95,9.24,-7.24,0,9.46,2521,10.66
3093,港建*,55.8,56,56,3.9,7.49,3161,48.79,-149,0,0,-149,890,613,277,0.09,549,665,0,0,116,0.21,0.04,424,443,-19,1870,2128,-258,64.37,195.59,293.9,-25.5,1493.27,0.08,27.06,1.11,2.05,12.27,4453,3.63
3094,聯傑,36.6,36.65,36.6,1.25,3.54,4546,51.17,600,0,14,614,917,595,322,0.07,917,917,0,0,0,0.2,0,655,716,-61,2998,3259,-261,140.77,19.53,18.38,21.76,186.86,0.07,74.98,0.57,0.68,13.99,2906,8.31
3095,及成,45.5,45.6,45.55,-1.35,-2.88,44,34.09,-3,0,0,-3,0,0,0,0,0,0,0,0,0,0,0,0,0,0,52,52,0,--,73.28,13.6,36.01,664.18,0.75,23.04,4.31,0,14.56,300,1
3105,穩懋,543,544,543,12,2.26,41294,51.06,-2520,663,1147,-710,38376,38710,-334,-0.01,13958,14463,23913,24418,0,0.91,0.58,3773,3396,377,204,248,-44,104.02,1734.09,5.18,48.89,18221.61,1.26,26.34,1.08,0.37,43.04,45618,42.39
3114,好德,28.7,29,29,0.75,2.65,397,61.87,-2,0,0,-2,0,0,0,0,0,0,0,0,0,0,0,44,0,44,356,400,-44,10.98,270.8,13.63,-6.54,3091.86,0.73,11.17,2.95,4.86,2.68,436,6.51
3115,富榮綱,7.93,7.95,7.94,-0.21,-2.58,90,11.63,-2,0,0,-2,0,0,0,0,0,0,0,0,0,0,0,0,0,0,92,92,0,--,0.87,1.04,--,5.79,-0.1,100,-1.36,0,--,0,7.22
3118,進階,33.3,33.35,33.3,-0.1,-0.3,26,53.85,0,0,0,0,0,0,0,0,0,0,0,0,0,0,0,0,0,0,27,27,0,13.99,58.23,-17.2,-3.6,716.4,0.53,37.45,2.94,6.61,0.37,30,3.25
3122,笙泉,35.8,35.85,35.8,-0.05,-0.14,729,46.76,-23,0,0,-23,0,147,-147,-0.2,-34,0,0,0,34,0,0.05,74,149,-75,658,436,222,--,29.45,-8.03,-0.08,319.52,-0.29,36.48,-3.3,0,--,93,4.08
3128,昇銳,24.3,24.5,24.5,0.25,1.03,307,45.54,-24,0,1,-23,0,0,0,0,0,0,0,0,0,0,0,0,0,0,312,312,0,22.69,75.11,-13.97,-17.47,1054.72,0.31,30.69,1.94,4.08,17.08,2020,4.73
3130,一零四,220.5,221,220.5,-0.5,-0.23,23,52.17,-6,0,0,-6,6,11,-5,-0.17,0,0,0,0,0,0,0,3,2,1,21,16,5,14.61,245.03,-6.35,9.28,2722.19,3.57,86.46,6.71,6.67,0.05,4,3.32
3131,弘塑,2905,2935,2920,100,3.55,398,45.41,-49,41,3,-5,409,406,3,0.01,405,405,4,4,0,0.95,0.01,5,6,-1,18,19,-1,55.66,536.41,9.73,-4.36,6845.59,16.11,33.78,10.54,1.58,4.35,323,2.97
3135,凌航,213,213.5,213.5,2,0.95,1903,50.41,271,0,-10,261,842,1108,-266,-0.15,184,597,15,16,412,0.34,0.24,231,280,-49,909,594,315,13.05,3852.95,169.38,607.83,13546.63,10.76,30.35,31.81,2.2,5.45,1292,9.49
3138,耀登,176.5,177,176.5,7,4.13,3442,50.21,191,0,35,226,1729,1516,213,0.06,1729,1729,0,0,0,0.49,0,547,700,-153,1240,1300,-60,109.63,169.79,6.49,16.59,1835.99,-0.02,41.44,-0.07,0.95,26.02,3668,5.64
3141,晶宏,78.5,78.6,78.5,1.1,1.42,7288,45.59,-1069,0,-85,-1154,2198,3599,-1401,-0.19,-256,828,1264,2036,312,0.28,0.32,1074,1204,-130,4091,2561,1530,77.72,151.69,16.37,9.51,1656.27,0.84,42.51,2.15,0.46,23.38,4411,7.55
3147,大綜,187.5,188,188,2,1.08,682,43.14,-19,0,4,-15,204,190,14,0.02,43,43,161,150,11,0.29,0.23,83,178,-95,416,335,81,21.05,1093.29,31.38,90.07,8528.79,3.66,12.58,9.61,3.46,12.88,1407,4.37
3149,正達,65,--,65,5.9,9.98,41228,64.68,866,0,80,946,21535,20623,912,0.02,19954,21042,419,1299,208,0.52,0.04,5438,7382,-1944,14492,13460,1032,--,170.17,18.92,-19.16,2362.62,-0.37,-4.14,-3.36,0,43.17,23111,22.62
3152,璟德,199.5,--,199.5,18,9.92,2684,73.27,494,0,125,619,1774,1524,250,0.09,1774,1774,0,0,0,0.64,0,404,480,-76,574,749,-175,21.34,127.13,5.01,1.65,1394.23,1.39,45.14,2.35,2.02,10.37,1790,6.9
3158,嘉實,85.6,86,85.6,-0.2,-0.23,19,50,3,0,0,3,0,0,0,0,0,0,0,0,0,0,0,0,0,0,20,20,0,12.76,88.07,-8.61,12.25,1051.86,1.5,63.93,4.32,7.59,--,0,3.05
3162,精確,87,87.1,87,-0.6,-0.68,4950,33.03,-201,0,0,-201,1330,2357,-1027,-0.21,-2283,14,29,66,2260,0.01,0.47,899,872,27,2777,1777,1000,83.65,685.89,-11.43,-0.45,7894.32,0.02,10.41,0.19,1.15,26.47,7413,15.43
3163,波若威,1210,1215,1210,65,5.68,7178,59.97,-1180,231,-66,-1015,7334,7287,47,0.01,1354,1356,5946,5915,33,0.98,0.8,15,27,-12,92,128,-36,140.05,199.14,-19.53,16.5,2386.04,3.03,18.86,7.78,0.29,33.45,6736,8.05
3164,景岳,16.45,16.55,16.45,-0.35,-2.08,62,37.1,-6,0,0,-6,0,0,0,0,0,0,0,0,0,0,0,0,0,0,73,73,0,31.63,37.79,-1.27,-5.41,391.54,0.05,54.08,0.13,4.86,1.33,286,8.6
3167,大量,878,879,879,48,5.78,7764,56.28,-525,719,-37,157,5976,6088,-112,-0.01,5594,5691,284,381,0,0.75,0.05,1878,1769,109,127,123,4,85.67,862.68,11.53,114.23,6640.7,3.19,42.34,8.06,0.46,54.31,12222,9.01
3168,眾福科,49.85,--,49.85,4.5,9.92,498,76.86,75,0,6,81,80,31,49,0.1,80,80,0,0,0,0.16,0,40,47,-7,381,423,-42,18.6,312.44,-7.88,7.77,3510.06,0.6,22.81,2.36,6.02,0.56,105,7.51
3169,亞信,121,121.5,121.5,-0.5,-0.41,1029,46.85,-96,29,-7,-74,270,295,-25,-0.02,-43,27,195,244,21,0.21,0.25,201,213,-12,577,540,37,34.62,80.37,2.94,0.11,916.22,0.97,54.2,3.3,2.63,7.37,1163,6.31
3171,炎洲流通,71.2,71.6,70.9,2.8,4.11,172,49.37,27,0,0,27,22,0,22,0.13,22,22,0,0,0,0.13,0,16,0,16,138,176,-38,14.38,285.66,21.16,126.35,2338.83,1.44,25.76,6.55,6.54,0.85,49,3.31
3176,基亞,35.85,35.9,35.9,-1.35,-3.62,1410,33.15,-197,0,0,-197,30,0,30,0.02,0,0,0,0,0,0,0,141,238,-97,1246,1179,67,--,94.37,-6.07,-10.29,1333.8,-0.38,52.75,-1.57,0,2.78,968,13.93
3178,公準,73.1,73.3,73.3,4.2,6.08,562,46.06,62,0,0,62,55,110,-55,-0.1,20,35,20,35,0,0.1,0.06,94,112,-18,421,348,73,--,115.01,-19.46,-2.85,1227.53,0,13.72,0.02,0,10.44,1176,4.51
3188,鑫龍騰,23.15,23.25,23.15,-1,-4.14,771,25.97,-264,0,-1,-265,0,104,-104,-0.13,-104,0,0,0,104,0,0.13,0,187,-187,779,488,291,3.84,285.48,-55.75,914.83,4394.69,2.24,39.65,13.11,13.82,5.77,2719,18.86
3189,景碩,669,--,669,60,9.85,8263,81.07,-15,1159,-179,965,8149,8109,40,0,7761,7789,360,388,0,0.95,0.05,384,394,-10,4,34,-30,188.45,4072.32,3.38,26.75,42695.8,1.17,21.16,1.89,0.26,19.83,26119,52.69
3191,雲嘉南,18.15,--,18.15,1.65,10,140,94.93,0,0,4,4,0,0,0,0,0,0,0,0,0,0,0,29,0,29,117,146,-29,82.5,15.59,-13.25,-1.89,171.34,-0.32,29.51,-5.67,0,--,0,4.36
3205,佰研,53.3,53.5,53.3,-1.2,-2.2,187,24.86,-46,0,0,-46,0,0,0,0,0,0,0,0,0,0,0,40,46,-6,150,144,6,--,60.4,-1.21,67.9,416.68,0.05,9.15,0.31,0,18.24,1484,6.75
3206,志豐,37.8,38,37.8,-0.45,-1.18,107,28.3,14,0,0,14,0,0,0,0,0,0,0,0,0,0,0,0,0,0,108,108,0,22.77,280.61,13.23,-7.83,3067.15,0.26,20.65,1.09,3.97,5.15,759,5.89
3207,耀勝,60.7,61.3,60.7,4.1,7.24,1514,56.68,-92,0,14,-78,148,244,-96,-0.06,148,148,0,0,0,0.1,0,356,238,118,1015,1038,-23,--,132.01,-17.44,-9.8,1945.99,-0.45,17.63,0.24,0,35.4,5502,6.64
3209,全科,73.9,74,73.9,-4.1,-5.26,7796,33.67,-630,0,-54,-684,2117,3316,-1199,-0.15,-3316,0,0,0,3316,0,0.42,1364,1430,-66,4428,3163,1265,20.58,6945.42,1.98,83.85,53253.17,1.52,5.03,6.43,3.38,12.89,7585,23.54
3211,順達,426.5,--,426.5,38.5,9.92,21177,83.42,8955,-1600,215,7570,20371,18977,1394,0.06,20371,20368,3,0,0,0.93,0,509,1210,-701,943,1636,-693,42.99,1060.19,-27.79,18.61,14366.39,2.05,20.03,3.35,2.7,28.11,10852,15.43
3213,茂訊,122,123,122.5,3,2.51,1442,65.08,332,0,12,344,904,661,243,0.17,602,635,183,147,69,0.56,0.15,199,206,-7,366,602,-236,17.11,308.54,11.23,23.88,2911.74,2.59,35.97,4.24,5.71,11.99,1759,5.87
3217,優群,199.5,200,200,-7,-3.38,4411,31.13,-861,-552,-86,-1499,1759,3145,-1386,-0.31,-3030,57,26,71,3042,0.02,0.69,695,453,242,2082,938,1144,15.94,316.59,-10.52,-13.26,4124.36,2.82,48.93,5.15,5,14.71,3314,9.01
3218,大學光,129,130.5,129,-2,-1.53,495,37.3,-84,-4,0,-88,138,257,-119,-0.23,-257,0,0,0,257,0,0.5,131,69,62,247,190,57,11.38,380.4,3.21,7.27,4196.44,3.31,57.38,7.25,6.01,3.81,807,8.47
3219,倚強科,91.3,91.5,91.3,-1.6,-1.72,2699,38.25,-230,0,-245,-475,622,738,-116,-0.04,252,443,52,103,140,0.18,0.09,410,387,23,1691,1598,93,44.75,231.58,63.77,30.26,1907.06,0.48,63.89,1.64,1.5,8.24,1479,7.18
3221,台嘉碩,60.1,60.2,60.2,3.8,6.74,19367,54.03,413,0,-2,411,8175,10678,-2503,-0.13,1246,3277,4899,6930,0,0.41,0.35,3133,2432,701,8687,6885,1802,207.59,220.01,17.62,13.65,2254.37,0.36,21.42,1.59,0.47,16.76,4401,10.51
3224,三顧,41,41.05,41.05,0.35,0.86,255,38.19,-24,0,0,-24,51,0,51,0.2,0,0,0,0,0,0,0,0,16,-16,206,241,-35,--,134.16,-16.37,-4.02,1532.17,0.03,16.15,-0.92,0,51.43,8766,7.82
3226,龍鋒,39.5,40,39.75,-0.25,-0.63,7,20,-1,0,0,-1,0,0,0,0,0,0,0,0,0,0,0,0,0,0,7,7,0,--,97.83,-14.66,-54.69,1301.79,0.02,7.24,0.07,0,0.03,5,6.44
3227,原相,232.5,233,232.5,-0.5,-0.21,2681,43.68,341,7,-7,341,1772,1596,176,0.06,-537,139,830,669,837,0.35,0.54,292,361,-69,707,815,-108,21.12,850.2,13.06,4.21,9022.08,2.65,59.48,3.24,4.34,9.52,3583,15.05
3228,金麗科,230,230.5,230,18.5,8.75,1343,70.14,292,0,20,312,579,366,213,0.15,579,579,0,0,0,0.41,0,222,196,26,605,844,-239,--,32.37,22.72,-13.38,304.63,-0.55,60.74,-6.01,0,--,0,7.15
3229,晟鈦,43.55,--,43.55,3.95,9.97,1026,80.43,29,0,18,47,395,79,316,0.3,395,395,0,0,0,0.38,0,35,132,-97,611,829,-218,435.5,148.54,-2.35,56.27,1201.77,0.55,10.96,5.72,0,--,0,6.43
3230,錦明,32.5,32.85,32.5,0.15,0.46,470,50.75,105,0,0,105,0,0,0,0,0,0,0,0,0,0,0,45,56,-11,430,419,11,--,34.15,-14.47,17.64,391.13,-0.45,4.31,-4.04,0,25.76,4573,8.6
3231,緯創,148.5,149,149,4.5,3.11,68821,65,11198,54,602,11854,62742,63310,-568,-0.01,54078,54670,8072,8664,0,0.9,0.12,4151,4221,-70,3234,2596,638,14.94,283437.18,-14.89,111.99,2836074.22,3.06,5.21,6.82,3.69,5.91,47016,318.04
3232,昱捷,21.95,22.1,22,-0.3,-1.35,115,54.39,-7,0,0,-7,0,0,0,0,0,0,0,0,0,0,0,0,0,0,116,116,0,95.65,101.26,26.29,21.43,900.8,0.18,16.51,1.25,2.27,25.16,2929,4.66
3234,光環,106.5,107,107,3,2.88,3081,47.61,196,0,-1,195,1327,1335,-8,-0,739,951,376,588,0,0.42,0.19,518,442,76,1312,1381,-69,--,62.45,-2.73,12.18,666.62,-0.32,9.79,-4.88,0,--,0,11.15
3236,千如,58.3,--,58.3,5.3,10,1682,100,-58,0,4,-54,1244,779,465,0.27,1244,1244,0,0,0,0.72,0,118,290,-172,359,651,-292,138.81,256.97,39.4,38.29,2226.31,0.1,22.79,0.65,0.86,23.04,6049,10.5
3252,海灣,18.45,18.65,18.45,0.4,2.22,123,96.72,17,0,0,17,0,0,0,0,0,0,0,0,0,0,0,50,50,0,76,76,0,123,37.81,-16.4,-9.61,502.74,0.09,40.46,0.75,0,98.96,12418,5.02
3257,虹冠電,54.4,54.7,54.4,1.6,3.03,1187,52.96,222,0,0,222,121,89,32,0.03,121,121,0,0,0,0.1,0,245,142,103,835,970,-135,18.38,50.34,4.75,-51.74,935.91,0.19,44.98,0.91,5.15,12.22,2439,7.98
3259,鑫創,15.8,15.85,15.7,-0.65,-3.98,98,14.29,7,0,0,7,0,0,0,0,0,0,0,0,0,0,0,0,0,0,101,101,0,--,19.55,17.6,20.61,279,-0.6,15.77,-10.82,0,--,0,7.3
3260,威剛,407.5,408,407.5,-10,-2.4,17705,35.58,-9,-2643,-544,-3196,13149,15498,-2349,-0.13,-14665,297,213,309,14866,0.03,0.81,2414,1193,1221,3080,1951,1129,8.14,10555.56,0.18,169.51,75894.01,30.05,55.7,35.47,4.17,29.86,24588,32.94
3264,欣銓,224,224.5,224,2.5,1.13,8152,45.92,675,-5,43,713,5391,5571,-180,-0.02,3444,3950,1440,1946,0,0.65,0.23,668,763,-95,2258,1982,276,34.73,1463.82,2.98,27.79,15117.5,1.95,38.36,4.68,1.88,5.3,6497,49.02
3265,台星科,189,189.5,189.5,3.5,1.88,2673,53.8,276,-13,-33,230,1363,1199,164,0.06,981,1006,357,382,0,0.5,0.14,522,580,-58,855,962,-107,33.25,489.51,4.57,37.89,5006.23,1.76,25.55,3.87,2.16,11.31,3854,13.63
3266,昇陽,12.8,12.85,12.85,0.45,3.63,299,60.34,37,0,-7,30,0,0,0,0,0,0,0,0,0,0,0,0,0,0,300,300,0,20.08,163.31,-15.64,78.53,1763.1,0.12,25.38,0.7,3.89,0.54,476,35.23
3268,海德威,18,18.05,18,0.4,2.27,243,46.84,13,0,0,13,0,0,0,0,0,0,0,0,0,0,0,0,0,0,245,245,0,--,105.5,2.53,-1.52,946.54,-0.09,6.27,-0.67,0,12.5,1085,3.47
3272,東碩,16.8,16.85,16.8,-0.55,-3.17,123,7.32,-21,0,0,-21,0,0,0,0,0,0,0,0,0,0,0,0,0,0,126,126,0,--,239.57,-5.96,-10.59,2851.39,-2.8,7.08,-18.16,0,6.73,1029,6.12
3276,宇環,14.25,14.3,14.25,-0.1,-0.7,181,36.46,-12,0,-5,-17,0,0,0,0,0,0,0,0,0,0,0,0,0,0,182,182,0,71.25,58.75,-13.18,42.89,524.28,0,0.31,-0.78,0.42,9.08,1582,6.97
3284,太普高,16.65,16.7,16.65,-0.15,-0.89,518,31.79,-82,0,0,-82,0,0,0,0,0,0,0,0,0,0,0,64,31,33,457,490,-33,7.33,63.17,-35.43,-18.7,844.73,0.5,27.73,3.12,3,4.25,1152,10.85
3285,微端,29.15,29.2,29.15,0.35,1.22,55,40,-1,0,0,-1,0,0,0,0,0,0,0,0,0,0,0,0,0,0,55,55,0,31.01,73.08,9.34,2.33,763.46,0.26,24.2,1.96,1.72,0.93,99,4.27
3287,廣寰科,32.5,32.6,32.6,0.75,2.35,275,46.32,49,0,0,49,0,0,0,0,0,0,0,0,0,0,0,0,38,-38,278,240,38,11.52,83.81,16.91,-1.6,961.73,1.01,33.38,7.91,4.6,19.12,2102,4.4
3288,點晶,14.75,15,14.9,-0.05,-0.33,38,42.11,0,0,0,0,0,0,0,0,0,0,0,0,0,0,0,0,0,0,39,39,0,--,8.68,-3.9,68.12,78.15,-0.08,76.96,-1.19,0,--,0,1.64
3289,宜特,172.5,173,172.5,3.5,2.07,2256,44.48,-102,0,-89,-191,1191,1482,-291,-0.13,256,491,699,934,0,0.51,0.4,434,306,128,693,530,163,35.79,371.3,6.12,-3.8,4779.87,2.05,17.27,3.59,2.59,34.04,7330,8.67
3290,東浦,47.1,47.4,47.15,-1.1,-2.28,835,26.72,-357,0,0,-357,22,0,22,0.03,0,0,0,0,0,0,0,170,238,-68,650,604,46,10.14,295.82,2.61,69.35,2857.74,2.65,20.14,10.49,3.18,41.64,8370,9.02
3293,鈊象,741,742,741,-7,-0.94,1665,35.49,-423,376,-10,-57,1344,1419,-75,-0.04,-1207,30,156,161,1232,0.1,0.77,389,295,94,76,96,-20,18.36,2123.25,-3.19,14.74,23210.62,11.18,97.82,20.27,4.86,4.18,2943,28.18
3294,英濟,42.25,42.3,42.3,1.2,2.92,8063,53.21,591,0,9,600,2008,734,1274,0.16,1951,1978,0,0,27,0.24,0,1021,1233,-212,5077,6138,-1061,--,261.12,9.76,-10.34,3540.49,-0.45,5.82,-2.79,0,24.61,8123,13.2
3296,勝德,20.05,20.1,20.1,0.45,2.29,139,64.75,-29,0,7,-22,0,0,0,0,0,0,0,0,0,0,0,0,0,0,141,141,0,154.62,146.33,22.38,8.21,1562.39,-0.37,14.4,-2.85,0,7.19,1738,9.67
3297,杭特,30.25,30.45,30.25,-0.5,-1.63,156,35.26,-24,0,-1,-25,0,0,0,0,0,0,0,0,0,0,0,0,0,0,163,163,0,60.5,21.8,-20.42,53.7,214.08,-0.05,36.68,-0.29,0,12.23,1102,3.6
3303,岱稜,49.8,49.9,49.8,0.45,0.91,521,40.55,-157,0,1,-156,26,65,-39,-0.07,26,26,0,0,0,0.05,0,31,76,-45,468,384,84,11.66,307.07,14.21,18.44,3084.38,0.92,34.29,3.79,6.02,7.01,1649,9.41
3305,昇貿,160.5,--,160.5,14.5,9.93,13300,74.57,4011,0,234,4245,10303,9168,1135,0.08,10214,10271,32,89,0,0.76,0.01,963,1763,-800,2258,2609,-351,46.52,1465.06,6.19,60.17,12538.05,1.73,18.27,4.11,1.43,30.99,11207,14.46
3306,鼎天,46.85,47.1,46.85,0,0,328,36.62,1,0,0,1,0,0,0,0,0,0,0,0,0,0,0,23,37,-14,308,294,14,21.3,84.77,-14.42,-20.75,1086.56,0.11,27.54,0.16,3.63,8.1,1025,5.06
3308,聯德,20.3,20.35,20.3,-0.2,-0.98,227,36.56,-40,0,-2,-42,0,0,0,0,0,0,0,0,0,0,0,0,0,0,237,237,0,169.17,0.51,-3.02,-7.05,7.92,0.01,62.63,0.08,0,4.59,688,6
3310,佳穎,73.1,73.8,73.2,-3.7,-4.81,62,29.51,-16,0,0,-16,0,0,0,0,0,0,0,0,0,0,0,0,0,0,63,63,0,47.53,188.5,34.21,26.25,1718,0.34,21.8,1.23,4.78,15.14,2836,7.49
3311,閎暉,33.85,33.9,33.85,0,0,463,44.9,108,0,2,110,0,0,0,0,0,0,0,0,0,0,0,90,48,42,382,424,-42,23.03,199.23,0.85,4.94,2274.3,0.5,11.06,1.36,1.77,12.98,3244,10
3312,弘憶股,50.4,50.5,50.4,2.75,5.77,8878,56.51,757,0,19,776,3352,2587,765,0.09,3274,3257,95,78,0,0.38,0.01,1293,1745,-452,4296,4610,-314,30.18,2431.84,10.44,20.81,21387.91,1.03,5.33,4.52,2.58,11.24,5133,18.26
3313,斐成,11.55,11.6,11.6,-0.2,-1.69,162,22.93,-44,0,0,-44,0,0,0,0,0,0,0,0,0,0,0,0,0,0,169,169,0,--,0.48,89.64,125.59,16.07,0.07,-44.42,0.71,0,--,1419,22.11
3317,尼克森,83.7,--,83.7,7.6,9.99,11166,70.53,3127,0,84,3211,5734,3719,2015,0.18,5734,5734,0,0,0,0.51,0,1355,2112,-757,4252,5511,-1259,45.49,264.77,6,10.81,2810.83,0.84,29.35,2.35,0.6,15.34,3451,9
3321,同泰,16.5,16.55,16.55,0.6,3.76,624,53.93,169,0,11,180,0,0,0,0,0,0,0,0,0,0,0,115,37,78,516,594,-78,--,203.88,13.17,11.2,2149.49,-0.69,1.68,-8.6,0,--,0,8.61
3322,建舜電,12.95,13,12.95,-0.5,-3.72,1544,24.14,-606,0,0,-606,0,0,0,0,0,0,0,0,0,0,0,127,321,-194,1430,1236,194,--,275.45,1.79,31.77,3105.01,-0.64,10.16,-4.86,0,35.6,12243,13.76
3323,加百裕,37.15,37.2,37.15,0.45,1.23,2631,48.92,242,0,-2,240,297,222,75,0.03,166,267,30,131,0,0.11,0.05,338,368,-30,2018,2063,-45,--,445.72,32.92,-4.01,4843.53,-0.56,8.48,-2.18,0,26.44,6573,9.95
3324,雙鴻,1010,1015,1010,0,0,2080,34.48,-476,-6,0,-482,2160,2224,-64,-0.03,-225,247,1500,1559,413,0.76,0.86,26,22,4,124,65,59,29.15,2842.34,-14.62,40.9,28240.15,12.61,29.66,9.95,1.19,24.5,5700,9.31
3325,旭品,12.4,12.45,12.4,0.45,3.77,902,70.47,276,0,0,276,93,176,-83,-0.09,93,93,0,0,0,0.1,0,80,58,22,735,674,61,--,58.13,-1.57,-57.73,1118.24,-0.6,-5.33,-7.26,0,--,617,11.02
3332,幸康,64.5,65.2,64.9,0.9,1.41,42,28.57,3,0,0,3,0,0,0,0,0,0,0,0,0,0,0,10,14,-4,32,28,4,16.51,175.84,6.71,24.69,1711.41,1.38,35.9,3.53,3.08,1.59,191,4.81
3338,泰碩,76.4,76.5,76.4,-0.6,-0.78,3490,32.96,-835,0,0,-835,599,1500,-901,-0.26,-1218,90,92,361,1039,0.05,0.4,522,769,-247,2405,1257,1148,53.06,324.64,-8.53,-6.54,3520.17,0.27,18.98,1.16,1.7,21.84,4799,8.79
3339,泰谷,49.3,49.35,49.3,-0.9,-1.79,3438,27.83,-716,0,-1,-717,409,794,-385,-0.11,-408,49,306,326,437,0.1,0.22,465,649,-184,2592,2023,569,--,72.14,-0.77,10.51,895.79,-0.77,13.67,-7.13,0,35.18,5855,6.66
3346,麗清,15.95,16,16,-0.35,-2.14,606,34.05,-181,0,-15,-196,0,0,0,0,0,0,0,0,0,0,0,48,0,48,564,612,-48,--,686.76,9.53,-15.08,8065.85,-0.67,8.89,-2.26,0.69,12.45,3773,12.12
3349,寶德,18.5,18.9,18.9,0,0,234,51.28,80,0,0,80,0,0,0,0,0,0,0,0,0,0,0,0,63,-63,234,171,63,--,18.36,-23.43,-60.68,414.88,-0.48,6.06,-6.56,0,--,0,4.61
3354,律勝,33.7,33.75,33.75,-1,-2.88,1878,39.2,-203,0,0,-203,30,30,0,0,-30,0,0,0,30,0,0.02,125,186,-61,1735,1674,61,--,13.79,22.15,52.03,105.78,-0.17,29.18,-1.52,0,10.65,1866,7.01
3356,奇偶,65.3,65.4,65.3,2,3.16,2332,42.49,-311,0,6,-305,467,494,-27,-0.01,9,90,377,458,0,0.2,0.19,545,402,143,1356,1472,-116,6.44,107.31,-3.88,20.67,1058.07,2.21,49.63,6.85,5.36,10.63,2124,7.99
3357,臺慶科,274,274.5,274,-5,-1.79,12810,40.52,-1753,0,-73,-1826,7908,9512,-1604,-0.12,2384,4525,2205,3324,1022,0.52,0.33,2189,1528,661,2913,1970,943,28.19,704.11,7.34,15.42,6895.06,2.51,28.86,2.88,1.9,28.29,7633,11.49
3360,尚立,14.65,14.7,14.65,-0.3,-2.01,569,29,-54,0,0,-54,0,0,0,0,0,0,0,0,0,0,0,0,0,0,573,573,0,--,707.88,5.31,-3.73,8284.21,0,3.22,-0.67,0,15.18,2900,7.64
3362,先進光,117,117.5,117,-3,-2.5,2714,27.7,101,0,-3,98,1140,1582,-442,-0.16,-1334,110,32,24,1452,0.05,0.53,406,322,84,1222,864,358,--,372.81,-10.41,-3.89,4400.29,-0.5,13.11,-1.95,0,11.45,4077,14.74
3363,上詮,846,847,846,-6,-0.7,3847,39.94,-875,0,0,-875,2489,3186,-697,-0.17,-1416,67,1635,2199,919,0.41,0.75,1472,849,623,169,95,74,--,127.94,9.1,-37.3,1786.43,-0.98,1.88,-2.58,0,25.44,6909,11.36
3372,典範,21.9,21.95,21.95,1.7,8.4,2916,63.06,409,0,0,409,501,165,336,0.11,501,501,0,0,0,0.17,0,620,125,495,1818,2649,-831,--,114.86,0.67,32.57,1209.08,-0.03,4.11,-0.36,0,--,3,17.53
3373,熱映,16.85,16.9,16.85,-0.05,-0.3,90,53.33,15,0,0,15,0,0,0,0,0,0,0,0,0,0,0,0,33,-33,92,59,33,--,42.86,32.74,26.33,398.39,-0.26,13.71,-1.55,6.53,7.25,863,4.76
3374,精材,258,258.5,258,5,1.98,17474,52.38,69,151,-13,207,11764,12243,-479,-0.03,8869,10712,37,47,1833,0.6,0.11,2528,2684,-156,3550,2915,635,50.19,723.82,3.48,25.64,7754.56,1.42,29.66,3.86,0.97,17.45,11837,27.14
3376,新日興,220.5,221,220.5,10.5,5,13050,67.35,4985,0,454,5439,10717,7798,2919,0.22,10311,10412,289,357,33,0.8,0.03,720,1683,-963,1935,3906,-1971,324.26,907.19,12.61,-10.02,10169.22,0.15,14.28,0.17,1.81,22.97,11241,19.58
3379,彬台,42,42.05,42,-0.8,-1.87,1183,43.36,69,0,0,69,124,196,-72,-0.06,-196,0,0,0,196,0,0.16,69,77,-8,1005,925,80,26.75,20.69,-36.09,-78.59,1813.88,-0.39,19.03,-2.29,2.86,24.04,2286,3.8
3380,明泰,35.8,35.85,35.8,1.65,4.83,7121,51.53,858,0,-21,837,2063,1560,503,0.07,1875,2031,32,188,0,0.29,0.03,1130,1170,-40,3985,4447,-462,--,1093.75,-56.21,-30.94,22762.01,0.1,18.36,0.21,1.4,4.83,6543,54.17
3388,崇越電,104.5,105,105,3,2.94,1548,51.55,45,0,-11,34,704,409,295,0.19,278,400,95,85,132,0.32,0.14,229,333,-104,635,827,-192,23.81,864.39,8.08,33.25,7814.33,1.2,19.51,1.95,3.33,16.87,3124,7.41
3390,旭軟,28.4,28.5,28.4,-0.25,-0.87,1657,39.79,-69,0,0,-69,83,84,-1,-0,1,0,43,0,42,0.03,0.03,163,330,-167,1421,1253,168,--,91,15.99,48.58,838.19,-0.18,16.14,-1.05,0.7,16.32,3237,7.93
3402,漢科,142.5,143,143,3.5,2.51,1486,60.49,613,0,-7,606,1008,581,427,0.28,1008,1008,0,0,0,0.67,0,131,299,-168,376,635,-259,19.51,503.19,7.4,20.14,5462,1.56,21,5.41,4.2,7.64,1395,7.3
3406,玉晶光,591,592,591,15,2.6,1549,55.66,335,-1,26,360,1192,1019,173,0.11,1071,1055,137,121,0,0.73,0.07,393,548,-155,41,60,-19,17.91,2314.44,6.94,24.81,26265.65,7.9,33.56,3.39,2.88,7.1,2002,11.27
3413,京鼎,349,349.5,349,24,7.38,4561,65.93,1348,82,205,1635,3823,2793,1030,0.22,3823,3823,0,0,0,0.81,0,281,578,-297,618,1351,-733,18.5,1869.45,-7.59,6.27,21644.17,4.28,23.84,2.94,3.15,13.76,3809,11.08
3416,融程電,190,190.5,190.5,7.5,4.1,2438,44.39,-685,0,-28,-713,890,1548,-658,-0.26,-397,208,682,1287,0,0.36,0.52,500,370,130,1105,577,528,26.1,390.69,11.09,56.33,3927.21,1.8,36.52,4.3,2.94,6.48,1304,8.05
3419,譁裕,14.05,14.1,14.1,0.1,0.71,550,52.29,41,0,-4,37,0,0,0,0,0,0,0,0,0,0,0,83,145,-62,470,408,62,--,143.35,-14.3,-0.17,1780.48,-0.32,12.19,-4.08,0,--,1477,12.05
3426,台興,47.75,47.8,47.7,-0.1,-0.21,9,0,0,0,0,0,0,0,0,0,0,0,0,0,0,0,0,0,0,0,9,9,0,24.97,54.91,-1.96,-9.34,553.25,0.31,25.59,1.04,0,--,0,2.64
3430,奇鈦科,177.5,178,177.5,-6,-3.27,3415,32.38,-455,0,-1,-456,1572,2144,-572,-0.17,-1949,66,0,6,2009,0.02,0.59,533,455,78,1354,860,494,51.6,161.06,-19.9,13.83,1849.92,1.45,23.24,4.28,0.9,32.95,2777,3.37
3432,台端,19.8,19.95,19.9,0.75,3.92,280,67.05,119,0,0,119,0,0,0,0,0,0,0,0,0,0,0,27,30,-3,256,253,3,--,16.94,-43.36,39.4,213.43,-0.23,14.22,-3.16,0,--,0,4.22
3434,哲固,29.2,29.4,29.2,0.2,0.69,190,52.66,3,0,0,3,0,0,0,0,0,0,0,0,0,0,0,62,21,41,132,174,-42,--,28.08,-53.73,-49.82,551.57,0.08,19.93,0.55,4.11,19.18,1714,3.58
3437,榮創,25.65,25.7,25.65,-0.5,-1.91,4185,38.46,-578,0,2,-576,293,778,-485,-0.12,-734,0,0,0,734,0,0.17,451,744,-293,3455,2677,778,--,115.81,-4.47,-22.17,1460.69,-0.56,3.92,-3.32,0,9.01,3255,14.45
3438,類比科,72.1,72.5,72.1,0.7,0.98,1296,32.94,-180,0,0,-180,138,230,-92,-0.07,-46,26,112,184,0,0.11,0.14,145,276,-131,1024,801,223,80.11,85.57,28.23,-14.59,936.47,0.24,38.67,0.49,2.08,8.39,989,4.72
3441,聯一光,57.4,--,57.4,5.2,9.96,3170,67.06,-255,0,26,-229,1327,479,848,0.27,1327,1327,0,0,0,0.42,0,363,564,-201,1504,2151,-647,50.35,58.74,14.76,44.9,466,0.47,29.79,2.28,1.48,22.48,2250,4
3443,創意,5310,5320,5310,170,3.31,2361,52.74,-726,175,64,-487,2457,2428,29,0.01,1879,1872,586,579,0,0.98,0.23,20,30,-10,41,61,-20,159.75,4294.03,11.23,156.85,41187.38,12.28,27.2,11.97,0.38,16.5,5529,13.4
3444,利機,106,106.5,106,9,9.28,1954,69.65,298,0,0,298,1175,1017,158,0.08,1175,1175,0,0,0,0.6,0,269,339,-70,530,619,-89,59.89,112.93,-2.08,-1.81,1287.76,0.41,19.76,1.77,1.7,16.07,1808,4.5
3447,展達,37.95,38,38,-0.05,-0.13,329,45.37,0,0,0,0,0,0,0,0,0,0,0,0,0,0,0,18,34,-16,314,298,16,26.57,305.57,3.06,8.59,3746.22,0.17,9.4,1.06,2.89,12.91,2500,7.74
3450,聯鈞,501,502,501,41.5,9.03,4730,48.13,-967,0,15,-952,3883,3594,289,0.06,3064,3049,834,819,0,0.84,0.18,554,663,-109,489,668,-179,149.11,877.79,20.62,45.5,8187.96,0.69,24.8,2.3,0.2,51.63,18803,14.57
3455,由田,275.5,276,275.5,-17.5,-5.97,4661,33.51,-1034,0,-29,-1063,1998,3547,-1549,-0.32,-3513,12,0,0,3525,0,0.72,1116,662,454,1784,690,1094,154.78,125.16,261.21,-2.51,1456.24,-0.81,54.54,-2,1.27,30.24,4525,5.99
3465,進泰電子,27.65,28.25,27.5,-0.25,-0.9,15,20,-1,0,0,-1,0,0,0,0,0,0,0,0,0,0,0,0,0,0,15,15,0,--,193.58,48.48,32.93,1618.39,-0.92,5.92,-5.04,0,7.1,627,3.53
3466,德晉,32.95,33,32.95,-0.85,-2.51,809,33.2,-55,0,0,-55,40,113,-73,-0.09,-113,0,0,0,113,0,0.14,42,57,-15,735,647,88,--,218.52,374.39,2243.13,327.25,-0.31,7.8,-1.7,0,56.15,10934,7.79
3467,台灣精材,66.6,67,66.7,2.9,4.55,280,46.52,-20,0,0,-20,30,22,8,0.03,8,0,30,22,0,0.11,0.08,49,27,22,203,233,-30,98.09,69.42,10.96,39.7,648.73,0.3,24.71,1.57,0.75,7.38,574,3.11
3479,安勤,129,129.5,129.5,4,3.19,3774,54.06,-114,0,12,-102,1713,1871,-158,-0.04,619,954,759,1094,0,0.45,0.28,599,595,4,1532,1378,154,19.07,768.86,-6.66,9.49,8772.8,2.22,28.15,4.46,3.55,8.49,1541,7.26
3481,群創,49.1,--,49.1,4.45,9.97,67429,100,-4033,0,1369,-2664,65072,65446,-374,-0.01,65072,65072,0,0,0,0.95,0,1984,2198,-214,1387,799,588,409.17,21237.44,-14.97,11.79,239714.59,0.2,14.43,0.79,2.04,22.17,442744,798.92
3483,力致,99.2,99.3,99.2,4.6,4.86,2020,59.5,449,53,120,622,529,175,354,0.17,529,529,0,0,0,0.25,0,394,395,-1,1165,1518,-353,25.77,751.92,-9.01,3.68,9262.76,0.17,17.08,0.34,3.02,19.32,4785,9.9
3484,崧騰,43.75,43.8,43.75,-0.4,-0.91,372,21.74,-62,0,0,-62,0,30,-30,-0.08,-30,0,0,0,30,0,0.08,82,59,23,295,288,7,11.16,362.42,-5.66,-16.15,4510.95,0.63,22.07,1.49,5.71,10.59,2087,7.88
3485,敘豐,291.5,--,291.5,26.5,10,201,100,1,0,3,4,156,115,41,0.2,156,156,0,0,0,0.75,0,20,51,-31,33,43,-10,63.37,52.52,0.28,9.87,--,1.69,53.21,4.28,1.74,--,0,3.85
3489,森寶,21.85,21.9,21.85,-0.15,-0.68,103,21.78,1,0,0,1,0,0,0,0,0,0,0,0,0,0,0,0,0,0,104,104,0,--,76.57,-3.62,113.51,909.46,-0.03,3.3,-0.19,13.73,7.13,1612,9.05
3490,單井,41.95,42,41.95,-1.55,-3.56,5920,31.42,-982,0,-26,-1008,1002,1990,-988,-0.17,-1990,0,0,0,1990,0,0.34,597,931,-334,4352,3030,1322,15.65,31.1,77.03,51.02,266.37,2.07,20.05,8.71,1.19,27.21,3741,5.5
3491,昇達科,2085,2095,2090,160,8.29,3318,58.05,490,43,1,534,3449,3462,-13,-0,3131,3134,315,318,0,0.96,0.09,25,28,-3,111,95,16,228.67,349.05,6.17,83.99,3011.56,3.68,57.98,7.13,0.33,21.12,3632,6.88
3492,長盛,22.55,22.8,22.55,-0.05,-0.22,76,36.84,14,0,0,14,0,0,0,0,0,0,0,0,0,0,0,0,0,0,76,76,0,15.03,75.52,15.52,-17.81,810.94,0.31,28.25,1.65,4.88,8.6,764,3.55
3494,誠研,8.07,8.08,8.08,0.13,1.64,323,61.41,2,0,3,5,0,0,0,0,0,0,0,0,0,0,0,0,0,0,329,329,0,--,81.23,-17.5,-4.51,972.85,-0.29,14.85,-4.47,0,--,0,9.48
3498,陽程,159,159.5,159,-1,-0.63,1072,30.53,-113,0,23,-90,227,440,-213,-0.24,-212,86,20,67,251,0.12,0.36,258,210,48,623,457,166,121.37,341.95,351.07,137.82,1644.31,-0.2,26.04,-0.53,0,30.11,3875,6.13
3499,環天科,14.8,14.85,14.8,0.1,0.68,160,23.84,-25,0,0,-25,0,0,0,0,0,0,0,0,0,0,0,0,0,0,162,162,0,--,28.72,11.63,-20.18,325.08,-0.51,12.89,-6.19,0,--,0,5.5
3501,維熹,40,40.05,40,-0.05,-0.12,426,42.42,-44,0,-16,-60,138,76,62,0.14,19,45,0,0,26,0.1,0.06,0,54,-54,294,302,-8,22.35,429.48,-7.72,-18.52,5239.81,0.15,15.37,0.25,5,1.94,574,11.83
3504,揚明光,82.7,82.8,82.7,-0.7,-0.84,3208,42.73,191,0,2,193,718,817,-99,-0.03,65,466,0,0,401,0.14,0.12,531,523,8,1993,1901,92,--,243.55,-13.64,2.24,2728.77,0.05,18.23,0.21,0,9.44,2693,11.41
3508,位速,19.45,19.5,19.45,-0.65,-3.23,420,17.9,65,0,0,65,0,0,0,0,0,0,0,0,0,0,0,0,31,-31,425,394,31,--,70.59,-21.73,-18.99,811.95,-0.1,14.49,-3.65,0,--,0,10.43
3511,矽瑪,21.1,21.2,21.1,-0.35,-1.63,431,28.64,-44,0,1,-43,0,0,0,0,0,0,0,0,0,0,0,34,79,-45,400,355,45,--,149.27,-14.08,-9.98,1740.86,-0.09,16.41,-0.67,0,21.63,2702,8
3512,皇龍,20.35,20.4,20.35,0,0,67,68.75,9,0,0,9,0,0,0,0,0,0,0,0,0,0,0,0,0,0,67,67,0,11.7,16.73,47.17,147.8,948.68,0.46,40.42,2,8.85,1.72,487,11.31
3515,華擎,245,245.5,245,13,5.6,1252,59.33,304,0,70,374,842,478,364,0.28,652,614,227,189,0,0.65,0.15,99,153,-54,360,670,-310,15.47,2741.89,-44.39,-46.53,48384.94,4.14,14.96,5.8,4.49,6.61,2042,12.35
3516,亞帝歐,23.6,23.65,23.6,0.5,2.16,289,62.94,23,0,0,23,45,0,45,0.16,45,0,45,0,0,0.16,0,22,30,-8,223,260,-37,81.38,96.56,0.69,27.01,1135.14,0.08,16.93,0.45,0.85,60.45,9001,5.96
3518,柏騰,37.4,37.45,37.45,1.8,5.05,2588,51.66,-167,0,5,-162,182,280,-98,-0.04,182,182,0,0,0,0.07,0,528,425,103,1890,1895,-5,16.28,18.04,-6.46,-38.27,296.71,2.81,-13.12,18.52,0,16.61,3894,10.34
3520,華盈,15.05,15.1,15.1,0,0,253,32.27,-18,0,0,-18,0,0,0,0,0,0,0,0,0,0,0,0,0,0,255,255,0,--,101.45,-6.4,-2.64,1270.03,-0.07,10.12,-0.59,0,15.38,2390,6.88
3521,台鋼建設,12.8,12.9,12.8,-0.25,-1.92,111,17.92,6,0,0,6,0,0,0,0,0,0,0,0,0,0,0,0,0,0,112,112,0,5.52,1.08,-88.13,-58.7,237.86,2.12,-42.64,19.16,0,11.76,1345,18.58
3522,御嵿,12.2,12.25,12.2,-0.2,-1.61,154,37.16,0,0,1,1,0,0,0,0,0,0,0,0,0,0,0,0,0,0,155,155,0,--,62.51,-50.93,-0.59,1208.41,0.4,54.24,6.14,0,--,0,10.41
3523,迎輝,10.95,--,10.95,0.96,9.61,55,87.27,6,0,0,6,0,0,0,0,0,0,0,0,0,0,0,0,0,0,56,56,0,--,10.87,90.6,197.78,97.17,-0.45,-88.58,-7.01,0,--,0,6.43
3526,凡甲,372,373,373,6.5,1.77,1354,56.46,341,-2,51,390,843,972,-129,-0.09,-416,189,206,232,579,0.28,0.58,167,146,21,379,270,109,21.38,436.62,3.77,40.32,4227.87,4.7,50.38,7.91,4.51,12.57,2069,6.58
3527,聚積,59.7,59.9,59.9,-1.4,-2.28,402,30.67,69,0,0,69,0,107,-107,-0.26,-107,0,0,0,107,0,0.26,41,109,-68,363,188,175,--,105.87,-24.49,-19.93,1380.18,0.01,39.59,0.02,1.67,10.37,1152,4.44
3528,安馳,91.6,91.7,91.6,-2.2,-2.35,1823,35.23,-34,0,5,-29,326,233,93,0.05,100,96,144,86,54,0.13,0.08,275,340,-65,1247,1275,-28,29.55,1108.97,-18.67,83.24,11238.62,2.83,13.88,9.38,1.51,18,2999,6.66
3529,力旺,3705,3710,3710,85,2.34,402,39.13,-26,37,9,20,411,414,-3,-0.01,402,402,9,9,0,0.96,0.02,3,2,1,15,13,2,135.4,613.12,406,12.93,4101.53,7.98,100,14.73,0.55,9.61,1794,7.47
3530,晶相光,70.8,70.9,70.9,1.9,2.75,565,50.36,67,0,5,72,63,18,45,0.08,63,63,0,0,0,0.11,0,79,56,23,430,498,-68,34.93,230.87,19.38,39.08,2105.64,0.44,20.46,1.39,1.13,6.6,1279,7.75
3531,先益,23.1,23.5,23.5,0.15,0.64,22,100,0,0,0,0,0,0,0,0,0,0,0,0,0,0,0,0,0,0,22,22,0,97.92,101.15,-1.81,-28.02,1166.03,0.33,19.96,1.01,2.13,0.57,87,6.12
3532,台勝科,273,--,273,24.5,9.86,4392,83.21,275,-335,69,9,4018,3716,302,0.07,3387,3391,627,631,0,0.9,0.14,234,456,-222,246,326,-80,345.57,1168.45,-2.02,14.03,12802.45,-0.18,0.83,-0.28,0.37,7.55,7323,38.78
3533,嘉澤,2580,2585,2585,30,1.17,1201,42.88,-9,95,4,90,1219,1230,-11,-0.01,-287,119,705,710,401,0.65,0.88,13,13,0,35,24,11,36.42,3391.88,-4.29,15.21,35926.34,21.37,49.55,5.76,1.35,2.73,768,11.25
3535,晶彩科,129.5,130,130,2.5,1.96,4056,57.84,86,0,1,87,1945,1791,154,0.04,648,995,713,713,347,0.41,0.26,620,710,-90,1563,1627,-64,325,19.81,-53.21,-2.5,733.74,0.99,46.09,7.26,0,40.09,7923,7.91
3537,堡達,76.7,--,76.7,6.9,9.89,11468,59.5,1032,0,-156,876,5906,5825,81,0.01,2774,3103,2803,3132,0,0.51,0.27,1708,1826,-118,3947,3911,36,30.08,283.95,15.28,-6.08,2950.46,1.28,16.43,5.46,2.61,32.44,4561,5.62
3540,曜越,26.75,26.9,26.75,0.5,1.9,353,44.57,-37,0,0,-37,0,0,0,0,0,0,0,0,0,0,0,38,30,8,320,328,-8,92.24,300.93,-26.72,-31.04,4952.15,0.15,28.11,0.6,1.12,6.67,1209,7.25
3541,西柏,22.3,22.35,22.3,-0.6,-2.62,152,16.41,1,0,0,1,0,0,0,0,0,0,0,0,0,0,0,26,24,2,129,131,-2,--,83.03,-18.6,-27.94,1037.77,0.03,35.46,0.25,0,2.68,377,5.63
3543,州巧,36.05,36.1,36.1,-0.9,-2.43,1282,31.04,-342,0,-6,-348,170,210,-40,-0.03,-210,0,0,0,210,0,0.16,81,207,-126,1038,872,166,--,288.9,-1.76,-8.76,3182.59,-0.16,9.41,-0.73,1.66,24.53,6762,11.03
3545,敦泰,61.6,61.8,61.6,0,0,3754,56.41,507,0,49,556,1473,1207,266,0.07,690,705,683,590,108,0.36,0.18,539,650,-111,1800,1954,-154,--,953.52,5.89,-14.34,11273.71,0.02,23.02,0.06,1.3,8.9,4918,22.12
3546,宇峻,81.4,81.5,81.4,0.1,0.12,448,51.85,61,0,15,76,63,43,20,0.04,-15,15,0,0,30,0.03,0.07,20,33,-13,375,382,-7,23.87,133.46,-16.84,32.29,1628.84,2.34,88.59,8.7,3.07,16.36,2389,5.84
3548,兆利,99.4,99.6,99.6,0.8,0.81,632,42.34,-108,0,24,-84,66,69,-3,-0,44,54,12,0,22,0.1,0.03,85,99,-14,500,483,17,1992,751.26,17.91,-30.19,8146.27,-1.35,8.1,-1.47,1,24.39,4131,6.77
3550,聯穎,21.5,21.55,21.5,-0.25,-1.15,2896,32.13,-197,0,8,-189,224,319,-95,-0.03,-259,60,0,52,267,0.02,0.11,363,511,-148,2324,2080,244,--,448.13,-2.41,25.21,3800.19,0.21,17.41,1.32,0,49.72,13367,10.76
3551,世禾,202.5,203,202.5,0,0,901,35.46,-54,-80,8,-126,323,468,-145,-0.16,-169,94,126,242,147,0.24,0.42,94,91,3,519,377,142,24.67,275.78,0.26,11.99,3151.57,2.46,37.44,3.03,2.37,12.14,1890,6.23
3552,同致,53.1,53.4,53.1,-0.2,-0.38,351,38.97,64,0,-2,62,25,63,-38,-0.1,-38,0,25,43,20,0.07,0.17,30,13,17,309,288,21,88.5,736.8,41.23,2.59,8168.92,0.01,18.43,0.02,0.94,6.77,1657,9.79
3555,博士旺,233.5,234.5,233.5,-2,-0.85,903,31.5,123,0,-19,104,358,402,-44,-0.05,193,302,10,40,79,0.34,0.13,142,154,-12,416,360,56,33.65,68.97,-32.99,2832.48,616.03,5.45,42.55,32.91,0,16.04,1005,4
3556,禾瑞亞,56.7,56.8,56.8,2.1,3.84,1207,58.58,-105,0,2,-103,184,120,64,0.05,184,184,0,0,0,0.15,0,177,198,-21,866,909,-43,19.39,108.66,-7.79,-1.85,1023.38,1.19,49.34,6.25,3.43,3.92,625,6.37
3557,嘉威,25.75,25.8,25.8,-0.1,-0.39,85,37.65,-11,0,8,-3,0,0,0,0,0,0,0,0,0,0,0,0,0,0,88,88,0,--,262.73,-43.35,-6.31,3736.01,0.48,34.33,1.62,1.16,2.21,398,8.43
3558,神準,138,138.5,138,11,8.66,1308,56.27,-127,35,9,-83,346,288,58,0.04,306,305,41,40,0,0.26,0.03,270,308,-38,743,763,-20,50.74,1056.84,2.96,-24.58,13755.28,0.1,16.24,0.31,2.17,11.9,1757,5.91
3563,牧德,891,892,892,-4,-0.45,2522,35.19,-2,14,67,79,1571,1854,-283,-0.11,-799,306,505,574,1036,0.3,0.61,996,738,258,98,73,25,56.92,343.25,1.4,3.75,3276.55,4.61,60.58,5.32,1.46,58.81,7234,6.4
3564,其陽,45.5,46,45.6,0.3,0.66,504,34.87,-112,0,21,-91,0,0,0,0,0,0,0,0,0,0,0,20,31,-11,490,479,11,152,247.45,21.13,5.99,2569.86,-0.32,22.26,-1.36,0.59,5.61,829,5.91
3567,逸昌,29.7,29.8,29.7,0.8,2.77,639,44.98,-19,0,0,-19,0,0,0,0,0,0,0,0,0,0,0,0,0,0,646,646,0,31.26,24.02,-0.78,14.17,279.38,0.13,25.13,0.79,3.37,6.43,546,3.4
3570,大塚,171.5,172,172,-0.5,-0.29,41,28.95,-5,0,0,-5,0,6,-6,-0.15,-6,0,0,0,6,0,0.15,7,5,2,34,30,4,12.48,276.99,30.77,22.24,2422.81,4.12,28.92,6.75,5.64,0.91,39,1.71
3576,聯合再生,19.3,19.35,19.35,1.1,6.03,40195,65.2,8613,0,31,8644,18440,8845,9595,0.24,16012,15796,2578,2159,203,0.45,0.06,4165,6589,-2424,17844,25015,-7171,46.07,225.4,-14.63,2.21,2592.61,1.07,-45.65,14.84,0,--,0,162.78
3577,泓格,160,--,160,14.5,9.97,1831,59.55,-78,123,18,63,768,887,-119,-0.06,681,753,15,87,0,0.41,0.05,305,301,4,790,675,115,52.12,153.91,-8.94,89.01,1316.08,1.47,59.75,6.56,1.25,9.99,1597,6.4
3580,友威科,110.5,111,111,7,6.73,5576,62.91,1047,0,15,1062,3418,2790,628,0.11,3405,3418,0,13,0,0.6,0,622,823,-201,1625,2052,-427,79.29,47.45,94.5,71.25,424.74,-0.18,34.99,-0.7,1.08,43.48,4290,3.95
3581,博磊,272.5,--,272.5,24.5,9.88,87,100,-1,0,-27,-28,82,58,24,0.26,82,82,0,0,0,0.88,0,8,11,-3,3,24,-21,203.36,128.17,-16.03,47.69,1660.61,0.31,35.65,2.49,0.22,13.77,1756,5.1
3583,辛耘,916,918,916,41,4.69,2752,49.27,232,30,-37,225,1820,1830,-10,0,1813,1820,0,7,0,0.63,0,1009,990,19,82,92,-10,62.06,989.04,-6.11,10.8,11774.77,4.14,33.58,4.76,0.66,12.27,2464,8.03
3587,閎康,344,344.5,344,2,0.58,2092,35.66,-348,0,-17,-365,956,1325,-369,-0.17,-340,61,892,1277,16,0.44,0.59,296,235,61,940,631,309,47.12,540.74,0.48,22.53,5830.91,2.24,30.89,3,1.31,21.18,3769,7.12
3588,通嘉,64.7,64.8,64.8,1.7,2.69,817,52.26,173,0,-2,171,97,21,76,0.09,76,60,37,21,0,0.12,0.03,142,114,28,593,697,-104,108,143.21,-5.33,15.14,1419.77,0.37,33.61,1.28,0.77,8.5,1318,6.2
3591,艾笛森,26.5,26.6,26.5,-0.25,-0.93,3285,37.43,-29,0,-2,-31,746,832,-86,-0.03,-517,0,315,327,505,0.1,0.25,684,365,319,1872,2106,-234,--,232.69,15.5,1.3,2319.67,0.12,22.25,0.64,0,70.81,25736,14.54
3592,瑞鼎,284,284.5,284.5,19,7.16,2798,58.08,-390,0,30,-360,1345,1643,-298,-0.1,1206,1255,44,33,60,0.45,0.03,617,508,109,940,750,190,17.78,2318.53,15.91,13.62,22286.17,3.82,28.58,2.6,5.13,5.06,960,7.59
3593,力銘,17.45,17.5,17.45,0,0,40,35,0,0,0,0,0,0,0,0,0,0,0,0,0,0,0,0,0,0,44,44,0,--,74.98,35.65,-51.1,911.74,-0.7,-10.15,-15.57,0,--,0,6.08
3594,磐儀,52,52.3,52,0,0,497,52.83,176,0,1,177,0,40,-40,-0.08,-20,0,0,0,20,0,0.04,146,78,68,357,385,-28,78.79,188.85,-16.28,50.37,2208.86,-0.07,33.94,-0.92,0.77,22,4030,9.59
3596,智易,188.5,189,189,0,0,3091,53.62,1363,0,0,1363,2226,1610,616,0.2,314,320,1350,980,376,0.53,0.43,286,591,-305,638,949,-311,14.94,4528.96,0.08,1.16,53109.42,3.12,15.16,4.19,4.76,2.46,1354,22.04
3597,映興,27.6,27.85,27.6,-0.6,-2.13,128,29.37,15,0,0,15,0,0,0,0,0,0,0,0,0,0,0,0,0,0,130,130,0,115,83.81,17.3,26.59,874.51,0.08,22.71,0.55,1.45,12.39,1215,3.92
3605,宏致,80.6,80.7,80.6,-0.3,-0.37,4276,38.75,-25,0,22,-3,1445,1547,-102,-0.02,-857,106,388,283,1068,0.11,0.31,650,771,-121,2291,2069,222,24.88,1124.6,14.55,16.51,11263.17,0.67,24.59,1.35,2.08,16.75,7321,17.47
3607,谷崧,15.05,15.1,15.1,0.15,1,595,36.59,84,0,0,84,0,0,0,0,0,0,0,0,0,0,0,52,35,17,545,562,-17,38.72,246.69,-0.9,-11.2,2776.02,0.03,13.13,0.2,5.3,7.73,2352,12.17
3609,三一東林,29.4,29.65,29.6,1.25,4.41,553,39.06,-158,0,0,-158,0,0,0,0,0,0,0,0,0,0,0,50,63,-13,505,492,13,4.73,21.76,-18.78,1.86,610.3,-1.05,25.08,-8.03,0,25.23,1935,3.84
3611,鼎翰,187,187.5,187,-0.5,-0.27,83,18.29,-30,0,0,-30,20,31,-11,-0.13,-31,0,0,0,31,0,0.35,14,23,-9,54,34,20,9.2,1019.05,-0.49,-0.64,11439.08,4.56,33.81,3.96,5.35,1.35,160,4.76
3615,安可,52.3,--,52.3,4.75,9.99,17855,55.48,-1444,0,-31,-1475,5877,6054,-177,-0.01,2945,4395,1481,2931,0,0.33,0.16,2285,3274,-989,9786,8620,1166,50.78,63.24,-14.83,-30.1,854.93,0.16,23.75,0.72,1.34,25.3,4330,6.85
3617,碩天,205.5,206,205.5,5,2.49,551,56.41,85,0,10,95,292,225,67,0.12,226,213,79,66,0,0.52,0.12,85,76,9,189,266,-77,14.55,1027.69,-10.02,1.22,11945.19,4.13,53.86,4.26,4.87,8.51,2015,9.48
3622,洋華,56.5,56.6,56.5,0.6,1.07,559,49.1,15,0,-2,13,102,42,60,0.11,80,56,46,22,0,0.18,0.04,71,125,-54,389,395,-6,9.67,137.52,29.44,19.22,1737.25,1.09,38.43,2.23,5.66,4.85,1834,15.13
3623,富晶通,23.95,24,24,-0.3,-1.23,128,38.58,-8,0,0,-8,0,0,0,0,0,0,0,0,0,0,0,0,0,0,130,130,0,63.16,20.23,-30.77,-26.93,296.78,0.26,10.19,2.13,0,7.72,563,2.92
3624,光頡,93.9,94,94,2.5,2.73,4308,47.48,388,0,44,432,1792,1617,175,0.05,357,223,1569,1435,0,0.5,0.4,709,920,-211,1890,1854,36,45.41,282.46,-1.05,20.97,2833.31,0.75,28.56,2.51,1.17,35.57,10433,11.73
3625,西勝,14.85,14.95,14.85,0.05,0.34,515,39.22,-158,0,0,-158,99,0,99,0.19,99,99,0,0,0,0.19,0,42,0,42,376,517,-141,--,22.87,-50.1,-43.34,400.56,0.01,12.84,0.28,0,--,0,11.42
3628,盈正,65.9,66.1,66,1.6,2.48,167,51.83,-18,0,2,-16,0,0,0,0,0,0,0,0,0,0,0,17,21,-4,155,151,4,15.83,277.38,-2.84,13.12,3493.53,0.34,27.19,1,4.92,10.32,1161,4.5
3629,地心引力,16.6,17.45,16.6,0.5,3.11,15,80,0,0,0,0,0,0,0,0,0,0,0,0,0,0,0,0,0,0,15,15,0,--,7.85,5711.11,261400,31.17,-0.15,28.29,-10.15,0,--,0,3.3
3630,新鉅科,27.05,27.1,27.05,-0.55,-1.99,1030,30.91,186,0,-2,184,0,49,-49,-0.05,-49,0,0,0,49,0,0.05,83,143,-60,957,848,109,12.82,225.16,5.97,-3.87,2395.7,-0.27,11.07,-1.83,0,8,3682,20.42
3631,晟楠,37.75,37.8,37.75,-0.05,-0.13,148,31.97,-10,0,0,-10,0,0,0,0,0,0,0,0,0,0,0,0,0,0,149,149,0,--,2.67,-50.27,38.72,28.74,-0.15,18.14,-1.11,0,4.13,844,8.18
3632,研勤,7.27,7.29,7.28,-0.07,-0.95,21,80,0,0,0,0,0,0,0,0,0,0,0,0,0,0,0,0,0,0,43,43,0,--,19.11,-37.43,-18.38,265.92,0.06,61.89,2.28,0,--,0,4.09
3645,達邁,117,117.5,117.5,8.5,7.8,19247,63.05,-876,0,418,-458,12196,11588,608,0.03,11563,11787,350,450,124,0.62,0.03,2383,2421,-38,4918,5488,-570,61.84,237.11,3.56,16.43,2415.82,0.67,35.12,2.6,1.02,35.53,12146,13.68
3646,艾恩特,23.2,23.25,23.2,-0.2,-0.85,21,28.57,0,0,0,0,0,0,0,0,0,0,0,0,0,0,0,0,0,0,21,21,0,145,69.59,16.57,16.68,677.51,-0.36,23.64,-2.78,3.88,11.13,1093,3.93
3652,精聯,31.95,32,31.95,0.6,1.91,298,50,12,0,9,21,0,34,-34,-0.11,0,0,0,0,0,0,0,63,29,34,236,236,0,22.82,257.58,9.13,34.56,2575.75,0.4,34.92,1.58,3.76,4.29,805,7.51
3653,健策,3765,3770,3770,110,3.01,609,48.52,-20,6,33,19,643,658,-15,-0.02,194,214,429,449,0,0.93,0.65,12,8,4,39,27,12,104.29,2311.15,6.82,26.92,21318.67,9.53,41.78,6.32,0.58,7.4,2715,14.67
3661,世芯-KY,4900,4910,4900,5,0.1,1433,41.23,-210,-25,12,-223,1501,1516,-15,-0.01,164,179,1323,1338,0,0.95,0.85,22,22,0,61,46,15,69.88,2132.65,10.32,-32.31,23729.91,17.55,50.18,3.4,0.7,25.15,4988,8.21
3663,鑫科,91.7,91.8,91.7,4.8,5.52,10588,43.7,-452,0,7,-445,3581,4021,-440,-0.04,3581,3581,0,0,0,0.34,0,1839,1927,-88,5260,4731,529,917,473.06,-37.02,0.6,7017.72,0.26,5.18,1.08,0,22.36,5253,10.85
3664,安瑞-KY,8.24,8.25,8.24,-0.91,-9.95,70,47.14,0,0,0,0,0,0,0,0,0,0,0,0,0,0,0,0,0,0,70,70,0,--,17.13,4.73,-26.86,751.37,-1.77,36.1,-155.95,0,--,0,7.19
3665,貿聯-KY,2385,2390,2385,160,7.19,1914,52.77,736,-148,13,601,1967,1948,19,0.01,1967,1967,0,0,0,1,0,11,24,-13,56,64,-8,48.12,7382.96,5.26,18.54,76918.02,11.66,28.77,4.87,0.63,5.24,2554,19.51
3666,光耀,27.2,27.25,27.2,-0.05,-0.18,94,41.49,17,0,0,17,0,0,0,0,0,0,0,0,0,0,0,0,0,0,95,95,0,--,44.56,23.74,2.1,419.04,-0.4,-18.51,-3.11,0,8.44,1244,13.89
3669,圓展,38.95,39.15,38.95,0.45,1.17,283,42.22,-47,0,8,-39,0,0,0,0,0,0,0,0,0,0,0,14,17,-3,270,267,3,21.4,231.99,-21.77,17.04,2695.26,0.7,60.62,1.99,2.57,3.62,841,9.29
3672,康聯訊,10.9,11.8,10.9,-0.5,-4.39,80,27.85,3,0,1,4,0,0,0,0,0,0,0,0,0,0,0,0,0,0,80,80,0,--,22.63,-32.45,120.07,211.7,-0.39,32.75,-4.97,0,--,0,4.08
3673,TPK-KY,79.5,79.6,79.5,2.5,3.25,33162,51.43,-823,0,42,-781,16029,18458,-2429,-0.07,12633,14883,1146,3396,0,0.48,0.1,5027,4536,491,12313,10377,1936,21.84,6803.84,8.73,5.83,67393.6,1.33,9.38,1.22,2.26,18.66,18970,40.67
3675,德微,334,334.5,334,14.5,4.54,1340,51.49,55,0,33,88,737,656,81,0.06,281,529,73,107,214,0.43,0.23,315,287,28,334,443,-109,118.44,253.87,6.66,19.1,2736.68,1.51,38.26,3.19,1.2,21.32,2828,5.31
3679,新至陞,119.5,120,119.5,0,0,67,37.31,-14,0,0,-14,9,0,9,0.13,9,9,0,0,0,0.13,0,5,28,-23,56,42,14,14.08,355.78,-6.13,-2.58,4275.79,2.67,31.24,3.47,7.53,0.92,145,6.3
3680,家登,595,596,595,27,4.75,3773,53.07,1045,0,50,1095,3198,2865,333,0.08,3072,3090,108,126,0,0.81,0.03,668,949,-281,65,117,-52,60.84,885.96,34.13,52.74,7805.57,2.55,42.63,2.29,1.16,17.26,4144,9.6
3684,榮昌,62.1,62.4,62.4,0.9,1.46,127,45.6,-11,0,0,-11,0,0,0,0,0,0,0,0,0,0,0,0,0,0,130,130,0,17.29,101.22,22.68,0.3,1177.96,0.7,35.11,2.84,4.49,5.24,397,3.03
3685,元創精密,29.5,29.75,29.75,-0.25,-0.83,817,33.73,-176,0,0,-176,50,156,-106,-0.13,-105,0,0,0,105,0,0.13,92,150,-58,677,513,164,--,161.41,-4.6,74.3,1380.96,0.1,23.33,2.54,0,--,63,7.96
3686,達能,18.1,18.25,18.2,-0.05,-0.27,488,57.14,52,0,3,55,0,0,0,0,0,0,0,0,0,0,0,0,0,0,503,503,0,--,2.06,-76.53,-64.13,86.97,-0.01,0.04,-0.16,0,--,0,7.65
3687,歐買尬,68.2,68.5,68.3,-1.4,-2.01,139,20.29,-8,0,0,-8,0,0,0,0,0,0,0,0,0,0,0,0,0,0,142,142,0,15.42,162.39,-10.86,10.88,1902.51,0.31,40.71,1.7,2.94,13.01,978,3.01
3689,湧德,125,125.5,125,1.5,1.21,3187,49.19,525,0,35,560,1955,1771,184,0.06,865,1047,757,725,214,0.56,0.29,416,527,-111,866,939,-73,17.29,785.77,7.64,44.31,6884.51,2.04,30.25,3.79,2.93,27.11,6059,8.94
3691,碩禾,144.5,145,144.5,1,0.7,2564,47.82,-247,0,-2,-249,1203,1523,-320,-0.12,286,742,337,562,231,0.42,0.31,419,385,34,980,693,287,--,1008.61,9.8,163.41,8047.67,2.97,18.28,4.21,0,20.64,4087,9.19
3693,營邦,621,622,621,32,5.43,2992,50.66,-65,-18,14,-69,2022,2459,-437,-0.14,262,693,1329,1760,0,0.63,0.55,1027,643,384,142,89,53,72.13,718.18,5.18,10.79,6684.22,1.54,23.22,1.05,1.29,48.54,5217,4.3
3694,海華,70.8,70.9,70.8,0.3,0.43,5112,51.16,87,0,-10,77,1797,1679,118,0.02,1281,1627,0,0,346,0.32,0.07,829,864,-35,2523,2606,-83,16.78,896.48,-24.59,-3.35,12010.26,1.02,14.75,4.11,3.25,18.15,7031,15.49
3701,大眾控,57.6,57.7,57.6,0.6,1.05,2769,45.4,121,0,-7,114,584,575,9,0,440,458,126,144,0,0.21,0.05,531,498,33,1676,1718,-42,--,749.86,5.11,-29.99,8545.71,-0.59,14.28,-2.3,0.35,16.99,9159,23.67
3702,大聯大,123.5,124,123.5,5.5,4.66,13708,56.38,1338,-488,-208,642,11475,10174,1301,0.09,11120,11363,0,0,243,0.82,0.02,585,1118,-533,1768,2536,-768,15.08,127337.86,-10.1,38.74,1102342.67,3.3,4.49,6.47,3.08,1.2,5054,168.23
3703,欣陸,20,20.05,20.05,-0.1,-0.5,2494,42.58,-418,0,-612,-1030,1081,1216,-135,-0.05,-1216,0,0,0,1216,0,0.48,342,502,-160,1086,792,294,9.64,2154.92,-17.36,-9.39,33346.52,0.33,14.38,1.02,5.24,0.67,1379,82.32
3704,合勤控,43.5,43.55,43.5,-0.5,-1.14,8682,37.9,-139,0,19,-120,2318,2971,-653,-0.08,-2840,0,131,168,2803,0.02,0.34,1281,1306,-25,5145,4468,677,38.5,2881.18,3.9,43.39,25442.27,0.29,24.01,0.98,0.92,4.97,5164,41.54
3705,永信,55.7,55.8,55.8,0.1,0.18,170,35.71,-31,0,1,-30,27,0,27,0.15,27,27,0,0,0,0.15,0,10,52,-42,138,124,14,18.79,693.85,11.87,-1.53,8020.3,0.89,44.23,2.91,5.38,0.64,427,26.64
3706,神達,88.4,88.5,88.5,0.7,0.8,30057,53.01,2845,1837,4,4686,18048,16490,1558,0.05,484,275,16530,14410,1911,0.55,0.54,4245,5166,-921,8141,8779,-638,16.89,11633.09,-4.31,31.87,116587.42,1.1,9.21,2.24,4.52,9.69,32151,132.72
3707,漢磊,85.6,85.7,85.7,2.2,2.63,22595,45.57,-2489,0,-43,-2532,10077,12144,-2067,-0.09,8892,9180,898,1186,0,0.44,0.05,3975,3276,699,8719,7350,1369,--,584.54,7.69,31.01,6161.73,-0.35,5.06,-1.03,0,16.8,14554,39.66
3708,上緯投控,124.5,125,125,-1,-0.79,990,41.57,-215,0,29,-186,365,498,-133,-0.13,-471,0,27,30,468,0.03,0.49,110,159,-49,535,353,182,3.22,108.57,0.22,37.35,878.24,0.13,16.26,-0.04,4.8,16.76,4089,9.21
3709,鑫聯大投控,90.2,90.3,90.2,2,2.27,4315,54.37,1017,0,-41,976,1706,1524,182,0.04,-105,635,592,551,781,0.28,0.31,905,841,64,1736,1982,-246,9.17,4514.48,-6.66,9.09,44357.29,3.69,7.6,11.91,2.77,20.97,6582,12.56
3710,連展投控,6.27,6.35,6.35,-0.04,-0.63,465,35.95,31,0,0,31,0,0,0,0,0,0,0,0,0,0,0,0,0,0,468,468,0,--,647.61,5.06,8.73,7068.98,-0.74,17.77,-12.41,0,--,0,28.73
3711,日月光投控,617,--,617,56,9.98,25653,69.96,-3418,1131,340,-1947,23401,24466,-1065,-0.04,15616,16680,6721,7785,0,0.88,0.29,2854,1935,919,355,209,146,58.26,62247.11,1.09,19.22,680932.94,3.24,20.07,3.86,1.07,0.88,9891,447.06
3712,永崴投控,16,16.05,16,-0.15,-0.93,1209,41.24,-22,0,-34,-56,0,70,-70,-0.06,-70,0,0,0,70,0,0.06,36,189,-153,1196,973,223,--,1641.57,-51.48,-8.29,30699.51,-1.94,37.74,33.76,0,4.57,2812,24.62
3713,新晶投控,12.8,12.95,12.95,0,0,146,43.15,2,0,0,2,0,0,0,0,0,0,0,0,0,0,0,0,0,0,147,147,0,--,31.34,-13.81,62.3,340.32,-0.22,22.86,-2.72,0,--,0,8.81
3714,富采,79.6,79.7,79.7,-1.7,-2.09,94751,38.05,-18952,0,-114,-19066,41823,64703,-22880,-0.24,-32560,5656,18465,32955,23726,0.25,0.59,16440,10464,5976,37240,20329,16911,--,2100.07,11.03,4.27,21882.55,-0.2,11.14,-0.32,1.13,21.09,35223,73.79
3715,定穎投控,179,179.5,179,4.5,2.58,16520,49.29,3976,0,71,4047,11746,11245,501,0.03,11746,11746,0,0,0,0.7,0,1896,2315,-419,3180,3262,-82,184.54,2065.74,-4.11,31.22,21086.89,-0.74,16.12,-2,0.6,39.6,28077,28.36
3716,中化控股,34.45,34.6,34.6,0.25,0.73,380,44.44,-21,0,12,-9,0,64,-64,-0.16,-64,0,0,0,64,0,0.16,53,15,38,337,311,26,13.73,675.65,-7.16,-6.24,8499.81,1.57,40.66,2.5,2.89,1.53,571,14.98
3717,聯嘉投控,22.95,23,22.95,-1.7,-6.9,4266,26.61,-1284,0,141,-1143,93,992,-899,-0.21,-992,0,0,0,992,0,0.23,634,970,-336,3558,2323,1235,57.37,579.78,-14.65,--,--,0.47,17.27,2.99,0.87,16.95,8815,21.09
4102,永日,17.4,17.45,17.45,-0.1,-0.57,34,53.33,0,0,0,0,0,0,0,0,0,0,0,0,0,0,0,0,0,0,35,35,0,--,37.29,-17.36,-17.4,460.59,0.09,26.55,0.69,0,1.8,191,4.24
4104,佳醫,69.9,70,70,-0.4,-0.57,350,33.81,-19,0,2,-17,28,22,6,0.02,-22,0,0,0,22,0,0.06,67,54,13,291,310,-19,16.17,790.64,-6.06,14.66,9084.98,1.12,21.31,1.99,6.14,0.35,164,18.84
4105,東洋,73.5,73.7,73.5,-0.6,-0.81,713,26.09,-104,0,-38,-142,134,330,-196,-0.27,-330,0,0,0,330,0,0.46,124,130,-6,466,264,202,11.34,518.18,-13.6,17.92,6593.71,1.78,59.99,6,6.12,1.32,820,24.87
4106,雃博,23.2,23.35,23.35,0.05,0.21,151,52.7,38,0,3,41,0,0,0,0,0,0,0,0,0,0,0,0,0,0,155,155,0,16.33,221.72,6.65,17.46,2464.22,0.46,49.46,1.85,4.28,2.13,538,10.09
4107,邦特,115.5,116,116,-0.5,-0.43,133,34.09,-48,0,-1,-49,56,45,11,0.08,-45,0,0,0,45,0,0.33,15,37,-22,66,55,11,14.63,193.67,-0.25,6.39,2174.95,2.09,45.21,4.15,4.74,2.02,350,6.93
4108,懷特,12.55,12.6,12.55,-0.35,-2.71,573,18.52,-100,0,11,-89,0,0,0,0,0,0,0,0,0,0,0,0,0,0,585,585,0,--,9.76,-1.03,-0.77,138.48,-0.08,35.36,-1.19,0,--,0,19.86
4109,加捷生醫,11.25,11.3,11.25,-0.25,-2.17,215,30.7,-65,0,0,-65,0,0,0,0,0,0,0,0,0,0,0,0,0,0,219,219,0,23.94,43.83,-30.66,17.73,493.18,0.15,28.29,1.08,1.78,13.39,3647,11.87
4111,濟生,30.05,30.1,30.05,0.05,0.17,115,55.26,-5,0,0,-5,0,0,0,0,0,0,0,0,0,0,0,26,0,26,91,117,-26,10.02,127.45,7.6,6.55,1421.47,0.9,40.99,3.83,4.33,4.31,645,5.98
4113,聯上,14.8,14.95,14.95,-0.5,-3.24,477,32.49,-320,0,0,-320,0,0,0,0,0,0,0,0,0,0,0,50,100,-50,431,381,50,--,0.08,0,-99.83,111.95,-0.22,44.51,-1.18,0,18.52,10702,23.11
4114,健喬,30.55,30.6,30.55,-0.25,-0.81,1573,24.1,-728,0,0,-728,151,685,-534,-0.33,-685,0,0,0,685,0,0.43,239,278,-39,1219,646,573,19.34,570.41,1.39,13.53,6431.62,0.38,42.33,1.34,5.4,2.1,2679,51.02
4116,明基醫,37.8,37.9,37.8,0,0,47,38.3,4,0,0,4,0,0,0,0,0,0,0,0,0,0,0,0,0,0,47,47,0,24.55,506.93,12.92,14.46,5415.09,0.28,32.25,2.18,5.29,2.52,281,4.46
4119,旭富,41.2,41.3,41.3,-0.95,-2.25,269,32.71,-44,0,-12,-56,0,0,0,0,0,0,0,0,0,0,0,48,22,26,230,256,-26,51.62,88.7,-30.49,-46.49,1282.16,0.17,21.91,0.37,1.82,2.25,672,11.95
4120,友華,45.55,45.9,45.55,-0.45,-0.98,49,6.12,-4,0,-1,-5,0,0,0,0,0,0,0,0,0,0,0,0,0,0,51,51,0,--,395.3,-0.94,5.16,4605.81,-0.29,52,-0.05,8.78,3.32,719,8.67
4121,優盛,14.7,14.75,14.7,0.3,2.08,588,64.6,95,0,0,95,0,0,0,0,0,0,0,0,0,0,0,53,50,3,537,540,-3,--,300.94,-4.88,-9.18,3781.69,-0.11,33.88,-0.75,0,25.12,5219,8.31
4123,晟德,37.9,37.95,37.9,-0.8,-2.07,4306,22.31,-1609,0,-24,-1633,846,2150,-1304,-0.3,-2150,0,0,0,2150,0,0.49,543,721,-178,2956,1474,1482,2.71,177.33,19.92,28.35,1643.32,2.62,46.58,7.17,5.94,7.14,12934,76.9
4126,太醫,78.6,78.9,78.8,-0.4,-0.51,242,57.85,13,0,0,13,164,161,3,0.01,164,164,0,0,0,0.67,0,0,26,-26,81,58,23,16.11,183.42,-22.27,5.56,2392.6,1.44,31.3,3.46,5.71,3.99,725,7.26
4127,天良,69.1,--,69.1,6.2,9.86,2605,58.35,-111,0,8,-103,1225,1150,75,0.03,791,762,463,434,0,0.47,0.17,363,435,-72,1025,1029,-4,493.57,68.74,3.02,66.79,622.85,0.75,59.74,7,0,9.75,1115,4.58
4128,中天,15.05,15.1,15.1,-0.65,-4.13,2539,38.46,-850,0,-8,-858,0,335,-335,-0.13,-335,0,0,0,335,0,0.13,257,622,-365,2326,1626,700,--,159.89,-5.75,1.79,1942.07,-0.31,39.02,-2.47,0,5.02,7385,58.82
4129,聯合,90.1,90.2,90.1,-1.1,-1.21,684,21.82,-498,0,-1,-499,273,360,-87,-0.13,-360,0,0,0,360,0,0.52,83,167,-84,336,165,171,18.93,534.33,-6.68,11.52,5907.8,0.91,79.59,2.07,4.99,6.41,1546,9.64
4130,健亞,26.4,26.6,26.4,-1.1,-4,362,16.39,-106,0,0,-106,0,0,0,0,0,0,0,0,0,0,0,0,0,0,369,369,0,--,39.6,18.38,-13.79,465.15,-0.09,30.18,-0.67,0,4.86,1674,13.79
4131,浩泰,33.35,33.75,34,0,0,8,25,-1,0,0,-1,0,0,0,0,0,0,0,0,0,0,0,0,0,0,9,9,0,--,27.98,2.29,26.86,241.47,-0.05,50.74,-0.44,0,--,0,3.99
4133,亞諾法,21.1,21.15,21.15,-0.15,-0.7,147,46.15,-19,0,0,-19,0,0,0,0,0,0,0,0,0,0,0,0,0,0,154,154,0,705,29.1,-15.38,-4.6,347.3,0.28,52.5,1.32,0.52,6.88,1041,6.06
4137,麗豐-KY,102.5,103,103,-1,-0.96,356,39.83,-198,0,13,-185,67,237,-170,-0.47,-237,0,0,0,237,0,0.66,81,47,34,213,77,136,13.1,348.8,1.54,4.46,4013.3,1.41,79.65,2.14,9.71,5.14,1059,8.25
4138,曜亞,51,51.6,51.6,-0.2,-0.39,113,37.17,-1,0,0,-1,0,21,-21,-0.17,-21,0,0,0,21,0,0.17,12,11,1,109,89,20,14.29,116.65,-8.14,10.58,1389.46,0.84,40.5,1.91,8.14,0.44,44,3.99
4139,馬光-KY,23.1,23.65,23.1,-0.65,-2.74,22,0,0,0,0,0,0,0,0,0,0,0,0,0,0,0,0,0,0,0,22,22,0,--,91.63,0.19,-0.46,1082.38,-0.55,5.76,-6.49,0,--,1305,4.5
4142,國光生,17.4,17.45,17.4,-0.1,-0.57,1537,31.87,-44,0,14,-30,292,270,22,0.01,-270,0,0,0,270,0,0.17,217,300,-83,1035,974,61,--,22.75,-65.27,474.37,1430.5,-0.44,-90.58,-4.05,0,6.4,6870,42.95
4147,中裕,49.35,49.4,49.4,-1.1,-2.18,1288,38.35,-750,0,28,-722,168,341,-173,-0.13,-341,0,0,0,341,0,0.26,124,352,-228,1004,603,401,--,47.23,-39.78,21.81,609.65,0.06,62.5,0.43,0,13.43,9174,27.32
4148,全宇生技-KY,32.45,32.7,32.45,-1.8,-5.26,150,21.33,-15,0,0,-15,0,0,0,0,0,0,0,0,0,0,0,0,0,0,152,152,0,15.02,362.01,69.39,55.04,3065.47,0.08,27.89,0.43,3.08,2.92,491,6.72
4153,鈺緯,30.6,30.8,30.65,-0.35,-1.13,22,31.82,0,0,0,0,0,0,0,0,0,0,0,0,0,0,0,0,0,0,22,22,0,19.9,74.13,-17.01,-15.98,870.53,0.42,27.84,2.52,6.53,3.12,457,5.87
4154,樂威科-KY,13.6,13.75,13.65,-0.25,-1.8,19,57.89,-4,0,0,-4,0,0,0,0,0,0,0,0,0,0,0,0,0,0,19,19,0,--,2.44,8.34,99.27,26.89,-0.25,17.23,-3.77,0,--,0,3.84
4155,訊映,14.75,14.9,14.75,-0.45,-2.96,590,30.95,13,0,-4,9,0,0,0,0,0,0,0,0,0,0,0,39,37,2,559,561,-2,18.91,127.2,-13.01,-9.39,1514.9,0.39,31.96,2.46,2.03,2.38,860,14.48
4157,太景*-KY,9.22,9.23,9.22,-0.04,-0.43,1480,37,238,0,-1,237,0,0,0,0,0,0,0,0,0,0,0,235,0,235,1256,1491,-235,115.25,2.28,57.57,-37.76,257.55,-0.02,52.51,-1.35,0,4.55,8099,0.01
4160,訊聯基因,40.7,40.8,40.75,-0.55,-1.33,63,30.65,-7,0,0,-7,0,0,0,0,0,0,0,0,0,0,0,0,0,0,85,85,0,78.37,52.78,-18.45,7.48,612.8,0.01,40.36,0.04,1.23,1.96,131,2.67
4161,聿新科,23.25,23.35,23.3,-0.3,-1.27,42,67.57,1,0,0,1,0,0,0,0,0,0,0,0,0,0,0,0,0,0,43,43,0,18.79,64.51,-32.15,12.8,873.08,0.3,29.15,1.78,3,7.95,1189,5.98
4162,智擎,55.9,56,56,-0.4,-0.71,455,31.6,-108,0,-1,-109,0,43,-43,-0.09,-43,0,0,0,43,0,0.09,45,89,-44,418,331,87,19.31,24.01,-84.46,-2.14,963.3,0.96,93.65,2.75,3.57,7.74,2818,14.57
4163,鐿鈦,105.5,106.5,105.5,-5,-4.52,172,15.7,-14,0,0,-14,0,15,-15,-0.09,-15,0,0,0,15,0,0.09,54,55,-1,122,106,16,23.09,237.46,8.57,20.3,2455.91,1.29,42.88,2.29,3.32,1.45,184,5.07
4164,承業醫,28.3,28.35,28.3,-0.55,-1.91,1257,39.35,-348,0,-19,-367,152,190,-38,-0.03,-62,69,0,0,131,0.05,0.1,67,228,-161,1071,872,199,26.45,304.39,-47.25,21.8,4608.45,0.13,23.13,0.46,3.89,15.55,7408,19.53
4166,友霖,23.7,23.8,23.7,-0.65,-2.67,334,14.37,-204,0,0,-204,0,0,0,0,0,0,0,0,0,0,0,0,81,-81,336,255,81,29.26,131.04,21.76,27.56,--,0.16,55.85,1.5,0,1.32,800,24.3
4167,松瑞藥,19.1,19.15,19.15,0.05,0.26,1079,41.65,-26,0,0,-26,0,128,-128,-0.12,-128,0,0,0,128,0,0.12,273,165,108,811,791,20,24.55,95.69,12.11,-19.39,1148.39,0.29,30.97,2.44,7.73,13.36,10368,31.04
4168,醣聯,26.6,26.7,26.6,-0.3,-1.12,579,24.25,-224,0,0,-224,50,40,10,0.02,-40,0,0,0,40,0,0.07,0,31,-31,534,513,21,--,1.9,--,185.71,37.58,-0.67,45.25,-8.03,0,--,186,11.25
4169,泰宗,157,158.5,158.5,-0.5,-0.31,212,51.18,-36,0,0,-36,27,35,-8,-0.04,-8,0,27,18,17,0.12,0.16,33,38,-5,157,144,13,--,59.14,-4.27,15.4,--,-0.45,44.65,-2.43,0.23,--,0,6.64
4171,瑞基,18.2,18.3,18.2,0.15,0.83,175,47.7,-14,0,-1,-15,0,0,0,0,0,0,0,0,0,0,0,0,0,0,177,177,0,--,20.19,-6.42,4.66,233.45,-0.09,71.8,-1.05,0,5.15,747,5.81
4173,久裕,18.15,18.2,18.2,-0.15,-0.82,189,22.22,-87,0,0,-87,0,0,0,0,0,0,0,0,0,0,0,33,60,-27,175,148,27,17.5,122.73,-7.72,16.23,1581.71,0.26,20.38,0.97,5.71,1.96,366,7.46
4174,浩鼎,30.35,30.4,30.35,-1.3,-4.11,828,26.55,-231,0,0,-231,0,36,-36,-0.04,-36,0,0,0,36,0,0.04,45,126,-81,802,685,117,--,3.45,30.71,-32.81,48,-3.35,-497.41,-20.28,0,4.14,1363,13.16
4175,杏一,52.7,53,52.7,-0.3,-0.57,20,35,0,0,0,0,0,0,0,0,0,0,0,0,0,0,0,0,0,0,24,24,0,17.11,644.4,-5.53,3.57,8019.38,0.43,33.47,1.16,5.69,0.29,31,4.23
4178,永笙-KY,18.85,18.9,18.9,-0.05,-0.26,1344,26.32,-307,0,0,-307,722,180,542,0.4,-180,0,0,0,180,0,0.13,197,355,-158,429,813,-384,--,32.67,17.61,29.7,--,-0.19,27.68,-2.13,0,--,0,21.59
4183,福永生技,11.8,13.05,13,0.55,4.42,81,75.31,0,0,0,0,0,0,0,0,0,0,0,0,0,0,0,0,0,0,81,81,0,--,28.3,49.98,-22.56,434.65,-0.52,15.27,-4.47,0,--,0,2.38
4188,安克,11.25,11.4,11.4,0.1,0.88,57,44.23,10,0,0,10,0,0,0,0,0,0,0,0,0,0,0,0,0,0,58,58,0,--,2.68,39.79,-3,29.96,-0.21,48.76,-2.76,0,--,0,6.33
4190,佐登-KY,24.5,24.9,24.85,0.1,0.4,78,26.92,5,0,0,5,0,0,0,0,0,0,0,0,0,0,0,0,0,0,85,85,0,--,179.9,-13.88,5.22,2227.89,-0.26,65.46,-0.96,2.01,1.93,296,6.14
4192,杏國,19.85,20,19.95,0.15,0.76,16,43.75,0,0,0,0,0,0,0,0,0,0,0,0,0,0,0,0,0,0,18,18,0,--,1.92,-9.08,-18.62,27.34,-0.37,64.05,-5.43,0,--,0,3.52
4198,欣大健康,38.05,39.5,39.6,0.65,1.67,17,82.35,0,0,-1,-1,0,0,0,0,0,0,0,0,0,0,0,0,0,0,17,17,0,--,8.47,-35.2,-38.53,172.69,-0.39,36.4,-3.5,0,--,0,2.41
4205,中華食,72.7,72.9,72.8,-0.4,-0.55,33,19.35,-6,0,0,-6,0,0,0,0,0,0,0,0,0,0,0,0,0,0,41,41,0,17.76,167.11,-0.97,6,2074.35,0.89,36.33,3.66,4.81,0.01,2,9.76
4207,環泰,19.5,19.6,19.5,-0.1,-0.51,378,39.23,-67,0,0,-67,0,0,0,0,0,0,0,0,0,0,0,79,35,44,301,345,-44,9.9,496.51,3.57,13.56,5264.22,0.49,20.07,3.36,6.15,1.84,911,19.85
4303,信立,49.3,49.35,49.3,1.25,2.6,1007,53.16,220,0,10,230,68,52,16,0.02,16,44,24,52,0,0.07,0.05,113,132,-19,845,841,4,15.8,96.35,2.08,23.25,1009.77,-0.48,19.53,-1.23,10.14,35.67,8436,9.46
4304,勝昱,28.5,28.95,28.5,0,0,15,26.67,1,0,0,1,0,0,0,0,0,0,0,0,0,0,0,0,0,0,15,15,0,--,31.6,-32.49,-3.95,346.32,-0.13,14.08,-2.6,0,--,0,6.1
4305,世坤,43.9,44.2,43.9,-0.35,-0.79,1,0,0,0,0,0,0,0,0,0,0,0,0,0,0,0,0,0,0,0,1,1,0,11.34,103.58,13.94,5.3,1071.33,1.13,33.92,4.85,7.06,0.04,5,5.5
4306,炎洲,14,14.05,14.05,0,0,2434,40.95,-293,0,0,-293,0,407,-407,-0.17,-407,0,0,0,407,0,0.17,735,667,68,1722,1384,338,37.97,1283.9,3.4,24.04,13793.61,0.24,17.04,1.36,4.98,2.47,4180,67.68
4401,東隆興,13.8,13.85,13.85,-0.1,-0.72,159,56.25,-4,0,0,-4,0,0,0,0,0,0,0,0,0,0,0,0,44,-44,160,116,44,19.24,348.23,1.75,1.32,3841.33,0.16,8.22,0.72,4.33,2.47,759,12.27
4402,郡都開發,12,12.25,12,0,0,98,56.96,8,0,0,8,0,0,0,0,0,0,0,0,0,0,0,0,0,0,99,99,0,--,1.96,36.99,-15.17,21.46,-0.05,9.18,-0.62,0,--,0,6.8
4406,新昕纖,10,10.05,10,0,0,15,0,0,0,0,0,0,0,0,0,0,0,0,0,0,0,0,0,0,0,15,15,0,--,12.41,-38.74,-78.94,385.87,-0.32,-6.05,-2.7,0,2.79,362,5.19
4413,飛寶企業,17,17.4,17.2,-0.5,-2.82,23,36.36,2,0,0,2,0,0,0,0,0,0,0,0,0,0,0,0,0,0,24,24,0,18.49,60.54,196.58,-28.33,826.31,0.15,21.88,1.33,1.74,14.47,375,3.13
4414,如興,7.96,7.99,7.97,-0.07,-0.87,846,37.2,-250,0,0,-250,0,0,0,0,0,0,0,0,0,0,0,0,0,0,860,860,0,--,1215.79,22.13,0.01,14039.81,-1.2,15.54,-7.11,1.38,1.92,1027,26.38
4416,三圓,12.3,--,12.3,1.1,9.82,2409,96.74,-16,0,1,-15,2260,2209,51,0.02,2260,2260,0,0,0,0.94,0,0,0,0,150,201,-51,15.38,7.51,-98.79,-8.53,2128.27,0.23,45.88,0.96,0,1.24,228,7.36
4417,金洲,44.35,44.4,44.35,-0.3,-0.67,351,14.9,-105,0,0,-105,30,63,-33,-0.09,-63,0,0,0,63,0,0.18,46,78,-32,279,214,65,7.62,291.95,35.8,2.22,3370.88,0.83,30.46,2.12,7.89,0.51,108,8.4
4419,皇家美食,45.35,46.4,45.25,0.15,0.33,24,50,0,0,0,0,0,0,0,0,0,0,0,0,0,0,0,0,0,0,25,25,0,--,229.5,-0.61,-2.5,2677.15,-0.27,29.7,-2.48,0,--,0,16.92
4420,光明,38.75,38.8,38.75,-0.6,-1.52,176,18.75,-35,0,0,-35,0,0,0,0,0,0,0,0,0,0,0,20,0,20,166,186,-20,47.84,92.35,-5.13,0.48,1006.93,0.17,6.06,0.46,7.74,2.18,220,4.05
4426,利勤,7.59,7.6,7.6,-0.01,-0.13,256,66.41,76,0,6,82,0,0,0,0,0,0,0,0,0,0,0,0,0,0,265,265,0,--,87.94,3.19,26.83,885.67,-0.28,-1.82,-2.64,0,3.29,1421,17.27
4430,耀億,16.7,16.8,16.8,-0.1,-0.59,29,38.46,1,0,0,1,0,0,0,0,0,0,0,0,0,0,0,0,0,0,35,35,0,--,201.85,10.78,11.37,2084.75,0.24,22.09,0.78,2.98,0.22,31,5.63
4432,銘旺實,16.85,17.1,17.1,-0.05,-0.29,77,58.44,2,0,0,2,0,0,0,0,0,0,0,0,0,0,0,0,0,0,78,78,0,5.07,53.7,-23.9,13.33,1080.07,2.97,25.07,9.95,2.34,4.12,521,5.06
4433,興采,20.8,20.85,20.8,0.25,1.22,58,32.76,1,0,0,1,0,0,0,0,0,0,0,0,0,0,0,0,0,0,63,63,0,23.64,165.75,-21.99,-16.98,3443.31,0.14,16.23,3.52,4.81,0.87,134,6.13
4438,廣越,57.8,57.9,57.9,0,0,62,35.09,-24,0,2,-22,0,0,0,0,0,0,0,0,0,0,0,10,0,10,54,64,-10,14.77,1506.57,56.78,38.32,19860.81,-0.04,11.91,0.53,3.97,2.89,819,11.34
4439,冠星-KY,92.3,93,93,1,1.09,4,50,0,0,1,1,0,0,0,0,0,0,0,0,0,0,0,0,0,0,4,4,0,11.26,685.36,-21.4,21.19,7138.84,2.59,19.37,2.87,4.3,2.38,227,3.81
4440,宜新實業,17.7,17.75,17.75,-0.5,-2.74,167,32.34,-1,0,4,3,0,0,0,0,0,0,0,0,0,0,0,0,0,0,167,167,0,10.32,106.21,-8.78,34.33,1163.99,0.51,17.32,2.62,5.63,0.51,87,6.76
4441,振大環球,201,202.5,202,-5.5,-2.65,96,30.11,-8,0,0,-8,21,17,4,0.04,-17,0,0,0,17,0,0.17,13,28,-15,66,55,11,14.17,801.36,32.98,37.34,8078.39,4.81,25.32,4.85,5.35,0.83,142,6.82
4442,竣邦-KY,51,51.2,51,0.1,0.2,247,31.71,-164,0,0,-164,105,129,-24,-0.1,22,61,0,0,39,0.25,0.16,16,21,-5,127,98,29,11.36,213.75,29.65,4.2,1706.2,1.17,27.15,4.22,6.86,0.46,37,3.23
4502,健信,15.8,15.85,16,0.3,1.91,6,50,1,0,0,1,0,0,0,0,0,0,0,0,0,0,0,0,0,0,7,7,0,--,107.89,16.07,18.51,1008.77,0.11,20.02,1.1,0,--,539,5.75
4503,金雨,44,44.1,44,0.8,1.85,353,55.79,68,0,0,68,0,0,0,0,0,0,0,0,0,0,0,25,12,13,329,342,-13,20.18,70.1,-21.09,38.44,730.51,0.81,36.36,3.83,0,19.84,2543,7.83
4506,崇友,118,118.5,118.5,-0.5,-0.42,52,40.38,-17,0,0,-17,0,0,0,0,0,0,0,0,0,0,0,0,17,-17,57,40,17,17.03,516.69,-25.24,4.3,6268.35,2.11,33.53,6.2,4.47,0.01,3,17.7
4510,高鋒,49.95,50,50,0.4,0.81,5015,44.87,-425,0,1,-424,905,1371,-466,-0.09,-443,0,905,1323,25,0.18,0.27,970,984,-14,3181,2702,479,--,177.3,22.19,45.75,1802.67,0.2,18.25,2.25,0,25.03,6820,10.9
4513,福裕,14.4,14.45,14.45,-0.6,-3.99,787,25.67,-284,0,0,-284,0,0,0,0,0,0,0,0,0,0,0,0,113,-113,793,680,113,--,109.83,27.92,14.97,1191.99,0.05,19.76,0.48,0,12.96,2666,14.38
4523,永彰,28.9,28.95,28.9,0.3,1.05,329,41.01,-16,0,0,-16,0,0,0,0,0,0,0,0,0,0,0,24,0,24,308,332,-24,1.22,63.35,-29.91,-2.26,767.42,-0.15,18.06,-0.87,9.13,7.88,1279,6.49
4526,東台,40.3,40.35,40.35,0.9,2.28,10584,54.51,1086,0,22,1108,3823,2149,1674,0.16,2389,1988,1377,815,161,0.32,0.09,1234,1765,-531,5603,6746,-1143,39.17,439.75,-3.86,-10.24,4865.03,-0.65,12.1,-3.44,2.48,12.29,7831,25.48
4527,方土霖,44.45,44.7,44.65,0.75,1.71,76,81.33,2,0,0,2,0,0,0,0,0,0,0,0,0,0,0,0,0,0,78,78,0,12.61,254.79,-1.77,23.56,3082.05,0.65,26.04,2.75,6.72,0.56,106,7.62
4528,江興鍛,15.8,15.85,15.8,0.05,0.32,37,54.05,3,0,0,3,0,0,0,0,0,0,0,0,0,0,0,0,0,0,45,45,0,--,124.95,11.17,-19.41,1531.57,-0.16,13.08,-0.61,1.27,0.81,171,8.42
4529,淳紳,5.41,5.56,5.41,-0.37,-6.4,180,17.34,0,0,0,0,0,0,0,0,0,0,0,0,0,0,0,0,0,0,180,180,0,--,2.57,308.43,472.16,7.33,-0.17,40.11,-5.17,0,--,0,8.45
4530,宏易,25,25.3,25.1,-0.85,-3.28,9,22.22,0,0,0,0,0,0,0,0,0,0,0,0,0,0,0,0,0,0,10,10,0,125.5,72.69,64.29,230.49,460.61,-0.2,24.6,-0.45,0,0.57,18,3.58
4532,瑞智,23.95,24,23.95,0.55,2.35,1172,56.54,356,-19,12,349,54,144,-90,-0.08,54,54,0,0,0,0.05,0,442,217,225,683,818,-135,13.38,2324.01,1.57,3.84,19874.56,0.48,14.09,2.23,6.26,2.32,2870,49.49
4533,協易機,33.7,33.75,33.75,0.35,1.05,6654,51.46,479,0,93,572,1133,1068,65,0.01,579,994,139,174,380,0.17,0.08,1239,1166,73,4321,4459,-138,1687.5,304.01,8.16,6.68,3865.12,0.2,25.94,1.21,0.59,22.61,8956,15.84
4534,慶騰,26.65,--,26.65,2.4,9.9,3205,66.92,-168,0,-2,-170,817,526,291,0.09,721,817,0,96,0,0.25,0.03,401,549,-148,2015,2158,-143,140.26,87.45,-2.6,29.23,857.08,0.02,16.31,0.19,0,--,0,8.68
4535,至興,27.3,27.4,27.25,-0.2,-0.73,26,50,0,0,0,0,0,0,0,0,0,0,0,0,0,0,0,0,0,0,27,27,0,26.98,227.21,3.56,-0.38,2470.39,0.29,17.65,1.62,2.94,0.75,141,7.57
4536,拓凱,159.5,160,159.5,-3.5,-2.15,382,24.93,-71,0,-2,-73,112,200,-88,-0.23,-200,0,0,0,200,0,0.51,48,56,-8,230,134,96,11.89,860.7,0.76,-17.22,8938.86,3.61,34.31,3.75,5.02,4.3,977,9.08
4538,大詠城,18.5,18.55,18.55,0.2,1.09,85,60,12,0,0,12,0,0,0,0,0,0,0,0,0,0,0,0,0,0,86,86,0,66.25,32.2,5.34,-6.01,397.19,0.1,16.52,0.71,5.39,2.97,441,5.95
4540,全球傳動,72.7,72.8,72.7,0.1,0.14,15956,37.48,-3612,0,15,-3597,4378,8267,-3889,-0.24,-1103,1748,2273,4361,763,0.25,0.32,2835,2266,569,8865,5545,3320,--,254.26,-26.7,33.35,2939.5,-0.19,13.94,-0.64,0,32.19,9269,11.52
4541,晟田,44.1,44.15,44.1,-0.2,-0.45,821,28.52,-161,0,-3,-164,0,35,-35,-0.04,-35,0,0,0,35,0,0.04,36,151,-115,794,644,150,21.2,166.58,-9.88,44.69,1803.21,0.68,20.52,2.72,3.17,26.11,4416,6.76
4542,科嶠,265,266,265,-12.5,-4.5,2692,36.32,-152,0,-1,-153,1017,1415,-398,-0.14,-272,449,0,0,721,0.16,0.26,688,630,58,1051,711,340,222.69,96.22,-15.18,7.38,767.25,0.4,39.18,1.78,0.35,55.49,4798,3.46
4543,萬在,39.1,39.15,39.1,0.2,0.51,396,45.55,14,0,0,14,0,0,0,0,0,0,0,0,0,0,0,15,22,-7,387,380,7,39.49,75.65,-26.48,8.53,877.75,0.76,34.05,2.52,1.79,7.07,1057,5.98
4545,銘鈺,32.85,32.9,32.85,-0.35,-1.05,318,24.18,-68,0,-1,-69,0,0,0,0,0,0,0,0,0,0,0,15,0,15,305,320,-15,--,222.62,41.36,22.6,2361.32,0.21,15.23,0.85,0.4,6.11,1176,7.7
4549,桓達,105,105.5,105.5,1,0.96,445,60.23,58,82,0,140,131,121,10,0.02,83,108,23,48,0,0.29,0.11,91,95,-4,233,239,-6,34.59,87.62,-22.2,-26.5,1176.9,0.74,62.38,2.18,3.03,7,997,5.7
4550,長佳,24.85,24.9,24.85,-0.15,-0.6,36,22.22,1,0,0,1,0,0,0,0,0,0,0,0,0,0,0,0,0,0,36,36,0,13.96,41.47,-23.01,-38.68,918.82,0.62,22.76,2.44,4.91,1.26,119,3.78
4551,智伸科,157,157.5,157,1.5,0.96,746,56.22,-125,200,13,88,392,407,-15,-0.02,249,323,58,113,19,0.51,0.18,99,97,2,265,252,13,23.54,772.37,-1.25,18.38,8205.67,2.7,23.48,3.47,2.68,5.06,1457,11.52
4552,力達-KY,20,20.05,20,0.1,0.5,294,65.07,-66,0,6,-60,205,73,132,0.45,98,98,0,0,0,0.33,0,0,74,-74,91,149,-58,12.99,320.16,0.01,-5.71,3359.95,0.12,17.72,0.21,3,7.44,2158,11.6
4554,橙的,31.3,31.35,31.3,-0.5,-1.57,77,16.9,-26,0,0,-26,0,0,0,0,0,0,0,0,0,0,0,0,0,0,79,79,0,24.26,55.64,11.41,22.14,504.45,0.04,38.79,0.21,6.39,0.71,47,2.63
4555,氣立,53.2,53.4,53.2,3.5,7.04,3402,59.54,171,0,35,206,763,484,279,0.08,763,763,0,0,0,0.23,0,779,679,100,1883,2263,-380,231.3,161.96,20.68,9.69,1637.49,0.04,30.13,0.19,0.94,18.53,3242,7
4556,旭然,39.3,39.35,39.3,-1.8,-4.38,471,27.92,-99,0,0,-99,0,30,-30,-0.06,-30,0,0,0,30,0,0.06,0,49,-49,477,398,79,38.16,59.24,2.33,-10.34,694.7,0.13,36.53,0.67,1.53,2.56,271,4.23
4557,永新-KY,44.65,44.8,44.65,-2.35,-5,293,16.72,-111,0,1,-110,0,26,-26,-0.09,-26,0,0,0,26,0,0.09,0,15,-15,299,258,41,--,288.39,25.16,-29.11,3573.7,0.11,23,-0.2,4.48,3.34,400,4.8
4558,寶緯,19.6,19.75,19.75,0.05,0.25,134,51.49,13,0,0,13,0,0,0,0,0,0,0,0,0,0,0,66,0,66,68,134,-66,1975,252.97,107.2,84.83,1560.38,0.06,11.17,0.35,0,2.82,352,5
4560,強信-KY,32.2,32.3,32.3,0,0,495,50.51,-19,0,-1,-20,181,231,-50,-0.1,-69,87,0,0,156,0.18,0.32,88,50,38,226,214,12,11.25,174.04,-2.67,14.39,1753.96,0.76,36.23,2.53,4.64,1.79,304,6.81
4561,健椿,51.8,51.9,51.8,0.8,1.57,981,55.21,2,0,-58,-56,67,63,4,0,67,67,0,0,0,0.08,0,224,219,5,698,707,-9,80.94,129.67,37.42,23.25,967.56,0.25,23.03,1.08,0.39,12.04,1761,5.85
4562,穎漢,42.2,42.25,42.25,-0.55,-1.29,2475,47.92,-52,0,3,-49,230,144,86,0.03,-11,59,0,0,70,0.02,0.03,286,585,-299,1973,1760,213,--,64.19,-11.85,10.03,706.97,0.11,40.69,1.04,0,12.73,2785,8.75
4563,百德,50.6,50.7,50.6,0.1,0.2,373,53.08,26,0,38,64,27,21,6,0.02,6,0,27,0,21,0.07,0.06,52,69,-17,299,288,11,--,261.09,9.16,17.89,2649.93,-0.52,27.17,-2.19,0,8.29,1139,5.5
4564,元翎,15.5,15.6,15.5,-0.3,-1.9,1875,25.18,-108,0,10,-98,504,651,-147,-0.08,-651,0,0,0,651,0,0.34,271,229,42,1118,1013,105,--,64.53,38.88,-33.65,955.04,-0.3,-21.44,-1.68,0,18.28,10636,23.28
4566,時碩工業,64.6,64.7,64.6,1.4,2.22,1357,47.91,-73,0,-1,-74,231,197,34,0.02,197,203,28,34,0,0.17,0.02,315,258,57,821,912,-91,69.46,481.19,3.05,5.52,5103.71,0.37,21.89,0.85,1.05,17.67,4858,11
4568,科際精密,39.8,40.35,39.8,-0.55,-1.36,9,22.22,2,0,0,2,0,0,0,0,0,0,0,0,0,0,0,0,0,0,9,9,0,27.45,108.97,78.01,16.58,1206.45,0.48,29.31,1.36,5.03,0.61,48,3.17
4569,六方科-KY,192,192.5,192,5,2.67,182,43.02,0,0,1,1,28,19,9,0.05,28,28,0,0,0,0.15,0,29,31,-2,130,137,-7,39.83,150.34,-16.05,0.75,1849.45,3.22,28.11,3.55,1.69,12.5,956,3.06
4571,鈞興-KY,227,227.5,227,-2.5,-1.09,1468,37.75,-104,0,-20,-124,648,793,-145,-0.1,-497,92,118,113,594,0.14,0.47,175,253,-78,676,452,224,25.74,235.52,-10.91,10.39,3015.66,2.41,34.5,3.82,2.33,21.07,2793,5.3
4572,駐龍,143,144.5,144.5,1.5,1.05,39,30.77,6,0,1,7,0,10,-10,-0.24,-10,0,0,0,10,0,0.24,12,12,0,29,19,10,54.53,52.38,-18.19,-9.62,676.22,0.92,33.39,1.9,3.46,2.64,264,4
4576,大銀微系統,276.5,277,277,15.5,5.93,6738,52.25,-243,0,31,-212,4008,4274,-266,-0.04,3952,3998,10,56,0,0.58,0.01,1097,1044,53,1784,1571,213,109.06,342.05,6.39,40.28,3080.95,0.96,39.01,2.93,0.29,13.62,4080,11.98
4577,達航科技,139,139.5,139.5,5.5,4.1,2922,39.28,-892,0,0,-892,1862,2296,-434,-0.14,688,999,863,1174,0,0.58,0.37,356,306,50,993,609,384,--,66.37,-5.77,62.58,846.37,-0.21,21.85,-1.08,0,11.29,1387,4.91
4580,捷流閥業,82.8,82.9,82.9,0.6,0.73,123,53.98,29,0,0,29,0,35,-35,-0.28,-35,0,0,35,0,0,0.28,28,24,4,97,66,31,13.63,180.9,-12.31,-0.09,2305.96,1.76,28.53,2.94,4.83,1,117,4.68
4581,光隆精密-KY,50.1,50.2,50.4,0.95,1.92,36,86.11,16,0,0,16,0,0,0,0,0,0,0,0,0,0,0,28,15,13,8,21,-13,12.03,111.93,11.45,8.42,1092.16,0.88,33.23,2.37,5.95,0.97,82,3.39
4583,台灣精銳,731,732,731,2,0.27,178,36.36,33,0,9,42,79,99,-20,-0.11,44,62,10,11,17,0.38,0.15,101,80,21,8,9,-1,64.12,342.54,9.74,35.05,3133.39,3.56,53.13,2.87,1.37,19.77,3963,8.02
4584,君帆,44.3,45.85,44.2,-1.8,-3.91,11,27.27,2,0,0,2,0,0,0,0,0,0,0,0,0,0,0,0,0,0,11,11,0,14.68,89.41,3.45,-25.73,1184.45,0.91,30.16,2.53,4.52,--,0,3
4585,達明,357.5,358,357.5,6.5,1.85,807,43.5,-61,0,9,-52,316,347,-31,-0.04,-2,50,266,318,0,0.36,0.37,149,142,7,403,379,24,270.83,142.15,-31.72,16.31,1829.97,0.65,49.88,0.99,0.28,1.82,476,10.46
4588,玖鼎電力,54.9,55,54.9,-1.3,-2.31,173,23.12,-76,0,2,-74,0,0,0,0,0,0,0,0,0,0,0,20,45,-25,156,131,25,15.42,11.74,-88.79,-83.84,924.31,0.63,32.2,2.86,5.46,3.78,406,4.3
4609,唐鋒,5.22,5.57,5.38,0.22,4.26,14,0,0,0,0,0,0,0,0,0,0,0,0,0,0,0,0,0,0,0,14,14,0,--,22.86,191.61,37.98,161.05,-0.08,0.58,-2.62,0,--,0,4.79
4702,中美實,9.7,9.71,9.7,-0.03,-0.31,129,42.64,3,0,0,3,0,0,0,0,0,0,0,0,0,0,0,0,0,0,137,137,0,6.42,5.06,28.97,-21.46,68.8,0.45,37.27,2.45,5.15,9.05,1637,7.23
4706,大恭,30.55,31.55,31.1,0.1,0.32,22,68.18,3,0,0,3,0,0,0,0,0,0,0,0,0,0,0,0,0,0,23,23,0,70.68,112.07,-11.19,29.31,1159,0.28,19.48,1.46,0.96,0.56,111,7.9
4707,磐亞,14.35,14.4,14.35,-0.9,-5.9,2639,27.6,-1269,0,-5,-1274,158,696,-538,-0.2,-696,0,0,0,696,0,0.26,121,330,-209,2380,1633,747,15.43,63.45,-42.02,-48.82,1260.47,0.26,-4.03,1.64,3.48,10.42,10519,40.37
4711,永純,16.55,16.65,16.65,0.15,0.91,375,49.46,74,0,0,74,72,0,72,0.19,72,72,0,0,0,0.19,0,70,0,70,238,380,-142,43.82,91.02,14.85,89.33,782.05,0.23,18.67,1.38,3,5.93,905,6.11
4714,永捷,13.5,13.55,13.5,0.2,1.5,2112,39.27,-253,0,0,-253,458,141,317,0.15,-46,95,0,0,141,0.04,0.07,152,241,-89,1512,1740,-228,--,203.77,-0.94,96.03,1932.24,-0.02,12.99,-0.32,0,15.26,6796,17.81
4716,大立,14.9,15,15,0.1,0.67,441,33.66,-101,0,0,-101,0,0,0,0,0,0,0,0,0,0,0,45,0,45,404,449,-45,--,46.54,-27.36,-2.12,529.91,0.17,14.34,1.4,0,43.95,9842,9.44
4720,德淵,25.5,25.55,25.5,-0.3,-1.16,3237,36.69,-47,0,-8,-55,405,348,57,0.02,-348,0,0,40,308,0,0.11,313,777,-464,2529,2122,407,41.8,363.21,-5.31,18.38,3676.49,0.2,22.2,1.32,1.57,17.11,4899,11.45
4721,美琪瑪,90.9,91.1,90.9,0.5,0.55,1387,43.67,123,0,9,132,215,171,44,0.03,85,51,151,100,17,0.14,0.08,227,294,-67,970,947,23,23.07,259.19,3.82,-31.86,2691.11,1.67,25.66,9.39,2.53,10.58,1983,7.5
4722,國精化,284,284.5,284,-2.5,-0.87,5214,41.56,-694,0,234,-460,3555,3947,-392,-0.07,372,1999,183,189,1621,0.41,0.34,689,603,86,1048,742,306,167.06,382.7,21.19,3.25,3709.85,0.22,14.15,0.7,0.42,65.94,16945,10.28
4726,永昕,27.85,27.95,27.95,-0.65,-2.27,475,18.59,-205,0,-1,-206,0,0,0,0,0,0,0,0,0,0,0,20,106,-86,459,373,86,--,106.74,12.87,301.01,895.46,-0.56,-30.01,-7.58,0,--,367,20.7
4728,雙美,382,384,383.5,0.5,0.13,1,100,0,0,0,0,0,0,0,0,0,0,0,0,0,0,0,0,0,0,1,1,0,28.86,202.15,-10.29,29.7,2083.11,4.07,78.91,15.81,3.16,13.37,1820,5.45
4729,熒茂,25.1,25.2,25.2,-0.4,-1.56,3237,42.15,68,0,0,68,289,441,-152,-0.05,-441,0,0,0,441,0,0.14,228,305,-77,2735,2506,229,252,101.65,19.48,11.06,1058.54,0.04,24.61,0.39,0,11.28,2235,7.92
4735,豪展,30.8,30.85,30.8,-0.35,-1.12,49,28.57,3,0,0,3,0,0,0,0,0,0,0,0,0,0,0,0,0,0,49,49,0,9.94,107.74,5.34,43.69,984.85,1.19,33.12,4.54,6.53,2.58,268,4.16
4736,泰博,122.5,123,122.5,-0.5,-0.41,216,45.07,-14,0,-2,-16,88,65,23,0.1,23,35,0,0,12,0.15,0.05,39,42,-3,99,119,-20,6.71,368.2,-17.1,-6.19,4277.44,2.99,49.5,2.93,4.9,1.17,279,9.54
4737,華廣,55.7,56.4,56.3,-0.7,-1.23,136,38.24,17,0,-3,14,0,0,0,0,0,0,0,0,0,0,0,10,0,10,129,139,-10,--,141.32,-15.62,-8.43,1749.4,-1.09,30.17,-3.99,0,3.75,726,7.74
4739,康普,105.5,106,106,5,4.95,6582,50.86,696,-83,-216,397,3830,2968,862,0.13,1851,2358,980,695,792,0.5,0.22,920,1179,-259,1931,2534,-603,33.23,1026.89,26.04,96.24,8011.78,1.51,17.93,3.21,0.94,24.54,7453,12.47
4741,泓瀚,63.6,63.7,63.7,0.9,1.43,2438,51.57,224,0,226,450,882,648,234,0.1,758,750,132,124,0,0.36,0.05,510,349,161,1062,1457,-395,127.4,51.52,8.34,20.25,500.17,0.31,35.31,1.14,0.47,15.76,1372,3.48
4743,合一,51.9,52,52,-1,-1.89,3436,41.55,-814,0,27,-787,878,1140,-262,-0.08,-1087,53,0,0,1140,0.02,0.33,747,736,11,1857,1606,251,--,21.66,50.65,101.83,151.45,-0.31,18.79,-1.45,0,11.91,14305,48.04
4744,皇將,34.25,34.5,34.25,0.75,2.24,482,42.44,29,0,0,29,32,0,32,0.07,32,32,0,0,0,0.07,0,40,90,-50,413,395,18,17.21,49.63,-65.86,-27.5,1384.55,-0.11,43.71,-0.49,2.92,22.14,3152,5.69
4745,合富-KY,16.45,16.5,16.5,-0.05,-0.3,143,47.55,23,0,0,23,0,0,0,0,0,0,0,0,0,0,0,0,37,-37,144,107,37,--,287.48,11.27,-10.88,2876.2,-0.4,16.53,-0.99,0,0.64,124,6.97
4746,台耀,51.3,51.4,51.3,-1,-1.91,1605,31.32,-787,0,8,-779,90,852,-762,-0.47,-852,0,0,0,852,0,0.52,398,298,100,1137,475,662,18.19,330.54,-27.51,-25.72,4657.21,0.16,42.98,0.17,5.85,7.86,2362,12.03
4747,強生,54.5,55.1,54.5,-2.3,-4.05,25,24,-2,0,4,2,0,0,0,0,0,0,0,0,0,0,0,0,0,0,26,26,0,25.23,46.78,-7.15,0.51,569.81,1.46,39.8,3.81,1.93,14.03,1594,4.55
4749,新應材,1155,1160,1155,-15,-1.28,2627,44.63,232,2,-72,162,2724,2718,6,0,-383,532,1286,1271,930,0.64,0.78,18,27,-9,98,95,3,91.09,352.64,-18.55,-12.39,4498.33,3.66,45.41,3.72,0.69,23.5,5447,9.27
4754,國碳科,37.85,37.9,37.85,-0.75,-1.94,51,42,-3,0,0,-3,0,0,0,0,0,0,0,0,0,0,0,0,0,0,56,56,0,14.12,63.17,7,22.67,596.33,0.95,49.27,5.23,6.08,1.4,106,3.03
4755,三福化,152.5,153,153,6.5,4.44,1178,60.14,372,46,26,444,666,478,188,0.16,580,610,56,86,0,0.55,0.07,167,169,-2,376,561,-185,42.38,390.78,1.02,-12.94,4751.1,1.01,22.06,1.61,2.42,5.29,1332,10.07
4760,勤凱,375,--,375,34,9.97,805,93.63,148,0,-27,121,724,659,65,0.08,724,724,0,0,0,0.89,0,40,50,-10,54,109,-55,49.73,228.86,-7.62,63.1,2209.94,2.55,19.74,7.85,1.25,38.52,3102,3.22
4763,材料*-KY,43,43.1,43.05,-0.65,-1.49,6827,35.12,-374,0,16,-358,1649,3214,-1565,-0.23,-3109,0,80,312,2877,0.01,0.46,1194,994,200,4045,2681,1364,8.33,877.66,-10.17,-41.52,11165.35,1.13,55.58,5.33,7.08,18.67,46161,9.89
4764,雙鍵,352,--,352,32,10,3156,70.84,106,0,41,147,2230,1966,264,0.08,2156,2180,41,49,16,0.69,0.02,353,414,-61,623,825,-202,187.23,336.39,0.53,20.92,3070.96,1.03,26.53,3.7,0.28,33.49,7162,8.55
4766,南寶,375,376,375.5,-6,-1.57,1638,43.1,262,-2,0,260,982,1026,-44,-0.03,-281,282,227,327,463,0.29,0.45,198,212,-14,579,522,57,18.09,2285.14,-4.5,14.97,23779.82,6.55,35.11,5.6,4.79,8.39,2530,12.06
4767,誠泰科技,26.2,26.85,26.85,0.1,0.37,6,16.67,-2,0,0,-2,0,0,0,0,0,0,0,0,0,0,0,0,0,0,6,6,0,19.04,80.1,-8.28,-15.74,945.28,0.58,27.28,1.96,4.1,0.01,1,3.14
4768,晶呈科技,462,462.5,462,7,1.54,1423,46.9,34,0,0,34,665,733,-68,-0.05,160,293,344,431,46,0.43,0.32,243,271,-28,576,479,97,--,173.68,-1.2,191.53,1613.36,-0.58,13.39,-1.85,0.22,33.93,4028,4.75
4770,上品,251,--,251,22.5,9.85,1920,92.55,362,0,57,419,1569,1022,547,0.28,1569,1569,0,0,0,0.8,0,166,286,-120,233,662,-429,24.8,487.04,0.03,44.41,4968.65,2.52,34.94,2.47,2.39,9.59,1917,8
4771,望隼,193,193.5,193.5,1,0.52,233,37.39,12,0,2,14,72,87,-15,-0.06,-61,0,26,21,66,0.11,0.37,37,59,-22,128,91,37,14.85,420.18,20.71,47.26,3842.48,3.66,40.99,5.3,3.62,3,441,5.87
4772,台特化,304.5,305,304.5,-2,-0.65,1762,36.53,-133,-19,-29,-181,688,937,-249,-0.13,-522,79,267,291,577,0.18,0.46,452,367,85,745,581,164,63.04,285.08,1.97,210.12,2821.62,1.33,50.96,6.02,0.99,13.81,5098,14.77
4806,桂田文創,9.96,10.15,10,-0.4,-3.85,19,73.68,0,0,0,0,0,0,0,0,0,0,0,0,0,0,0,0,0,0,19,19,0,--,7.03,-49.53,-12.99,112.4,-0.04,36.91,-0.55,0,--,0,9.99
4807,日成-KY,23.85,23.95,23.85,0.9,3.92,212,43.87,42,0,9,51,0,0,0,0,0,0,0,0,0,0,0,0,29,-29,214,185,29,17.41,173.1,-30.3,47.28,2271.06,1.7,27.72,6.79,0,8.16,1000,4.9
4903,聯光通,47,47.05,47.05,-0.5,-1.05,3707,35.86,-453,0,0,-453,306,816,-510,-0.14,-534,0,282,568,248,0.08,0.22,472,715,-243,2958,2205,753,29.97,118.42,-0.23,44.15,1547.62,0.37,7.53,3.26,0.64,25.54,4491,10.53
4904,遠傳,94.2,94.4,94.2,-1.3,-1.36,8223,37.64,-4182,1523,100,-2559,6855,7911,-1056,-0.13,-7773,0,0,0,7773,0,0.94,440,72,368,962,275,687,23.32,9539.71,4.42,11.34,113079.87,1.03,33.02,3.89,4.04,0.08,667,360.77
4905,台聯電,79.9,80.5,80.5,0.7,0.88,48,58.33,9,0,0,9,0,0,0,0,0,0,0,0,0,0,0,0,0,0,49,49,0,19.44,84.05,23.16,31.57,804.96,1.75,27.75,1.89,1.86,1.24,91,2.93
4906,正文,44.3,--,44.3,4,9.93,47106,72.66,7546,0,562,8108,31459,20084,11375,0.24,31409,31422,37,50,0,0.66,0,4124,7727,-3603,11808,19581,-7773,--,1148.67,5.36,-23.21,14094.37,-0.32,10.35,-1.13,1.13,29.61,33077,44.68
4907,富宇,37.35,37.6,37.35,-1.05,-2.73,89,18.82,-1,0,0,-1,0,0,0,0,0,0,0,0,0,0,0,0,0,0,90,90,0,10.15,1275.19,27.52,402.71,3399.8,2.76,45.43,12.38,4.02,1.44,424,11.81
4908,前鼎,293.5,--,293.5,26.5,9.93,1189,89.41,199,0,-6,193,983,864,119,0.1,872,870,113,111,0,0.81,0.09,86,153,-67,142,194,-52,148.23,74.05,-18.42,5.02,871.38,0.76,46.86,3.37,0.34,23.6,4614,7.82
4909,新復興,57.1,57.2,57.1,3.7,6.93,3811,52.35,-392,0,144,-248,575,856,-281,-0.07,556,575,0,19,0,0.15,0,712,724,-12,2570,2278,292,--,17.07,-18.7,43.72,234.76,0.05,-19.82,0.17,0,23.98,5597,9.34
4911,德英,31.85,31.9,31.85,-0.3,-0.93,19,15.79,1,0,0,1,0,0,0,0,0,0,0,0,0,0,0,0,0,0,19,19,0,17.22,11.3,6.27,-56.4,246.59,0.23,69.98,1.59,6.19,1.22,194,6.37
4912,聯德控股-KY,110,110.5,110,4,3.77,1983,54.98,19,0,3,22,923,919,4,0,923,923,0,0,0,0.46,0,328,336,-8,759,755,4,50.23,615.55,11.26,30.45,6678.06,1.35,19.98,2.23,1.55,26.27,4400,6.7
4915,致伸,72.3,72.4,72.3,0.3,0.42,2892,47.88,-1211,142,3,-1066,1341,2045,-704,-0.24,-424,222,1119,1765,0,0.46,0.61,552,274,278,1014,589,425,13.72,5468.32,-2.66,13.41,61978.92,1.3,15.9,2.84,6.32,3.24,3828,47.19
4916,事欣科,101,101.5,101.5,3.2,3.26,25061,55.01,666,-124,-177,365,16476,16592,-116,0,15917,16290,186,559,0,0.65,0.02,3060,3347,-287,5735,5332,403,18.03,424.75,5.37,50.22,3947.88,4.49,20.15,16.36,0.49,30.97,9592,12.39
4919,新唐,219,--,219,19.5,9.77,54914,65.78,159,2592,319,3070,43767,45393,-1626,-0.03,19332,22992,20775,24435,0,0.79,0.44,4606,3781,825,6994,6194,800,--,2517.62,-19.81,1.59,30155.23,0.02,39.34,0.05,0,23.98,25169,41.98
4923,力士,41,41.1,41.05,0.85,2.11,3352,44.87,-165,0,0,-165,66,241,-175,-0.05,33,66,0,33,0,0.02,0.01,396,500,-104,2909,2629,280,--,80.04,-6.12,13.68,967.6,0.1,27.67,0.81,0,13.2,1118,3.39
4924,欣厚-KY,12.65,12.75,12.75,0.3,2.41,214,54.76,-33,0,0,-33,0,0,0,0,0,0,0,0,0,0,0,0,0,0,215,215,0,17.71,69.66,-16.52,-7.2,786.84,0.35,28.8,3.33,0,8.71,809,3.72
4927,泰鼎-KY,61.9,--,61.9,5.6,9.95,24004,83.78,6918,0,61,6979,19865,15250,4615,0.19,19403,19549,316,462,0,0.82,0.02,1499,3521,-2022,2785,5377,-2592,--,919.13,0.74,-8.1,11149.35,-3.1,-12.49,-15.25,0,52.95,35069,26.49
4930,燦星網,17.25,17.3,17.3,0.6,3.59,140,59.29,40,0,-5,35,0,0,0,0,0,0,0,0,0,0,0,0,0,0,148,148,0,--,414.57,7.99,21.98,5766.11,-0.5,10.25,-1.12,3.47,18.09,3618,8
4931,新盛力,223.5,224,223.5,11.5,5.42,13976,54.01,2374,0,-34,2340,9318,9666,-348,-0.02,1090,1861,7457,8228,0,0.66,0.58,1157,1299,-142,3710,3220,490,69.63,302.91,6.99,97.38,2735.69,1.48,22.08,7.58,1.12,58.73,9626,6.56
4933,友輝,74.3,74.6,74.3,0.4,0.54,1038,49.85,87,113,-2,198,160,87,73,0.07,127,41,119,33,0,0.15,0.03,253,213,40,639,752,-113,13.86,237.71,-18.89,-6.25,2993.88,1.9,32.93,4.26,3.9,7.11,1469,8.26
4934,太極,17.85,17.9,17.85,0.45,2.59,2051,51.99,157,0,-2,155,172,130,42,0.02,172,172,0,0,0,0.08,0,112,207,-95,1780,1727,53,--,14.43,5.65,108.39,118.75,-0.2,-74.68,-5.23,0,--,0,22.5
4935,茂林-KY,37.25,37.3,37.25,0.25,0.68,184,54.1,-31,0,-2,-33,0,0,0,0,0,0,0,0,0,0,0,0,0,0,185,185,0,27.19,328.13,-15.5,-35.5,4823.22,0.4,10.89,0.64,2.68,1.35,436,12.89
4938,和碩,81.2,81.3,81.2,0.5,0.62,18079,59.9,-6385,723,223,-5439,11979,14869,-2890,-0.16,4119,6004,5975,7860,0,0.66,0.43,1596,865,731,4635,2477,2158,18.67,87189.24,3.84,-15.24,1073127.51,0.58,4.42,1.16,4.93,0.69,4605,268.2
4939,亞電,39.65,39.7,39.65,0.1,0.25,3129,43.6,53,0,-1,52,242,272,-30,-0.01,28,131,111,112,102,0.08,0.07,256,553,-297,2662,2335,327,--,142.02,21.39,8.55,1407.85,0.24,28.58,1.72,0.63,19.25,4727,9.82
4942,嘉彰,37.9,37.95,37.95,0.3,0.8,168,53.29,-14,0,4,-10,0,0,0,0,0,0,0,0,0,0,0,0,0,0,169,169,0,12.82,457.07,1.17,-8.76,5961.45,0.52,19.77,0.81,5.27,2.2,784,14.24
4943,康控-KY,8.9,8.99,8.9,-0.04,-0.45,78,43.06,0,0,0,0,0,0,0,0,0,0,0,0,0,0,0,0,0,0,81,81,0,--,192.26,-4.71,45.87,1910.89,-0.23,-3.54,-15.7,0,--,0,12.67
4946,辣椒,105,106.5,105,-4,-3.67,48,12.77,-15,0,0,-15,0,0,0,0,0,0,0,0,0,0,0,0,16,-16,51,35,16,92.11,21.3,2.01,-39.01,302.5,0.41,40.26,3.13,0,--,0,0.89
4949,有成精密,108,--,108,9.8,9.98,2276,97.24,461,0,52,513,2060,1050,1010,0.44,2060,2060,0,0,0,0.89,0,78,455,-377,176,808,-632,40.15,316.03,0.46,43.92,2689.15,1.19,39.04,4.84,1.3,22.28,3772,6.77
4950,金耘國際,16.7,17.2,16.7,-0.55,-3.19,37,13.51,-1,0,0,-1,0,0,0,0,0,0,0,0,0,0,0,0,0,0,39,39,0,38.84,111.17,11.21,9.31,1051.2,0.2,18.13,2.56,0,--,0,5.77
4951,精拓科,132,132.5,132,-8,-5.71,3060,28.21,-759,0,-63,-822,867,1771,-904,-0.29,-1694,31,0,13,1712,0.01,0.56,612,524,88,1634,817,817,20.53,44.45,-3.9,0.44,546.94,1.71,76.42,6.2,3.41,21.89,1869,3.41
4952,凌通,54.6,54.7,54.7,0.8,1.48,2260,53.66,-3,0,1,-2,340,168,172,0.08,110,193,32,0,115,0.1,0.05,454,436,18,1489,1679,-190,49.28,281.21,5.99,10.24,2214.38,0.5,37.01,2.54,1.83,5.94,1616,10.88
4953,緯軟,123,123.5,123.5,1.5,1.23,624,53.8,-88,0,1,-87,341,216,125,0.2,137,205,69,40,97,0.43,0.22,75,104,-29,220,317,-97,13.34,1241.09,2.25,32.95,12668.35,2.32,14.23,4.02,4.05,4.5,822,7.31
4956,光鋐,50.4,50.5,50.4,2.2,4.56,10859,41.62,-1977,0,-10,-1987,2369,4433,-2064,-0.19,2306,2369,0,63,0,0.22,0.01,2088,1518,570,6460,4967,1493,--,125.11,-11.23,16.45,1414.49,0.24,20.13,1.45,0,30.32,7612,10.04
4958,臻鼎-KY,529,530,529,13,2.52,45716,42.05,-6680,1551,-587,-5716,41246,43338,-2092,-0.04,-1103,907,40339,42349,0,0.87,0.9,5697,3691,2006,386,304,82,74.72,15196.26,-1.6,11.83,184775.14,1.33,21.64,1.19,0.65,10.23,27599,107.06
4960,誠美材,36,36.05,36,0.2,0.56,16623,41.69,-1669,0,-1,-1670,3838,5647,-1809,-0.11,-696,1879,1959,4534,0,0.23,0.27,2651,2780,-129,10211,8274,1937,--,705.33,15.24,-5.56,8307.98,-0.27,-3.76,-2.13,0,14.2,20299,57.17
4961,天鈺,175.5,176,175.5,0,0,1521,41.69,117,-1,4,120,599,887,-288,-0.18,-324,30,505,721,138,0.34,0.55,310,241,69,658,439,219,21.3,1769.82,-3.33,-3.37,17752.56,1.86,27.8,1.41,4.4,7.15,2167,12.13
4966,譜瑞-KY,817,818,818,23,2.89,2500,66.57,-297,-181,50,-428,1990,2211,-221,-0.09,1309,1690,0,0,381,0.66,0.15,555,389,166,126,72,54,24.92,1268.93,-14.09,-3.77,16313.89,6.77,40.3,2.39,2.16,32.84,6482,7.9
4967,十銓,271.5,272,271.5,1,0.37,5354,48.89,274,0,-24,250,3357,3545,-188,-0.03,-141,1385,792,831,1487,0.4,0.42,930,979,-49,1193,956,237,6.95,2014.78,-59.01,78.61,25009.73,27,38.01,38.41,3.68,47.87,10626,8.91
4968,立積,120,120.5,120.5,1,0.84,1357,45.59,267,0,-42,225,671,492,179,0.13,161,15,638,451,41,0.47,0.35,183,214,-31,543,691,-148,40.71,330.07,0.02,-0.42,3841.02,0.58,33.46,1.93,1.33,27,6225,9.22
4971,IET-KY,745,746,745,12,1.64,303,42.81,52,0,28,80,213,209,4,0.01,20,22,191,193,0,0.68,0.62,97,103,-6,23,21,2,146.08,106.3,-2.87,25.24,1163.02,1.97,47.84,3.83,0.13,43.18,4316,4.72
4972,湯石照明,16.4,16.45,16.4,0,0,103,7.78,-42,0,0,-42,81,0,81,0.76,81,81,0,0,0,0.76,0,0,42,-42,26,65,-39,--,99.33,47.59,24.19,943.68,-0.49,22.1,-1.91,0,0.76,108,5.69
4973,廣穎,117.5,118,118,3,2.61,6664,51.97,-456,0,41,-415,3349,3952,-603,-0.09,836,1612,1359,1563,572,0.44,0.32,898,752,146,2482,2025,457,12.55,748.84,-13.82,106.1,5532.77,7.46,42.14,20.69,0.85,25.67,4190,6.53
4974,亞泰,75.9,76.2,76,-0.2,-0.26,412,40.69,-26,0,-1,-27,83,77,6,0.01,-14,0,63,24,53,0.15,0.18,36,86,-50,299,255,44,17.12,374.15,4.58,13.75,3607.9,1.09,13.08,2.45,5.13,7.16,1298,7.25
4976,佳凌,32.5,32.55,32.5,-0.4,-1.22,1380,30.08,-103,0,3,-100,0,32,-32,-0.02,-32,0,0,0,32,0,0.02,79,302,-223,1314,1059,255,--,93.78,-0.01,0.95,1023.45,-0.49,-14.13,-3.08,0,13.96,4933,14.14
4977,眾達-KY,230,230.5,230.5,11,5.01,6102,50.09,-526,0,80,-446,3521,3581,-60,-0.01,3318,3363,158,203,0,0.57,0.03,568,657,-89,2146,1998,148,51.11,58.03,-33.5,-43.18,966.18,-1.17,19.73,-2.38,0.98,43.44,8709,8.02
4979,華星光,654,655,655,25,3.97,1253,53.77,35,0,57,92,943,1023,-80,-0.07,430,533,410,513,0,0.8,0.44,336,267,69,79,68,11,119.53,412.78,-8.59,7.73,4541.05,1.62,25.42,5.66,0.33,30.33,10793,14.24
4989,榮科,99.5,99.6,99.5,0.1,0.1,13134,43.78,124,0,-1,123,7012,7530,-518,-0.04,1683,2797,3997,4501,610,0.51,0.38,1701,2105,-404,4599,3677,922,--,379.34,13.33,28.89,3223.76,0.13,4.93,1.24,0,57,19633,13.78
4991,環宇-KY,840,846,840,26,3.19,6233,51.88,683,24,-22,685,4835,4878,-43,-0.01,3415,3736,1098,1419,0,0.77,0.23,1490,1427,63,100,120,-20,347.11,243.93,-27.84,67.92,2527.63,1.67,54.53,5.22,0,28.96,7307,12.09
4994,傳奇,92.7,95.3,95.2,5.8,6.49,32,53.12,-2,0,1,-1,0,0,0,0,0,0,0,0,0,0,0,9,0,9,25,34,-9,61.03,107.53,-12.34,3.59,1200.4,0.42,67.02,2.72,3.15,14.81,2457,6.64
4995,晶達,50,50.2,50.2,1.45,2.97,130,43.08,-3,0,0,-3,0,0,0,0,0,0,0,0,0,0,0,10,0,10,122,132,-10,18.39,107.66,-17.89,-7.65,1313.87,1.01,33.13,4.61,3.96,20.6,2194,4.26
4999,鑫禾,20,20.1,20,-0.1,-0.5,79,46.75,-9,0,-2,-11,0,0,0,0,0,0,0,0,0,0,0,0,0,0,85,85,0,--,157.17,11.85,-15.21,1901.71,-0.54,10.29,-1.25,1.25,1.9,354,7.44
5007,三星,56.7,56.8,56.7,-0.1,-0.18,44,59.09,2,0,-1,1,0,0,0,0,0,0,0,0,0,0,0,0,0,0,45,45,0,18.65,514.95,-7.81,2.26,6042,0.91,27.58,3.74,5.29,0.01,8,29.49
5009,榮剛,36.7,36.75,36.75,1.15,3.23,4274,61.49,548,-4,150,694,1013,539,474,0.11,1013,1013,0,0,0,0.23,0,586,822,-236,2715,2953,-238,18.38,1038.71,0.67,-0.25,11398.93,0.5,24.38,1.62,3.27,6.26,9430,60.25
5011,久陽,17.7,--,17.7,1.6,9.94,2022,88.6,11,0,6,17,868,252,616,0.3,667,766,0,0,99,0.38,0.05,238,220,18,928,1562,-634,--,361.32,-8.35,-20.91,4729.36,0.52,6.3,2.67,0,16.28,3588,10.07
5013,強新,28.85,29.5,29.45,2.25,8.27,28,71.43,4,0,0,4,0,0,0,0,0,0,0,0,0,0,0,0,0,0,29,29,0,20.74,781.81,-0.31,13.09,7797.94,0.38,11.45,1.51,2.38,0.01,4,13.34
5014,建錩,11.25,11.3,11.3,0.85,8.13,1719,54.41,-262,0,0,-262,333,0,333,0.19,333,333,0,0,0,0.19,0,269,58,211,1124,1668,-544,--,1502.32,-2.25,8.76,15458.74,0.32,5.35,2.14,4.42,4.48,2052,18.33
5015,華祺,24.2,--,24.2,2.2,10,119,89.08,33,0,0,33,0,0,0,0,0,0,0,0,0,0,0,0,0,0,123,123,0,--,103.23,-13.75,-19.89,1336.39,0.25,18.35,1.23,2.07,0.87,132,6.06
5016,松和,27.3,27.35,27.35,2.25,8.96,420,57.89,34,0,-6,28,40,52,-12,-0.03,40,40,0,0,0,0.09,0,35,29,6,349,343,6,18.86,195.2,-8.55,6.05,2047.93,0.36,10.55,1.2,3.66,2.56,318,4.96
5201,凱衛,28.25,28.75,28.75,-0.2,-0.69,75,48.61,-16,0,0,-16,0,0,0,0,0,0,0,0,0,0,0,0,0,0,76,76,0,--,16.47,-10.84,-39.8,283.38,-0.67,31.77,-3.97,1.74,73.51,7107,3.87
5202,力新,11.75,11.85,11.75,-0.15,-1.26,197,27.01,-23,0,0,-23,0,0,0,0,0,0,0,0,0,0,0,0,0,0,198,198,0,--,12.56,25.06,-6.67,147.9,-0.19,72.32,-1.44,1.7,10.25,2284,8.91
5203,訊連,64.8,64.9,64.9,0,0,373,29.46,-178,0,2,-176,42,16,26,0.07,-16,0,0,0,16,0,0.04,88,109,-21,246,251,-5,17.73,190.81,5.49,-10.8,2450.85,1.34,84.51,2.25,5.55,6.87,1363,7.94
5205,中茂,21.6,23.65,23.7,0.05,0.21,1,100,0,0,0,0,0,0,0,0,0,0,0,0,0,0,0,0,0,0,1,1,0,--,1.07,-26.01,-37.6,27.51,-0.36,13.73,-5.65,0,--,0,1.35
5206,坤悅,22.15,22.3,22.25,-0.45,-1.98,321,31.03,-10,0,-126,-136,0,0,0,0,0,0,0,0,0,0,0,39,121,-82,284,202,82,4.44,479.24,-71.08,-28.29,4109.45,2.45,40,10.76,6.74,1.87,802,17.15
5209,新鼎,169,169.5,169.5,3,1.8,65,76.56,0,0,0,0,0,8,-8,-0.12,0,0,0,0,0,0,0,26,9,17,42,51,-9,9.49,285.11,-3.92,-27.74,4981.31,3.34,18,9.47,7.67,0.24,17,2.86
5210,寶碩,26.6,26.65,26.6,-0.15,-0.56,376,31.34,-40,0,0,-40,0,0,0,0,0,0,0,0,0,0,0,42,124,-82,337,255,82,28.6,20.18,-9.93,11.43,278.05,0.24,58.44,2.46,0,0.17,26,8.22
5211,蒙恬,18.15,18.2,18.2,0.6,3.41,201,46.73,44,0,0,44,0,0,0,0,0,0,0,0,0,0,0,0,0,0,232,232,0,--,21.65,-2.34,27.64,239.69,-0.18,43.22,-1.71,0,8.82,706,3.2
5212,凌網,46.15,46.25,46.2,-0.2,-0.43,14,30.77,2,0,0,2,0,0,0,0,0,0,0,0,0,0,0,0,0,0,14,14,0,9.63,79.79,-6.31,20.38,1345.62,0.54,46.75,3.18,9.09,1.11,96,3.46
5213,亞昕,26.15,26.2,26.2,-0.55,-2.06,1135,30.05,-422,0,0,-422,42,379,-337,-0.29,-379,0,0,0,379,0,0.33,157,253,-96,955,522,433,18.45,2063.65,299.71,14.3,11763.97,-0.12,29.2,-0.57,10.69,2.05,3690,72.13
5215,科嘉-KY,46.35,46.5,46.5,0.95,2.09,412,61.27,45,0,0,45,0,0,0,0,0,0,0,0,0,0,0,0,20,-20,416,396,20,18.98,367.76,26.91,72.73,2912.8,0.87,23.01,1.69,4.3,5.92,952,6.43
5220,萬達光電,24.75,--,24.75,2.25,10,274,93.18,42,0,10,52,0,0,0,0,0,0,0,0,0,0,0,21,31,-10,265,255,10,--,95.76,-5.98,32.64,762.48,0.45,21.89,2.41,1.21,3.31,328,3.97
5222,全訊,128,128.5,128,0,0,657,32.66,-74,0,-3,-77,220,313,-93,-0.14,-236,32,45,78,235,0.11,0.46,92,126,-34,375,249,126,68.09,90.82,370.88,45.94,894.21,0.22,53.97,0.82,2.73,9.06,2063,9.11
5223,安力-KY,26.1,26.15,26.15,2.1,8.73,319,73.35,15,0,1,16,40,0,40,0.12,40,40,0,0,0,0.12,0,42,24,18,239,297,-58,--,177.75,9.35,-3.19,1949.75,-0.44,13.22,-0.9,0,3.86,430,4.45
5225,東科-KY,70.5,70.6,70.5,-0.7,-0.98,346,31.29,34,0,-2,32,66,79,-13,-0.04,-79,0,0,0,79,0,0.22,51,55,-4,235,218,17,7.66,834.89,-14.91,-11.28,10564.66,1.54,14.89,3.66,10.23,7.85,1553,7.91
5227,立凱-KY,25.5,25.7,25.5,-0.9,-3.41,413,31.87,-10,0,0,-10,0,46,-46,-0.11,-46,0,0,0,46,0,0.11,31,31,0,398,352,46,--,5.13,-53.83,-86.43,223.93,-1.43,-70.7,-20.16,0,--,276,6.8
5228,鈺鎧,54.7,54.9,54.9,3.3,6.4,473,72.48,19,0,0,19,72,72,0,0,0,20,52,72,0,0.15,0.15,157,105,52,250,302,-52,62.39,68.95,-15.15,62.03,626.78,0.99,37.35,7.11,0,7.17,682,3.81
5230,雷笛克光學,16.95,17,16.95,-0.35,-2.02,276,38.41,-2,0,0,-2,0,64,-64,-0.23,-64,0,0,0,64,0,0.23,0,0,0,277,213,64,--,113.1,4.52,-4.74,1315.89,-0.28,25.81,-1.19,2.95,7.11,995,5.6
5234,達興材料,449,449.5,449.5,6,1.35,1004,48.58,57,0,-53,4,576,448,128,0.12,402,440,81,76,43,0.49,0.11,137,182,-45,346,428,-82,58.38,410.51,-3.08,2.18,4733.79,2.21,43.1,6.86,1.45,5.96,1530,10.27
5236,凌陽創新,186,186.5,186.5,5.5,3.04,630,42.86,-43,0,22,-21,223,182,41,0.06,41,6,217,182,0,0.34,0.28,125,146,-21,302,322,-20,19.57,186.96,-20.34,28.06,2122.45,2.97,61.68,7.18,4.83,3.01,451,6
5243,乙盛-KY,135,--,135,12,9.76,2664,93.98,677,0,15,692,2279,1804,475,0.18,2279,2279,0,0,0,0.84,0,194,394,-200,241,517,-276,27.72,1045.71,-5.82,-9.45,11649.72,1.47,24.76,2.93,1.63,30.24,12742,16.85
5244,弘凱,40.45,40.5,40.45,-0.75,-1.82,706,32.79,73,0,0,73,0,0,0,0,0,0,0,0,0,0,0,60,48,12,652,664,-12,--,66.44,17.71,-9.74,817.23,-0.48,24.15,-1.83,0.99,18.72,3194,6.82
5245,智晶,27.05,27.4,27.1,0.85,3.24,517,61.63,48,0,0,48,45,45,0,0,45,45,0,0,0,0.09,0,29,0,29,446,475,-29,--,71.64,25.81,-15.36,721.04,-0.79,2.13,-5.61,0,7.17,809,4.51
5251,天鉞電,26.55,26.6,26.6,-0.5,-1.85,183,19.13,-72,0,0,-72,0,0,0,0,0,0,0,0,0,0,0,0,0,0,203,203,0,2660,24.83,-36.07,38.86,304.36,0.1,43.27,0.84,0,27.05,1767,3.37
5258,虹堡,58.3,58.4,58.3,0.7,1.22,1341,41.73,60,0,0,60,169,135,34,0.03,35,150,0,0,115,0.11,0.08,184,179,5,1006,1045,-39,17.56,721.05,6.82,22.41,8034.45,-0.61,31.99,-1.24,1.72,21.75,6000,11.04
5263,智崴,109,109.5,109.5,-4,-3.52,410,35.24,-38,0,-28,-66,31,110,-79,-0.19,-110,0,0,0,110,0,0.26,99,137,-38,288,171,117,--,162.46,2.03,61.94,1484.75,0.67,50.65,1.26,0,28.87,5337,7.39
5269,祥碩,1530,1535,1535,55,3.72,1947,54.43,29,101,7,137,2040,2047,-7,0,904,895,1145,1136,0,0.95,0.53,27,27,0,89,81,8,18.95,958.73,-23.82,-17.55,14199.36,24.85,50.83,5.06,2.93,17.62,3293,7.42
5272,笙科,23.3,23.35,23.3,0.1,0.43,355,38.64,58,0,0,58,0,0,0,0,0,0,0,0,0,0,0,0,0,0,356,356,0,--,29.83,11.87,-21.69,317.02,-0.57,41.09,-3.68,0,7.37,1019,5.53
5274,信驊,17710,17740,17725,-55,-0.31,211,33.49,21,-6,-1,14,228,219,9,0.04,76,134,35,33,60,0.71,0.39,2,5,-3,8,13,-5,150.39,1279.04,3.53,81.59,10741.21,37.41,69.18,20.9,0.46,1.16,110,3.78
5276,達輝-KY,19.5,19.75,19.8,0.9,4.76,64,68.75,1,0,0,1,0,0,0,0,0,0,0,0,0,0,0,0,0,0,65,65,0,14.45,94.04,7.74,76.16,966.88,0.57,19.73,4.28,4.04,--,0,3.95
5278,尚凡*,23.75,23.8,23.8,-0.8,-3.25,696,49.86,-312,0,0,-312,99,0,99,0.14,0,0,0,0,0,0,0,100,26,74,501,674,-173,24.79,224.19,-8.18,18.23,2758.52,0.29,53.91,2.13,5.08,2.18,1635,3
5283,禾聯碩,51.9,52,51.9,-0.2,-0.38,160,34.39,-56,0,0,-56,63,0,63,0.38,0,0,0,0,0,0,0,45,32,13,60,136,-76,8.78,777.35,39.45,0.64,6431.3,0.16,28.91,0.28,2.31,0.53,115,8.76
5284,jpp-KY,408.5,409,408.5,-1.5,-0.37,2037,43.37,-183,0,-33,-216,1030,1176,-146,-0.07,-610,15,543,528,640,0.27,0.56,299,279,20,773,646,127,30.49,394.53,-4.08,54.65,4259.98,4.13,37.51,5.69,1.22,35.16,4649,5.29
5285,界霖,81.5,81.6,81.5,2.4,3.03,3724,50.59,932,0,22,954,1038,629,409,0.11,1019,1038,0,0,19,0.28,0.01,789,856,-67,1924,2266,-342,38.81,582.13,22.16,28.38,5499.06,1,18.68,3.44,1.84,16.28,4153,10.2
5287,數字,150.5,151,150.5,-3.5,-2.27,154,29.1,-33,0,0,-33,20,42,-22,-0.14,-23,10,0,0,33,0.06,0.2,40,36,4,102,84,18,10.79,193.67,-1.4,-4.36,2314.59,2.97,68.15,7.05,7.41,1.33,200,6.03
5288,豐祥-KY,151.5,152,152,1.5,1,119,57.98,-2,0,2,0,33,20,13,0.11,33,33,0,0,0,0.28,0,8,24,-16,79,76,3,12.64,739.44,-11.46,24.84,7121.1,3.59,23.24,3.99,4.28,11.72,2042,6.97
5289,宜鼎,1685,1690,1685,-40,-2.32,4383,41.35,-14,-337,-1,-352,4490,4606,-116,-0.02,-3475,134,856,889,3576,0.21,0.95,41,26,15,155,54,101,22.66,6670.83,17.6,583.11,30519.42,57.49,59.1,46.03,1.01,18.78,4524,9.63
5291,邑昇,76.4,76.8,76.4,-0.5,-0.65,3844,46.59,-218,0,6,-212,1100,1152,-52,-0.01,416,940,82,421,185,0.26,0.16,531,651,-120,2242,2070,172,159.17,151.9,30.37,69.46,1209.63,0.17,20.08,0.68,0,59.73,5956,3.99
5292,華懋,219,221,220,0.5,0.23,185,31.15,-20,0,10,-10,69,92,-23,-0.12,-40,13,24,20,57,0.19,0.39,34,25,9,95,81,14,21.76,151.35,-43.34,-28.63,2706.17,2.58,27.9,5.83,2.95,13.05,1374,4.21
5299,杰力,115.5,116,116,9,8.41,1955,55.66,-223,0,0,-223,547,812,-265,-0.13,547,547,0,0,0,0.28,0,341,338,3,1086,824,262,24.02,143.58,0.84,-0.3,1463.37,1.65,34.47,2.62,3.16,9.52,854,5.09
5301,寶得利,6.7,6.95,6.7,-0.26,-3.74,34,39.39,0,0,0,0,0,0,0,0,0,0,0,0,0,0,0,0,0,0,36,36,0,--,12.84,-40.73,-44.67,228.25,-0.18,83.76,-2.39,0,--,0,6.59
5302,太欣,10,10.05,10,-0.1,-0.99,749,54.5,67,0,0,67,0,0,0,0,0,0,0,0,0,0,0,50,81,-31,701,670,31,--,1.72,-26.89,18.16,23.69,-0.04,26.25,-0.5,0,--,0,15.99
5306,桂盟,83,83.1,83,-0.2,-0.24,174,36.78,22,0,5,27,0,0,0,0,0,0,0,0,0,0,0,26,62,-36,151,115,36,13.09,497.01,3.92,7.18,4742.34,1.79,41.83,2.49,4.52,1.59,500,12.6
5309,系統電,69.9,70,69.9,0.6,0.87,14172,45.78,-87,0,128,41,5377,6038,-661,-0.05,1830,2804,2573,3547,0,0.38,0.25,2225,2306,-81,6689,5947,742,332.86,305.06,4.59,7.65,3405.5,0.09,24.86,0.08,0.72,29.95,14431,23.04
5310,天剛,23.1,23.95,23.45,-0.55,-2.29,31,83.87,2,0,0,2,0,0,0,0,0,0,0,0,0,0,0,0,0,0,32,32,0,335,0,-81.25,-98.41,0.66,0.06,10.48,0.59,0,--,0,2.89
5312,寶島科,93.2,93.4,93.3,-0.3,-0.32,83,26.83,-18,0,0,-18,0,14,-14,-0.16,-14,0,0,0,14,0,0.16,0,6,-6,86,66,20,15.81,364.92,-11.72,13.95,4344.09,1.48,63.85,2.34,6.97,4.34,651,6.01
5314,世紀*,64.6,64.7,64.7,-2.3,-3.43,5049,37.42,-171,8,4,-159,1205,2499,-1294,-0.25,-2406,30,15,17,2434,0.01,0.48,910,796,114,3008,1829,1179,12.56,493.74,9.76,138.62,4156.04,0.37,41.29,4.05,2.74,23.2,16935,1.46
5315,光聯,22.2,22.25,22.25,0.2,0.91,841,49.4,-60,0,0,-60,58,110,-52,-0.06,-52,0,58,50,60,0.07,0.13,121,244,-123,666,491,175,12.71,163.95,0.07,-5.49,1960.6,0.44,18.63,2.76,7.19,10.61,2821,10.64
5321,美而快,42.75,--,42.75,3.85,9.9,694,74.04,-51,0,-2,-53,87,153,-66,-0.09,58,58,0,0,0,0.08,0,109,128,-19,514,429,85,--,177.29,4.11,-22.08,2639.84,-2.37,48.36,-16.51,0,11.53,1533,5.32
5324,士開,11.9,11.95,11.9,-0.05,-0.42,445,37.24,-31,0,0,-31,178,0,178,0.4,178,0,178,0,0,0.4,0,0,114,-114,269,333,-64,--,56.98,-13.32,-48.01,1043.94,-0.11,51.32,-1.38,0,--,0,22.64
5328,華容,35.95,36,36,0.5,1.41,29513,41.43,-4336,0,-91,-4427,8097,12667,-4570,-0.15,-1791,2288,5809,9888,0,0.27,0.33,3789,3673,116,17790,13336,4454,80,93.87,7.83,13.38,921.51,0.11,22.94,1.03,0.97,15.55,6713,17.27
5340,建榮,107,107.5,107.5,0,0,3372,42.83,-39,0,16,-23,1461,1634,-173,-0.05,-570,154,729,814,639,0.26,0.42,563,610,-47,1419,1200,219,77.9,225.44,0.73,9.69,2412.1,0.46,21.19,3.92,0.56,17.17,7119,19.49
5344,立衛,16.05,16.25,16.1,-0.1,-0.62,75,36,1,0,0,1,0,0,0,0,0,0,0,0,0,0,0,0,0,0,76,76,0,--,31.67,-5.33,10.72,362.42,0.02,12.49,0.39,0,--,0,7.94
5345,馥鴻,18.65,18.75,18.75,-0.65,-3.35,29,39.29,0,0,0,0,0,0,0,0,0,0,0,0,0,0,0,0,0,0,30,30,0,--,4.13,57.76,562.44,31.66,-0.05,36.77,-0.84,0,--,0,3.78
5347,世界,168.5,169,168.5,6.5,4.01,42741,54.24,1078,-893,1343,1528,34956,32220,2736,0.06,30312,32868,0,0,2556,0.76,0.06,3116,4601,-1485,5188,6439,-1251,40.6,4026.47,-18.5,9.58,49525.49,1.22,29.29,2.43,2.67,4.31,20123,187.96
5348,正能量智能,16.15,17.45,17.1,-0.6,-3.39,3,33.33,0,0,0,0,0,0,0,0,0,0,0,0,0,0,0,0,0,0,3,3,0,--,26.46,8.95,35.69,290.26,-0.23,30.34,-1.75,0,--,0,1.48
5351,鈺創,82.1,82.2,82.1,1.6,1.99,32456,46.16,-1211,0,1,-1210,14005,16029,-2024,-0.06,7844,11492,0,0,3648,0.35,0.11,4928,4719,209,13930,12115,1815,85.52,1333.1,20.91,417.06,7220.34,1.88,36.65,13.5,0,19.49,16005,32.85
5353,台林,26.65,26.7,26.65,0.25,0.95,248,50.44,-23,0,0,-23,0,0,0,0,0,0,0,0,0,0,0,30,24,6,222,228,-6,19.89,142.58,-15.11,18.1,1833.2,0.5,25.42,2.7,3.75,7.49,1418,7.58
5355,佳總,6.41,6.45,6.45,0.15,2.38,123,81.97,0,0,0,0,0,0,0,0,0,0,0,0,0,0,0,86,0,86,38,124,-86,--,50.19,10.1,2.52,465.06,-0.14,-9.99,-3.21,0,--,0,16.61
5356,協益,27,27.2,27.1,0.4,1.5,297,77.97,-4,0,0,-4,154,111,43,0.14,154,154,0,0,0,0.51,0,0,49,-49,147,141,6,58.91,296.59,5.16,-1.25,3261.09,0.28,11.11,0.65,7.38,21.73,5598,10.3
5364,力麗店,8.85,8.86,8.86,-0.2,-2.21,305,22.53,-14,0,0,-14,0,0,0,0,0,0,0,0,0,0,0,0,0,0,307,307,0,--,5.74,-18.71,-77.69,280.56,-0.14,14.05,-1.2,0,12.99,1107,6.38
5371,中光電,72.9,73,73,0.9,1.25,6155,43.38,2234,-1463,146,917,3514,3177,337,0.05,1053,1445,2006,2033,365,0.56,0.39,749,848,-99,1947,2184,-237,121.67,3171.17,-3.4,16.79,40920.48,-0.3,15.62,-0.43,0.68,20.45,19991,39.1
5381,光譜,26.55,26.6,26.55,1.1,4.32,1883,45.92,-157,0,0,-157,164,56,108,0.06,164,164,0,0,0,0.08,0,291,442,-151,1484,1441,43,40.23,249.32,99.04,11.32,2007.7,0.22,29.35,2.24,0,4.74,1536,20.78
5386,青雲,546,--,546,49,9.86,3782,60.35,278,0,-24,254,2454,2331,123,0.03,1483,1865,345,415,312,0.56,0.19,1056,1248,-192,415,345,70,10.81,2535.4,-22.25,405.26,15284.26,43.05,27.1,92.57,1.19,30.01,2664,3.61
5388,中磊,86.4,86.5,86.4,1.3,1.53,4483,49.03,1721,0,-17,1704,2708,1399,1309,0.29,1514,565,2143,1177,17,0.6,0.26,609,854,-245,1231,2294,-1063,21.93,6860.55,-1.12,65.53,62005.45,1.01,13.66,1.91,2.89,7.6,5784,30.43
5392,能率,43.9,43.95,43.9,-0.15,-0.34,5633,46.2,-11,0,6,-5,1862,1665,197,0.03,-269,749,0,0,1018,0.13,0.18,611,1048,-437,3199,2960,239,--,788.43,5.4,2.01,8751.82,-0.3,14.72,-0.74,0.91,19.49,8602,17.66
5398,慕康生醫,17.4,17.5,17.45,-0.35,-1.97,146,28.06,-10,0,0,-10,0,0,0,0,0,0,0,0,0,0,0,0,0,0,148,148,0,52.88,11.53,23.91,-46.7,223.05,-0.22,0.47,-2.11,0,25.66,3173,4.95
5403,中菲,85.5,85.6,85.5,-0.4,-0.47,182,32.42,19,0,0,19,34,17,17,0.09,16,16,0,0,0,0.08,0,58,67,-9,102,110,-8,11.18,282.54,5.54,-7.78,3303.34,1.42,36.91,4.1,7.6,0.4,79,7.82
5410,國眾,38.65,38.7,38.7,-0.1,-0.26,684,37.5,-166,0,0,-166,0,0,0,0,0,0,0,0,0,0,0,28,95,-67,664,597,67,12.25,599.44,-22.98,122.27,4998.72,1.48,19.84,8.37,5.43,8.28,1911,9.24
5425,台半,91.5,91.6,91.6,4.5,5.17,30665,56.93,4904,0,1019,5923,18139,15227,2912,0.09,16602,17782,357,1537,0,0.59,0.05,3108,4103,-995,9692,11610,-1918,42.8,1641.69,2.35,2.6,17885.63,0.7,31.29,2.78,2.18,22.7,14953,26.35
5426,振發,19.1,19.2,19.1,-0.1,-0.52,749,26.42,-77,0,0,-77,0,71,-71,-0.09,-71,0,0,0,71,0,0.09,49,69,-20,705,614,91,48.97,197.65,42.76,23.63,1815.55,0.28,21,1.73,1.57,7.58,2725,14.38
5432,新門,142.5,143,142.5,-1.5,-1.04,129,27.78,-2,0,0,-2,0,0,0,0,0,0,0,0,0,0,0,28,24,4,102,106,-4,59.13,9.05,-51.78,-17.7,199.9,0.27,29.43,1.47,1.05,15.05,778,2.07
5434,崇越,484,485,485,35.5,7.9,1242,52.52,-117,9,18,-90,687,721,-34,-0.03,554,584,103,133,0,0.53,0.1,185,166,19,430,416,14,20.44,6776.03,-3.4,16.42,71316.25,6.86,13.58,6.73,2.78,1.4,678,19.37
5438,東友,18.75,18.85,18.75,-0.2,-1.06,164,39.75,-14,0,0,-14,0,0,0,0,0,0,0,0,0,0,0,0,0,0,165,165,0,187.5,67.66,13.85,-56.4,1075.97,-0.24,10.25,-0.61,4,4.78,1345,11.25
5439,高技,385,385.5,385,-2.5,-0.65,3331,40.22,218,0,-29,189,1966,1965,1,0,264,850,535,683,438,0.39,0.32,436,490,-54,1130,1077,53,25.13,950.13,3.99,26.16,10954.08,3.51,20.33,7.95,1.87,29.9,6951,9.3
5443,均豪,131.5,132,132,10.5,8.64,8212,56.16,779,-426,189,542,5217,4355,862,0.1,5185,5174,43,32,0,0.63,0,890,1261,-371,2227,2718,-491,57.89,422.23,4.24,24.44,4949.34,0.19,38.34,0.79,1.67,16.62,6845,16.47
5450,南良,12.85,12.9,12.85,-0.15,-1.15,28,28.57,0,0,0,0,0,0,0,0,0,0,0,0,0,0,0,0,0,0,28,28,0,67.63,246.98,4.26,9.12,2451.6,0.07,26.35,0.48,1.95,4.73,1448,12.24
5452,佶優,34.85,34.9,34.85,0.25,0.72,3425,46.91,488,0,-34,454,656,324,332,0.1,332,0,656,324,0,0.19,0.09,603,625,-22,2198,2508,-310,139.4,481.03,13.18,6.5,4687.4,0.01,12.02,-0.04,0.72,13.51,5025,14.88
5455,昇益,22.3,23.65,22.9,-1.1,-4.58,64,50,4,0,0,4,0,0,0,0,0,0,0,0,0,0,0,0,0,0,64,64,0,6.98,0.26,-96.17,-99.98,60.53,-0.15,36.46,-0.71,0,0.56,92,6.55
5457,宣德,30.2,30.25,30.2,1.15,3.96,853,47.32,-199,0,0,-199,48,0,48,0.06,48,48,0,0,0,0.06,0,94,30,64,721,833,-112,53.93,1961.58,3.75,-5.68,23966.95,-1,13.02,-0.4,4.97,8.79,4317,19.65
5460,同協,15.4,15.45,15.4,-0.15,-0.96,95,33.33,6,0,1,7,0,0,0,0,0,0,0,0,0,0,0,0,0,0,96,96,0,--,20.04,-27.04,-6.52,244.01,0.09,32.15,0.71,0,7.29,1071,5.88
5464,霖宏,72.8,73,73,2,2.82,633,56.44,0,0,0,0,294,316,-22,-0.04,294,294,0,0,0,0.47,0,148,151,-3,199,174,25,--,124.14,2.82,42.5,1058.66,0.16,4.36,0.96,0,21.96,3901,7.11
5465,富驊,25.1,25.15,25.1,-0.2,-0.79,199,45.18,30,0,0,30,0,0,0,0,0,0,0,0,0,0,0,20,20,0,181,181,0,23.9,299.42,3.57,-52.81,4623.34,0.39,14.54,2.27,4.78,6.53,1343,14.77
5468,凱鈺,17.55,17.85,17.8,-0.1,-0.56,72,49.3,0,0,1,1,0,0,0,0,0,0,0,0,0,0,0,0,0,0,73,73,0,--,11.7,-59.92,19.07,185.82,0.12,35.44,1.22,0,--,0,5.89
5469,瀚宇博,83.4,83.5,83.5,0.6,0.72,3012,45.91,680,0,6,686,1444,1398,46,0.02,590,834,610,854,0,0.47,0.28,426,555,-129,1178,1095,83,14.57,5407.03,-3.33,6.05,62659.91,1.23,16.2,1.93,3.02,12.69,15427,48.62
5471,松翰,52.9,53,53,-1,-1.85,2845,41.51,-178,0,17,-161,405,532,-127,-0.04,-532,0,0,0,532,0,0.19,544,664,-120,1918,1670,248,54.64,328.47,14.17,25.38,2889.35,0.48,42.56,2.27,1.51,11.09,4656,16.79
5474,聰泰,169.5,170,169.5,-3,-1.74,457,36.73,-16,0,-3,-19,60,136,-76,-0.16,-136,0,0,0,136,0,0.29,138,120,18,275,217,58,33.56,104.64,28.34,-11.05,1456.21,0.6,40.31,1.23,2.36,14.95,1486,3.98
5475,德宏,287,287.5,287.5,-9.5,-3.2,4121,30.89,-787,0,-8,-795,1782,3302,-1520,-0.34,-3029,27,0,0,3056,0.01,0.69,969,521,448,1683,611,1072,1250,158.74,14.52,120.59,1114.8,0.24,28.32,3.38,0,--,0,12.71
5478,智冠,98.3,98.4,98.3,-0.8,-0.81,196,33.16,-88,0,2,-86,0,0,0,0,0,0,0,0,0,0,0,36,52,-16,166,150,16,11.56,561.54,-13.11,10.74,6883.81,2.39,56.05,4,7.63,1,391,15.61
5481,新華,19.1,19.6,19.6,-0.1,-0.51,103,49.51,-35,0,0,-35,0,0,0,0,0,0,0,0,0,0,0,0,0,0,105,105,0,--,7.34,7.01,-0.76,94.07,-0.1,46.87,-0.58,0,33.42,5965,7.14
5483,中美晶,154.5,155,154.5,7,4.75,21928,56.47,1668,-432,488,1724,16151,14873,1278,0.06,14678,15286,865,1473,0,0.73,0.07,2007,2496,-489,4099,4888,-789,21.95,6699.35,-9.12,-0.26,78162.05,1.83,23.24,2.2,2.27,7.24,11614,64.12
5484,慧友,49.15,--,49.15,4.45,9.96,2193,78.41,-158,0,21,-137,767,402,365,0.16,767,767,0,0,0,0.35,0,232,332,-100,1223,1488,-265,132.84,53.82,29.15,16.83,608.23,0.33,16.43,4.42,0,--,0,6.68
5487,通泰,27.5,27.9,27.5,-0.15,-0.54,182,45.86,6,0,0,6,0,0,0,0,0,0,0,0,0,0,0,20,0,20,163,183,-20,--,16.02,-2.05,-3.78,156.67,-0.06,34.95,-0.27,0,27.22,1648,2.42
5488,松普,11.9,11.95,11.9,0.35,3.03,975,50.05,234,0,0,234,0,0,0,0,0,0,0,0,0,0,0,92,0,92,886,978,-92,66.11,101.52,15.15,93.3,863.7,0.09,18.2,0.8,0.5,6.63,1518,9.16
5489,彩富,39.65,39.7,39.7,-0.45,-1.12,106,34.62,-12,0,0,-12,0,0,0,0,0,0,0,0,0,0,0,0,15,-15,106,91,15,22.43,167.18,1.05,11.05,1748.71,0.29,31.03,1.23,3.78,3.17,815,10.27
5490,同亨,29.7,29.8,29.7,-0.05,-0.17,1083,26,-330,0,0,-330,0,0,0,0,0,0,0,0,0,0,0,17,258,-241,1074,833,241,18.56,139.8,0.2,32.93,1591.07,0.7,44.71,4.72,5.05,7.65,1838,9.62
5493,三聯,92.1,92.5,92.2,-1.2,-1.28,326,26.23,59,0,-1,58,11,12,-1,-0,-12,0,0,0,12,0,0.04,15,51,-36,304,267,37,22.38,498.2,-14.49,11.39,5716.87,1.26,12.89,3.96,2.93,20.62,2252,4.37
5498,凱崴,68.4,68.5,68.4,1.6,2.4,7547,44.2,-289,0,-4,-293,1739,2392,-653,-0.09,1375,1409,330,364,0,0.23,0.05,1357,1257,100,4549,3996,553,570,171.05,5.96,54.64,1613.77,0,13.33,0.04,0.37,17.95,7906,19.35
5508,永信建,47.2,47.25,47.25,-0.9,-1.87,859,25.33,-336,-1,-7,-344,40,271,-231,-0.26,-249,0,0,0,249,0,0.28,149,201,-52,694,411,283,18.31,227.22,-36.88,42.68,2432.03,0.87,42.31,3.44,5.88,5.49,2983,21.74
5511,德昌,70.8,70.9,70.8,-1.1,-1.53,462,24.72,-177,0,0,-177,95,176,-81,-0.17,-176,0,0,0,176,0,0.38,109,143,-34,263,148,115,5.89,808.4,-8.04,4.49,11635.63,2.54,18.73,3.97,7.9,1.71,485,11.34
5512,力麒,6.84,6.85,6.85,-0.07,-1.01,1905,37.26,-603,0,0,-603,0,0,0,0,0,0,0,0,0,0,0,103,110,-7,1831,1824,7,48.93,422.67,-50.28,-31.15,6785.43,0.05,25.2,0.8,1.46,2.18,4182,76.63
5514,三豐,14.5,14.8,--,--,--,0,--,0,0,0,0,0,0,0,--,0,0,0,0,0,--,--,0,0,0,0,0,0,63.33,2.12,-99.6,359.87,672.49,0.32,18.42,2.29,0,0.1,59,23.61
5515,建國,40.65,40.7,40.7,0.5,1.24,541,61.01,161,-2,9,168,81,25,56,0.1,56,55,26,25,0,0.15,0.05,74,120,-46,398,408,-10,6.82,631.97,-33.23,7.59,7703.73,1.96,19.41,7.2,8.11,3.87,1950,20.16
5516,雙喜,10.25,10.3,10.25,-0.45,-4.21,138,31.16,4,0,0,4,0,0,0,0,0,0,0,0,0,0,0,0,0,0,139,139,0,7.77,119.06,-33.35,-21.38,2337.81,0.55,10.47,6.23,0,--,92,5.15
5519,隆大,32.3,32.35,32.3,-0.35,-1.07,524,25.24,-1,0,1,0,0,140,-140,-0.26,-140,0,0,0,140,0,0.26,48,22,26,482,368,114,6.47,117.53,-56.6,-23.13,5345.74,0.58,32.78,2.16,11.76,1.43,784,21.92
5520,力泰,81.7,82.2,--,--,--,0,--,0,0,0,0,0,0,0,0,0,0,0,0,0,0,0,0,0,0,1,1,0,8.17,315.13,3.54,-7.59,4110.85,2.48,24.82,4.78,8.52,0.05,7,6
5521,工信,10.35,10.4,10.35,-0.35,-3.27,6961,33.24,-1335,0,3,-1332,1229,3152,-1923,-0.27,-3152,0,0,0,3152,0,0.45,1045,1160,-115,4746,2708,2038,15.68,874.24,-33.82,-6.63,9435.62,0.13,5.28,1.12,1.45,12.18,14988,49.23
5522,遠雄,69.2,69.3,69.2,-0.3,-0.43,874,33.37,-208,-1,-5,-214,221,251,-30,-0.03,-132,84,15,0,231,0.11,0.26,182,232,-50,480,400,80,7.32,229.1,-53.29,743.31,36387.93,1.76,36.85,2.81,7.95,0.53,1030,78.16
5523,豐謙,30.15,30.45,30.45,0.05,0.16,29,62.07,1,0,0,1,0,0,0,0,0,0,0,0,0,0,0,0,0,0,29,29,0,--,0.37,0,0.27,5.25,-0.04,88.3,-0.22,1.64,0.01,3,15.5
5525,順天,20.95,21,21,-0.7,-3.23,293,44.37,55,0,2,57,0,0,0,0,0,0,0,0,0,0,0,0,30,-30,300,270,30,8.68,597.48,-31.03,1375.8,4426.04,1,32.74,5.33,5.71,0.51,405,31.81
5529,鉅陞,23.8,23.9,23.9,-0.25,-1.04,217,28.57,8,0,0,8,0,0,0,0,0,0,0,0,0,0,0,0,0,0,218,218,0,8.13,176.24,4414.27,3460.34,1441.58,0.67,35.79,4.51,1.63,10.35,1531,10.18
5530,龍巖,48.45,48.5,48.45,2,4.31,1180,57.37,294,0,0,294,96,100,-4,-0,96,96,0,0,0,0.08,0,216,169,47,879,922,-43,17.43,393.18,-8.73,26.13,4033.48,0.95,62.02,1.4,0,3.23,3222,42.01
5531,鄉林,7.63,7.65,7.65,-0.07,-0.91,885,34.85,-206,0,0,-206,0,0,0,0,0,0,0,0,0,0,0,0,67,-67,889,822,67,153,44.63,9.88,-21.35,1078.25,0.07,6.51,0.07,0,1.11,2705,97.76
5533,皇鼎,13.8,13.9,13.85,0,0,194,50.8,-8,0,0,-8,0,0,0,0,0,0,0,0,0,0,0,91,0,91,104,195,-91,23.08,99.27,-51.14,-27.59,1122.9,0.16,28.63,0.47,4.33,1.1,784,28.52
5534,長虹,75,75.1,75,-0.5,-0.66,808,29.62,-239,0,-1,-240,142,310,-168,-0.2,-281,0,0,0,281,0,0.34,109,165,-56,579,356,223,15.31,214.89,-35.55,13.56,8268.02,0.19,25.17,0.26,7.33,4.79,3779,31.53
5536,聖暉*,949,950,949,22,2.37,1018,52.39,102,0,28,130,637,712,-75,-0.07,492,569,69,146,0,0.59,0.14,403,326,77,38,41,-3,26.36,4088.05,-21.27,15.17,45067.55,12.76,25.38,9.41,2.11,4.46,1384,6.2
5538,東明-KY,34.25,34.45,34.45,0.45,1.32,26,46.15,8,0,0,8,0,0,0,0,0,0,0,0,0,0,0,0,0,0,26,26,0,9.99,1288.94,-0.6,11.29,12937.37,1.12,16.49,2.95,4.35,0.03,15,20.12
5543,桓鼎-KY,29.25,30.3,30.3,0.4,1.34,56,66.67,5,0,0,5,0,0,0,0,0,0,0,0,0,0,0,0,0,0,57,57,0,--,267.62,-2.4,4.03,3247.45,-0.75,14.14,2.07,0,--,0,4.67
5546,永固-KY,16.15,16.45,16.45,-0.45,-2.66,62,45.16,12,0,1,13,0,0,0,0,0,0,0,0,0,0,0,0,0,0,62,62,0,--,108.84,45.18,-57.85,1467.17,-0.28,-1.29,-1.42,6.08,0.13,26,8.24
5547,久舜,21.6,21.65,21.6,0,0,80,30.38,0,0,0,0,53,0,53,0.66,0,0,0,0,0,0,0,0,26,-26,27,54,-27,8.85,275.13,97.1,53.64,--,0.37,11.54,2.17,8.98,--,0,4.53
5548,安倉,23.4,23.55,23.4,-0.2,-0.85,68,47.06,4,0,0,4,0,0,0,0,0,0,0,0,0,0,0,0,0,0,69,69,0,11.47,189.35,-21.45,8.98,2586.14,0.42,9.51,2.14,8.12,0.46,66,5.78
5601,台聯櫃,34.5,35.05,34.7,-0.05,-0.14,5,0,0,0,0,0,0,0,0,0,0,0,0,0,0,0,0,0,0,0,5,5,0,82.62,7.91,4.17,0.64,93.76,0.1,60.1,0.46,1.1,0.01,1,6.48
5603,陸海,15.35,15.4,15.35,-0.1,-0.65,144,39.16,-28,0,0,-28,0,0,0,0,0,0,0,0,0,0,0,0,0,0,170,170,0,47.97,104.43,-15.67,-14.31,1348.13,0.07,14.62,0.44,3.26,17.24,4521,10.49
5604,中連,31.15,31.65,31.35,0.05,0.16,33,51.52,-2,0,0,-2,0,0,0,0,0,0,0,0,0,0,0,0,0,0,34,34,0,33,13.7,1.2,4.14,161.45,0.32,82.9,1.72,6.38,0.09,25,10.88
5607,遠雄港,50.4,50.5,50.5,0.4,0.8,863,44.42,144,0,4,148,160,110,50,0.06,50,0,160,110,0,0.18,0.12,173,240,-67,549,532,17,15.54,434.94,0.3,35.13,4575.3,0.98,51.33,3.23,3.56,1.57,1455,37.06
5608,四維航,14.55,14.6,14.55,0.3,2.11,2984,61.91,375,0,-8,367,783,379,404,0.13,419,683,0,0,264,0.23,0.09,380,367,13,1842,2259,-417,63.26,264.87,-2.24,-1.07,3166.16,-0.11,11.52,-0.69,0,5.25,5113,38.93
5609,中菲行,80.2,80.4,80.3,-0.2,-0.25,197,36.13,-31,0,9,-22,16,0,16,0.08,0,0,0,0,0,0,0,50,50,0,139,155,-16,10.15,2840.18,7.53,12.01,29669.41,1.66,13.64,3.64,6.97,0.24,85,14.29
5701,劍湖山,3.36,3.37,3.37,0.02,0.6,41,5,0,0,0,0,0,0,0,0,0,0,0,0,0,0,0,0,0,0,44,44,0,--,38.9,-7.63,-12.72,523.05,-0.17,47.43,-4.73,0,--,0,14.3
5703,亞都,13.5,13.95,13.65,0,0,33,59.37,0,0,0,0,0,0,0,0,0,0,0,0,0,0,0,0,0,0,33,33,0,21,35.87,-20.02,7.72,470.41,0.27,48.92,3.56,0,--,0,7.02
5704,老爺知,21.2,21.25,21.25,-0.05,-0.23,29,69.23,-4,0,0,-4,0,0,0,0,0,0,0,0,0,0,0,0,0,0,30,30,0,44.27,0.91,7.57,-95.75,331.94,0.28,49.09,1.9,0,0.9,132,5.89
5706,鳳凰,49.6,49.65,49.65,-0.3,-0.6,360,34.09,-126,0,3,-123,0,53,-53,-0.14,-53,0,0,0,53,0,0.14,41,59,-18,330,259,71,14.15,279.5,36.16,-20.47,3058.9,0.62,14.96,2.79,9.06,4.54,964,8.49
5864,致和證,33.75,33.8,33.75,0.55,1.66,7152,44.6,-393,0,0,-393,2479,4187,-1708,-0.24,2137,2353,126,342,0,0.35,0.05,1111,791,320,3576,2188,1388,4.79,1843.01,413.15,2037.17,5484.84,3.4,98.93,17.27,4.74,8.37,9507,45.45
5871,中租-KY,109,109.5,109,-2,-1.8,9871,35.29,-4133,1440,19,-2674,8085,8761,-676,-0.07,-8707,24,0,0,8731,0,0.87,567,436,131,1333,789,544,9.39,7950.14,-5.52,-3.87,96539.36,3.26,66.62,2.95,5.5,1.31,5586,171.14
5876,上海商銀,39.75,39.85,39.75,-0.3,-0.75,13247,37.9,-2916,2264,221,-431,10953,11667,-714,-0.05,-8296,1943,0,0,10239,0.15,0.77,776,642,134,1544,963,581,12.66,4216.56,-8.58,-7.14,53334.88,1.05,--,2.35,4.78,0.08,966,486.16
5878,台名,40.7,41.15,40.8,-0.2,-0.49,16,31.25,1,0,0,1,0,0,0,0,0,0,0,0,0,0,0,0,0,0,17,17,0,13.83,94.79,28.55,-3.86,881.4,0.43,17.14,2.11,5.88,--,0,2.5
5880,合庫金,22.6,22.65,22.65,-0.05,-0.22,17425,44.41,-6409,275,17,-6117,7726,12316,-4590,-0.26,-11022,0,0,0,11022,0,0.62,3165,1597,1568,6804,3783,3021,16.65,6093.83,14,65.45,73191.52,0.33,--,7.87,4.64,0.06,2347,1568.09
5902,德記,37.35,37.55,37.5,-0.05,-0.13,60,40.35,5,0,0,5,0,0,0,0,0,0,0,0,0,0,0,0,0,0,60,60,0,17.36,174.06,-6.49,-17.51,2178.81,0.46,24.32,3.29,4.4,25.82,6101,9.45
5903,全家,187.5,188.5,188,0,0,33,33.33,-1,0,0,-1,6,10,-4,-0.1,-10,0,0,0,10,0,0.25,6,3,3,28,27,1,27.01,9576.33,0.08,9.06,113311.59,1.23,34.69,2.82,3.46,0.03,14,22.32
5904,寶雅,559,560,559,-9,-1.58,545,45.86,-135,79,36,-20,352,500,-148,-0.24,-492,2,0,0,494,0,0.81,198,86,112,58,23,35,17.77,2247.88,-2.53,16.68,26439.89,9.3,45.13,13.66,4.56,0.76,203,10.64
5905,南仁湖,8,8.01,8.01,-0.06,-0.74,828,37.82,-19,0,0,-19,0,0,0,0,0,0,0,0,0,0,0,0,0,0,842,842,0,--,628.69,46.09,686.38,2022.48,-0.09,36.05,-0.94,0,--,2698,28.16
5906,台南-KY,44.45,45.15,--,--,--,0,--,0,0,0,0,0,0,0,--,0,0,0,0,0,--,--,0,0,0,0,0,0,63.89,136.77,37,12.68,1648.69,0.11,55.89,0.4,1.52,2.74,245,3.57
5907,大洋-KY,4.86,4.89,4.89,-0.13,-2.59,531,23.85,-61,0,0,-61,0,0,0,0,0,0,0,0,0,0,0,0,0,0,532,532,0,--,248.16,10.63,11.28,2665.9,-1.01,84.64,-5.19,0,10.88,5317,19.55
6005,群益證,32.65,32.7,32.7,0.8,2.51,11819,63.07,4806,-508,0,4298,8223,5612,2611,0.22,7964,8003,220,259,0,0.69,0.02,1050,1778,-728,2627,4510,-1883,9.13,4647.82,145.33,301.6,25849.39,1.34,75.56,6.02,5.23,0.82,4451,217.09
6015,宏遠證,15.95,16,16,0.35,2.24,3998,56.18,685,0,0,685,1114,1207,-93,-0.02,1051,1114,0,63,0,0.28,0.02,874,799,75,2027,2009,18,8.47,547.9,316.17,4229.16,2721.27,0.89,93.88,6.2,3.44,5.85,5753,39.32
6016,康和證,23.45,23.5,23.5,0.6,2.62,9275,56.64,-829,0,0,-829,3881,5028,-1147,-0.12,3881,3881,0,0,0,0.42,0,1192,957,235,4232,3320,912,5.57,2753.75,2057.36,1127.29,9273.87,1.65,89.99,9.55,6,7.16,12292,68.66
6020,大展證,22.05,22.3,22.3,1.05,4.94,53,62.26,6,0,0,6,0,0,0,0,0,0,0,0,0,0,0,0,0,0,54,54,0,21.24,433.25,2391.11,2338.32,911.41,0.49,92.32,2.52,1.21,0.32,204,25.24
6021,美好證,32.2,32.3,32.2,-0.05,-0.16,286,25.81,-174,0,0,-174,0,0,0,0,0,0,0,0,0,0,0,16,18,-2,271,269,2,5.62,1136.39,329.38,5212.46,4031.28,0.83,84.54,2.64,6.21,0.9,705,31.22
6023,元大期,97.7,97.9,97.9,-0.6,-0.61,238,28.69,-110,0,0,-110,37,40,-3,-0.01,-40,0,0,0,40,0,0.16,51,109,-58,157,95,62,11.44,328.32,-37.22,-15.84,3911.6,2.19,36.6,3.53,5.62,0.18,147,32
6024,群益期,55.8,55.9,55.8,-0.7,-1.24,738,44.6,-459,0,0,-459,166,501,-335,-0.45,-501,0,0,0,501,0,0.67,156,55,101,429,195,234,9.35,157.29,-61.84,-60.71,2638.3,1.76,41.08,4.11,6.22,0.24,153,24.99
6026,福邦證,15.55,15.6,15.6,0.3,1.96,1967,55.62,13,0,0,13,85,153,-68,-0.03,85,85,0,0,0,0.04,0,660,349,311,1233,1476,-243,9.18,276.97,2217.74,461.7,1579.33,0.07,89.16,0.47,8.72,3.8,3767,39.62
6028,公勝保經,79.2,80,80,0.4,0.5,15,6.67,0,0,0,0,0,0,0,0,0,0,0,0,0,0,0,0,0,0,15,15,0,12.5,532.11,-12.05,46.37,--,2.48,12.26,7.61,7.5,--,0,2.5
6101,寬魚國際,41.85,--,41.85,3.8,9.99,2082,94.29,25,0,-2,23,1877,1877,0,0,1877,1877,0,0,0,0.9,0,51,40,11,155,166,-11,60.65,83.35,-83.78,-37.78,1453.83,0.91,20.12,8.67,0,50.91,7385,11.47
6103,合邦,35,39.35,37.15,0.95,2.62,1,0,-1,0,0,-1,0,0,0,0,0,0,0,0,0,0,0,0,0,0,1,1,0,--,5.68,-32.66,9.59,91.26,-0.19,11.5,-1.72,0,0.55,14,1.36
6104,創惟,103,103.5,103,0,0,2370,42.46,584,0,-5,579,1405,1066,339,0.14,-230,0,836,559,507,0.35,0.44,273,488,-215,731,855,-124,22.49,362.53,0.62,-7.25,4027.24,1.34,44.52,5.66,4.37,24.09,5487,9.11
6108,競國,19.85,19.9,19.85,0.4,2.06,1682,42.49,207,0,8,215,0,0,0,0,0,0,0,0,0,0,0,87,301,-214,1601,1387,214,--,524.78,56.76,41.87,4374.28,-1.08,-5.79,-5.16,5.04,5.63,2175,15.45
6109,亞元,10.7,10.75,10.7,-0.25,-2.28,568,28.57,-63,0,0,-63,0,0,0,0,0,0,0,0,0,0,0,0,104,-104,571,467,104,--,76.6,9.13,18.61,837.41,-0.24,23.1,-2.73,0,--,46,8.78
6111,光聚晶電,45.8,45.9,45.85,-1.75,-3.68,708,32.23,-221,0,5,-216,29,126,-97,-0.13,-126,0,0,0,126,0,0.17,46,67,-21,645,527,118,--,1078.43,7.68,149.45,10026.26,-0.19,26.38,-0.07,0,8.82,2405,10.85
6112,邁達特,42.9,42.95,42.9,-0.15,-0.35,634,24.67,-219,0,-1,-220,35,37,-2,0,-37,0,0,0,37,0,0.06,20,156,-136,590,452,138,16.44,2193.06,-1.71,26.91,23597.2,0.17,13.87,0.8,3.85,11.04,3376,18.84
6113,亞矽,27.1,27.2,27.2,-0.4,-1.45,1050,35.67,-86,0,9,-77,0,0,0,0,0,0,0,0,0,0,0,148,42,106,911,1017,-106,--,78.01,-18.61,24.16,710.58,0.2,15.45,1.91,0,9.41,1236,5.25
6114,久威,31.2,31.3,31.25,0.7,2.29,89,43.24,2,0,0,2,0,0,0,0,0,0,0,0,0,0,0,0,0,0,90,90,0,74.4,82.88,19.71,-12.72,805.48,0.97,16.53,2.65,1.6,10.55,1158,4.39
6115,鎰勝,46.8,47,46.8,-0.15,-0.32,255,37.55,-38,0,6,-32,28,0,28,0.11,0,0,0,0,0,0,0,26,74,-48,205,185,20,16.48,738.56,2.26,15.42,7678.93,0.71,14.63,2.41,5.98,0.12,54,18.77
6116,彩晶,13,--,13,1.15,9.7,43521,100,456,0,1653,2109,28702,32142,-3440,-0.08,28702,28702,0,0,0,0.66,0,6891,4501,2390,8132,7082,1050,--,1034.59,-6.17,2.84,11581.25,-0.06,-0.89,-0.54,0,6.76,48284,285.87
6117,迎廣,91.8,91.9,91.9,3.4,3.84,2227,59.58,497,0,52,549,849,331,518,0.23,805,781,68,44,0,0.38,0.02,349,365,-16,1065,1566,-501,19.98,304.72,-15.3,6.25,3387.74,1.33,37.56,5.36,2.18,16.4,3794,9.26
6118,建達,18.9,19,18.9,-0.4,-2.07,1372,33.77,-286,0,0,-286,0,0,0,0,0,0,0,0,0,0,0,90,116,-26,1288,1262,26,57.27,732.01,-12.12,-18.35,10159.49,-0.04,4.8,-0.29,0,11.36,2581,9.09
6120,達運,15.1,15.15,15.15,0.45,3.06,11759,45.44,-125,93,323,291,4162,4930,-768,-0.06,3988,4162,0,174,0,0.35,0.01,1579,1762,-183,6084,5132,952,--,1339.84,-23.18,-24.3,16446.76,-0.15,3.57,-1.03,1.65,5.23,7832,59.9
6121,新普,385,385.5,385,5,1.32,702,52.36,224,-122,3,105,534,437,97,0.13,534,534,0,0,0,0.73,0,59,82,-23,140,214,-74,12.96,6908.84,0.62,4.4,82533.12,6.83,17.95,3.64,5.66,1.23,569,18.5
6122,擎邦,47.45,47.6,47.5,-0.05,-0.11,335,31.14,-19,0,0,-19,30,0,30,0.09,0,0,0,0,0,0,0,11,49,-38,300,292,8,10.33,287.38,-17.67,-15.34,4059.48,1.03,15.03,4.38,7.16,5.96,1164,7.81
6123,上奇,44.4,44.45,44.25,-0.25,-0.56,48,16.67,-2,0,0,-2,0,0,0,0,0,0,0,0,0,0,0,0,0,0,51,51,0,15.8,361.55,-5.25,-5.97,4899.04,0.7,13.38,3.09,8.14,1.87,291,6.21
6124,業強,29.75,30.1,29.8,0.2,0.68,74,61.64,20,0,0,20,0,0,0,0,0,0,0,0,0,0,0,0,0,0,78,78,0,--,197.91,-1.16,-5.46,1890.96,0.17,14.49,1.03,0,0.88,403,18.25
6125,廣運,65.4,--,65.4,5.9,9.92,8019,79.34,2726,0,223,2949,4907,2465,2442,0.3,4907,4890,17,0,0,0.6,0,1101,1534,-433,2117,4126,-2009,467.14,341.27,5.63,56.78,3648.3,0.16,25.09,-0.49,0.76,13.76,8913,25.9
6126,信音,36.15,36.2,36.2,0.2,0.56,2558,49.12,752,0,-18,734,619,170,449,0.17,480,142,477,70,69,0.24,0.05,345,343,2,1610,2061,-451,44.69,509.88,1.06,48.32,4487.56,0.35,20.74,1.57,1.66,9.55,3098,12.98
6127,九豪,52,52.1,52,-0.5,-0.95,16614,35.9,-1612,0,-18,-1630,5238,7974,-2736,-0.16,-2802,1509,1275,1871,3715,0.17,0.33,2805,2208,597,8673,6534,2139,--,87.53,-4.66,-9.6,968.97,-0.51,5.99,-4.66,0,19.29,5213,10.81
6128,上福,18.8,18.85,18.8,0,0,301,29.9,22,0,18,40,0,118,-118,-0.39,-118,0,0,60,58,0,0.39,0,0,0,302,184,118,--,422.68,-13.03,-13.28,5171.67,0.28,39.92,1.3,2.66,0.42,134,12.76
6129,普誠,15.8,15.85,15.8,-0.1,-0.63,839,27.04,-239,0,0,-239,0,0,0,0,0,0,0,0,0,0,0,43,97,-54,801,747,54,--,134.84,-6.21,28.76,1271.99,-0.17,33.71,-1.72,0,--,83,18.09
6130,上亞科技,22.05,22.25,22.25,0.25,1.14,279,72.04,13,0,0,13,109,106,3,0.01,-106,0,0,0,106,0,0.38,0,0,0,171,174,-3,--,14.76,3.35,-6.04,153.14,-0.31,34.85,-2.58,0,43.92,3843,4.63
6133,金橋,24.1,24.15,24.1,0,0,2816,37.84,278,0,-2,276,373,280,93,0.03,-54,0,226,152,128,0.08,0.1,387,338,49,2065,2208,-143,33.01,126.57,7.36,1.24,1438.72,0.13,23.97,0.93,4.15,11.16,3265,11.7
6134,萬旭,32.05,32.1,32.05,0.2,0.63,834,35.33,250,0,0,250,81,238,-157,-0.19,-157,0,81,116,122,0.1,0.28,126,123,3,631,477,154,86.62,215.56,16.02,45.85,2167.19,0.15,21.45,1.27,0.62,22.93,4408,8.19
6136,富爾特,25.6,25.65,25.6,-0.15,-0.58,409,36.14,-60,0,8,-52,0,0,0,0,0,0,0,0,0,0,0,56,0,56,357,413,-56,30.48,50.37,-20.65,26.78,685.45,-0.03,30.09,-0.2,4.53,10.47,3023,11.55
6138,茂達,350,--,350,31.5,9.89,2546,61.86,-274,55,30,-189,1594,1424,170,0.07,1446,1449,145,148,0,0.61,0.06,336,389,-53,685,801,-116,25.68,682.72,1.18,13.83,7769.85,3.68,38.39,7.47,3.14,11.64,2201,7.56
6139,亞翔,805,807,807,38,4.94,5678,51.57,-422,624,114,316,4192,4169,23,0,3565,3782,410,627,0,0.72,0.11,1551,1576,-25,103,103,0,22.4,8535.66,2.32,70.59,88463.47,9.45,18.73,10.53,2.85,11.35,6684,23.56
6140,訊達,19.9,19.95,19.9,-0.45,-2.21,136,38.52,-24,0,0,-24,0,0,0,0,0,0,0,0,0,0,0,0,0,0,142,142,0,--,145.78,-11.67,-37.71,2135.79,0.37,9.73,3.91,0,--,1312,5.49
6141,柏承,32.45,32.5,32.5,-1.5,-4.41,3432,47.4,61,0,16,77,651,987,-336,-0.1,-987,0,0,0,987,0,0.29,412,682,-270,2389,1782,607,--,195.71,0.17,19.58,1839.29,-0.58,6.96,-15.82,0,--,53,11.34
6142,友勁,8.12,8.16,8.12,-0.13,-1.58,918,34.44,-256,0,2,-254,0,0,0,0,0,0,0,0,0,0,0,0,0,0,926,926,0,--,137.17,-7.09,-22.98,1774.91,-0.18,6.48,-2.06,0,--,0,33.08
6143,振曜,99.3,99.4,99.3,1.2,1.22,1231,52.65,52,0,3,55,347,271,76,0.06,123,189,143,149,60,0.26,0.17,117,202,-85,789,780,9,14.82,730.87,-0.84,14.2,9017.47,1.41,21.74,4.09,6.04,27.43,5902,8.61
6144,得利影,14.65,14.9,14.85,-0.05,-0.34,12,25,-1,0,0,-1,0,0,0,0,0,0,0,0,0,0,0,0,0,0,12,12,0,--,13.2,0.16,-3.45,166.2,-0.22,39.91,-2.74,0,--,0,3.83
6146,耕興,220.5,221,221,2.5,1.14,489,42.65,110,0,-1,109,249,233,16,0.03,16,5,239,195,33,0.48,0.45,61,81,-20,196,193,3,20.29,410.11,0,9.64,4601.53,2.97,46.58,4.87,5.43,2.22,565,10.19
6147,頎邦,237,--,237,21.5,9.98,53369,78.75,9452,-765,704,9391,47107,42983,4124,0.08,45995,46344,763,1112,0,0.87,0.02,1934,3741,-1807,4861,7178,-2317,69.3,2185.38,7.41,24.15,22492.31,0.59,23.46,0.93,1.18,32,59576,74.46
6148,驊宏資,28.95,29.05,28.95,-0.1,-0.34,227,43.75,-15,0,0,-15,0,0,0,0,0,0,0,0,0,0,0,0,0,0,231,231,0,22.98,35.55,-41.4,-66.45,782.27,0.07,25.6,0.59,4.25,22.65,2639,4.66
6150,撼訊,68.8,68.9,68.8,-1.3,-1.85,906,32.7,23,0,8,31,70,268,-198,-0.22,-268,0,0,0,268,0,0.29,120,129,-9,724,517,207,17.03,235.23,-44.85,-68.97,6937.13,1.54,13.83,4.5,0.87,20.27,2450,4.83
6151,晉倫,48.8,48.85,48.8,-1,-2.01,2296,31.6,-569,0,10,-559,80,421,-341,-0.15,-321,0,28,63,286,0.01,0.15,348,299,49,1886,1594,292,31.48,203.57,25.35,28.35,1757.03,0.72,24.78,4.07,3.07,12.7,1754,5.53
6152,百一,15.65,15.7,15.65,-0.45,-2.8,2816,26.63,-410,0,7,-403,0,465,-465,-0.16,-465,0,0,0,465,0,0.16,173,401,-228,2665,1972,693,--,253.91,84.65,116.93,1662.74,-0.22,20.48,-2.94,0,--,0,16.77
6153,嘉聯益,19.1,19.15,19.1,-0.25,-1.29,6559,43.4,35,0,-47,-12,1085,1359,-274,-0.04,-351,300,421,202,870,0.11,0.16,1073,1377,-304,4430,3852,578,--,451.87,6.44,-14.43,5273.15,-0.56,-8.7,-4.03,0,6.41,8778,63.62
6154,順發,13.45,13.5,13.55,-0.05,-0.37,244,49.78,-2,0,0,-2,0,0,0,0,0,0,0,0,0,0,0,0,0,0,248,248,0,16.33,300.73,-13.59,0.08,3983.23,0.48,19.39,2.98,3.76,1.84,368,8.01
6155,鈞寶,61.1,61.2,61.2,0,0,10996,43.76,-392,0,-1,-393,3836,4220,-384,-0.03,1377,2269,942,1390,444,0.29,0.17,1749,2041,-292,5504,4827,677,122.4,67.09,3.68,15.38,648.74,0.18,26.78,0.99,1.31,20.69,4552,8.8
6156,松上,19.65,19.7,19.65,0.4,2.08,764,44.23,-117,0,0,-117,64,60,4,0.01,64,64,0,0,0,0.08,0,58,90,-32,645,617,28,--,505.44,1.78,14.94,5017.62,-0.09,15.76,0.48,1.02,22.62,5196,10.79
6158,禾昌,18,18.05,18.05,0,0,112,37.5,8,0,0,8,0,0,0,0,0,0,0,0,0,0,0,0,0,0,113,113,0,--,159.08,-3.12,-8.6,1774.82,-1.11,8.86,-5.38,0,7.56,1053,5.57
6160,欣技,16.25,16.3,16.3,-0.05,-0.31,160,45.14,9,0,0,9,0,0,0,0,0,0,0,0,0,0,0,0,0,0,163,163,0,--,101.93,-10.75,7.24,1193.04,-0.29,34.9,-3.15,0,--,656,6.85
6161,捷波,59.1,--,59.1,5.3,9.85,2362,70.91,37,0,2,39,736,213,523,0.22,638,666,0,0,28,0.28,0.01,418,421,-3,1239,1759,-520,19.83,133.44,-5.52,18.39,1476.17,0.83,35.98,3.52,3.72,8.72,1226,5.62
6163,華電網,51.8,51.9,51.8,-1.4,-2.63,4819,31.8,109,0,67,176,1161,2497,-1336,-0.28,-1637,359,106,164,1938,0.1,0.44,742,936,-194,2964,1434,1530,90.88,334.25,-55,-18.59,6607,0.02,15.75,0.03,1.12,63.62,23607,14.84
6164,華興,12.55,12.6,12.55,-0.05,-0.4,692,44.51,-16,0,-7,-23,0,0,0,0,0,0,0,0,0,0,0,0,0,0,703,703,0,627.5,86.69,34.25,6.81,712.94,0.05,30.28,0.43,0,20.56,4112,8
6165,浪凡,48.35,48.45,48.35,-1.1,-2.22,835,25.06,-245,0,2,-243,0,59,-59,-0.07,-59,0,0,0,59,0,0.07,88,194,-106,751,586,165,12.27,263.78,0.52,4.52,3284.56,1.09,29.91,5.59,10.34,45.84,8910,7.78
6166,凌華,126,126.5,126.5,-0.5,-0.39,3350,42.56,36,0,-13,23,1786,2060,-274,-0.08,-674,329,585,661,927,0.27,0.46,435,391,44,1202,972,230,35.04,1510.76,5.64,63.16,13154.72,1.57,37.55,5.95,0.95,7.64,3878,21.78
6167,久正,12.95,--,12.95,1.15,9.75,951,99.51,452,0,13,465,732,0,732,0.76,732,732,0,0,0,0.76,0,0,145,-145,232,819,-587,--,82.76,-25.86,-24.31,1248.74,-0.06,6.74,-0.5,0,8.73,3187,14.6
6168,宏齊,30.9,30.95,30.9,0.1,0.32,23989,36.53,-3142,0,30,-3112,4707,10156,-5449,-0.23,449,2669,2037,4257,0,0.2,0.18,3826,4042,-216,15518,9853,5665,441.43,192.68,10.36,10.1,2123,0.02,23.72,0.22,0,8.64,4442,20.58
6169,昱泉,14.25,14.3,14.3,-0.45,-3.05,16,25,1,0,0,1,0,0,0,0,0,0,0,0,0,0,0,0,0,0,17,17,0,--,0.03,-57.69,-98.99,14.06,-0.68,-548.37,-6.97,0,--,130,2.34
6170,統振,50.2,50.3,50.2,-0.2,-0.4,364,15.97,-142,0,0,-142,49,95,-46,-0.13,-95,0,0,0,95,0,0.26,58,117,-59,261,156,105,10.94,257.21,-8.92,-1.48,3189.15,1.09,31.12,5.31,7.97,11.28,2460,9.73
6171,大城地產,23.35,23.55,23.35,-0.65,-2.71,61,40.98,-5,0,0,-5,0,0,0,0,0,0,0,0,0,0,0,0,0,0,63,63,0,6.03,69.92,211785,211785,1265.45,0.08,49.23,0.32,8.57,1.1,275,10
6173,信昌電,211.5,--,211.5,19,9.87,685,100,181,0,18,199,563,524,39,0.06,563,563,0,0,0,0.84,0,30,25,5,126,170,-44,56.7,419.11,13.04,20.36,4198.85,1.19,28.35,2.28,0.85,21.84,9390,17.12
6174,安碁,47.5,47.8,47.5,0.75,1.6,8242,54.57,-420,0,5,-415,1727,2301,-574,-0.07,944,1340,388,784,0,0.21,0.09,1107,1391,-284,5459,4602,857,65.97,69.08,13.46,35.12,648.97,0.33,34.22,2.5,0.72,11.47,1434,5
6175,立敦,94.1,94.2,94.2,5.9,6.68,13167,50.74,-519,0,70,-449,5087,5802,-715,-0.05,4539,4826,261,548,0,0.38,0.04,1866,2131,-265,6354,5375,979,35.15,458.21,8.99,15.86,4276.08,0.74,22.07,2.84,1.59,12.81,4807,15.01
6176,瑞儀,107,107.5,107.5,0,0,6860,43.23,-1955,-128,-99,-2182,4931,5145,-214,-0.03,-4237,145,626,678,4330,0.11,0.72,616,592,24,1403,1214,189,11.44,3705.98,-5.84,-8.5,48456.26,2.29,22.39,2.92,3.26,5,5816,46.5
6177,達麗,42.65,42.7,42.65,-1.6,-3.62,3808,19.84,-807,-700,23,-1484,449,1848,-1399,-0.36,-1848,0,0,0,1848,0,0.48,441,813,-372,2974,1203,1771,5.7,529.48,3.76,264.83,14172.14,3.53,50.06,13.8,7.03,2.67,3151,47.19
6179,亞通,24.8,24.85,24.85,-0.9,-3.5,2642,30.49,-410,0,105,-305,87,643,-556,-0.21,-643,0,0,0,643,0,0.24,479,446,33,2085,1562,523,130.79,545.14,-17.5,69.36,4884.34,0.27,8.75,0.94,2.01,48.2,19862,17.73
6180,橘子,39.05,39.1,39.05,-0.4,-1.01,1098,43.02,-54,0,0,-54,262,441,-179,-0.16,-441,0,0,0,441,0,0.4,125,137,-12,722,531,191,--,659,2.11,-15.72,8483.72,0.63,30.88,2.56,2.56,4.16,1825,17.55
6182,合晶,76.8,--,76.8,6.9,9.87,12442,100,486,0,608,1094,11238,8727,2511,0.31,11238,11238,0,0,0,1.37,0,597,1942,-1345,784,1949,-1165,1920,865.03,-2.64,3,9991.04,0,19.03,0.08,0,37.7,54072,59.36
6183,關貿,91.3,91.5,91.4,-0.2,-0.22,25,33.33,1,0,5,6,0,0,0,0,0,0,0,0,0,0,0,0,6,-6,27,21,6,22.57,217.24,-7.58,12.32,2817.04,1.07,45.16,5.5,3.88,0.03,13,15
6184,大豐電,45.9,46,46,-0.15,-0.33,102,26.47,-14,0,0,-14,0,22,-22,-0.21,-22,0,0,0,22,0,0.21,15,11,4,90,72,18,20.18,186.92,-0.25,6.07,2181.61,0.71,54.22,2.37,6.52,1.2,485,16.21
6185,幃翔,14.05,14.1,14.1,-0.05,-0.35,332,15.53,-113,0,0,-113,0,0,0,0,0,0,0,0,0,0,0,0,124,-124,340,216,124,235,68.19,33.28,18.23,565.62,-0.14,11.96,-0.99,2.77,3.07,1149,14.99
6186,新潤,39.3,39.35,39.3,-0.7,-1.75,1203,26.6,-509,0,0,-509,40,183,-143,-0.12,-183,0,0,0,183,0,0.15,204,238,-34,979,802,177,4.88,316.86,-90.52,-84.1,8871.01,2.09,22.96,7.65,12.75,2.56,1249,19.49
6187,萬潤,1205,1210,1210,70,6.14,2692,59.49,-401,481,-16,64,2786,2757,29,0.01,2617,2617,169,169,0,0.98,0.06,11,13,-2,51,78,-27,80.56,613.35,15.5,26.14,5669.4,3.37,51.78,4.41,0.97,8.3,2038,9.82
6188,廣明,86.2,86.3,86.3,-0.1,-0.12,3288,49.34,805,-728,21,98,1554,1738,-184,-0.06,-905,20,813,824,914,0.25,0.52,400,532,-132,1374,1058,316,27.84,581.27,-27.5,-22.89,9149.07,0.45,24.53,1,3.71,12.46,8669,27.84
6189,豐藝,51.6,51.7,51.6,-0.1,-0.19,1755,35.58,-442,-12,5,-449,337,544,-207,-0.12,-368,0,152,163,357,0.08,0.29,337,375,-38,1125,880,245,19.62,2650.55,-5.17,-5.78,29063.96,1,9.16,4.33,5.23,3.51,2314,26.46
6190,萬泰科,79.8,79.9,79.8,-0.2,-0.25,9651,40.39,-574,0,-110,-684,3156,4640,-1484,-0.15,-2644,105,1778,2481,2046,0.19,0.46,1752,1590,162,4856,3533,1323,44.09,1017.39,9.26,39.66,9146.1,0.43,15.21,2.21,2.51,17.88,8389,18.77
6191,精成科,97.9,98,98,1.2,1.24,5657,45.74,-16,90,54,128,2581,2607,-26,0,110,248,2333,2471,0,0.45,0.43,849,1004,-155,2307,2126,181,15.26,3207.1,-4.69,1.78,37944.82,1.59,16.47,2.95,2.65,18.82,23493,49.93
6192,巨路,131,132,131,-1,-0.76,413,34.22,92,0,15,107,132,192,-60,-0.14,-109,45,0,0,154,0.11,0.37,128,86,42,161,143,18,13.41,871.2,21.13,33.19,7563.1,2.63,34.02,3.42,4.43,3.68,885,9.62
6194,育富,35,35.15,35.05,1.1,3.24,476,49.88,39,0,0,39,0,0,0,0,0,0,0,0,0,0,0,94,50,44,384,428,-44,22.76,91.24,6.52,-34.88,1234.12,0.33,12.43,0.79,4.28,14.31,1717,4.8
6195,詩肯,25.7,25.85,25.75,-0.85,-3.2,146,15.07,17,0,0,17,0,0,0,0,0,0,0,0,0,0,0,40,27,13,115,128,-13,14.39,165.17,-5.18,-3.51,2313.97,1.5,58.04,5.74,3.88,0.36,45,5.02
6196,帆宣,486,--,486,44,9.95,1707,92.51,426,0,46,472,1501,1286,215,0.12,1484,1486,15,17,0,0.84,0.01,87,226,-139,202,278,-76,30.96,6629.81,22.06,46.34,54714.57,5.08,13.57,6.55,1.34,3.74,2060,22.03
6197,佳必琪,273.5,274,274,18,7.03,7615,48.64,-1044,0,-37,-1081,4361,4887,-526,-0.07,2183,2400,1961,2178,0,0.56,0.28,1395,1261,134,2064,1672,392,26.73,807.36,12.35,5.26,7979.58,3.21,35.77,8.13,2.55,17.73,5411,12.21
6198,瑞築,21.4,21.75,21.5,-0.35,-1.6,11,18.18,1,0,0,1,0,0,0,0,0,0,0,0,0,0,0,0,0,0,12,12,0,--,0.02,0,0,0.26,-0.1,74.24,-0.38,0,--,0,17.14
6199,天品,98.4,98.8,98.6,-0.7,-0.7,564,69.6,-43,0,-14,-57,314,286,28,0.05,-244,0,42,39,247,0.07,0.5,70,81,-11,183,200,-17,57.66,61.92,-65.77,516.94,570.51,1.22,54.29,7.92,0,24.68,3810,6.18
6201,亞弘電,47.85,48.05,48,1,2.13,133,75.94,60,0,3,63,0,0,0,0,0,0,0,0,0,0,0,0,12,-12,135,123,12,14.59,248.95,-15.65,-13.53,3185.39,0.64,23.47,2.12,6.46,0.14,31,8.92
6202,盛群,61,61.1,61.1,0.3,0.49,7159,50.47,269,146,18,433,2876,2717,159,0.02,523,683,2151,2180,131,0.39,0.32,1092,1203,-111,3262,3310,-48,91.19,318.6,-0.05,6.88,3142.87,0.3,40.01,1.76,1.11,6.46,3655,23.04
6203,海韻電,72.5,72.6,72.6,0.3,0.41,579,42.12,-74,53,1,-20,39,94,-55,-0.09,20,39,0,0,19,0.07,0.03,177,120,57,373,375,-2,14.38,179.46,38.24,-28.56,2573.24,1.37,31.3,3.56,5.51,3.61,743,8.24
6204,艾華,90.1,90.2,90.1,0.1,0.11,1026,40.11,-177,0,0,-177,80,172,-92,-0.09,-22,32,48,102,0,0.08,0.1,130,206,-76,824,656,168,91.94,41.18,32.43,7.09,385.3,0.1,34.74,0.62,0.55,14.23,822,2.31
6205,詮欣,86.5,86.6,86.5,1.6,1.88,6611,44.45,-583,0,7,-576,1716,2485,-769,-0.12,372,1375,123,383,743,0.22,0.17,1242,1179,63,3711,3005,706,52.42,105.07,4.89,-20.42,1261.96,0.38,39.32,1.21,1.73,35.38,7273,8.22
6206,飛捷,144,144.5,144,4,2.86,3188,59.99,616,-5,136,747,1946,1418,528,0.16,1787,1819,119,143,8,0.6,0.05,447,525,-78,868,1318,-450,20.2,640.93,18.17,44.47,5379.1,2.51,45.63,6.52,3.82,7.01,2507,14.31
6207,雷科,98.8,--,98.8,8.9,9.9,9982,82.71,3056,0,-14,3042,7257,4846,2411,0.24,7257,7257,0,0,0,0.73,0,771,1779,-1008,2056,3459,-1403,156.83,126.66,-19.57,3.6,1111.84,0.06,32.04,0.24,0.71,43.91,8756,7.98
6208,日揚,99.9,100,100,1,1.01,1835,46.15,-106,0,0,-106,664,571,93,0.05,664,664,0,0,0,0.36,0,299,426,-127,900,866,34,26.32,286.83,7.13,1.87,3668.79,1.9,33.59,4.94,2,7.06,1667,9.45
6209,今國光,86.2,86.3,86.2,0.4,0.47,24138,41.32,-2304,0,-75,-2379,9479,12497,-3018,-0.12,1193,4127,5352,8286,0,0.39,0.34,4515,4047,468,10314,7783,2531,49.83,414.77,-5.27,66.88,4193.84,0.81,30.93,4.37,0.58,37.17,16782,18.06
6210,慶生,21.15,21.45,21.45,0.4,1.9,44,50,-2,0,0,-2,0,0,0,0,0,0,0,0,0,0,0,0,0,0,44,44,0,--,32.04,-30.18,19.29,367.13,-0.41,-1.53,-4.07,0,--,55,3.5
6212,理銘,27.4,27.7,--,--,--,0,--,0,0,0,0,0,0,0,--,0,0,0,0,0,--,--,0,0,0,0,0,0,13.27,96.87,-5.04,-21.11,1028.86,0.4,37.57,1.08,0,0.05,12,10.2
6213,聯茂,267,267.5,267,5,1.91,14948,44.69,-2506,0,132,-2374,9856,10537,-681,-0.04,3791,4714,5142,6065,0,0.64,0.39,2887,2502,385,2651,2361,290,65.28,3513.47,4.27,13.78,35086.81,0.87,11.42,1.48,1.12,15.89,14445,36.36
6214,精誠,129,129.5,129,-1,-0.77,1546,32.96,-191,0,6,-185,537,836,-299,-0.19,-538,115,72,125,600,0.12,0.46,306,222,84,741,526,215,13.52,4197.64,-9.28,28.33,47029.45,2.64,20.4,3.97,4.65,2.54,1732,27.22
6215,和椿,134.5,135,135,0.5,0.37,8372,48.99,-869,0,-41,-910,4267,5097,-830,-0.1,-648,1097,1989,2205,1529,0.36,0.44,1461,1205,256,2773,2200,573,47.37,332.54,6.96,86.85,2936.92,1.14,29.92,5.84,0.74,30.89,6393,8.28
6216,居易,22.3,22.35,22.35,-0.35,-1.54,363,40,-57,0,1,-56,0,0,0,0,0,0,0,0,0,0,0,0,0,0,367,367,0,372.5,51.52,11.77,-42.07,652.8,-0.12,42.08,-0.69,4.61,2.68,653,9.73
6217,中探針,285.5,286,285.5,13.5,4.96,1960,58.44,125,0,-66,59,1289,1222,67,0.03,1011,1059,230,278,0,0.62,0.13,285,388,-103,548,513,35,--,358.88,0.06,22.24,4052.67,0.11,23.3,0.47,0,59.75,17509,11.72
6218,豪勉,40.2,40.35,40.3,0.3,0.75,1761,33.97,-222,0,0,-222,202,149,53,0.03,130,63,139,40,32,0.11,0.04,78,278,-200,1499,1352,147,--,109.24,-1.71,98.95,1420.81,0.35,19.59,2.6,0,14.57,2340,6.43
6219,富旺,11.65,11.7,11.7,-0.5,-4.1,1223,27.18,-662,0,0,-662,0,0,0,0,0,0,0,0,0,0,0,234,317,-83,1001,918,83,14.81,63.5,-77.01,21424.4,3975.36,0.74,24.63,4.51,0,23.5,7342,12.5
6220,岳豐,30.9,30.95,30.95,0.25,0.81,484,62.55,112,0,2,114,0,37,-37,-0.08,0,0,0,0,0,0,0,144,57,87,343,393,-50,39.18,824.6,34.04,12.1,8251.49,-0.32,28.03,-1.47,2.26,6.24,2283,14.65
6221,晉泰,23.05,23.2,23.05,-0.15,-0.65,220,52.09,3,0,0,3,45,45,0,0,-45,0,0,0,45,0,0.2,0,0,0,180,180,0,10.87,278.25,-14.91,-42.12,4662.78,0.35,18.85,1.91,5.21,17.68,7453,16.86
6222,立軒,21.5,21.95,21.5,0.9,4.37,81,60.49,5,0,0,5,0,0,0,0,0,0,0,0,0,0,0,0,0,0,81,81,0,--,0.25,-56.11,6.44,2.6,-0.06,23.46,-0.47,0,0.85,36,9.57
6223,旺矽,6195,6200,6200,165,2.73,825,42.68,44,30,4,78,859,848,11,0.01,659,660,199,200,0,0.97,0.23,9,15,-6,20,25,-5,165.07,1485.96,7.02,52.6,14992.82,12.53,59.45,8.09,0.35,4.5,1102,9.8
6224,聚鼎,84.5,84.6,84.6,-1.5,-1.74,3816,39.71,-39,0,4,-35,468,746,-278,-0.07,-437,129,70,170,466,0.05,0.17,700,989,-289,2680,2113,567,98.37,269.5,3.55,-4.84,2834.77,0.64,32.32,2.28,1.48,11.99,2567,8.56
6225,天瀚,25.5,--,25,0,0,24,62.5,0,0,0,0,0,0,0,0,0,0,0,0,0,0,0,0,0,0,25,25,0,--,1.41,-50.11,-80.36,45.49,-0.11,13.26,-3.62,0,--,0,2.78
6226,光鼎,13.95,14,14,0.85,6.46,6697,55.75,-292,0,-4,-296,656,930,-274,-0.04,-85,0,656,741,0,0.1,0.11,765,483,282,5302,5310,-8,--,64.02,15.33,17.33,612.77,0.01,30.15,0.1,0,1.12,323,11.55
6227,茂綸,130.5,131,131,3,2.34,3076,41.91,-732,0,-10,-742,1111,1796,-685,-0.22,-574,106,926,1453,153,0.33,0.52,512,487,25,1501,842,659,15.02,2612.3,30.49,18.34,19297.43,3,10.48,7.76,3.44,12.24,2329,7.61
6228,全譜,21.15,21.8,21.05,-0.8,-3.66,30,3.33,0,0,0,0,0,0,0,0,0,0,0,0,0,0,0,0,0,0,30,30,0,--,2.91,-53.4,101.31,48.3,-0.07,38.99,-0.73,0,--,66,2.6
6229,研通,27.6,27.7,27.6,0.05,0.18,324,53.5,-7,0,0,-7,0,0,0,0,0,0,0,0,0,0,0,20,40,-20,306,286,20,306.67,318.15,-4.64,57.36,2468.31,0.14,9.07,0.8,2.17,14.78,1317,4.04
6230,尼得科超眾,141,142.5,141.5,3,2.17,143,45.19,-3,0,1,-2,0,29,-29,-0.2,0,0,0,0,0,0,0,44,38,6,104,81,23,--,828.41,-1.35,11.99,9348.4,-0.91,17.82,-1.36,0,2.71,585,8.63
6231,系微,297.5,298,297.5,4,1.36,704,38.64,-20,0,35,15,263,268,-5,-0.01,258,263,0,5,0,0.36,0.01,175,162,13,295,303,-8,44.67,124.11,-40.75,14.51,1737.08,1.7,76.46,7.19,1.92,30.7,3504,4.57
6233,旺玖,26.6,26.65,26.6,0.05,0.19,438,40.51,-14,0,0,-14,0,46,-46,-0.1,-46,0,0,0,46,0,0.1,20,20,0,420,374,46,--,34.81,5.33,-8.76,377.2,-0.03,43.38,-0.19,2.82,19.07,3863,8.1
6234,高僑,50.3,50.4,50.3,1.3,2.65,4549,43.22,-1014,0,-6,-1020,586,1025,-439,-0.1,562,586,0,0,24,0.13,0.01,736,814,-78,3271,2754,517,558.89,40.84,-17.7,1.86,515.97,0.23,7.18,0.84,0.5,17.27,4335,10.04
6235,華孚,41.3,41.4,41.3,-0.6,-1.43,1157,33.86,-47,0,-7,-54,146,129,17,0.01,-8,60,0,0,68,0.05,0.06,201,215,-14,824,827,-3,15.95,518.33,-5.74,-13.39,6720.86,0.3,24.43,1.22,2.91,9.13,4565,19.99
6236,中湛,--,20.15,--,--,--,0,--,0,0,0,0,0,0,0,--,0,0,0,0,0,--,--,0,0,0,0,0,0,2000,2.54,-15.47,-19.36,31.42,0,82.95,0.06,0,--,0,4.17
6237,驊訊,54.6,54.7,54.6,-0.2,-0.36,3684,39.02,-240,0,21,-219,436,393,43,0.01,273,313,0,0,40,0.08,0.01,652,817,-165,2631,2509,122,--,84.31,78.39,116.12,574.19,-0.24,40.46,-1.26,0.18,21.63,4306,7.96
6239,力成,311,--,311,28,9.89,3279,100,-551,-965,51,-1465,3371,2955,416,0.12,3371,3371,0,0,0,0.98,0,31,270,-239,31,207,-176,38.07,7575.24,2.76,32.49,82607.3,2.5,19.44,3.29,1.45,11.44,21708,75.91
6240,松崗,17.55,17.75,17.55,-0.1,-0.57,17,58.82,0,0,0,0,0,0,0,0,0,0,0,0,0,0,0,0,0,0,17,17,0,--,4.03,-1.85,24.71,53.29,-0.43,58.22,-2.47,0,10.85,620,2.29
6241,鑫永洋,10.55,10.6,10.6,-0.05,-0.47,182,52.07,25,0,0,25,0,0,0,0,0,0,0,0,0,0,0,0,0,0,185,185,0,42.4,55.94,-13.3,-9.17,645.75,0.46,18.4,6.1,0,--,0,4.87
6242,立康,37.7,38.35,38.4,0.9,2.4,37,38.24,0,0,0,0,0,0,0,0,0,0,0,0,0,0,0,0,0,0,39,39,0,15.74,54.12,1.13,-4.15,573.63,0.33,67.02,1.21,5.21,--,0,3.18
6243,迅杰,35.85,35.9,35.9,-0.4,-1.1,746,41.48,6,0,12,18,76,32,44,0.06,-32,0,0,0,32,0,0.04,42,81,-39,635,640,-5,--,27.29,-20.93,-59.19,512.96,-0.03,59.76,-0.19,0,15.62,1768,4.53
6244,茂迪,30.6,30.65,30.65,1.25,4.25,14603,62.27,2238,0,479,2717,5908,3608,2300,0.16,4754,5273,575,893,201,0.4,0.07,1852,2164,-312,6928,8916,-1988,340.56,308.45,9.74,19.34,3080.64,0.12,16.7,1.01,0.46,14.46,13994,38.7
6245,立端,89.7,89.8,89.8,1.8,2.05,3036,50.93,57,0,98,155,745,832,-87,-0.03,728,728,17,17,0,0.24,0.01,677,620,57,1664,1634,30,22.12,700.46,-3.02,31.46,7192.45,0.75,33.01,1.75,4.23,9.04,3315,14.66
6246,臺龍,16,16.1,16.1,0.1,0.63,82,36.84,-14,0,0,-14,0,0,0,0,0,0,0,0,0,0,0,0,0,0,83,83,0,18.94,133.81,47.01,-10.87,1500.38,-0.68,7.5,-6.1,0,13.52,507,3.79
6248,沛波,19.15,19.2,19.2,0.95,5.21,244,59.09,23,0,0,23,0,0,0,0,0,0,0,0,0,0,0,0,0,0,249,249,0,14.33,502.65,-6.21,-32.67,7008.3,0.28,5.85,1.23,6.09,2.93,732,10
6257,矽格,231.5,232,231.5,9.5,4.28,10216,46.68,1780,-909,-273,598,7477,6457,1020,0.1,7420,7469,8,57,0,0.72,0.01,647,985,-338,2298,2978,-680,34.97,1945.73,4.73,24.54,20579.51,2.1,31.66,4.54,1.81,8.36,10117,48.39
6259,百徽,27,27.05,27.05,1.85,7.34,1044,48.8,-7,0,2,-5,0,0,0,0,0,0,0,0,0,0,0,38,19,19,1013,1032,-19,32.99,58.01,-17.29,19.6,524.26,0.43,22.43,3.02,1.29,11.78,490,2.81
6261,久元,120.5,121,121,-3,-2.42,8351,39.5,-2039,0,25,-2014,3594,5849,-2255,-0.27,-4787,275,402,792,4672,0.08,0.65,1332,707,625,3539,1910,1629,29.09,331.22,-13.96,0.18,4254.2,0.85,31.17,1.51,2.07,21.18,6804,12.85
6263,普萊德,183.5,184,184,2,1.1,231,40.1,1,0,4,5,40,39,1,0,20,21,19,20,0,0.18,0.09,54,60,-6,148,143,5,22.12,187.65,7.03,13.4,1896.75,2.1,48.21,7.2,4.24,3.72,582,6.25
6264,富裔,5.85,6.05,6.04,0.01,0.17,194,48.69,1,0,0,1,0,0,0,0,0,0,0,0,0,0,0,0,0,0,194,194,0,--,20.41,316.26,539.45,119.77,-0.22,-12.69,-3.58,0,--,0,13.64
6265,方土昶,52.9,--,52.9,4.8,9.98,19523,58.1,965,0,45,1010,8112,7910,202,0.01,4753,5945,2167,3359,0,0.41,0.17,3148,3232,-84,8368,8486,-118,21.59,496.26,26.68,885.82,1986.34,1.67,35.98,12.87,0,26.39,7796,11.82
6266,泰詠,27.4,27.45,27.45,0.4,1.48,344,59.01,-8,0,0,-8,0,0,0,0,0,0,0,0,0,0,0,35,70,-35,322,287,35,15.17,272.65,5.4,-9.22,3335.72,0.39,16.25,2.41,6.48,2.87,1105,15.39
6269,台郡,64.6,64.8,64.7,2.3,3.69,4749,53.22,1079,0,189,1268,1965,1108,857,0.18,1965,1965,0,0,0,0.41,0,809,1000,-191,2055,2720,-665,--,1982.51,1.72,0.46,22654.91,-2.6,-1.38,-3.59,0,7.49,6061,32.38
6270,倍微,27.4,27.45,27.45,-0.2,-0.72,525,28.8,43,0,0,43,37,37,0,0,0,0,37,37,0,0.07,0.07,55,49,6,438,444,-6,24.73,288.65,5.75,15.56,2781.84,0.24,9.76,0.71,3.64,12.13,2188,7.21
6271,同欣電,243,243.5,243.5,17,7.51,30533,57.28,-1525,0,-16,-1541,22291,23924,-1633,-0.05,19258,19995,2296,3033,0,0.72,0.1,2522,2285,237,6211,4844,1367,36.13,1035.21,4.01,0.92,11463.49,1.89,27.97,1.48,1.23,17.56,9179,20.91
6272,驊陞,33,33.3,33,-0.65,-1.93,492,24.74,-272,0,-8,-280,34,0,34,0.07,0,0,0,0,0,0,0,85,92,-7,377,404,-27,13.64,316.5,43.43,-25.22,3694.64,0.13,21.01,0.52,6.06,--,0,8.18
6274,台燿,1600,--,1600,145,9.97,1400,99.43,190,39,53,282,1485,1451,34,0.02,1474,1474,11,11,0,1.07,0.01,0,7,-7,1,27,-26,115.61,4610.17,21.91,97.97,36312.76,4.36,25.15,6.87,0.47,13.98,10181,29.14
6275,元山,48.05,48.1,48.1,-0.5,-1.03,807,35.99,-143,0,0,-143,109,26,83,0.1,-26,0,0,0,26,0,0.03,11,184,-173,698,608,90,17.49,349.06,-13.39,-21.3,4327.11,0.48,17.6,2.27,4.16,12,2407,8.02
6276,安鈦克,27.15,28.25,27.15,-2.15,-7.34,166,16.87,-23,0,0,-23,0,0,0,0,0,0,0,0,0,0,0,0,23,-23,172,149,23,--,57.24,1.36,-60.37,1187.26,-0.9,21.31,-8.99,0,--,417,2.2
6277,宏正,75.7,76,75.7,1.2,1.61,572,56.91,134,0,2,136,98,59,39,0.07,98,98,0,0,0,0.17,0,93,80,13,391,443,-52,23.29,439.79,-1.27,12.52,5057.69,1.08,60.23,2.74,4.62,1.47,439,11.95
6278,台表科,238,238.5,238,-7,-2.86,28151,45.52,-5126,5,-62,-5183,17661,22395,-4734,-0.16,-12783,614,8153,10042,11508,0.31,0.75,3796,2109,1687,7272,4237,3035,27.48,4505.78,6.91,3.91,50187.75,2.17,11.31,2.78,2.31,19.82,14485,29.24
6279,胡連,119,119.5,119,-1,-0.83,1026,33.56,-314,-5,15,-304,277,498,-221,-0.21,-489,0,0,0,489,0,0.46,151,178,-27,629,381,248,12.71,863,32.29,11.56,9708.67,1.6,26.65,2.09,4.62,11.88,3536,11.9
6281,全國電,50.2,50.3,50.3,-0.4,-0.79,200,20.5,-130,0,2,-128,60,38,22,0.11,-38,0,0,0,38,0,0.19,20,30,-10,124,136,-12,13.49,1677.75,19.62,1.59,18855.23,1.13,21.25,4.02,6.56,0.53,131,9.92
6282,康舒,63.1,--,63.1,5.7,9.93,83211,66.63,7423,0,1980,9403,56887,48634,8253,0.1,50270,52428,4459,6617,0,0.68,0.08,8462,12533,-4071,18635,22818,-4183,126.2,3152.13,0.19,34.61,33999.57,0.27,24.39,1.01,1.27,15.74,33688,85.6
6283,淳安,24.9,24.95,24.9,0.3,1.22,592,48.31,173,0,2,175,0,0,0,0,0,0,0,0,0,0,0,97,104,-7,498,491,7,--,158.62,-21.41,24.89,1801.86,-0.07,10.61,-0.54,0,12.58,2595,14.9
6284,佳邦,112.5,--,112.5,10,9.76,2757,100,-205,0,403,198,2641,2034,607,0.22,2641,2641,0,0,0,0.94,0,70,232,-162,86,530,-444,36.53,626.53,11.27,-10.65,7356.29,0.51,19.98,0.94,1.69,17.94,6683,14.9
6285,啟碁,298,298.5,298,2,0.68,34533,37.97,-4242,-1589,-107,-5938,23864,26728,-2864,-0.08,13082,14133,9732,10783,0,0.68,0.31,5916,4385,1531,5504,4173,1331,43.95,11401.01,5.11,15.65,112582.88,2.36,13.76,3.27,1.44,15.06,18208,48.37
6290,良維,302,302.5,302,24,8.63,11028,66.1,1412,0,356,1768,8460,6913,1547,0.14,8176,8186,274,284,0,0.75,0.03,1273,1956,-683,1535,2399,-864,35.24,911.96,-0.9,3.68,10455.77,2.68,31.19,5.69,2.05,41.16,17440,16.95
6291,沛亨,534,535,534,-7,-1.29,2633,35.94,-152,1,3,-148,1662,1994,-332,-0.12,-223,654,381,459,799,0.38,0.46,990,674,316,68,53,15,62.38,239.82,-3.48,42.11,2418.44,3,37.5,8.84,1.12,23.39,2456,4.2
6292,迅德,57.8,57.9,57.9,3.7,6.83,675,66.27,113,0,0,113,43,0,43,0.06,43,43,0,0,0,0.06,0,102,78,24,540,607,-67,24.43,100.62,-6.65,27.62,1079.16,0.73,33.16,3.12,3.11,3.17,369,4.66
6294,智基,28.3,28.35,28.3,0,0,64,51.61,5,0,0,5,0,0,0,0,0,0,0,0,0,0,0,0,0,0,67,67,0,10.76,81.84,3.98,-15.23,922.66,-0.07,31.93,-0.34,10.6,1.24,81,2.6
6405,悅城,69,--,69,6.2,9.87,1662,100,-48,0,-92,-140,1173,1142,31,0.02,1173,1173,0,0,0,0.72,0,143,158,-15,361,377,-16,--,0,-100,-100,0.53,-0.26,-12166.23,-0.63,0,39.04,6422,6.58
6409,旭隼,714,716,715,38,5.61,955,49.95,105,-4,30,131,698,648,50,0.05,669,675,23,29,0,0.7,0.03,259,312,-53,35,32,3,20.48,1764.49,24.85,-12.87,19470.58,4.46,26.1,3.94,5.17,9.05,1985,8.83
6411,晶焱,95.8,96,96,1.1,1.16,3641,42.19,-409,0,53,-356,689,1042,-353,-0.1,-173,241,437,692,159,0.18,0.23,554,754,-200,2452,1900,552,31.48,224.84,10.41,14.4,2559.19,0.54,34.15,0.81,2.31,7.11,1769,9.95
6412,群電,103.5,104,104,3.5,3.48,4291,63.31,57,95,205,357,2337,1969,368,0.08,1861,1861,476,476,0,0.54,0.11,658,703,-45,1390,1713,-323,20,2635.95,-8.54,-11.89,33437.76,1.01,15.94,2.72,3.56,2.24,2243,40.08
6414,樺漢,363,363.5,363.5,13,3.71,2197,50.16,106,261,-105,262,1700,1449,251,0.11,1681,1673,27,19,0,0.75,0.01,143,217,-74,422,599,-177,16.9,14563.93,-3.87,22.14,148062.83,5.15,20.11,2.89,3.85,3.21,1169,14.6
6415,矽力*-KY,618,--,618,56,9.96,6969,73.08,-516,54,58,-404,6083,5989,94,0.01,4222,4444,1639,1861,0,0.86,0.26,971,1047,-76,40,59,-19,83.18,2014.05,13.32,28.14,19980.05,1.98,48.22,1.93,0.41,6.74,6547,9.72
6416,瑞祺電通,91.6,91.8,91.7,0.2,0.22,419,39.44,43,0,3,46,17,31,-14,-0.03,-14,0,17,31,0,0.04,0.07,53,73,-20,354,321,33,20.15,315.31,-31.58,-7.28,4233.34,1.35,25.67,2.66,3.05,18.1,3319,7.33
6417,韋僑,144.5,145,145,12.5,9.43,561,68.3,27,0,-30,-3,283,241,42,0.07,283,283,0,0,0,0.5,0,112,124,-12,172,202,-30,27.72,172.82,8.93,22.98,1698.42,1.67,34.57,4.03,1.66,31.62,3342,4.23
6418,詠昇,30.35,30.55,30.35,-1.05,-3.34,189,12.43,-31,0,0,-31,0,0,0,0,0,0,0,0,0,0,0,20,0,20,171,191,-20,54.2,86.59,40.08,-4.65,779.59,-0.15,17.57,-1.05,1.25,12.32,1063,3.45
6419,京晨科,152,152.5,152,-7.5,-4.7,1870,41.05,-110,0,-85,-195,343,899,-556,-0.29,-816,0,83,130,769,0.04,0.47,319,252,67,1260,771,489,12.09,126.98,5.43,328.69,687.39,4.55,22.22,12.27,0,17.24,567,1.32
6423,億而得,103,103.5,103,3,3,149,47.95,-18,0,0,-18,15,12,3,0.02,3,0,15,12,0,0.1,0.08,21,24,-3,115,116,-1,302.94,42.91,1840.71,32.56,235.67,0.28,99.64,1.71,0.97,9.83,762,3.1
6425,易發,92.6,92.7,92.6,2.2,2.43,3826,57.52,377,0,1,378,1245,645,600,0.16,1150,1153,92,80,15,0.32,0.02,532,894,-362,2087,2325,-238,--,116,-31.79,31.74,1552.67,0.17,27.72,0.66,1.08,34.27,4363,5.08
6426,統新,273.5,274,274,6,2.24,2275,56.28,241,0,1,242,1068,944,124,0.05,759,808,260,309,0,0.46,0.13,482,496,-14,762,872,-110,526.92,69.83,6.34,76.49,573,0.74,39.46,3.1,0.18,51.94,5000,3.85
6431,光麗-KY,20.65,20.7,20.7,-0.1,-0.48,154,39.87,-2,0,1,-1,0,0,0,0,0,0,0,0,0,0,0,0,0,0,154,154,0,--,41.7,60.45,31.22,368.18,-0.4,22.78,-6.72,0,--,0,8.61
6432,今展科,57.1,57.2,57.1,1.4,2.51,4220,47.16,157,0,0,157,851,850,1,0,828,851,0,0,23,0.2,0.01,833,981,-148,2560,2412,148,78.22,113.85,6.87,5.41,1137.35,0.72,21.77,2.63,2.1,19.19,1649,3.44
6435,大中,254,--,254,23,9.96,1524,85.18,424,0,-10,414,1248,946,302,0.19,1248,1248,0,0,0,0.8,0,108,273,-165,205,342,-137,23.56,310.31,1.25,13.49,3474.39,3.68,26.78,6.94,2.95,17.41,1630,3.75
6438,迅得,174,174.5,174,5,2.96,1752,57.42,473,0,72,545,1062,618,444,0.25,902,840,221,159,0,0.59,0.09,217,423,-206,537,775,-238,31.87,638.37,-4.36,32.59,6814.1,1.76,26.41,2.52,2.87,22.2,4562,8.22
6441,廣錠,24,24.15,24,-0.4,-1.64,321,28.53,-20,0,0,-20,47,0,47,0.15,0,0,0,0,0,0,0,32,65,-33,245,259,-14,--,12.58,35.17,-55.37,166.57,-1.36,-113.66,-7.44,0,5.66,755,5.33
6442,光聖,2055,2060,2060,185,9.87,4917,64.28,122,361,56,539,5095,5056,39,0.01,3669,4150,480,485,476,0.88,0.18,26,47,-21,130,149,-19,77.91,886.44,-12.49,-16.21,10959.23,7.82,55.41,8.73,0.57,30.44,6014,8.05
6443,元晶,43.2,43.25,43.25,3.2,7.99,44125,64.05,8144,0,390,8534,20617,14092,6525,0.15,20383,20547,70,234,0,0.46,0.01,5150,7169,-2019,18695,23200,-4505,--,71.67,26.96,-15.58,1476.65,-0.2,-5.14,-2.8,0,--,21201,51.28
6446,藥華藥,839,840,840,30,3.7,3279,60.23,627,8,24,659,2676,2429,247,0.07,2394,2505,115,140,86,0.77,0.07,668,884,-216,67,99,-32,53.81,2064.18,6.39,68.35,18336.88,5.79,87.87,6.47,0.31,8.81,8365,37.99
6449,鈺邦,319,320,320,14.5,4.75,581,24.91,73,0,-5,68,340,347,-7,-0.01,282,325,0,0,43,0.64,0.08,104,120,-16,175,152,23,42.05,463.59,14.74,26.3,4794.42,2.11,36.79,3.41,1.31,16.38,3764,9.19
6451,訊芯-KY,576,--,576,52,9.92,3508,82.66,853,0,70,923,3163,2847,316,0.09,3091,3081,82,72,0,0.88,0.02,431,728,-297,20,40,-20,--,641.12,11.8,-2.79,7090.09,-1.45,11.96,-1.85,0.04,40.63,11392,11.22
6456,GIS-KY,74.5,74.6,74.6,-1.5,-1.97,17515,38.2,-998,0,-186,-1184,6898,8964,-2066,-0.12,-4160,434,3837,4580,3851,0.24,0.48,2747,2732,15,8028,5976,2052,--,3893.4,-21.39,-34.47,65627.1,-0.61,4.98,-0.68,0,16.5,13943,33.79
6461,益得,15.75,15.8,15.75,-0.55,-3.37,288,34.27,-107,0,-1,-108,0,0,0,0,0,0,0,0,0,0,0,0,0,0,293,293,0,--,5.56,-35.52,43.68,119.18,-0.63,-240.05,-10.69,0,--,0,17.84
6462,神盾,154.5,155,155,10.5,7.27,7151,60.17,404,0,242,646,4475,3573,902,0.12,3488,3649,569,456,274,0.58,0.1,768,1128,-360,2011,2554,-543,--,372.85,-52.21,12.03,6564.16,-2.7,23.18,-2.54,0,24.41,5089,9.13
6464,台數科,77.9,78,78,-0.1,-0.13,247,72.06,13,0,0,13,220,219,1,0,1,0,220,219,0,0.89,0.89,10,7,3,17,21,-4,19.16,390.3,13.7,11.29,4422.19,1.39,51.62,2.1,2.22,0,0,12.88
6465,威潤,51.2,51.3,51.3,-1.5,-2.84,587,31.62,121,0,0,121,0,64,-64,-0.11,-64,0,0,0,64,0,0.11,91,121,-30,504,410,94,19.81,26.36,14.6,81.02,307.21,1.31,76.04,11.88,0.39,13.82,760,4.71
6469,大樹,70.1,70.3,70.1,-1.4,-1.96,706,23.18,-174,0,-1,-175,141,296,-155,-0.21,-296,0,0,0,296,0,0.4,67,88,-21,536,360,176,18.59,1502.81,-10.7,-1.23,19024.31,0.83,28.1,3.16,5.36,1.99,746,15.01
6470,宇智,47.85,48,48,0.2,0.42,140,48.92,20,0,0,20,30,28,2,0.01,2,0,30,28,0,0.21,0.2,0,0,0,111,113,-2,15.69,72.36,-12.35,-58.73,1566.03,0.84,20.05,2.74,5.21,2.75,259,3.77
6472,保瑞,366.5,367,366.5,-13,-3.43,1817,22.61,-450,0,-10,-460,716,1428,-712,-0.37,-1420,0,8,14,1414,0,0.74,310,167,143,915,346,569,29.11,1484.24,-2.86,-27.47,18404.01,0.2,36.05,0.28,2.73,12.59,4020,12.8
6474,華豫寧,38.25,38.6,38.55,0.3,0.78,145,71.43,6,0,0,6,0,82,-82,-0.56,-82,0,0,0,82,0,0.56,41,0,41,105,64,41,12.81,357.02,-14.77,1.9,3858.88,0.9,21.81,2.83,6.49,--,0,5.25
6477,安集,34.85,34.9,34.9,0.45,1.31,824,62.87,411,0,0,411,127,35,92,0.11,127,96,31,0,0,0.15,0,157,92,65,545,702,-157,387.78,81.84,-23.2,22.94,950.07,-0.02,24.77,-0.01,1,12.73,3940,12.38
6482,弘煜科,29.1,29.3,29.2,-0.8,-2.67,25,34.78,-1,0,0,-1,0,0,0,0,0,0,0,0,0,0,0,0,0,0,26,26,0,16.5,22.44,-22.94,-49.39,424.71,0.28,98.65,1.87,6.85,0.94,67,2.86
6485,點序,116.5,--,116.5,10.5,9.91,5569,78.91,244,0,243,487,4271,3192,1079,0.19,4167,4218,52,103,0,0.76,0.02,378,765,-387,963,1655,-692,832.14,108.85,-8.74,-18.69,1390.53,0,57.17,0,0.43,47.43,5168,4.74
6486,互動,81.8,82,81.9,-0.2,-0.24,153,15.89,-69,0,0,-69,20,14,6,0.04,-14,0,0,0,14,0,0.09,20,43,-23,114,97,17,15.37,110.26,-44.42,6.58,2743.51,0.59,32.8,1.52,7.33,1.75,223,5.09
6488,環球晶,788,--,788,71,9.9,5472,61.45,-426,-71,235,-262,5308,5168,140,0.03,5308,5308,0,0,0,1.03,0,307,444,-137,85,88,-3,48.61,4747.93,-12.82,-10.13,58452.77,3.97,20.83,2.03,0.98,8.18,9773,47.81
6491,晶碩,307,308,307.5,-0.5,-0.16,686,36.83,46,0,0,46,382,452,-70,-0.1,-406,16,0,0,422,0.02,0.6,132,118,14,189,133,56,14.88,674.35,0.77,19.9,7443.51,6.06,53.33,4.15,3.25,3.33,649,7.8
6492,生華科,45.1,45.2,45.1,-1.25,-2.7,305,18.42,-12,0,-1,-13,69,0,69,0.22,0,0,0,0,0,0,0,20,29,-9,219,279,-60,--,0.08,0,-3.61,1.06,-0.75,56.25,-9.17,0,--,152,8.99
6494,九齊,57.1,57.2,57.2,-0.8,-1.38,391,37.92,55,0,8,63,0,19,-19,-0.05,-19,0,0,0,19,0,0.05,23,43,-20,373,334,39,476.67,155.21,-9.14,33.37,1327.61,0.75,27.49,2.37,1.75,9.58,756,3.16
6496,科懋,23.7,23.85,23.95,-0.4,-1.64,19,42.11,4,0,0,4,0,0,0,0,0,0,0,0,0,0,0,0,0,0,24,24,0,--,85.33,29.29,28.88,925.54,-1.18,38.35,-7.06,0,0.39,46,4.74
6498,久禾光,106.5,107,107,0.5,0.47,361,45.81,32,0,1,33,88,173,-85,-0.23,-95,13,65,100,73,0.21,0.48,90,56,34,186,135,51,16.14,137.52,9.79,37.28,1362.06,1.75,45.71,5.49,4.21,3.71,438,4.72
6499,益安,90.9,91,90.9,-2.8,-2.99,1261,38.59,13,0,1,14,544,558,-14,-0.01,-330,0,228,212,346,0.18,0.44,129,148,-19,601,568,33,--,37.14,2.84,3.41,433.06,-1.26,15.23,-9.17,0,29.2,7076,9.69
6504,南六,38.05,38.2,38.1,-0.45,-1.17,171,24.71,-1,0,0,-1,0,0,0,0,0,0,0,0,0,0,0,0,56,-56,171,115,56,--,594.83,-2.73,4.31,6560.33,0.1,13.78,0.21,2.62,0.58,105,7.26
6505,台塑化,49.5,49.55,49.5,-1.5,-2.94,13508,36.83,-5222,-150,223,-5149,5253,10022,-4769,-0.35,-9998,24,0,0,10022,0,0.73,2094,1175,919,6300,2450,3850,17.74,61522.37,-2.84,33.02,630142.58,2.14,16.79,5.5,2.42,0.51,12254,952.6
6506,雙邦,19.25,19.35,19.25,0.05,0.26,204,20.73,-22,0,0,-22,0,0,0,0,0,0,0,0,0,0,0,0,28,-28,206,178,28,16.74,203.63,-12.41,6.72,1938,0.52,20.44,4.11,5.19,3.45,710,8.24
6508,惠光,23.85,24,23.9,-0.2,-0.83,68,50.75,0,0,0,0,0,0,0,0,0,0,0,0,0,0,0,0,0,0,75,75,0,108.64,188.49,-18.46,-18.49,1406.44,0.36,23.67,1.31,2.09,1.27,275,8.65
6509,聚和,51.8,52,51.8,1.7,3.39,5422,55.45,585,0,95,680,2074,1822,252,0.05,1743,1806,268,331,0,0.38,0.06,1161,1005,156,2242,2650,-408,15.94,516.01,9.27,9.76,4993.04,1.19,36.08,4.46,2.7,10.13,4975,19.65
6510,精測,3455,3465,3455,50,1.47,343,46.15,22,4,18,44,358,370,-12,-0.03,249,250,109,110,0,0.91,0.28,7,5,2,27,17,10,101.35,523.18,7.33,30.22,5132.42,10.43,56.77,3.65,0.44,8.87,729,3.29
6512,啟發電,19.7,19.8,19.75,0.75,3.95,21,73.68,0,0,0,0,0,0,0,0,0,0,0,0,0,0,0,0,0,0,33,33,0,--,5.76,-67.54,-78.26,146.83,-0.28,29.06,-2.05,0,--,0,2.53
6515,穎崴,8830,8865,8850,150,1.72,482,57.66,184,-91,4,97,501,525,-24,-0.04,3,27,474,498,0,0.92,0.92,10,5,5,32,13,19,181.35,989.53,-19.01,50.51,8872.38,19.54,43.01,10.8,0.56,4.37,394,3.61
6516,勤崴國際,55.4,55.6,55.6,-1.2,-2.11,233,29.44,-60,0,0,-60,20,0,20,0.08,0,0,0,0,0,0,0,0,41,-41,217,196,21,30.89,48.66,-19.94,6,596.22,0.66,49.12,3.61,4.21,6.3,887,5.63
6517,保勝光學,61.7,61.8,61.8,-0.5,-0.8,503,50,-28,0,0,-28,21,85,-64,-0.13,-64,21,0,45,40,0.04,0.17,112,109,3,376,315,61,46.12,30.47,-33.13,-18.67,458.86,0.52,33.19,2.42,2.43,21.96,1679,3.06
6523,達爾膚,99.2,99.7,99.2,0.2,0.2,38,28.95,-9,0,0,-9,0,0,0,0,0,0,0,0,0,0,0,0,0,0,42,42,0,15.95,61.06,-23.47,-8.15,1092.17,1.88,67.24,6.28,10.08,0.48,54,4.5
6525,捷敏-KY,122,122.5,122,6,5.17,2447,52.73,-202,-5,4,-203,944,1194,-250,-0.1,768,863,81,176,0,0.38,0.07,522,370,152,1006,907,99,20.1,539.68,9.05,18.29,5552.28,1.62,26.14,4.6,4.1,4.37,1409,12.9
6526,達發,750,751,750,25,3.45,2417,47.28,-104,24,32,-48,1689,1674,15,0.01,1626,1643,46,63,0,0.66,0.02,789,782,7,80,102,-22,43.05,2027.87,11.73,14.31,21413.03,4.47,52.73,3.56,1.8,4.8,2010,16.75
6527,明達醫,69.9,70.3,70,-0.2,-0.28,40,47.5,1,0,0,1,0,0,0,0,0,0,0,0,0,0,0,10,10,0,31,31,0,12.39,61.55,-11.19,-24.69,892.68,1.33,40.05,3.35,4.14,--,0,2.55
6530,創威,114,114.5,114,2.5,2.24,1585,50.16,163,0,0,163,666,649,17,0.01,216,252,414,450,0,0.41,0.28,266,258,8,674,699,-25,53.27,31.53,-2.31,18.13,345.81,0.65,46.21,4.39,1.75,38.12,3216,3.38
6531,愛普*,1055,--,1055,92,9.55,4421,74.28,121,19,-17,123,4405,4441,-36,-0.01,4035,4094,311,370,0,0.97,0.08,125,78,47,37,49,-12,107.11,804.15,-1.32,92.88,7159.08,4.15,46.19,5.42,0.66,27.78,11310,8.14
6532,瑞耘,102,102.5,102.5,0.5,0.49,1384,43.37,-11,0,-8,-19,457,446,11,0.01,-101,106,119,106,220,0.16,0.23,258,385,-127,692,577,115,14.94,73.66,15.42,25.51,653.04,0.84,36.93,2.54,2.93,33.96,3179,3.74
6533,晶心科,243.5,245,244.5,4.5,1.88,1284,50.67,324,0,6,330,654,514,140,0.11,379,422,227,251,19,0.49,0.2,164,233,-69,505,577,-72,--,106.86,-19.98,22.87,1553.17,-3.28,99.89,-3.75,0,17.29,2189,5.07
6535,順藥,126.5,127,127,-0.5,-0.39,177,22.94,-15,0,0,-15,18,57,-39,-0.21,-57,0,0,0,57,0,0.3,27,30,-3,143,101,42,--,0.08,-84.49,-83.37,32.29,-0.72,40.55,-8.26,0,--,0,16.78
6538,倉和,131,131.5,131.5,4,3.14,1330,50.72,74,0,-9,65,583,560,23,0.02,19,311,10,33,269,0.24,0.22,277,301,-24,491,491,0,131.5,130.09,4.8,-19.42,1310.45,0.9,38.53,1.77,1.14,23.06,2195,3.81
6541,泰福-KY,38,38.05,38,-0.6,-1.55,499,30.78,-114,0,-6,-120,27,0,27,0.05,0,0,0,0,0,0,0,15,58,-43,467,451,16,--,86.79,-6.13,914.89,562.18,-1.47,-200.66,-7.03,0,5.34,3537,26.5
6542,隆中,46.9,47.2,47.5,0.5,1.06,16,12.5,0,0,0,0,0,0,0,0,0,0,0,0,0,0,0,0,0,0,16,16,0,1187.5,80.84,-10.52,14.44,940.92,0.04,79.6,0.09,0.04,2.5,262,4.2
6546,正基,81.4,81.5,81.5,2.6,3.3,1824,53.88,380,0,29,409,285,191,94,0.05,207,174,111,78,0,0.15,0.04,385,298,87,1183,1364,-181,30.64,200.93,0.05,-7.59,2226.28,0.9,27.33,3.04,3.07,21.76,3637,6.68
6547,高端疫苗,46.7,46.75,46.7,-1.25,-2.61,3091,27.75,-535,0,21,-514,464,1169,-705,-0.23,-1169,0,0,0,1169,0,0.37,509,656,-147,2163,1310,853,--,38.72,-11.04,-7.87,600.37,-0.09,74.74,-0.81,0,11.26,9253,32.87
6548,長科*,54.8,54.9,54.9,3,5.78,8467,58.29,2069,0,553,2622,3814,2420,1394,0.16,3814,3788,26,0,0,0.45,0,1344,1515,-171,3406,4630,-1224,33.48,1384.07,4.28,24.51,14192.1,0.51,21.71,4.18,2.46,3.6,8551,3.8
6550,北極星藥業-KY,16.7,16.75,16.75,0.5,3.08,1891,48.58,297,0,-17,280,109,0,109,0.06,109,109,0,0,0,0.06,0,299,532,-233,1494,1370,124,--,1.67,5.7,-57.12,66.19,-0.64,-123.91,-10.97,0,--,0,89.48
6552,易華電,34.7,--,34.7,3.15,9.98,2002,78.32,270,0,0,270,481,558,-77,-0.04,481,481,0,0,0,0.24,0,335,120,215,1202,1340,-138,--,103.02,-1.56,-33.81,1238.15,-0.65,-8.87,-3.2,0,6.07,1259,8.3
6556,勝品,70.7,71,70.9,0.2,0.28,11,50,1,0,0,1,0,0,0,0,0,0,0,0,0,0,0,0,0,0,11,11,0,10.89,148.12,7.07,29.48,1439.47,1.72,30.55,3.23,4.94,--,0,2.88
6558,興能高,33.25,33.35,33.25,0.25,0.76,2412,39.11,-127,0,13,-114,247,236,11,0,190,247,0,57,0,0.1,0.02,236,252,-16,1944,1940,4,--,103.96,-10.55,0.65,1032.71,-0.35,12.79,-2.37,0,18.53,4006,9.38
6560,欣普羅,38.75,38.9,38.75,0.7,1.84,153,52.29,12,0,0,12,0,0,0,0,0,0,0,0,0,0,0,0,0,0,155,155,0,484.38,26.56,7.5,95.97,220.06,0.37,35.76,1.86,0,6.09,394,3.25
6561,是方,357,360,359.5,-2,-0.55,129,32.26,-7,13,0,6,39,51,-12,-0.09,-51,0,0,0,51,0,0.38,18,18,0,79,67,12,22.68,349.84,0.65,-1.34,3968.03,3.69,48.94,8.68,3.95,1.31,255,7.8
6568,宏觀,230.5,231,230.5,13.5,6.22,800,54.97,59,0,163,222,341,225,116,0.14,341,341,0,0,0,0.42,0,138,124,14,341,471,-130,57.2,120.85,-18.51,31.74,1241.94,1.34,36.41,2.67,0.87,17.32,1334,3.08
6569,醫揚,94.3,94.6,94.5,1.4,1.5,115,64.35,43,0,0,43,0,0,0,0,0,0,0,0,0,0,0,24,0,24,96,120,-24,25.47,96.61,-50.27,-8.28,1372,1.03,36.13,2.54,3.17,3.63,355,3.91
6570,維田,59.6,--,59.6,5.4,9.96,504,100,0,0,174,174,372,262,110,0.21,372,372,0,0,0,0.73,0,65,61,4,75,188,-113,36.34,91.27,-10.05,9.7,960.19,0.57,38.03,2.65,1.85,4.42,410,3.71
6573,虹揚-KY,13.2,13.4,13.4,0.25,1.9,364,42.46,102,0,0,102,0,0,0,0,0,0,0,0,0,0,0,0,40,-40,366,326,40,10.23,63.88,-7.03,-19.64,764.04,-0.4,11.07,-4.51,0,--,0,8.05
6574,霈方,118.5,119,119,5,4.39,174,50.29,15,0,1,16,20,29,-9,-0.05,20,20,0,0,0,0.11,0,16,28,-12,147,126,21,13.57,72.85,7.8,27.1,681.77,3.29,57.37,8.08,2.52,--,0,2.2
6576,逸達,78.4,79.5,78.4,-2.1,-2.61,267,33.2,-139,0,1,-138,68,0,68,0.25,0,0,0,0,0,0,0,48,50,-2,155,221,-66,--,52.22,29.12,-11.25,394.51,2.59,50.49,35.01,0,--,0,15.75
6577,勁豐,80.7,80.8,80.7,-0.3,-0.37,31,25.81,-1,0,0,-1,0,0,0,0,0,0,0,0,0,0,0,0,0,0,32,32,0,13.7,164.64,-17.24,-0.23,2080.97,1.67,34.56,6.49,6.2,0.8,120,6.01
6578,達邦蛋白,17,17.05,17.05,-0.25,-1.45,79,12.99,-10,0,0,-10,0,0,0,0,0,0,0,0,0,0,0,0,0,0,79,79,0,--,36.37,7.05,-0.95,322.48,0.08,21.91,0.56,0,5.42,704,7.19
6579,研揚,159,159.5,159,4.5,2.91,898,49.42,116,0,1,117,366,377,-11,-0.01,142,169,197,224,0,0.4,0.24,108,176,-68,441,362,79,29.12,756.5,-20.63,6.76,9125.09,3.81,34.83,4.28,2.36,2.29,971,16.95
6581,鋼聯,107,107.5,107,0,0,36,33.33,7,0,1,8,19,19,0,0,-19,0,0,0,19,0,0.53,0,0,0,17,17,0,17.66,372.83,186.65,53.89,2283.62,1.17,53.05,3.06,4.95,0.04,12,11.13
6582,申豐,30.55,30.65,30.6,-0.25,-0.81,51,28.57,3,0,3,6,0,0,0,0,0,0,0,0,0,0,0,0,0,0,61,61,0,--,45.72,37.21,-35.77,590.44,-0.26,-12.56,-0.43,0,1.43,379,10.62
6584,南俊國際,687,691,687,6,0.88,453,43.43,100,0,1,101,290,273,17,0.04,74,90,200,216,0,0.6,0.45,166,185,-19,31,28,3,89.92,277.78,-11.01,35.13,2872.49,3.37,41.55,7.01,0.36,7.55,1339,7.09
6585,鼎基,95.9,96,95.9,0.6,0.63,168,31.74,-3,0,0,-3,0,12,-12,-0.07,-12,0,0,12,0,0,0.07,17,0,17,153,158,-5,19.57,324.91,24.65,27.46,2792.6,1.86,34.68,3.54,4.69,11.02,1987,7.21
6588,東典光電,130.5,131,130.5,0,0,1079,35.27,-132,0,0,-132,303,441,-138,-0.13,-148,114,76,139,199,0.17,0.31,177,174,3,618,483,135,--,27.14,-5.75,155.82,249.94,-0.08,21.22,-0.31,0,32.67,2834,3.47
6589,台康生技,41.95,42.15,41.95,-1.75,-4,1860,28.47,-639,0,0,-639,198,221,-23,-0.01,-221,0,0,0,221,0,0.12,232,559,-327,1445,1095,350,--,82.21,-28.34,-15.77,1116.28,-0.47,21.06,-1.72,0,5.51,3467,30.82
6590,普鴻,66.5,67,66.7,-0.3,-0.45,38,23.68,0,0,0,0,29,22,7,0.18,29,29,0,0,0,0.76,0,0,0,0,9,16,-7,13.16,60.47,-0.47,19.92,674.35,0.84,43.85,2.83,6.45,--,0,2.5
6591,動力-KY,54.6,54.7,54.6,1.1,2.06,428,52.94,-62,0,4,-58,49,25,24,0.06,49,49,0,0,0,0.11,0,44,61,-17,342,349,-7,12.73,90.42,-15.82,-52.82,1540.67,0.75,24.42,1.38,7.33,23.56,2422,4.11
6592,和潤企業,60.3,60.5,60.4,-0.2,-0.33,738,39.32,294,0,13,307,282,163,119,0.16,-163,0,0,0,163,0,0.21,84,184,-100,393,412,-19,10.58,1974.05,1.47,-2.98,23363.38,0.76,61.82,2.15,5.46,0.44,683,62.32
6593,台灣銘板,35.35,35.65,35.55,0.35,0.99,90,56.67,-2,0,0,-2,0,0,0,0,0,0,0,0,0,0,0,0,21,-21,93,72,21,--,41.34,-11.69,68.06,406.64,-0.6,30.74,-2.14,0,15.04,1085,3.19
6596,寬宏藝術,97.6,97.7,97.7,-0.3,-0.31,159,27.22,-14,0,0,-14,0,0,0,0,0,0,0,0,0,0,0,29,16,13,138,151,-13,5.71,270.94,89.06,1704.82,3486.08,2.08,22.2,5.87,19.14,8.86,842,3.8
6597,立誠,74.1,75,74.1,2.6,3.64,66,29.23,6,0,-2,4,0,19,-19,-0.28,-19,0,0,19,0,0,0.28,22,15,7,46,34,12,85.17,47.25,-26.35,-7.98,713.53,-0.45,20.27,-1.66,1.35,--,0,3
6598,ABC-KY,24.35,24.5,24.5,0.2,0.82,272,49.26,51,0,16,67,0,0,0,0,0,0,0,0,0,0,0,0,0,0,272,272,0,--,60.98,-7.64,41.84,591.83,0.2,64.57,3.18,0,--,0,10.28
6603,富強鑫,22.3,22.35,22.3,-0.1,-0.45,858,33.78,-186,0,1,-185,0,0,0,0,0,0,0,0,0,0,0,122,192,-70,741,671,70,36.56,406.05,-0.78,12.32,5146.52,0.03,24.63,0.2,1.79,16.35,6843,16.74
6605,帝寶,129,129.5,129.5,-0.5,-0.38,443,32.11,-124,0,3,-121,129,231,-102,-0.22,-231,0,0,0,231,0,0.5,70,58,12,260,170,90,9.71,1708.06,8.54,-1.48,19167.53,4.41,33.5,3.53,5.02,5.23,2169,16.58
6606,建德工業,24.9,25.15,25.15,0.45,1.82,106,71.87,-4,0,-3,-7,0,0,0,0,0,0,0,0,0,0,0,20,0,20,86,106,-20,23.07,106.77,18.78,21.43,853.26,0.26,40.83,1.79,4.1,2.01,553,11.03
6609,瀧澤科,49.35,49.4,49.4,3.05,6.58,4626,44.24,-861,0,-13,-874,571,1115,-544,-0.12,543,571,0,28,0,0.12,0.01,519,726,-207,3569,2818,751,--,231.51,26.02,17.34,1977.49,-0.16,14.76,-0.49,0,12.06,2185,7.25
6612,奈米醫材,71.3,71.6,71.4,-2.6,-3.51,59,23.73,4,0,0,4,0,0,0,0,0,0,0,0,0,0,0,0,0,0,61,61,0,80.22,113.4,2.96,16.23,1146.71,0.81,55.79,1.2,1.82,4.08,485,4.75
6613,朋億*,272.5,273,272.5,15.5,6.03,608,59.9,79,0,27,106,294,264,30,0.05,288,288,6,6,0,0.46,0.01,156,135,21,190,240,-50,19.15,711.11,-33.53,30.82,9274.94,3.84,32.09,5.07,3.67,5.7,1108,3.89
6614,資拓宏宇,38.95,39,38.95,-0.45,-1.14,232,33.33,-111,0,-20,-131,0,0,0,0,0,0,0,0,0,0,0,18,38,-20,216,196,20,15.64,340.4,-8.09,7.76,5453.49,0.16,11.15,0.83,4.24,--,0,8.07
6615,慧智,32.85,32.95,32.9,-0.2,-0.6,28,48.15,0,0,0,0,0,0,0,0,0,0,0,0,0,0,0,0,0,0,45,45,0,84.36,30.16,-12.24,-9.13,380.64,0.67,28.63,2.28,0,0.41,22,2.16
6616,特昇-KY,9.72,9.73,9.73,-0.21,-2.11,64,46.87,15,0,0,15,0,0,0,0,0,0,0,0,0,0,0,0,0,0,64,64,0,--,44.86,-29.63,-37.52,913.42,-0.52,6.11,-4.14,0,14.7,1304,3.55
6617,共信-KY,65.2,65.4,65.4,1.9,2.99,270,76.21,5,0,0,5,18,0,18,0.07,18,18,0,0,0,0.07,0,53,36,17,202,237,-35,--,3.75,21.2,7.6,38.27,-0.32,67.99,-1.69,0,0.85,271,12.75
6620,漢達,72.2,72.4,72.2,-3.2,-4.24,746,33.74,-141,0,27,-114,113,79,34,0.05,-79,0,0,0,79,0,0.1,159,250,-91,481,425,56,15.73,62.07,-21.15,-88.94,1258.81,0.46,81.2,1.39,2.77,--,0,17
6624,萬年清,42.65,42.75,42.7,0.1,0.23,101,31.31,-2,0,0,-2,58,35,23,0.23,-35,0,0,0,35,0,0.35,0,0,0,43,66,-23,94.89,40.6,205.12,-34.81,542.65,0.05,23.65,0.27,0.68,3.53,199,2.26
6625,必應,73.7,73.9,73.7,0.6,0.82,215,38.37,-2,0,5,3,65,25,40,0.18,65,50,15,0,0,0.29,0,9,56,-47,148,141,7,7.35,351.16,-15.09,15.65,4707.35,1.42,19.98,4.56,6.78,6.86,994,5.8
6629,泰金-KY,118.5,119.5,118.5,-2,-1.66,184,20.65,-30,0,0,-30,84,69,15,0.08,-69,0,0,0,69,0,0.37,0,37,-37,102,80,22,16.14,265.35,0.24,140.47,2191.43,3.58,21.59,8.19,5.23,12.24,1174,3.84
6637,醫影,65.7,66,65.7,-0.5,-0.76,29,25,-1,0,0,-1,0,0,0,0,0,0,0,0,0,0,0,0,0,0,30,30,0,9.75,45.12,-14.45,-24.18,1214.82,1.01,31.56,2.39,6.85,1.24,83,2.68
6640,均華,1470,1475,1470,110,8.09,499,57.43,67,2,20,89,521,512,9,0.02,496,494,27,25,0,0.93,0.04,7,8,-1,30,39,-9,91.3,333.6,11.36,142.34,3286.72,5.19,44.9,5.16,1.02,8.3,592,2.85
6641,基士德-KY,18.4,18.45,18.45,0.1,0.54,31,40,2,0,1,3,0,0,0,0,0,0,0,0,0,0,0,0,0,0,31,31,0,38.44,193.19,32.1,41.97,1794.28,0.02,30.91,-0.22,2.17,1.82,166,3.65
6642,富致,90.3,90.4,90.3,1.8,2.03,1858,40.22,-184,0,0,-184,182,339,-157,-0.08,-75,63,119,257,0,0.1,0.14,269,268,1,1426,1270,156,36.12,58.58,4.39,5.04,548.14,0.74,48.59,2.65,1.99,9.23,863,3.74
6643,M31,606,607,606,5,0.83,787,34.19,-110,0,-10,-120,404,518,-114,-0.13,291,298,106,113,0,0.47,0.13,394,301,93,62,41,21,15150,168.69,40.45,30.74,1782.05,-1.18,100,-2.66,0.2,21.87,2285,4.21
6649,台生材,38.35,38.5,38.5,0,0,84,18.99,-11,0,0,-11,0,0,0,0,0,0,0,0,0,0,0,14,0,14,71,85,-14,62.1,11.5,-0.29,29.93,181.81,0,60.77,0.02,2.6,12,1260,4.2
6651,全宇昕,147,149,147.5,10,7.27,1198,60.11,105,0,2,107,571,457,114,0.09,304,333,238,267,0,0.47,0.22,159,226,-67,494,540,-46,21.79,157.73,3.74,8.04,1523.28,2.47,37.83,6.84,2.71,20.53,1776,3.46
6654,天正國際,105.5,--,105.5,9.4,9.78,220,95.91,15,0,0,15,90,60,30,0.13,90,90,0,0,0,0.4,0,41,19,22,94,147,-53,285.14,60.23,46.53,157.91,436.78,-0.2,21.75,-0.81,0,35.54,2955,3.73
6655,科定,132,133,131.5,-1,-0.75,12,50,3,0,0,3,0,0,0,0,0,0,0,0,0,0,0,5,4,1,7,8,-1,33.21,280.7,2.66,29.6,2806.99,0.95,49.51,2.87,4.56,0,0,8.06
6657,華安,39.05,39.2,39.2,-1.15,-2.85,296,23.88,35,0,-2,33,0,33,-33,-0.11,-33,0,0,0,33,0,0.11,36,13,23,264,254,10,--,0.81,10.82,89.91,8.24,-0.53,74.91,-5.31,0,--,2370,8.88
6658,聯策,212,--,212,19,9.84,620,99.81,28,0,0,28,402,456,-54,-0.09,402,402,0,0,0,0.64,0,84,50,34,142,122,20,81.23,239.8,10.51,-20.64,2152.01,1.63,24,3.86,0.57,29.17,2652,3.64
6661,威健生技,17.2,17.6,17.65,-0.2,-1.12,12,45.45,-3,0,0,-3,0,0,0,0,0,0,0,0,0,0,0,0,0,0,12,12,0,--,30.8,7.08,25.55,388.08,-0.27,43.63,-2.15,0,--,0,2.33
6662,樂斯科,28.75,29.1,28.75,-0.35,-1.2,3,33.33,0,0,0,0,0,0,0,0,0,0,0,0,0,0,0,0,0,0,3,3,0,17.01,22.27,-14.96,-9.26,261.54,0.21,33.04,1.22,5.39,--,0,2.56
6664,群翊,444,444.5,444,11.5,2.66,1634,45.13,-41,0,-4,-45,769,880,-111,-0.06,574,629,140,195,0,0.45,0.11,256,245,11,698,598,100,30.52,237.44,0.41,9.66,2691.19,3.73,48.23,5.58,2.3,12.22,1858,6.08
6666,羅麗芬-KY,40.05,40.1,40.05,-0.55,-1.35,41,36.59,0,0,0,0,0,0,0,0,0,0,0,0,0,0,0,0,0,0,41,41,0,18.54,114.47,12.5,12.25,1104.81,0.32,64.52,0.6,4.99,2.08,247,4.74
6667,信紘科,258,258.5,258.5,2.5,0.98,417,49.76,-34,0,0,-34,182,171,11,0.03,17,25,152,137,23,0.4,0.36,84,100,-16,174,169,5,18.77,477.83,-29.1,-2.14,6516.09,3.63,23.98,7.07,4.53,12.9,1589,4.93
6668,中揚光,41.05,41.15,41.05,1.4,3.53,1574,54.27,316,0,0,316,158,178,-20,-0.01,106,132,0,0,26,0.08,0.02,209,146,63,1217,1260,-43,--,101.54,29.19,10.19,1217.26,-0.62,11.27,-3.08,0,16.47,3287,10.71
6669,緯穎,5610,5625,5610,85,1.54,1926,48.16,66,-41,24,49,2018,2026,-8,0,641,667,1351,1377,0,0.95,0.65,33,32,1,65,59,6,18.81,82731,-16.14,29.67,1075444.13,75.95,7.55,10.66,2.94,5.57,2589,18.58
6670,復盛應用,256,257.5,256,-4.5,-1.73,403,32.17,-227,-9,12,-224,150,336,-186,-0.45,-336,0,0,0,336,0,0.81,95,52,43,171,28,143,12.42,2761.45,-4.44,28.92,30459.71,6.96,24,5.3,6.25,1.54,536,13.94
6671,三能-KY,27.75,27.8,27.5,-0.5,-1.79,78,26.92,-4,0,6,2,0,0,0,0,0,0,0,0,0,0,0,0,0,0,81,81,0,12.17,186.29,39.19,7.17,1940.65,0.26,38.66,0.89,4.36,0.49,74,6.08
6672,騰輝電子-KY,210,210.5,210,17,8.81,11655,55.29,-2130,0,136,-1994,6714,7892,-1178,-0.1,6714,6714,0,0,0,0.56,0,1262,1046,216,3915,2952,963,37.97,510,6.1,36.93,4624.64,1.73,34.02,3.39,1.6,39.25,7295,7.46
6674,鋐寶科技,18,18.15,18.05,0.45,2.56,80,84.81,3,0,0,3,0,0,0,0,0,0,0,0,0,0,0,0,0,0,80,80,0,--,42.96,-40.73,8.59,543.68,-1.04,15.29,-7.97,0,1.7,292,6.86
6679,鈺太,345,345.5,345.5,10,2.98,563,60.96,144,24,10,178,356,308,48,0.08,351,353,3,5,0,0.62,0.01,80,92,-12,141,177,-36,42.13,187.76,0.23,15.7,2008.97,3.7,51.94,3.58,1.88,19.68,2705,5.5
6680,鑫創電子,56.5,56.7,57,1.1,1.97,7,42.86,0,0,0,0,0,0,0,0,0,0,0,0,0,0,0,0,0,0,7,7,0,--,46.44,-14.37,36.42,602.75,0.08,32.39,0.35,0.53,--,0,2.4
6683,雍智科技,1815,--,1815,165,10,935,72.31,125,-43,-15,67,978,963,15,0.01,932,931,47,46,0,0.96,0.05,11,17,-6,30,39,-9,102.83,217.57,-1.23,20.97,2384.08,6.23,48.8,6.04,0.5,32.97,2271,2.76
6684,安格,48.15,48.25,48.15,0.4,0.84,655,51.39,102,0,0,102,0,0,0,0,0,0,0,0,0,0,0,53,123,-70,608,538,70,--,26.09,-22.88,-15.29,306.9,0.01,60.23,0.05,0,12.17,1356,4.46
6689,伊雲谷,67.5,67.6,67.5,0.6,0.9,390,38.74,-48,0,-2,-50,18,0,18,0.05,18,18,0,0,0,0.05,0,32,31,1,346,365,-19,29.87,1023.84,-0.91,-11.23,12146,0.53,9.88,1.07,2.96,9.19,1562,6.8
6690,安碁資訊,170,171.5,171,0,0,143,25.17,-41,0,0,-41,28,43,-15,-0.1,-43,0,0,0,43,0,0.29,26,33,-7,96,74,22,16.1,211.71,-17.76,14.37,2567.03,2.27,37.48,2.24,5.26,1.19,89,3
6691,洋基工程,646,647,646,18,2.87,611,44.74,191,7,17,215,424,417,7,0.01,424,424,0,0,0,0.66,0,194,197,-3,20,25,-5,24.11,2858.88,1.81,66.7,26526.84,7.19,18.39,12.8,3.41,4.93,1496,12.15
6692,進能服,28.05,28.1,28.05,-0.8,-2.77,83,15.71,4,0,0,4,0,0,0,0,0,0,0,0,0,0,0,0,18,-18,85,67,18,--,54.87,-8.42,-24.04,820.67,-0.92,-22.44,-5.13,0.71,2.77,408,5.88
6693,廣閎科,148,148.5,148,2,1.37,962,57.8,78,0,21,99,369,442,-73,-0.07,306,356,0,0,50,0.36,0.05,196,197,-1,415,341,74,110.45,204.37,5.68,85.7,1709.36,1.17,28.75,4.76,0.41,31.94,3651,4.57
6695,芯鼎,62.2,--,62.2,5.6,9.89,2007,100,338,0,126,464,1725,990,735,0.36,1725,1725,0,0,0,0.85,0,109,309,-200,190,725,-535,--,76.3,-12.56,-24.96,1111.04,-0.68,37.88,-4.26,0,14.37,3107,10.65
6697,東捷資訊,41.95,42.05,42,1.1,2.69,109,50.49,7,0,0,7,0,0,0,0,0,0,0,0,0,0,0,0,12,-12,111,99,12,14.14,98.69,-4.98,-7.05,1373.89,0.79,12.94,3.64,6.19,1.3,89,2.73
6698,旭暉應材,34.75,34.8,34.8,0.6,1.75,927,43.06,104,0,0,104,0,32,-32,-0.03,-32,0,0,0,32,0,0.03,71,36,35,871,874,-3,--,45.75,-10.36,-44.63,1101.69,-0.35,20.56,-1.32,1.44,11.75,1950,6.64
6703,軒郁,110,111,110.5,-1.5,-1.34,165,26.71,-47,0,0,-47,0,52,-52,-0.3,-52,0,0,0,52,0,0.3,5,44,-39,170,79,91,10.85,347.47,12.69,20.26,3409.58,1.87,63.05,4.58,7.96,0.9,74,3.3
6706,惠特,179,179.5,179.5,-5.5,-2.97,12972,40.82,-1297,0,-153,-1450,5932,9180,-3248,-0.25,-3233,1944,934,1614,4497,0.22,0.46,2299,1539,760,4930,2442,2488,--,53.99,-2.72,-41.84,597.12,-0.96,-2.01,-1.98,0,56.91,11176,7.85
6708,天擎,40.7,40.9,40.7,0.7,1.75,72,50,1,0,0,1,0,0,0,0,0,0,0,0,0,0,0,0,0,0,72,72,0,--,22.54,12,-19.99,264.9,-0.2,50.94,-1.51,0,--,0,2.9
6712,長聖,132.5,133,132.5,-1,-0.75,288,46.18,-86,0,0,-86,158,124,34,0.11,-124,0,0,0,124,0,0.42,37,53,-16,101,119,-18,28.49,85.23,21.58,26.19,1057.08,1.39,80.24,6.06,3.02,4,969,10.18
6715,嘉基,459.5,460,459.5,-2,-0.43,512,35.31,-22,0,6,-16,168,215,-47,-0.09,-63,62,24,32,117,0.16,0.27,99,103,-4,279,229,50,216.75,164.42,-14.91,-11.58,1734.39,1.02,40.01,1.64,0.44,30.64,5212,6.8
6716,應廣,104.5,105,105,3.5,3.45,1050,62.56,133,0,0,133,409,338,71,0.07,230,322,87,143,36,0.39,0.17,189,205,-16,461,516,-55,30,175.54,29.21,41.03,1282.73,1.59,35.86,6.28,1.52,14.06,1064,3.02
6719,力智,255,--,255,23,9.91,4112,68.72,113,0,68,181,2457,2207,250,0.06,2457,2457,0,0,0,0.58,0,572,672,-100,1177,1327,-150,28.43,383.02,9.27,-12.14,4528.48,2.1,41.67,1.56,1.8,13.78,2911,10.55
6720,久昌,154,155,154.5,-1.5,-0.96,136,47.29,-7,0,-3,-10,33,21,12,0.09,-21,0,0,0,21,0,0.15,21,38,-17,84,79,5,56.39,37.5,18.56,-19.64,382,0.51,39.8,1.69,2.27,19.39,1465,3.02
6721,信實,58.9,59,59,-0.5,-0.84,4,50,0,0,0,0,0,0,0,0,0,0,0,0,0,0,0,0,0,0,4,4,0,12.37,308.76,0.8,4.78,3695.95,1.48,6.16,4.92,5.59,--,0,2.25
6722,輝創,38,38.2,38.15,0.55,1.46,123,53.66,7,0,5,12,0,0,0,0,0,0,0,0,0,0,0,0,20,-20,124,104,20,15.45,410.16,-7.94,-7.6,--,0.34,20.58,1.22,5.24,--,0,8.84
6725,矽科宏晟,331.5,333,331.5,9.5,2.95,656,39.94,-206,0,8,-198,206,285,-79,-0.12,138,176,30,68,0,0.3,0.1,144,160,-16,333,237,96,27.86,310.19,-7.07,-14.34,3997.26,2.59,23.31,3.86,2.11,--,0,3.71
6727,亞泰金屬,660,--,660,60,10,308,100,-3,0,-1,-4,296,271,25,0.08,296,296,0,0,0,0.93,0,21,40,-19,0,7,-7,77.65,161.08,-15.81,51.15,2118.47,2.94,25.42,5.46,0.68,79.18,5322,2.69
6728,上洋,109,109.5,109.5,-1.5,-1.35,58,17.24,-32,0,0,-32,14,18,-4,-0.07,-18,0,0,0,18,0,0.3,6,6,0,41,37,4,12.1,584.56,26.14,-4.65,4787.88,1.97,36.94,2.92,5.94,1.99,150,3.01
6730,常廣,36.75,36.8,36.75,-0.95,-2.52,63,6.35,3,0,0,3,0,42,-42,-0.67,-42,0,0,0,42,0,0.67,20,0,20,43,21,22,19.65,39.18,4.37,-5.19,484.36,0.44,47.97,2.13,4.08,--,0,3.63
6732,昇佳電子,181.5,182,181.5,0.5,0.28,401,42.82,76,0,0,76,119,157,-38,-0.09,-96,0,61,59,98,0.15,0.38,112,100,12,186,160,26,28.63,356.39,-1.9,-3.14,4431.65,2.19,22.02,2.58,3.03,5.18,633,4.89
6733,博晟生醫,27.25,27.35,27.25,-0.45,-1.62,460,30.77,-56,0,0,-56,0,0,0,0,0,0,0,0,0,0,0,67,54,13,395,408,-13,--,19.6,18.03,0.92,229.99,-0.13,72.37,-1.9,0,--,0,13.43
6735,美達科技,110.5,111,110.5,-2.5,-2.21,1133,38.05,191,0,0,191,378,423,-45,-0.04,-404,0,19,10,413,0.02,0.37,176,248,-72,603,486,117,197.32,34.97,-20.27,74.13,387.74,0.29,48.4,1.39,0.63,7.11,821,4.62
6739,竹陞科技,1355,1360,1355,75,5.86,439,52.98,-14,0,15,1,447,447,0,0,447,447,0,0,0,0.93,0,7,7,0,27,26,1,70.98,110.24,10.13,100.21,997.24,5.76,68.38,14.31,0.96,19.68,1151,2.34
6741,91APP*-KY,61.4,61.6,61.6,-1.4,-2.22,623,50.48,-366,0,0,-366,217,105,112,0.18,-105,0,0,0,105,0,0.17,116,145,-29,296,379,-83,14.7,173.44,-7.79,31.91,1977.79,1.15,74.2,4.23,3.25,5.4,1628,6.03
6742,澤米,59.5,59.6,59.5,-2,-3.25,2099,54.19,108,0,1,109,440,339,101,0.05,-339,0,0,0,339,0,0.16,235,365,-130,1459,1430,29,--,30.7,6.7,-49.51,441.16,-0.35,-8.87,-1.96,0,16.84,3000,7.13
6743,安普新,28.9,29.05,28.9,-0.25,-0.86,421,32.46,-44,0,20,-24,0,0,0,0,0,0,0,0,0,0,0,20,26,-6,405,399,6,35.68,454.14,11.27,11.82,5506.17,-0.19,18.69,-1.03,10.38,1.75,656,15
6751,智聯服務,47.5,47.6,47.55,0.05,0.11,18,27.78,2,0,0,2,0,0,0,0,0,0,0,0,0,0,0,0,0,0,19,19,0,9.16,108.28,-52.25,-39.19,1650.42,0.3,10.81,0.82,6.31,2.11,117,2.22
6752,叡揚,98.7,99,98.7,-1.8,-1.79,50,10,-23,0,0,-23,0,0,0,0,0,0,0,0,0,0,0,0,0,0,54,54,0,13.23,160.48,-1.81,-4.97,2037.87,1.39,46.36,3.79,4.86,5.22,485,3.71
6753,龍德造船,124.5,125,124.5,-2,-1.58,1388,36.96,-320,0,-30,-350,596,1008,-412,-0.29,-1008,0,0,0,1008,0,0.71,184,99,85,643,315,328,17.51,488.02,4.16,49.52,5495.92,2.7,33.1,6.53,1,17.49,5127,11.73
6754,匯僑設計,44.35,44.5,44.35,0,0,21,76.19,1,0,-2,-1,0,0,0,0,0,0,0,0,0,0,0,0,0,0,22,22,0,13.69,260.62,4.07,-19.57,3351.39,0.12,22.86,0.37,7.89,0.76,126,6.6
6756,威鋒電子,112.5,113,112.5,7.5,7.14,1098,48.75,-220,0,1,-219,351,261,90,0.08,210,106,245,141,0,0.31,0.13,163,250,-87,602,605,-3,74.01,168.38,15.27,10.48,1590.89,0.64,44.61,1.3,0.8,4.45,778,7
6757,台灣虎航,54.4,54.5,54.4,0.3,0.55,1169,41.27,0,0,23,23,262,309,-47,-0.04,-7,100,162,269,0,0.22,0.22,324,212,112,618,683,-65,8.75,1651.86,-7.69,26.46,18153.77,2.91,40.68,17.97,4.45,3.06,3513,45.95
6761,穩得,209.5,210,209.5,8,3.97,1863,59.98,432,0,35,467,975,810,165,0.09,975,975,0,0,0,0.51,0,226,298,-72,702,795,-93,30.45,177.26,6.37,-0.37,1893.04,1.6,38.3,3.25,2.86,39.04,3411,3.5
6762,達亞,180.5,187.5,188,0,0,8,12.5,0,0,0,0,0,0,0,0,0,0,0,0,0,0,0,0,0,0,9,9,0,--,60.15,15.64,-14.15,656.39,-0.38,15.53,-1.04,0.53,--,0,3.52
6763,綠界科技*,44.4,44.55,44.4,-0.9,-1.99,677,29.36,-82,0,0,-82,28,51,-23,-0.03,-51,0,0,0,51,0,0.07,36,159,-123,628,482,146,10.7,154.11,-10.88,10,1811.94,0.55,41.94,3.3,6.76,4.32,1987,1.84
6767,台微醫,26.3,26.85,26.8,0.7,2.68,7,85.71,0,0,0,0,0,0,0,0,0,0,0,0,0,0,0,0,0,0,7,7,0,--,28.56,-9.62,13.94,315.93,0.09,79.15,0.59,0,--,0,3.92
6768,志強-KY,84,84.2,84,-0.2,-0.24,405,54.59,12,-6,0,6,48,140,-92,-0.22,-140,0,0,0,140,0,0.34,100,29,71,265,243,22,15.91,2124.9,-13.18,5.92,19841.94,1.2,16.54,1.57,6.14,3.37,1685,20.01
6770,力積電,67.5,67.6,67.6,3.8,5.96,319771,59.72,70137,27,1933,72097,239977,230150,9827,0.03,173974,203233,19737,23449,25547,0.69,0.15,35005,44381,-9376,46964,47430,-466,37.98,5045.88,6.64,32.46,50422.73,3.36,10.23,15.94,0,11.75,125767,427.99
6776,展碁國際,58.7,58.8,58.7,-0.4,-0.68,444,28.89,-81,0,1,-80,51,44,7,0.02,-44,0,0,0,44,0,0.1,31,57,-26,371,352,19,14.6,3059.65,10.48,45.95,31551,1.14,6.26,3.58,5.11,4.68,1071,9.16
6781,AES-KY,1255,1260,1260,50,4.13,1958,56.37,308,0,32,340,2053,2013,40,0.02,1992,1993,60,61,0,0.97,0.03,14,22,-8,48,79,-31,32.2,1522.54,1.13,16.56,17308.63,10.64,36.1,5.21,1.52,15.14,3232,8.54
6782,視陽,190,190.5,190,-1,-0.52,363,35.36,29,0,0,29,60,214,-154,-0.41,-214,0,0,6,208,0,0.58,68,52,16,244,106,138,12.82,371.28,-21.64,-7.87,4466.64,3.82,45.82,5.55,4.42,2.93,462,6.3
6785,昱展新藥,127.5,128.5,127.5,-1,-0.78,101,37.62,-32,0,0,-32,8,8,0,0,-8,0,0,0,8,0,0.08,35,35,0,60,60,0,--,0,-100,--,3,-0.53,100,-1.47,0.08,6.58,1099,6.68
6788,華景電,424,424.5,424,0.5,0.12,739,35.39,-107,1,0,-106,246,414,-168,-0.21,-35,117,129,281,0,0.31,0.35,131,141,-10,428,251,177,22.93,231.19,11.72,1.32,2667.56,4.49,60.33,6.6,3.54,29.46,2853,3.87
6789,采鈺,569,570,569,13,2.34,4673,43.89,-393,12,21,-360,3539,3657,-118,-0.02,1726,1890,1649,1813,0,0.71,0.37,1269,1174,95,156,133,23,122.37,774.04,-5.89,-0.62,9107.16,1.5,32.24,2.55,0.53,12.51,9953,31.83
6790,永豐實,39.15,39.2,39.2,0,0,286,27.97,-17,0,0,-17,40,82,-42,-0.14,-82,0,0,0,82,0,0.28,30,46,-16,221,163,58,12.77,967.87,1.69,8.38,10648.74,0.83,28.55,3.74,6.76,0.49,328,26.71
6791,虎門科技,112.5,113.5,113,-2,-1.74,74,17.39,0,0,0,0,10,11,-1,-0.01,-11,0,0,0,11,0,0.15,5,6,-1,60,58,2,23.11,68.84,-8.17,8.92,831.7,1.64,41.69,6.71,3.1,7,365,2.08
6792,詠業,69.2,69.4,69.4,0.9,1.31,248,29.41,-30,0,2,-28,0,16,-16,-0.06,-16,0,0,16,0,0,0.06,24,21,3,227,214,13,31.4,123.13,0.38,-0.43,1330.21,0.53,32.24,1.67,3.6,2.37,284,4.79
6794,向榮生技,79.7,80,79.9,0.4,0.5,20,21.05,-2,0,2,0,0,0,0,0,0,0,0,0,0,0,0,0,0,0,21,21,0,--,1.89,1.34,-65.53,22.94,-0.36,62.77,-2.7,0,1.97,238,6.37
6796,晉弘,60.5,60.7,60.5,-1.1,-1.79,192,32.46,-32,0,-3,-35,19,19,0,0,-19,0,0,0,19,0,0.1,10,36,-26,168,142,26,--,53.97,-10.56,24.4,685.74,-0.32,36.54,-1.57,0.41,3.51,353,4.02
6799,來頡,101,101.5,101,0.5,0.5,736,42.16,-85,0,8,-77,132,240,-108,-0.14,-94,32,80,206,0,0.15,0.28,184,140,44,431,367,64,27.98,92.89,-0.45,8.85,970.72,1.14,46.82,3.03,2.48,18.27,1994,4.37
6803,崑鼎,286.5,287,287,-1,-0.35,84,22.62,-38,0,-6,-44,25,33,-8,-0.08,-33,0,0,0,33,0,0.34,27,34,-7,45,30,15,15.57,716.32,-8.69,2.56,9718.91,4.54,19.82,4.87,5.51,0.13,24,7.28
6804,明係,16.25,16.35,16.3,0.6,3.82,171,47.88,2,0,-2,0,0,0,0,0,0,0,0,0,0,0,0,49,0,49,124,173,-49,--,118.49,-22.7,34.25,1448.68,0.17,8.21,0.63,3.07,3.37,400,4.75
6805,富世達,1740,1745,1745,-50,-2.79,1650,24.43,-117,-340,-8,-465,1688,1776,-88,-0.05,-1552,22,180,184,1570,0.11,0.97,21,12,9,105,26,79,44.54,1353.13,-15.44,59.05,14848.45,13.38,32.31,12.55,0.72,17.81,3053,6.86
6806,森崴能源,--,8.35,8.35,-0.92,-9.92,314,0,31,0,0,31,0,0,0,0,0,0,0,0,0,0,0,0,0,0,328,328,0,--,1052.47,-63.83,-23.04,23685.83,-6.73,44.85,152.74,0,--,1070,27.46
6807,峰源-KY,33.4,33.6,33.55,0.25,0.75,14,64.29,2,0,0,2,0,0,0,0,0,0,0,0,0,0,0,0,0,0,15,15,0,9.84,295.73,5.03,-26.8,3806.28,0.63,17.27,1.32,7.45,1,135,5.4
6811,宏碁資訊,218.5,219,218.5,1.5,0.69,276,31.02,-28,0,0,-28,99,111,-12,-0.04,-30,17,47,42,52,0.23,0.33,35,52,-17,150,121,29,14.43,884.4,-11.91,24.26,10252.83,4.8,12.37,8.86,4.81,2.71,281,4.14
6821,聯寶,63.1,--,63.1,5.7,9.93,2151,70.73,252,0,4,256,771,298,473,0.22,730,751,0,0,21,0.35,0.01,285,368,-83,1111,1501,-390,58.43,59.11,34.02,-21.64,549.76,0.32,36.42,1.54,1.73,22.29,1831,3.26
6823,濾能,81.1,81.4,81.4,-0.8,-0.97,271,33.33,-77,0,7,-70,0,42,-42,-0.15,-42,0,0,0,42,0,0.15,48,32,16,228,202,26,--,63.26,-7.34,51.37,669.07,-2.46,-13.63,-14.13,0,13.46,934,3.05
6829,千附精密,225.5,226,225.5,14,6.62,652,46.06,-19,0,10,-9,228,302,-74,-0.12,77,147,81,151,0,0.38,0.25,89,85,4,361,291,70,53.82,170.18,-39.44,28.16,2036.64,1.63,26.19,4.86,1.55,7.44,1101,5.92
6830,汎銓,787,--,787,71,9.92,1682,68.94,19,0,1,20,1178,1099,79,0.04,1178,1178,0,0,0,0.66,0,557,629,-72,51,58,-7,--,211.78,-5.55,20.24,2328.32,-0.61,21.58,-1.02,0.13,36.28,4847,5.34
6831,邁科,791,792,792,6,0.76,509,73.94,202,0,-2,200,419,427,-8,-0.02,200,233,160,157,36,0.74,0.36,93,83,10,18,20,-2,160.98,213.12,-32.15,-24.33,3922.17,0.66,18.2,1.62,0.38,--,0,6.75
6834,天二科技,77.5,--,77.5,7,9.93,3196,77.79,-116,0,-5,-121,1309,1343,-34,-0.01,497,931,82,133,383,0.32,0.16,498,595,-97,1416,1285,131,127.05,179.4,8.18,32.25,1543.68,0.45,23.04,2.74,0.52,27.89,6168,8.85
6835,圓裕,38.15,38.2,38.15,-1.15,-2.93,451,42,-49,0,0,-49,27,115,-88,-0.19,-88,27,0,0,115,0.06,0.25,69,51,18,357,287,70,293.46,222.74,4.69,-4.9,2345.65,0.05,16.58,0.19,2.62,4.79,792,6.62
6838,台新藥,25.55,25.7,25.65,-0.25,-0.97,316,45.86,-78,0,-3,-81,0,0,0,0,0,0,0,0,0,0,0,100,106,-6,217,211,6,--,0,-100,--,54.32,-0.1,86.94,-1.05,0,--,2835,15.1
6840,東研信超,63,63.4,63,0.5,0.8,167,32.34,25,0,0,25,0,0,0,0,0,0,0,0,0,0,0,20,9,11,149,160,-11,42,87.66,6.53,10.46,933.92,0.12,40.2,0.34,1.59,5.76,443,3.08
6841,長佳智能,57.9,58.2,57.9,-1.4,-2.36,547,36.15,-40,0,-1,-41,46,84,-38,-0.07,-84,0,0,0,84,0,0.15,68,91,-23,442,381,61,60.95,33.02,9.84,17.61,376.87,0.26,70.05,0.98,1.73,8.25,1965,9.52
6843,進典,43.5,43.7,43.5,0.1,0.23,45,11.43,0,0,0,0,0,0,0,0,0,0,0,0,0,0,0,0,0,0,45,45,0,21.32,65.28,3.94,9.95,843.2,0.4,39.5,1.32,4.6,1.06,88,3.33
6844,諾貝兒,64.5,66.6,66.6,-0.2,-0.3,20,45,2,0,0,2,0,0,0,0,0,0,0,0,0,0,0,0,0,0,21,21,0,25.62,273.16,-3.6,-0.14,3423.65,1.57,34.64,1.87,6.01,--,0,3.74
6846,綠茵,68.3,68.6,68.6,-0.4,-0.58,25,32,-3,0,0,-3,0,0,0,0,0,0,0,0,0,0,0,0,0,0,25,25,0,14.03,64.25,-35.35,-0.08,880.6,1.15,48.69,3.31,5.74,--,0,2.71
6855,數泓科,102,103,102,-2,-1.92,18,38.89,1,0,0,1,0,0,0,0,0,0,0,0,0,0,0,0,6,-6,19,13,6,14.68,51.07,8.76,15,597.04,2.03,48.75,5.41,5.39,--,0,2.32
6856,鑫傳,48.45,52.9,53.4,0.9,1.71,1,100,0,0,0,0,0,0,0,0,0,0,0,0,0,0,0,0,0,0,1,1,0,19.63,63.68,19.55,0.01,767.86,0.56,67.84,1.57,5.62,--,0,2.82
6859,伯特光,118.5,119,119,-1.5,-1.24,80,32.91,-14,0,0,-14,9,0,9,0.11,0,0,0,0,0,0,0,15,26,-11,58,56,2,60.41,57.09,-4.49,-39.03,754.79,1.01,27.61,1.97,1.68,7,728,4.16
6861,睿生光電,422,423,422,-27,-6.01,1952,24.23,-330,0,-38,-368,723,1330,-607,-0.3,-1220,35,30,79,1206,0.03,0.63,301,247,54,1015,462,553,85.77,262.16,-4.43,39.71,2622.59,2.12,26.26,5.86,0.47,34.96,3636,4.16
6862,三集瑞-KY,185.5,186,185.5,-3.5,-1.85,1297,34.3,10,0,1,11,334,431,-97,-0.07,-88,78,165,235,96,0.18,0.25,321,320,1,686,590,96,30.41,141.44,-21.78,-49.12,1990.02,1,32.55,1.64,2.7,10.35,1294,5
6863,永道-KY,112,112.5,112,2,1.82,182,37.57,33,0,4,37,35,58,-23,-0.12,35,35,0,0,0,0.19,0,31,30,1,120,98,22,102.75,522.6,18.58,45.6,4128.65,0.61,19.32,0.76,1.34,5.36,1003,7.49
6865,偉康科技,27.7,28,28,-0.45,-1.58,26,46.15,-3,0,0,-3,0,0,0,0,0,0,0,0,0,0,0,0,0,0,26,26,0,164.71,20.04,48.89,-24.73,358.77,-1.12,35.28,-4.75,5,8.31,329,1.58
6869,雲豹能源,83.1,83.2,83.2,2.5,3.1,879,45.35,-44,0,7,-37,44,72,-28,-0.03,44,44,0,0,0,0.05,0,145,182,-37,713,648,65,--,537.32,-28,-61.48,7280.25,-0.99,19.49,-1.92,2.4,9.26,3190,13.78
6870,騰雲,232.5,233,233,-2,-0.85,162,46.87,-13,0,-2,-15,5,0,5,0.03,0,0,0,0,0,0,0,16,22,-6,155,154,1,30.94,85.89,5.11,81.46,897.84,1.1,66.29,1.88,2.25,13.11,766,2.34
6872,浩宇生醫,18.1,18.35,18.05,-0.25,-1.37,59,37.29,9,0,0,9,0,0,0,0,0,0,0,0,0,0,0,0,0,0,60,60,0,--,1.3,-92.3,226.32,28.51,-0.41,56,-5.06,0,--,0,7.08
6873,泓德能源,87.6,87.7,87.7,0.3,0.34,452,48.45,-22,0,3,-19,44,18,26,0.06,26,19,25,0,18,0.1,0.04,98,88,10,322,358,-36,27.32,430.74,-45.36,-35.55,8505.48,0.25,40.47,0.28,2.85,11.08,3832,14.26
6874,倍力,79.5,80,79.9,-1.1,-1.36,61,21.67,-25,0,0,-25,0,0,0,0,0,0,0,0,0,0,0,0,7,-7,62,55,7,20.18,98.29,-44.86,45.69,1826.41,1.95,9.56,8.57,5.01,5.18,285,2.2
6875,國邑*,37.6,37.65,37.65,-0.35,-0.92,237,54.43,24,0,0,24,0,0,0,0,0,0,0,0,0,0,0,46,32,14,192,206,-14,--,0,-100,--,69.06,-0.73,18.42,-6.23,0,--,0,6.46
6877,鏵友益,160.5,161,160.5,8,5.25,399,51.01,-27,0,1,-26,113,61,52,0.13,113,106,7,0,0,0.28,0,98,95,3,195,251,-56,--,24.12,18.21,33.31,397.29,-0.65,47.74,-3.44,0.31,81.73,8198,4.7
6881,潤德,269,272,272,-1,-0.37,3,66.67,0,0,0,0,0,0,0,0,0,0,0,0,0,0,0,0,0,0,3,3,0,13.1,215.94,0.38,7.9,2548.82,5.23,21.09,8.33,6.8,--,0,1.5
6884,海柏特,33.1,33.3,33.1,0.3,0.91,17,66.67,1,0,0,1,0,0,0,0,0,0,0,0,0,0,0,0,0,0,18,18,0,17.7,114.29,10.89,32.71,1258.99,0.42,19.74,2.37,4.53,--,0,1.84
6885,全福生技,21.5,21.6,21.5,-0.9,-4.02,630,34.98,-68,0,13,-55,0,50,-50,-0.08,-50,0,0,0,50,0,0.08,0,90,-90,634,494,140,--,0.77,-36.38,2152.94,8.95,-0.5,-11.34,-4.43,0,7.23,2403,13.3
6887,寶綠特-KY,31.7,32.05,31.7,-2.25,-6.63,284,25.35,-18,0,0,-18,0,0,0,0,0,0,0,0,0,0,0,18,0,18,268,286,-18,13.38,298.28,-17.62,-13.11,4165.54,-0.62,23.81,-1.56,7.63,6.21,1152,7.42
6890,來億-KY,169.5,170,169.5,0.5,0.3,430,36.58,71,0,4,75,191,177,14,0.03,-95,8,74,54,123,0.19,0.4,133,84,49,119,182,-63,16.77,4211.25,51.51,-9.23,36561.41,0.75,11.65,0.66,5.31,3.41,2129,24.94
6894,衛司特,373,374.5,374.5,16,4.46,299,55.78,49,0,2,51,81,46,35,0.11,81,81,0,0,0,0.26,0,72,90,-18,162,179,-17,29.08,191.6,-19.35,88.37,1662.14,4.5,35.82,6.43,2.27,8.18,487,2.38
6895,宏碩系統,154.5,155,154.5,1.5,0.98,99,31.91,-6,0,1,-5,30,10,20,0.2,30,30,0,0,0,0.3,0,4,24,-20,67,67,0,47.69,28.32,-10.46,-47.95,816.77,0,24.37,-0.01,1.88,12.5,1066,3.41
6899,創為精密,63.1,63.2,63.1,0.6,0.96,460,42.11,19,0,0,19,0,0,0,0,0,0,0,0,0,0,0,77,46,31,389,420,-31,17.53,92.61,5.13,-14.22,1165.8,1.08,41.57,2.44,4.44,2.49,264,4.24
6901,鑽石投資,13.3,13.35,13.3,-0.7,-5,2520,33.91,-1167,0,-13,-1180,200,1036,-836,-0.33,-1036,0,0,0,1036,0,0.41,190,280,-90,2141,1215,926,--,566.25,766.97,331.08,-51.89,-0.42,--,-3.94,0,1.54,3291,85.29
6902,GOGOLOOK,137.5,138,138,8.5,6.56,598,65.82,85,0,-1,84,86,61,25,0.04,48,76,10,30,8,0.14,0.06,224,153,71,295,391,-96,47.1,98.84,-8.37,21.15,1129.1,1.64,89.08,7.97,0,6.08,537,3.55
6903,巨漢,415.5,417,415.5,23,5.86,1769,62.23,648,0,34,682,1130,813,317,0.17,1130,1130,0,0,0,0.62,0,233,253,-20,466,763,-297,25.62,697.78,-4.99,297.05,5632.09,6.72,31.43,12.68,2.05,11.53,1922,6.67
6904,伯鑫,112,116,116,1,0.87,12,66.67,0,0,0,0,0,0,0,0,0,0,0,0,0,0,0,0,5,-5,12,7,5,19.17,63.56,-23.66,-3.02,842.34,1.83,29.49,3.22,4.31,--,0,1.85
6906,現觀科,92.7,--,92.7,8.4,9.96,1079,54.03,58,0,0,58,62,141,-79,-0.07,31,11,51,31,0,0.06,0.03,165,180,-15,865,770,95,48.53,21.89,-26.45,1.69,348.83,0.6,86.23,2.63,1.94,7.63,640,3.35
6907,雅特力-KY,123,123.5,123,1.5,1.23,1276,43.03,7,0,2,9,514,468,46,0.04,94,256,143,88,217,0.31,0.24,145,255,-110,635,572,63,47.86,286.72,10.52,121.66,2102.7,1.16,35.11,5.35,0.81,--,0,6.25
6909,創控,54.4,54.6,54.4,0.7,1.3,678,42.84,-18,0,-2,-20,26,72,-46,-0.07,-46,26,0,72,0,0.04,0.11,49,65,-16,610,548,62,67.16,36.78,-25.64,54.78,535.13,0.07,57.49,0.46,1.84,14.86,2497,6.72
6910,德鴻,28.25,28.3,28.3,-0.5,-1.74,41,29.27,-4,0,0,-4,0,0,0,0,0,0,0,0,0,0,0,0,0,0,41,41,0,16.08,33.16,-12.28,8.29,--,0.27,52.79,1.8,6.18,--,0,3.05
6913,鴻呈,140.5,141,141,1,0.71,1022,52.44,169,13,36,218,309,483,-174,-0.17,-27,127,151,251,54,0.27,0.29,275,149,126,453,405,48,29.25,302.96,26.96,25.45,2827.87,1.58,29.19,4.28,1.77,15.33,1680,4.38
6914,阜爾運通,141.5,142,141.5,-2,-1.39,178,25.57,-73,0,0,-73,36,99,-63,-0.33,-99,0,0,0,99,0,0.52,33,26,7,120,64,56,14.47,476.23,-3.9,6.82,5830.16,2.34,21.98,4.34,5.65,2.18,361,6.62
6916,華凌,18.2,18.55,18.45,0.65,3.65,63,69.84,-1,0,1,0,0,0,0,0,0,0,0,0,0,0,0,0,0,0,63,63,0,--,198.89,0.31,8.1,2034.91,-0.49,20.12,-3.13,0,3.03,511,6.75
6918,愛派司,73.5,73.7,74,-0.5,-0.67,58,37.93,-14,0,0,-14,0,0,0,0,0,0,0,0,0,0,0,0,0,0,59,59,0,14.77,84.87,15.07,11.86,867.89,1.39,66.23,3.96,6.76,0.56,48,3.46
6919,康霈*,107.5,108,108,4,3.85,9244,61.95,1739,0,79,1818,6386,5115,1271,0.14,4882,5174,1137,1287,142,0.67,0.15,992,1497,-505,2023,2789,-766,--,3.57,178200,-70.8,29.39,-0.07,50,-1.15,0,--,0,7.79
6922,宸曜,190.5,192,191,3.5,1.87,226,50.23,22,0,-5,17,35,65,-30,-0.13,35,35,0,0,0,0.15,0,66,32,34,133,137,-4,27.02,180.14,-10.27,26.99,1774.82,2.6,40.3,6.9,2.53,2.77,188,2.72
6923,中台,78.6,79,78.7,-0.5,-0.63,166,31.87,-21,0,-2,-23,0,0,0,0,0,0,0,0,0,0,0,16,7,9,151,160,-9,25.64,118.84,15.87,31.98,1196.63,0.84,30.85,2.88,3.81,8.78,2008,9.15
6925,意藍,58,58.1,58,-1.3,-2.19,138,37.23,-43,0,0,-43,0,0,0,0,0,0,0,0,0,0,0,0,14,-14,143,129,14,20.35,16.77,5.81,6.88,213.97,0.39,75.45,1.98,3.45,3.5,175,2
6928,攸泰科技,46.85,47,46.85,-0.15,-0.32,140,43.88,-8,0,0,-8,0,0,0,0,0,0,0,0,0,0,0,0,18,-18,142,124,18,--,130.53,-24.77,-20.37,1870.06,-0.04,27.99,-0.16,0,4.01,863,8.6
6929,佑全,22.2,22.75,22.8,-0.2,-0.87,37,70.59,2,0,0,2,0,0,0,0,0,0,0,0,0,0,0,0,0,0,39,39,0,--,262.34,-3.55,-0.78,3218.76,-0.21,33.17,-0.93,0,--,0,4.51
6931,青松健康,40,40.2,40,-0.95,-2.32,174,31.76,-42,0,0,-42,0,0,0,0,0,0,0,0,0,0,0,0,0,0,178,178,0,20.73,105.74,-3.7,12.72,1180.21,0.49,15.24,2.86,1.2,0.81,134,6.62
6933,AMAX-KY,166.5,167.5,167,2,1.21,239,31.62,-1,0,-3,-4,9,28,-19,-0.08,-11,9,0,20,0,0.04,0.08,55,84,-29,182,134,48,28.02,665.14,-13.87,50.74,7083.29,1.1,13.68,1.99,1.5,6.7,710,4.24
6934,心誠鎂,75.5,75.8,75.8,-1,-1.3,98,59.79,23,0,-2,21,0,44,-44,-0.44,-44,0,0,0,44,0,0.44,15,7,8,84,48,36,--,4.51,24.3,546.63,--,-1.43,-446.32,-11.66,0,--,0,3.6
6936,永鴻生技,33.1,33.35,33.1,-0.5,-1.49,105,6.73,-1,0,0,-1,0,0,0,0,0,0,0,0,0,0,0,0,0,0,106,106,0,17.51,132.26,-0.02,27.2,1472.07,0.6,37.31,3.18,4.56,1.4,255,7.28
6937,天虹,351,351.5,351.5,28,8.66,2438,55.65,408,0,58,466,1515,1303,212,0.08,1515,1515,0,0,0,0.61,0,298,397,-99,689,800,-111,108.82,153.21,-46.61,22.43,2393.97,0.96,41.77,1.77,0.4,14.54,2459,6.77
6944,兆聯實業,931,934,931,7,0.76,502,54.51,82,0,28,110,357,317,40,0.07,335,342,15,22,0,0.66,0.04,158,193,-35,27,32,-5,26.2,1517.41,0.28,32.08,18948.56,10.08,27.15,9.16,2.15,6.57,1259,7.67
6952,大武山,36.5,36.55,36.5,-0.25,-0.68,26,38.46,0,0,-3,-3,0,0,0,0,0,0,0,0,0,0,0,0,0,0,27,27,0,48.03,200.19,3.24,53.76,2166.74,0.32,20.66,1.1,0,0.15,26,6.83
6953,家碩,267.5,270.5,267.5,6.5,2.49,158,49.28,5,0,0,5,49,31,18,0.11,28,19,30,21,0,0.3,0.13,49,64,-15,68,71,-3,34.7,115.25,32.57,13.75,1356.77,1.26,46.74,2.41,2.24,5.28,396,3
6957,裕慶-KY,158,160,160,-0.5,-0.31,118,25.42,-70,0,0,-70,23,21,2,0.02,-21,0,0,0,21,0,0.18,8,35,-27,88,63,25,15.34,368.41,-26.61,53.31,4176.73,1.51,30.22,3.03,5.63,7.28,1010,5.55
6958,日盛台駿,16.9,17.1,16.9,-0.45,-2.59,45,26.67,-7,0,1,-6,0,0,0,0,0,0,0,0,0,0,0,0,0,0,48,48,0,--,829.68,-6.98,-12.86,10400.95,0.2,28.35,0.79,2.96,0.11,106,40.33
6961,旅天下,58.2,58.4,58.2,-0.2,-0.34,25,32,0,0,0,0,0,0,0,0,0,0,0,0,0,0,0,0,0,0,26,26,0,20.42,333.98,-15.85,10.62,--,1.9,16.24,5.3,8.59,--,0,2.68
6962,奕力-KY,39.1,39.15,39.1,-0.75,-1.88,9555,29.53,-1294,0,-8,-1302,2039,4469,-2430,-0.25,-3833,96,306,459,3776,0.04,0.44,1508,1468,40,6056,3666,2390,26.78,1660.22,20.45,-3.91,18360.03,0.58,27.33,1.38,2.56,8.05,9908,49.24
6965,中傑-KY,76.4,76.6,76.5,-0.5,-0.65,65,39.34,-1,0,0,-1,0,0,0,0,0,0,0,0,0,0,0,24,21,3,41,44,-3,47.52,1746.05,-2.19,-0.62,20329.56,-0.64,10.05,-0.76,6.54,0.12,45,15.63
6967,汎瑋材料,73.4,73.8,73.5,-0.6,-0.81,112,18.02,-41,0,0,-41,0,15,-15,-0.13,-15,0,0,0,15,0,0.13,10,8,2,103,90,13,16.74,129.27,-18.65,9.6,1510.92,1.07,26.72,3.26,5.03,3.9,243,2.49
6968,萬達寵物,43.6,44,43.8,-1.2,-2.67,66,33.85,-17,0,0,-17,0,0,0,0,0,0,0,0,0,0,0,0,0,0,68,68,0,17.8,295.29,-1.49,13.72,3383.28,0.96,41.15,3.59,3.42,2.52,280,4.94
6971,惠民實業,27.6,27.8,27.6,-0.3,-1.08,42,76.19,13,0,0,13,0,0,0,0,0,0,0,0,0,0,0,0,0,0,42,42,0,12.49,149.31,-18.48,-6.06,2341.81,0.16,8.83,0.44,5.43,0.34,33,3.87
6982,大井泵浦,56.9,57.1,56.9,-0.3,-0.52,233,24.77,-58,0,0,-58,0,0,0,0,0,0,0,0,0,0,0,12,13,-1,224,223,1,--,161.21,-14.8,10.4,1686.42,0.1,24.08,0.42,2.81,2.64,269,4.07
6983,華洋精機,385,387,385,300,352.94,899,65.31,1,0,0,1,308,393,-85,-0.09,110,158,150,198,0,0.33,0.21,144,119,25,479,419,60,109.38,13.04,-37.76,-31.74,--,0.19,50.46,0.73,0.78,--,0,1.8
6994,富威電力,55.1,55.2,55.1,-0.9,-1.61,389,30.48,-116,0,0,-116,19,21,-2,-0.01,-21,0,0,0,21,0,0.05,45,76,-31,333,300,33,9,196.47,-42.68,41.16,5474.9,0.48,19.19,1.26,5.44,15.73,2916,7.42
6996,力領科技,187.5,188.5,187.5,-6.5,-3.35,312,27.65,-10,0,-4,-14,16,139,-123,-0.38,-119,10,0,0,129,0.03,0.4,57,74,-17,247,107,140,14.52,285.6,6.25,13.29,2819.47,3.27,40.83,5.24,5.33,3.09,324,4.2
6997,博弘,71.1,71.6,71,0,0,3,0,0,0,0,0,0,0,0,0,0,0,0,0,0,0,0,0,0,0,3,3,0,52.21,552.32,38.26,56.58,4723.54,-2.31,9.04,-8.52,6.48,--,0,2.21
7402,邑錡,99.5,99.7,99.6,2.9,3,706,47.5,-40,-62,1,-101,70,59,11,0.02,45,57,0,0,12,0.08,0.02,60,101,-41,589,559,30,--,45.24,-2.13,3.53,498.1,-0.4,25.71,-2.2,0.5,46.6,4110,3.53
7547,碩網,68.6,69,68.9,0.7,1.03,122,42.98,-11,0,0,-11,22,0,22,0.18,22,0,22,0,0,0.18,0,19,14,5,82,109,-27,27.89,24.47,-30.85,3.14,381.96,0.42,41.23,1.42,2.61,3.05,256,3.37
7556,意德士,288,289,288,12,4.35,204,50.99,18,0,0,18,30,28,2,0.01,30,30,0,0,0,0.14,0,76,57,19,103,124,-21,37.99,71.08,-5.64,12.88,776.61,2.52,39.22,5.06,1.6,7.02,484,2.76
7584,樂意,26.55,27.2,26.9,-0.8,-2.89,25,44,-1,0,0,-1,0,0,0,0,0,0,0,0,0,0,0,0,0,0,26,26,0,--,69.71,11.88,-7.84,879.84,-1.23,33.1,-4.46,1.49,0.68,28,1.65
7642,昶瑞機電,68.7,70.3,68.8,-0.9,-1.29,29,31.03,0,0,0,0,0,0,0,0,0,0,0,0,0,0,0,0,0,0,31,31,0,29.78,49.63,35.37,-31.06,679.12,0.5,28.38,1.55,4.36,1.13,85,3.02
7703,銳澤,213.5,215,214.5,5.5,2.63,167,50.31,46,0,0,46,65,38,27,0.16,65,65,0,0,0,0.37,0,29,28,1,80,108,-28,27.36,257.35,71.9,23.54,2653.32,1.08,20.59,1.76,3.26,6.49,564,3.47
7704,明遠精密,68,68.6,68.1,2.5,3.81,394,44.76,61,0,0,61,0,0,0,0,0,0,0,0,0,0,0,42,50,-8,356,348,8,29.87,59.8,-9.48,0.14,686.36,0.7,34.76,2.03,2.64,5.71,482,3.38
7705,三商餐飲,31.2,31.3,31.25,-0.65,-2.04,73,20.9,-25,0,4,-21,0,0,0,0,0,0,0,0,0,0,0,0,0,0,77,77,0,14.01,488.43,-7.72,1.86,6635.95,0.35,34.58,1.5,5.12,0.62,103,6.61
7708,全家餐飲,91.1,91.6,91.5,-0.3,-0.33,28,10.71,0,0,0,0,0,0,0,0,0,0,0,0,0,0,0,0,0,0,31,31,0,13.4,238.51,3.43,15.78,2831.16,1.92,47.64,4.94,6.01,--,0,2.55
7709,榮田,91,91.3,91.1,0.5,0.55,464,37.17,14,0,0,14,26,46,-20,-0.04,-5,26,0,31,0,0.06,0.07,69,50,19,374,373,1,45.1,152.69,75.91,62.9,1073.38,0.37,21.68,0.87,1.65,5.94,581,3.91
7711,永擎,396,396.5,396,7,1.8,862,45.26,-134,0,1,-133,391,461,-70,-0.08,68,141,249,322,0,0.43,0.36,128,154,-26,387,291,96,24.77,1638.02,-53.84,-44.22,27835.61,7.68,12.39,11.24,2.27,--,0,7.17
7712,博盛半導體,167.5,168,167.5,0,0,2586,49.22,-58,0,12,-46,1153,1261,-108,-0.04,278,764,25,42,469,0.3,0.2,425,474,-49,1040,884,156,30.4,131.15,14.02,2.93,1334.58,1.42,35.3,2.4,2.39,20,1628,3.26
7713,威力德生醫,66.4,66.7,67,-0.9,-1.33,37,45.95,2,0,0,2,0,16,-16,-0.43,-16,0,0,0,16,0,0.43,0,0,0,37,21,16,13.81,114.96,12.34,38.8,1175.25,1.17,34.51,4.44,6.12,--,0,4.55
7714,創泓科技,121.5,122,121.5,-1,-0.82,92,28.74,-19,0,0,-19,0,11,-11,-0.12,-11,0,0,0,11,0,0.12,20,20,0,75,64,11,17.69,144.21,-9.14,-10.1,1813.07,1.58,19.23,6.08,4.12,5.01,263,2.1
7715,裕山,28.35,28.55,28.35,-1.25,-4.22,340,29.08,-48,0,0,-48,0,39,-39,-0.11,-39,0,0,0,39,0,0.11,96,65,31,247,239,8,11.81,102.16,30.14,16.92,1007.21,0.64,28.16,2.3,6.35,4.45,364,3.27
7716,昱臺國際,23.1,25.2,--,--,--,0,--,0,0,0,0,0,0,0,--,0,0,0,0,0,--,--,0,0,0,0,0,0,19.69,164.91,7.78,-7.78,--,0.17,21.26,0.79,6.75,--,0,2.25
7717,萊德光電-KY,726,727,726,29,4.16,741,49.72,-3,0,43,40,374,384,-10,-0.01,358,365,9,16,0,0.48,0.02,371,364,7,36,33,3,122.64,94.54,17.61,-21.37,889.07,1.57,57.52,3.72,0.45,1.86,115,2.48
7718,友鋮,48.85,49.2,49.65,-0.25,-0.5,33,72.73,2,0,0,2,0,0,0,0,0,0,0,0,0,0,0,0,0,0,33,33,0,11.82,172.08,-20.42,-6.35,2466.7,1.5,20.16,4.32,5.04,0.3,35,4.64
7721,微程式,80.9,81,81,1,1.25,1622,53.99,148,0,-5,143,291,345,-54,-0.03,291,291,0,0,0,0.18,0,326,303,23,1023,992,31,124.62,61.28,22.62,49.59,552.16,0.21,64.17,0.9,1.23,5.43,684,5.54
7722,LINEPAY,260.5,262,261.5,-4.5,-1.69,141,41.43,-39,0,-1,-40,23,29,-6,-0.04,-25,0,4,0,29,0.03,0.19,40,53,-13,91,72,19,37.09,657.15,-6.2,11.43,8221,1.97,23.2,1.24,0.76,2.16,368,6.8
7723,築間,23.8,23.9,23.8,-0.95,-3.84,227,18.14,-59,0,0,-59,0,0,0,0,0,0,0,0,0,0,0,0,0,0,231,231,0,--,309.91,-3.7,-16.87,4621.03,-0.9,44.69,-5.62,0,1.24,154,4.96
7728,光焱科技,763,766,764,44,6.11,134,61.83,7,0,0,7,60,33,27,0.19,49,41,19,9,2,0.42,0.08,74,101,-27,8,8,0,142.27,20.14,-36.36,-24.04,365.61,1.53,67.03,2.9,0.67,17.15,594,1.39
7732,金興精密,35.3,35.65,35.5,0.3,0.85,24,70.83,0,0,0,0,0,0,0,0,0,0,0,0,0,0,0,0,0,0,24,24,0,20.76,70.69,-45.56,-35.57,1020.64,0.82,28.75,2.9,4.23,0.27,44,6.47
7734,印能科技,3465,3470,3470,85,2.51,221,49.09,-3,5,3,5,224,226,-2,-0.01,224,224,0,0,0,0.94,0,2,4,-2,13,9,4,88.36,393.47,34.97,58.9,2843.31,14.68,65.25,6.23,0.57,8.03,562,2.8
7736,虎山,71.5,72.3,72.1,0.6,0.84,51,58,5,0,-1,4,0,0,0,0,0,0,0,0,0,0,0,18,18,0,33,33,0,15.85,85.04,-28.35,-41.09,1542.57,1.18,28.8,2.53,5.27,0.16,30,7.6
7738,東聯互動,164.5,165,164.5,-3,-1.79,76,38.16,-7,0,0,-7,7,29,-22,-0.28,-29,0,0,0,29,0,0.37,20,16,4,51,33,18,11.83,49.5,-0.41,13.87,593.96,2.8,54.5,4,6.08,0.35,24,2.74
7743,金利食安,19,19.55,19,-0.2,-1.04,16,0,0,0,0,0,0,0,0,0,0,0,0,0,0,0,0,0,0,0,17,17,0,38.78,80.1,33.13,-4.41,712.83,0.05,22.58,0.23,2.63,--,0,3.65
7744,崴寶,519,520,520,19,3.79,141,55.71,30,0,-1,29,53,83,-30,-0.2,51,53,0,2,0,0.36,0.01,88,58,30,6,6,0,30.86,354.32,5.4,80.51,--,5.66,36.13,7.14,1.35,--,0,3.2
7747,昕奇雲端,123,125,125,0,0,8,100,0,0,0,0,0,0,0,0,0,0,0,0,0,0,0,7,7,0,2,2,0,30.79,134.07,-14.42,1.97,1577.3,1.39,15.19,4.07,3.2,--,0,2.74
7749,意騰-KY,534,536,535,-9,-1.65,1344,43.21,-159,0,-4,-163,771,903,-132,-0.09,-365,60,420,481,364,0.34,0.59,591,474,117,64,49,15,42.94,191.11,2.75,39.5,1866.66,3.56,70.18,4.31,1.68,12.74,1481,4.65
7750,新代,2535,2540,2535,145,6.07,496,45.67,-4,36,6,38,505,511,-6,-0.01,473,473,32,32,0,0.94,0.06,9,8,1,25,19,6,63.33,2920.38,30,94.87,16991.73,15.38,48.77,9.42,0.63,4.29,771,7.18
7751,竑騰,1805,1815,1810,-5,-0.28,125,78.72,-22,-3,-8,-33,128,142,-14,-0.09,-5,20,96,109,12,0.75,0.79,6,4,2,21,8,13,79.91,241.05,9.39,67.2,2217.63,7,55.7,8.12,0.99,--,0,2.69
7753,星亞,42.5,42.65,42.9,-0.1,-0.23,42,51.22,4,0,0,4,0,0,0,0,0,0,0,0,0,0,0,0,0,0,43,43,0,10.39,76.18,21.35,8.63,873.36,1.08,37.36,4.79,3.5,0.96,60,2.5
7757,金色三麥,103,103.5,103.5,-0.5,-0.48,15,6.67,0,0,0,0,0,0,0,0,0,0,0,0,0,0,0,0,0,0,18,18,0,12.26,163.72,-10.35,1.34,2320.68,1.64,54.36,3.59,7.49,0.03,2,2.41
7760,享溫馨,33.05,33.3,33.3,-0.1,-0.3,485,23.3,-22,0,-363,-385,339,317,22,0.05,-317,0,0,0,317,0,0.65,21,0,21,126,169,-43,51.23,82.15,-20.05,-7.04,--,0.7,42.87,2.14,6.61,--,0,6.6
7765,中華資安,246,247,246,-3,-1.2,120,22.5,-39,0,3,-36,45,44,1,0.01,-40,4,0,0,44,0.03,0.35,18,19,-1,64,64,0,22.18,245.8,10.11,75.03,2232.3,3.38,49.03,6.47,3.93,3.37,343,4.07
7767,仁大資訊,43.35,43.45,43.35,-0.3,-0.69,20,40,0,0,0,0,0,0,0,0,0,0,0,0,0,0,0,0,0,0,20,20,0,11.91,231.63,26.31,33.3,2371.54,0.72,14.07,2.43,6.92,--,0,3.01
7768,頌勝科技,393.5,394,394,16,4.23,493,56.65,35,0,0,35,234,201,33,0.06,211,217,14,12,8,0.44,0.04,91,106,-15,197,214,-17,123.13,174.67,-8.13,-11.05,--,1.62,55.77,5.41,1,--,0,7.01
7769,鴻勁,7645,7780,7645,-85,-1.1,309,43.59,-25,-33,8,-50,330,350,-20,-0.05,-16,78,176,191,79,0.68,0.72,14,10,4,30,15,15,95.41,4362.65,1.73,111.83,--,25.7,56.24,7.66,0.85,--,0,17.99
7770,君曜,42.55,43.75,42.55,0.15,0.35,14,33.33,0,0,-2,-2,0,0,0,0,0,0,0,0,0,0,0,0,0,0,15,15,0,20.36,26.13,41.19,-37.48,--,0.1,29.01,0.51,4.7,--,0,3.01
7772,耀穎,170.5,171,170.5,5,3.02,427,27.69,-114,0,-2,-116,32,85,-53,-0.12,-35,20,12,67,0,0.07,0.15,97,117,-20,320,247,73,195.98,38.92,3.03,-11.93,--,0.35,31.7,1.21,0.88,--,0,2.65
7777,能率亞洲,34.9,34.95,34.9,0.45,1.31,3830,45.18,235,0,-13,222,214,125,89,0.02,150,178,36,64,0,0.06,0.02,537,623,-86,3101,3104,-3,54.53,112.45,205.62,1298.03,262.41,-0.25,-572.36,-2.16,0.74,--,0,18.25
7780,大研生醫*,18.1,18.15,18.15,-0.35,-1.89,2663,42.15,-108,0,-23,-131,407,608,-201,-0.07,-608,0,0,0,608,0,0.23,416,362,54,1862,1715,147,43.21,171.84,-9.44,40.46,2073.65,0.13,60.09,1.9,3.86,--,0,8.1
7782,光速火箭,25.7,25.95,25.95,-0.4,-1.52,155,8.28,-7,0,0,-7,0,0,0,0,0,0,0,0,0,0,0,21,51,-30,135,105,30,15.63,50.69,-10.49,6.01,699.76,0.55,66.14,2.56,7.75,0.1,6,2.32
7786,東方風能,118.5,119,119,0.5,0.42,251,46.4,-12,0,-4,-16,42,23,19,0.07,-13,10,0,0,23,0.04,0.09,83,75,8,135,162,-27,12.12,1288.91,15.95,52.31,11573.24,1.2,19.81,2.12,4.71,--,0,17.6
7788,松川精密,193.5,194.5,193.5,1,0.52,1615,29.66,-511,0,3,-508,411,1010,-599,-0.36,107,333,78,304,0,0.25,0.18,290,257,33,953,386,567,51.19,698.72,5.47,16.38,6769.23,2.22,26.94,2.97,1.03,4.93,982,7.97
7791,皇家可口,64.4,64.5,64.4,1.2,1.9,48,47.92,8,0,0,8,0,0,0,0,0,0,0,0,0,0,0,0,8,-8,51,43,8,14.06,210.28,23.44,-7.47,2512.77,1.87,35.86,4.09,5.92,0.05,10,8
7792,安葆,273,276.5,273,0,0,154,22.22,-22,0,7,-15,22,67,-45,-0.27,-45,5,12,52,10,0.1,0.38,46,43,3,95,54,41,34.73,336.64,-44.55,-25.86,--,1.71,15.13,2.75,2.93,--,0,4.67
7794,宏碁智新,29.25,29.35,29.3,0.2,0.69,58,61.54,0,0,-10,-10,0,0,0,0,0,0,0,0,0,0,0,0,0,0,59,59,0,12.47,100.27,10.9,14.49,--,0.53,19.62,3.77,5.46,--,0,2.8
7795,長廣,429,430,430,15.5,3.74,844,68.67,405,0,0,405,578,370,208,0.23,578,578,0,0,0,0.64,0,89,134,-45,230,393,-163,195.45,160.64,25.22,13.53,--,0.21,39.4,0.73,0.5,--,0,7.88
7799,禾榮科,338.5,339,338.5,10,3.04,419,56.8,-14,0,0,-14,161,170,-9,-0.02,147,161,0,0,14,0.37,0.03,99,94,5,177,173,4,--,0,-100,-100,12.2,-0.37,-0.59,-0.5,0,1.09,431,15.8
7805,威聯通,783,788,784,20,2.62,224,47.93,-10,0,12,2,97,113,-16,-0.07,26,36,61,71,0,0.39,0.29,131,116,15,17,16,1,18.17,625.03,6.57,9.99,6457.61,12.96,61.29,5.75,5.1,--,0,3.31
7810,捷創科技,237.5,238.5,238,9,3.93,194,45.05,9,0,-1,8,11,31,-20,-0.1,11,11,0,0,0,0.06,0,32,35,-3,157,134,23,38.57,83.82,38,82.69,682.86,1.83,50.24,3.85,2.1,--,0,2.03
7811,民盛,77.1,77.6,77.5,0.5,0.65,10,60,1,0,0,1,0,0,0,0,0,0,0,0,0,0,0,0,0,0,11,11,0,15.63,237.8,-3.26,11.18,--,1.09,19.1,1.66,8.04,--,0,3.34
7818,溢泰實業,65.8,66,65.9,0.9,1.38,1090,42.48,136,0,-1,135,440,329,111,0.1,440,440,0,0,0,0.4,0,198,197,1,462,574,-112,15.77,1057.32,3.76,-13.67,--,0.88,28.97,1.64,3.4,--,0,16.79
7820,立盈,136.5,138,136,2,1.49,111,76.58,6,0,0,6,31,34,-3,-0.03,31,31,0,0,0,0.27,0,0,4,-4,84,77,7,71.58,33.51,-0.62,57.76,--,0.79,56.24,3.55,1.1,--,0,3.78
7821,神數,44.4,44.6,44.6,0.2,0.45,244,40.33,-8,0,0,-8,0,0,0,0,0,0,0,0,0,0,0,15,13,2,237,239,-2,15.27,707.69,-17.99,24.24,--,0.87,21.81,4.51,4.48,--,0,12.19
7822,倍利科,1165,1175,1175,105,9.81,364,55.31,-88,0,-1,-89,383,409,-26,-0.06,383,383,0,0,0,0.86,0,14,6,8,48,30,18,78.39,238.74,3.43,77.97,--,4.93,59.17,5.77,0.6,--,0,4.56
7828,創新服務,1280,--,1280,115,9.87,363,63.39,62,42,4,108,388,380,8,0.02,321,323,65,67,0,0.89,0.15,12,12,0,36,45,-9,208.81,130.04,104.16,32086.9,--,1.02,80.18,3.32,0.35,--,0,4.05
7842,天能綠電,111,--,111,10,9.9,124,66.13,-3,0,0,-3,0,11,-11,-0.09,-11,0,0,0,11,0,0.09,19,5,14,108,111,-3,30.58,278.16,-6.09,52.85,2716.91,1.33,5.48,4.63,2.88,--,0,1.83
8011,台通,18.25,18.3,18.25,-0.15,-0.82,1084,36.95,-178,0,0,-178,0,58,-58,-0.05,-58,0,0,0,58,0,0.05,160,311,-151,932,723,209,21.47,103.25,-31.18,-15.53,2010.35,0.02,17.06,0.24,3.84,9.14,3791,16.59
8016,矽創,291,291.5,291,-1,-0.34,1761,39.99,306,-1,-11,294,1033,996,37,0.02,-727,75,154,127,829,0.13,0.53,277,346,-69,510,479,31,18.67,2107.52,-3.26,37.26,20570.42,4.6,31.33,4.28,3.95,5.36,1611,12.01
8021,尖點,464,--,464,42,9.95,8695,79.87,2561,738,-250,3049,7840,7685,155,0.02,7840,7840,0,0,0,0.87,0,449,642,-193,773,735,38,132.95,524.98,10.97,63.18,5065.55,1.17,36.59,3.31,0.43,38.05,13863,14.57
8024,佑華,12.7,12.8,12.85,-0.05,-0.39,87,46.51,-7,0,0,-7,0,0,0,0,0,0,0,0,0,0,0,0,0,0,88,88,0,--,23.8,37.39,32.92,150.74,-0.55,29.69,-6.01,0,--,165,4.52
8027,鈦昇,250.5,251,250.5,6,2.45,2041,61.85,178,0,-6,172,1405,1189,216,0.1,840,743,662,565,0,0.68,0.27,288,380,-92,436,559,-123,--,157.19,8.03,24.85,1908.07,-0.22,29.75,-0.88,0,41.8,11494,11
8028,昇陽半導體,311.5,312,311.5,17.5,5.95,14352,48.62,1265,-37,-277,951,10191,10584,-393,-0.03,9793,9880,311,398,0,0.7,0.03,1892,1783,109,2511,2227,284,67.28,465.23,-2.05,31.15,4841.03,1.61,37.58,5.43,0.9,29.59,13289,17.97
8032,光菱,45.85,45.9,45.85,3,7,997,57.26,-24,0,1,-23,34,32,2,0,2,34,0,0,32,0.03,0.03,84,64,20,886,908,-22,17.37,430.13,-12.19,44.33,4121.93,0.94,13.19,2.24,2.62,8.49,1099,5.18
8033,雷虎,138.5,139,138.5,0.5,0.36,3215,38.23,314,0,-42,272,1544,1861,-317,-0.1,-378,323,813,634,880,0.34,0.46,491,571,-80,1273,875,398,223.39,109.43,-9.19,6.43,1470.12,0.34,38.21,2.43,0,20.23,7331,16.46
8034,榮群,24.4,24.45,24.4,-0.2,-0.81,543,29.42,33,0,0,33,0,0,0,0,0,0,0,0,0,0,0,52,30,22,497,519,-22,17.18,47.55,448.51,106.45,524.25,0.01,53.57,0.06,4.92,24.83,3512,5.66
8038,長園科,41.15,41.3,41.3,-0.4,-0.96,533,34.59,13,0,1,14,63,84,-21,-0.04,-59,0,0,0,59,0,0.11,22,51,-29,455,405,50,30.82,60.93,3.06,15.3,732.23,0.24,33.89,3.15,0,--,0,6.23
8039,台虹,149,149.5,149.5,-1.5,-0.99,17744,41.1,-378,-89,-18,-485,10839,12872,-2033,-0.11,-7570,606,4008,4519,7665,0.26,0.68,2211,1690,521,4888,3376,1512,63.08,946.53,5.01,-1.36,10784.91,0.65,22.03,1.62,1.34,21.87,14415,26.37
8040,九暘,122.5,123,122.5,3.5,2.94,7425,55.15,1239,0,-45,1194,4403,5168,-765,-0.1,930,1556,2848,3474,0,0.59,0.46,974,841,133,2128,1497,631,--,70.14,-4.78,26.19,709.09,0.13,42.97,0.5,0,26.24,4516,9.64
8042,金山電,135,--,135,12,9.76,867,100,-55,0,136,81,806,629,177,0.2,806,806,0,0,0,0.92,0,89,100,-11,106,272,-166,43.13,430,14.99,32.83,4134.33,2.17,21.97,6.94,0.89,14.41,4665,12.95
8043,蜜望實,128,128.5,128,-2.5,-1.92,22845,42.04,-1406,0,-377,-1783,12460,14846,-2386,-0.1,-4773,3323,2814,3723,7187,0.27,0.47,3852,2972,880,6764,5258,1506,38.44,525.13,-47.92,26.8,6387.4,1.35,7.11,3.87,0.7,35.38,7067,7.99
8044,網家,28.1,28.15,28.1,-0.8,-2.77,1989,26.88,-238,0,2,-236,243,294,-51,-0.03,-294,0,0,0,294,0,0.15,252,402,-150,1503,1302,201,--,2999.64,-5.62,10.35,37787.29,-0.39,15.41,-0.22,0,8.01,2694,20.48
8045,達運光電,69.6,70.1,69.6,-2.2,-3.06,460,20.57,-31,0,-1,-32,35,88,-53,-0.11,-88,0,0,0,88,0,0.19,31,86,-55,403,295,108,99.43,234.1,34.71,95.94,1468.7,0.11,27.07,0.54,1.44,20.66,4908,9.5
8046,南電,883,884,884,-50,-5.35,28739,35.1,-6227,-2521,-158,-8906,23605,26815,-3210,-0.1,-21125,2173,1098,1208,23188,0.11,0.79,6353,3691,2662,956,409,547,187.29,4450.86,3.73,39.47,44151.71,2.03,15.85,2.82,0.23,6.17,9963,64.62
8047,星雲,43.7,44.8,44.6,-0.4,-0.89,179,18.64,11,0,-2,9,25,24,1,0.01,-24,0,0,0,24,0,0.13,32,52,-20,124,105,19,--,39.28,55.39,-7.8,436.93,-0.29,31.02,-3.06,0,--,4,4.17
8048,德勝,64.4,64.5,64.4,1.7,2.71,633,59.41,74,0,-2,72,42,20,22,0.03,42,42,0,0,0,0.07,0,126,87,39,476,537,-61,25.06,122.07,15.46,32.83,1061.1,0.57,33.69,2.77,3.57,21.05,3037,5.77
8049,晶采,27.15,27.2,27.15,0.35,1.31,708,34.76,-215,0,0,-215,73,56,17,0.02,73,73,0,0,0,0.1,0,82,151,-69,560,508,52,15.97,133.44,20.72,10.52,1283.75,0.44,31.67,2.24,5.16,1.14,337,11.83
8050,廣積,54.7,54.8,54.7,0.9,1.67,2257,42.42,-248,0,1,-247,346,494,-148,-0.06,-60,121,225,406,0,0.15,0.18,444,481,-37,1497,1311,186,54.7,577.42,16.6,3.73,5061.88,1.07,23.3,1.47,3.99,6.63,3403,20.52
8054,安國,115.5,116,116,4.5,4.04,6226,64.19,1964,0,42,2006,4185,2628,1557,0.25,3633,3732,293,191,201,0.64,0.06,532,961,-429,1581,2709,-1128,--,231.12,-55.46,47.7,4277.42,-0.01,15.72,-0.17,0,40.17,7953,10.62
8059,凱碩,20.2,20.25,20.25,0.85,4.38,876,38.75,-188,0,0,-188,60,0,60,0.07,0,0,0,0,0,0,0,30,93,-63,789,786,3,--,829.64,-29.37,228.65,10140.55,-0.07,17.53,0.66,0,--,0,19.4
8064,東捷,145.5,--,145.5,13,9.81,10679,69.46,1194,0,-11,1183,8020,8291,-271,-0.03,7545,7683,337,475,0,0.74,0.04,780,858,-78,2019,1670,349,68.96,193.11,-23.21,31.54,3072.18,0.35,24.66,1.61,0.76,25.23,10394,18.48
8066,來思達,16.45,16.5,16.5,-0.3,-1.79,22,40.91,-5,0,0,-5,0,0,0,0,0,0,0,0,0,0,0,0,0,0,30,30,0,--,361.56,28.76,-13.24,4157.2,-0.91,7.84,-4.85,0,6.41,585,3.66
8067,志旭,12.65,13.6,13.6,-0.05,-0.37,7,0,0,0,0,0,0,0,0,0,0,0,0,0,0,0,0,0,0,0,8,8,0,--,7.72,-3.79,-15.74,94.4,-0.62,50.44,-9.39,0,--,0,2.07
8068,全達,20.35,20.4,20.4,-0.3,-1.45,487,34.5,-173,0,0,-173,0,0,0,0,0,0,0,0,0,0,0,0,36,-36,491,455,36,19.25,103.18,-7.44,17.05,1004.32,-0.12,14.7,-0.95,0,10.52,2124,8.08
8069,元太,234.5,235,235,11,4.91,5237,69.75,-42,1410,86,1454,4241,3427,814,0.15,2637,3070,736,668,501,0.72,0.22,280,539,-259,872,1426,-554,24.43,2894.68,-10.92,-12.55,36274.28,2.41,59.65,4.12,2.51,2.38,6515,115.42
8070,長華*,46.3,46.35,46.35,1.45,3.23,3297,51.93,330,-10,69,389,983,1019,-36,-0.01,654,879,104,329,0,0.3,0.1,448,477,-29,1888,1823,65,45,2049.01,0.11,28.15,20720.36,0.51,18.52,2.66,3,2.81,5103,7.26
8071,能率網通,21.4,21.45,21.45,1.4,6.98,3079,68.95,178,0,0,178,258,246,12,0,63,203,0,0,140,0.07,0.05,642,538,104,2192,2308,-116,--,205.24,12.62,14.29,2028.88,-0.39,14.79,-2.42,0,19.27,2895,6.01
8072,陞泰,28.15,28.2,28.2,0.3,1.08,580,50.95,27,0,-7,20,0,0,0,0,0,0,0,0,0,0,0,60,47,13,528,541,-13,27.65,126.71,-4.72,2.88,1379.88,0.29,16.21,1.17,3.55,9.71,1943,8
8074,鉅橡,80.9,81,80.9,2.1,2.66,4710,42.3,-691,0,19,-672,1170,1520,-350,-0.07,683,899,271,487,0,0.24,0.1,624,733,-109,2998,2538,460,53.22,143.86,-2.99,26.34,1401.19,0.52,26.28,2.73,1.36,26.1,5284,8.7
8076,伍豐,23.8,23.9,23.85,-0.2,-0.83,1196,30.47,-292,0,0,-292,0,103,-103,-0.09,-103,0,0,0,103,0,0.09,104,213,-109,1103,891,212,88.33,260.81,21.7,45.76,2276.98,0.16,35.02,1.2,2.94,12.98,9479,29.22
8077,洛碁,44.5,45.6,45.6,0.05,0.11,1,100,0,0,0,0,0,0,0,0,0,0,0,0,0,0,0,0,0,0,1,1,0,6.98,88.33,-11.04,0.79,1089.98,1.95,30.7,8.21,4.39,--,0,2.19
8080,泰霖,27.7,28,27.65,-0.1,-0.36,67,13.43,5,0,0,5,0,0,0,0,0,0,0,0,0,0,0,20,0,20,48,68,-20,1382.5,5.3,7.05,-67.1,157.78,0.02,50.7,0.21,0,--,0,6.72
8081,致新,288,289,288,8.5,3.04,2153,56.68,89,3,66,158,1156,1220,-64,-0.03,1015,1089,67,141,0,0.52,0.06,415,404,11,634,581,53,16.49,745.58,2.75,-4.47,8584.17,4.62,39.61,4.44,5.56,5.83,1256,8.62
8083,瑞穎,168.5,169,168.5,0,0,130,44.53,-6,0,-8,-14,64,46,18,0.14,13,13,0,0,0,0.1,0,15,44,-29,52,41,11,15.82,140.11,3.59,-5.31,1487.56,2.74,42.3,7.57,5.93,0.36,32,3.51
8084,巨虹,44.2,44.25,44.2,1.9,4.49,162,70.37,66,0,0,66,0,0,0,0,0,0,0,0,0,0,0,0,0,0,163,163,0,--,33.91,-33.19,-5.27,550.78,0.33,47.94,4.44,0,--,0,6.95
8085,福華,11.75,11.8,11.75,0.1,0.86,654,33.08,-190,0,1,-189,0,0,0,0,0,0,0,0,0,0,0,0,0,0,656,656,0,--,50.18,3.58,-0.77,675.81,-0.16,3.74,-1.79,0,--,1063,14
8086,宏捷科,163,163.5,163,3.5,2.19,9926,51.58,2098,0,118,2216,6596,5496,1100,0.11,3562,3287,3309,3034,0,0.66,0.3,1044,1386,-342,2432,3191,-759,36.63,447.98,3.7,49.39,4715.19,1.51,34.63,3.61,1.03,20.6,7803,19.65
8087,麗升能源,32.8,33.05,32.8,-1.05,-3.1,79,25.32,-15,0,0,-15,0,0,0,0,0,0,0,0,0,0,0,0,0,0,80,80,0,--,142.62,8.16,2881.23,572.86,0.86,19.31,4.3,0,1.68,162,3.87
8088,品安,59.8,59.9,59.8,2.9,5.1,14939,50.5,-658,0,-1,-659,6243,7405,-1162,-0.08,6152,6181,42,47,24,0.41,0,2481,1886,595,6321,5755,566,23,97.13,-48.54,2.13,1890.3,1.04,19.77,5.52,2.51,33.6,5117,6.09
8089,康全電訊,19.95,20,20,-0.75,-3.61,660,24.24,-180,0,0,-180,0,58,-58,-0.09,-58,0,0,0,58,0,0.09,0,169,-169,667,440,227,--,63.49,14.89,17.47,540.57,-0.96,22.54,-5.91,0,11.52,1900,6.6
8091,翔名,273.5,274,273.5,6.5,2.43,798,53.27,-2,0,7,5,442,431,11,0.02,179,191,247,246,13,0.62,0.37,167,171,-4,210,217,-7,39.07,272.52,6.75,35.26,2389.14,2.56,40.59,3.55,1.65,18.59,2491,5.36
8092,建暐,18,18.1,18.05,-0.25,-1.37,206,38.42,32,0,0,32,0,0,0,0,0,0,0,0,0,0,0,30,0,30,180,210,-30,257.86,40.71,132.41,21.14,360.15,-0.28,6.56,-2.94,0,--,0,5.72
8093,保銳,18.2,19.7,18.1,-0.2,-1.09,17,91.67,0,0,0,0,0,0,0,0,0,0,0,0,0,0,0,0,0,0,18,18,0,--,14.7,29.85,-57.71,198.97,-0.42,16.81,-5.98,0,--,0,5.66
8096,擎亞,124.5,125,124.5,6,5.06,26707,56.82,148,0,131,279,18152,20009,-1857,-0.07,9960,13077,3853,5167,1803,0.63,0.26,2943,2262,681,5784,4607,1177,72.81,4356.94,-5.82,21.36,31108.85,1.9,6.16,10.22,0.4,79.94,29847,14.93
8097,常珵,58,58.1,58,0.7,1.22,66,50,22,0,0,22,0,0,0,0,0,0,0,0,0,0,0,0,0,0,67,67,0,--,38.2,8.89,-34.23,224.53,-0.72,2.93,-3.94,0,76.72,9935,6.38
8099,大世科,60.1,60.2,60.1,0.6,1.01,156,45.51,-8,0,0,-8,0,0,0,0,0,0,0,0,0,0,0,10,21,-11,150,139,11,20.58,360.46,-28.04,14.37,5311.86,0.79,25.27,4.58,3.49,45.93,11491,10.01
8101,華冠,12.15,13.85,13.9,0.9,6.92,12,91.67,1,0,0,1,0,0,0,0,0,0,0,0,0,0,0,0,0,0,16,16,0,--,30.41,32.06,-20.7,385.67,-0.95,1,-18.05,0,--,0,5.37
8102,傑霖科技,63.4,64,63.9,-1,-1.54,10,33.33,0,0,0,0,0,0,0,0,0,0,0,0,0,0,0,0,0,0,10,10,0,42.6,32.57,-40.08,-16.34,419.8,0.4,36.24,2.27,2.97,--,0,2.34
8103,瀚荃,107.5,108,107.5,2,1.9,2043,47.11,-198,0,27,-171,814,1096,-282,-0.13,501,707,107,313,0,0.39,0.15,423,302,121,851,691,160,23.27,371.88,11.76,21.59,3593.34,1.17,37.97,2.36,2.6,25.46,4993,7.84
8104,錸寶,35.85,35.9,35.9,0.5,1.41,1272,56.12,226,0,0,226,179,60,119,0.09,119,0,179,60,0,0.14,0.05,118,206,-88,984,1015,-31,--,283.43,16.28,-24.45,3192.99,-0.39,18.77,-1.59,0,15.95,4149,10.41
8105,凌巨,17.35,17.4,17.35,-0.05,-0.29,18305,35.7,-2844,0,4,-2840,5315,7543,-2228,-0.12,-754,2073,1577,3406,998,0.2,0.24,2809,2787,22,10240,8033,2207,578.33,688.14,-6.43,-4.56,8642.47,0.43,8.66,2.39,0,10.43,7526,44.15
8107,大億金茂,11.5,11.55,11.5,-0.15,-1.29,118,40,-7,0,0,-7,0,0,0,0,0,0,0,0,0,0,0,0,0,0,121,121,0,--,33.19,-57.25,-56.34,845.23,0.03,19.61,0.15,0,9.29,1742,7.5
8109,博大,123.5,124,124,-1,-0.8,226,45.25,-46,0,0,-46,31,30,1,0,-30,0,0,0,30,0,0.13,39,62,-23,159,137,22,19.56,183.74,1.07,20.65,1854.94,1.75,50.11,4.82,3.63,3.02,621,8.22
8110,華東,50.1,50.2,50.1,0.95,1.93,12776,53.93,2219,0,70,2289,5537,4026,1511,0.12,3822,4307,697,393,789,0.39,0.09,1686,2357,-671,5657,6496,-839,18.56,638.71,-3.03,14.99,7575.65,0.49,10.04,1.98,2.99,16.99,21996,51.77
8111,立碁,68,68.1,68,1.2,1.8,3379,48.66,16,0,-16,0,1046,1015,31,0.01,1046,1046,0,0,0,0.31,0,623,688,-65,1749,1714,35,200,66.16,2.86,-7.76,843.81,0.17,30.78,1.42,0.88,43.15,11768,10.91
8112,至上,83.4,83.5,83.4,-2.8,-3.25,31551,36.49,-15532,0,-396,-15928,13441,25208,-11767,-0.37,-24898,40,0,193,24745,0,0.78,6731,2568,4163,11736,4132,7604,9.56,35061.1,-34.24,55.96,302955.27,3.91,3.85,10.6,4.56,14.97,19662,52.53
8114,振樺電,260,--,260,23.5,9.94,1453,73.22,-17,0,41,24,1155,830,325,0.22,807,711,444,348,0,0.77,0.23,116,221,-105,240,460,-220,12.31,1713.78,31.98,-28,15102.59,2.75,47,3.42,4.41,29.11,5566,7.65
8121,越峰,43.45,43.5,43.5,3.95,9.99,7434,64.07,138,0,0,138,2870,2581,289,0.04,2299,2753,51,49,456,0.37,0.07,854,1102,-248,3771,3811,-40,--,304.57,-3.4,38.36,3287.13,0.1,19.43,0.47,0,--,0,21.3
8131,福懋科,65.2,65.3,65.3,0.6,0.93,4391,45.21,707,0,8,715,1440,986,454,0.1,434,58,1362,871,115,0.32,0.22,690,963,-273,2305,2486,-181,32.98,998.35,-3.3,40.54,10923.59,0.96,19.55,3.43,1.53,6.42,7097,44.22
8147,正淩,173,173.5,173.5,-2,-1.14,1028,28.92,-139,0,-14,-153,280,597,-317,-0.3,-388,65,52,81,424,0.11,0.47,234,191,43,550,275,275,53.55,210.28,26.94,19.54,1760.66,0.9,40.28,2.47,1.75,11.11,1158,4.17
8150,南茂,86.7,86.8,86.8,7.7,9.73,50915,65.83,-1235,0,818,-417,30017,30739,-722,-0.01,27648,28707,1310,2369,0,0.58,0.05,6260,6510,-250,15158,14191,967,74.19,2460.49,-1.64,32.23,25935.9,0.72,13.78,2.08,1.42,12.83,22603,70.45
8155,博智,421,421.5,421,7.5,1.81,1999,52.57,287,0,-8,279,1131,1124,7,0,342,503,627,788,0,0.54,0.38,239,303,-64,711,654,57,50.48,538.3,0.71,29.3,5487.82,3.29,24.05,5.45,1.26,21.34,3287,6.16
8163,達方,35.55,35.6,35.55,-0.1,-0.28,5071,41.81,923,0,46,969,920,520,400,0.08,2,337,0,0,335,0.07,0.07,973,746,227,3227,3854,-627,71.1,2591.6,8.87,9.52,25848.57,0.2,17.99,0.26,1.41,3.87,2707,28
8171,天宇,23.3,23.35,23.3,-0.4,-1.69,299,30.41,-19,0,0,-19,0,44,-44,-0.15,-44,0,0,0,44,0,0.15,75,0,75,225,256,-31,--,52.64,95.78,269.89,360.6,-0.2,1.8,-1.44,0,43.34,8436,11.29
8176,智捷,9.99,10,10,-0.05,-0.5,293,40.29,55,0,0,55,0,0,0,0,0,0,0,0,0,0,0,0,0,0,303,303,0,76.92,27.32,200.91,41.6,319.74,-0.1,40.2,-1.22,0,--,0,7.17
8182,加高,45.45,--,45.45,4.1,9.92,5240,73.65,43,0,30,73,2393,2003,390,0.07,2023,2266,127,370,0,0.45,0.07,513,859,-346,2377,2422,-45,757.5,257.16,3.89,14.12,2879.96,0.14,14.64,0.43,0.55,7.34,1965,10.7
8183,精星,32,32.1,32,0.35,1.11,753,37.72,-46,0,-1,-47,0,41,-41,-0.05,-41,0,0,41,0,0,0.05,207,137,70,570,600,-30,12.55,716.3,2.69,12.86,7606.82,0.3,12.02,0.96,2.5,7.57,2296,12.13
8201,無敵,13.8,13.85,13.85,0.55,4.14,515,57.77,15,0,-1,14,0,0,0,0,0,0,0,0,0,0,0,92,100,-8,425,417,8,--,39.76,-9.78,9.84,485.14,-0.11,23.68,-1.48,0,--,0,6.24
8210,勤誠,1430,1435,1435,90,6.69,1541,57.03,-396,205,27,-164,1579,1597,-18,-0.01,1370,1374,205,209,0,0.96,0.13,13,11,2,63,47,16,42.54,2066.29,-17.57,4.63,25046.35,10.73,32.83,11.42,0.98,7.17,2247,12.53
8213,志超,39.55,39.6,39.55,1,2.59,1627,57.74,218,0,4,222,320,45,275,0.17,320,320,0,0,0,0.2,0,295,280,15,1023,1313,-290,20.49,1804.87,13.04,3.66,18772.96,0.3,10.59,0.46,2.88,6.83,4633,27.12
8215,明基材,29.75,29.8,29.75,0.4,1.36,5714,58.73,1152,0,8,1160,1432,594,838,0.15,1178,1216,216,111,143,0.25,0.04,945,929,16,3375,4229,-854,--,1675.05,4.32,7.19,17924.13,-0.64,11.89,-2.64,1.01,4.8,3852,32.07
8222,寶一,35.7,35.75,35.75,-0.6,-1.65,609,35.82,40,0,-2,38,40,95,-55,-0.09,-95,0,0,0,95,0,0.15,34,63,-29,540,456,84,58.61,99.95,10.59,26.02,962.72,0.37,25.27,2.79,0.98,22.95,3935,6.86
8227,巨有科技,248.5,249,249,22,9.69,1510,65.93,62,-39,142,165,761,561,200,0.13,761,761,0,0,0,0.51,0,204,228,-24,601,777,-176,99.6,272.52,79.74,207.02,1706.43,0.64,18.88,2.18,0.68,36.19,3577,3.95
8234,新漢,74.7,74.8,74.7,4.5,6.41,2866,52.36,263,-82,68,249,667,357,310,0.11,667,667,0,0,0,0.23,0,563,491,72,1677,2060,-383,--,474.45,14.75,2.41,5210.28,-0.44,22.59,-2.08,0.54,13.76,4859,14.12
8240,華宏,66.7,67,67,1.2,1.82,1989,47.68,150,0,11,161,422,281,141,0.07,141,16,406,281,0,0.21,0.14,289,491,-202,1299,1238,61,36.61,559.93,-5.58,-11.61,6790.14,0.4,14.78,0.84,1.94,10.84,2709,10
8249,菱光,53,53.1,53,0.2,0.38,1869,41.67,-6,0,-5,-11,450,566,-116,-0.06,267,380,50,163,0,0.23,0.09,384,446,-62,1053,875,178,19.63,395.76,12,42.77,3753.09,0.37,16.75,0.59,3.96,15.98,4567,13.78
8255,朋程,170,170.5,170,13,8.28,3384,61,213,0,42,255,1766,1254,512,0.15,1209,1338,293,158,264,0.47,0.12,497,709,-212,1193,1493,-300,29.82,678.3,-6.57,-11.78,7936.14,1.7,26.94,1.37,2.06,9.25,2355,10.18
8261,富鼎,176,--,176,16,10,4773,76.13,862,0,107,969,3964,3087,877,0.18,3964,3964,0,0,0,0.82,0,369,744,-375,517,1019,-502,21.28,283.91,5.04,5.26,3184,1.57,38.07,3.1,2.84,53,11113,11.89
8271,宇瞻,228.5,229,229,4.5,2,3791,53.44,246,0,8,254,2088,2019,69,0.02,654,1230,388,295,669,0.42,0.25,346,410,-64,1438,1443,-5,10.76,3739.79,21.81,360.82,19044.84,14.54,49.27,32.33,1.97,13.5,4172,12.96
8272,全景軟體,70,70.3,70.3,0,0,19,27.78,0,0,0,0,0,0,0,0,0,0,0,0,0,0,0,0,0,0,20,20,0,14.65,33.12,12.6,23.69,487.89,0.39,74.98,1.2,3.98,--,0,1.9
8277,商丞,7.08,7.1,7.1,0.1,1.43,367,74.66,4,0,0,4,0,0,0,0,0,0,0,0,0,0,0,93,78,15,276,291,-15,--,8.63,-0.21,-58.95,204.13,-0.09,33.77,-1.85,0,--,0,9.16
8279,生展,98,98.2,98,0.5,0.51,17,52.94,4,0,0,4,0,0,0,0,0,0,0,0,0,0,0,0,0,0,17,17,0,10.89,234.35,57.17,-0.85,2065.23,1.23,32.97,1.44,5.1,1.52,103,2.71
8284,三竹,63,63.1,63.1,-0.4,-0.63,36,33.33,4,0,0,4,0,0,0,0,0,0,0,0,0,0,0,0,11,-11,37,26,11,14.08,260.38,-2.24,15.77,3053.35,1.28,24.19,4.23,6.34,0.12,14,4.73
8289,泰藝,67.8,67.9,67.9,1.1,1.65,13830,41.51,-1597,0,-20,-1617,3702,6477,-2775,-0.2,62,1600,2082,3553,67,0.26,0.26,2371,2257,114,7862,5200,2662,271.6,167.3,3.56,-5.73,1729.21,0.28,23.82,1.2,0.22,23.67,4044,6.83
8291,尚茂,100,--,100,8.9,9.77,166,100,-1,0,0,-1,35,61,-26,-0.15,35,35,0,0,0,0.2,0,24,37,-13,120,82,38,--,0.9,78.64,345.27,4.3,-0.49,-234.52,-12.32,0,--,0,1.75
8299,群聯,2475,2480,2480,50,2.06,7409,47.05,-704,-317,17,-1004,7729,7922,-193,-0.02,2997,5130,519,535,2117,0.7,0.33,113,51,62,255,124,131,24.08,20207.49,10.32,236.63,113997.14,68.8,61.82,22.61,0.94,27.05,14949,22.11
8341,日友,75.6,75.7,75.7,-0.5,-0.66,240,24.45,-48,0,15,-33,0,15,-15,-0.06,-15,0,0,0,15,0,0.06,55,82,-27,196,154,42,16.11,372.91,2.43,26.66,4198.38,1.51,49.32,3.97,5.28,1.02,332,13
8342,益張,90.3,91,90.4,-1.6,-1.74,1,100,0,0,0,0,0,0,0,0,0,0,0,0,0,0,0,0,0,0,1,1,0,15.53,148.9,9.33,5.85,1655.37,1.45,25.97,4.39,5.53,0.01,1,3.35
8349,恒耀,40.95,41,40.95,-0.55,-1.33,181,24.29,-6,0,0,-6,0,0,0,0,0,0,0,0,0,0,0,16,32,-16,169,153,16,19.88,1006.39,-4.56,2.38,11483.85,0.61,21.19,1.52,3.66,3.73,1945,20.88
8354,冠好,16.5,16.55,16.5,-0.15,-0.9,1193,23.91,-1,0,0,-1,1009,993,16,0.01,-993,0,0,0,993,0,0.83,0,0,0,186,202,-16,42.31,65.8,-11.44,16.48,664.06,0.3,17.01,1.13,0.67,17.04,3346,7.85
8358,金居,545,546,545,23,4.41,2612,35.38,522,41,-129,434,2341,2335,6,0,361,385,1956,1980,0,0.89,0.76,310,340,-30,115,91,24,104.41,900.77,4.66,35.81,8921.54,2.06,28.71,6.64,0.37,30.74,19414,25.26
8367,建新國際,40.6,40.7,40.6,-0.5,-1.22,84,25,-32,0,0,-32,26,0,26,0.31,0,0,0,0,0,0,0,0,0,0,58,84,-26,11.53,285.57,-1.73,16.67,3283.85,0.67,27.9,1.9,7.02,0.14,32,9.22
8374,羅昇,112,112.5,112.5,3.5,3.21,5984,40.34,-689,0,-35,-724,2513,3524,-1011,-0.17,2298,2197,316,215,0,0.42,0.04,805,637,168,2729,1887,842,--,590.87,6.73,62.73,4973.38,0.43,24.97,2.83,0.18,11,2454,11.23
8383,千附,63.3,63.5,63.5,4.2,7.08,3616,63.14,24,0,128,152,785,488,297,0.08,785,785,0,0,0,0.21,0,872,750,122,2002,2421,-419,17.07,353.17,-16.6,38.31,3648.26,1.04,26.17,3.34,3.94,11.38,3236,11.38
8390,金益鼎,120.5,121,120.5,0.5,0.42,2308,52.8,354,0,42,396,1103,1130,-27,-0.01,927,977,126,176,0,0.47,0.07,343,371,-28,913,859,54,14.61,594.82,11.21,31.88,5326.03,2.87,28.76,7.37,3.15,8.1,1947,9.61
8401,白紗科,23,23.05,23.05,0.15,0.66,47,56.52,2,0,0,2,0,0,0,0,0,0,0,0,0,0,0,0,0,0,48,48,0,8.63,137.15,-2.18,7,1570.25,0.46,30.14,2.73,5.21,1.77,312,7.07
8403,盛弘,19.65,19.7,19.65,-0.3,-1.5,530,51.04,-92,0,0,-92,53,67,-14,-0.02,-67,0,0,0,67,0,0.11,0,62,-62,552,476,76,21.13,385.05,-2.74,8.59,4414.79,0.13,13.78,0.26,3.05,1.66,571,13.76
8404,百和興業-KY,16.7,16.8,16.8,0.2,1.2,983,49.74,-107,0,-26,-133,0,84,-84,-0.08,-84,0,0,0,84,0,0.08,263,171,92,726,734,-8,15.41,681.93,-7.34,1.96,7553.26,0.17,33.86,1.01,2.98,3.51,3685,41.99
8409,商之器,19.25,19.65,19.6,-0.35,-1.75,23,21.74,1,0,1,2,0,0,0,0,0,0,0,0,0,0,0,0,0,0,24,24,0,20,8.46,-47.66,-19.32,279.44,-0.05,80.67,-0.48,0,--,0,3.2
8410,森田,34.6,34.65,34.75,0.25,0.72,52,46.15,7,0,0,7,0,0,0,0,0,0,0,0,0,0,0,0,0,0,53,53,0,12.73,80.02,11.04,-22.94,1051.48,0.57,31.31,1.11,4.6,15.83,1448,3.66
8411,福貞-KY,11.95,12.1,12.1,0.1,0.83,46,60.87,-3,0,7,4,0,0,0,0,0,0,0,0,0,0,0,0,0,0,53,53,0,121,760.09,-8.01,27.88,9878.09,0.19,8.82,0.68,0.83,0.05,27,21.84
8415,大國鋼,36.1,36.15,36.1,0.3,0.84,892,56.84,140,0,-266,-126,238,289,-51,-0.06,113,114,124,125,0,0.27,0.14,94,68,26,563,538,25,10.91,2493.46,4.15,18.57,24277.18,1.03,39.07,3.48,4.16,0.51,1309,103.15
8416,實威,171.5,172,172,-1,-0.58,23,34.78,0,0,0,0,6,6,0,0,-6,0,0,0,6,0,0.25,3,12,-9,15,6,9,12.29,145.36,-18.16,15.2,1732.75,3.36,55.3,5.51,4.94,--,0,2.82
8421,旭源,13.5,13.55,13.6,0,0,54,22.22,0,0,0,0,0,0,0,0,0,0,0,0,0,0,0,0,0,0,55,55,0,--,124.39,11.45,29.28,1207.74,0.02,19.87,0.67,0,2.49,341,5.48
8422,可寧衛*,27.5,27.55,27.55,0.75,2.8,12418,49.06,-3020,-42,36,-3026,4567,5610,-1043,-0.08,4567,4567,0,0,0,0.37,0,1427,1456,-29,6519,5447,1072,24.17,388.57,-22.15,-11.49,4392.13,0.21,48.21,2.33,4.36,9.49,32219,13.58
8423,保綠-KY,17.65,17.7,17.7,-0.1,-0.56,27,22.22,0,0,0,0,0,0,0,0,0,0,0,0,0,0,0,0,0,0,34,34,0,20.82,40.16,8.99,3.77,381.29,0.26,29.16,1.71,3.95,4.57,477,4.17
8424,惠普,72.8,73.1,73,0,0,21,19.05,-1,0,0,-1,0,0,0,0,0,0,0,0,0,0,0,8,12,-4,14,10,4,12.46,93.93,-3.69,0.69,1074.6,1.47,31.11,4.44,6.85,0.02,2,3.61
8426,紅木-KY,21.5,21.75,21.65,-0.5,-2.26,70,44.29,3,0,0,3,0,0,0,0,0,0,0,0,0,0,0,0,0,0,71,71,0,10.41,193.1,19.54,10.09,2772.71,-0.42,21,-1.67,3.7,7.4,930,5.02
8429,金麗-KY,6.11,6.12,6.11,-0.16,-2.55,696,62.63,-292,0,12,-280,172,230,-58,-0.08,-230,0,0,0,230,0,0.32,0,0,0,538,480,58,55.55,14.3,32.87,-2.47,142.01,0.02,14.59,0.05,0,28.52,13245,18.57
8431,匯鑽科,59.8,59.9,59.8,-1,-1.64,857,32.15,-216,0,-4,-220,42,156,-114,-0.13,-139,0,0,0,139,0,0.16,44,116,-72,786,599,187,--,71.82,-14.17,-24.03,1040.96,-1.04,9.27,-5.84,0,31.65,3860,4.88
8432,東生華,51.4,51.7,51.7,0.6,1.17,43,90.24,-4,0,0,-4,0,0,0,0,0,0,0,0,0,0,0,10,0,10,33,43,-10,13.46,108.36,-0.41,27.37,1366.33,1.01,54.76,2.43,5.05,1.75,168,3.84
8433,弘帆,53.1,53.3,53.3,-0.2,-0.37,28,25.93,0,0,0,0,0,0,0,0,0,0,0,0,0,0,0,0,11,-11,28,17,11,18.57,256.53,3.05,34.71,3615.92,1.37,22.67,3.19,7.88,1.32,180,5.45
8435,鉅邁,54.8,54.9,54.8,-0.7,-1.26,104,17.31,-5,0,0,-5,20,24,-4,-0.04,-24,0,0,0,24,0,0.22,0,34,-34,88,50,38,15.31,52.51,-7.32,9.12,630.26,0.83,50.78,3.28,5.84,0.3,24,3.52
8436,大江,119,120,119.5,-1,-0.83,444,25.68,-139,-7,9,-137,70,264,-194,-0.43,-242,0,0,0,242,0,0.54,113,50,63,269,139,130,13.67,605.52,-0.9,14.01,7117.84,1.92,45.41,2.59,5.02,4.04,1190,11.77
8437,大地-KY,11.65,11.75,11.65,-0.7,-5.67,115,21.74,6,0,0,6,0,0,0,0,0,0,0,0,0,0,0,0,0,0,118,118,0,--,14.18,-54.9,-5.34,198.02,-0.4,33.97,-0.79,0,4.18,491,4.7
8438,昶昕,91.5,91.6,91.5,-1,-1.08,598,33.56,-119,0,6,-113,96,117,-21,-0.03,-22,0,83,58,47,0.14,0.17,95,98,-3,416,392,24,34.79,436.04,11.88,36.37,4258.67,1.02,14.32,3.64,1.42,40.81,7136,6.99
8440,綠電,21.9,21.95,21.9,-0.65,-2.88,331,40.3,26,0,0,26,0,0,0,0,0,0,0,0,0,0,0,0,23,-23,341,318,23,40.56,83.35,26.19,5.43,854.27,0.22,17.54,1.67,0.91,9.03,1134,5.03
8442,威宏-KY,40,40.1,40.05,-0.45,-1.11,188,36.36,-3,0,-5,-8,0,0,0,0,0,0,0,0,0,0,0,25,13,12,165,177,-12,22.37,739.83,6.56,9.25,8177.79,0.03,15.61,0.06,7.49,4,701,7.02
8443,阿瘦,11.15,11.35,11.15,-0.15,-1.33,77,8,2,0,-1,1,0,0,0,0,0,0,0,0,0,0,0,0,46,-46,83,37,46,--,79.55,-6.02,1.42,1103.99,-0.37,54.88,-3.77,0,--,34,6.68
8444,綠河-KY,6.5,6.64,6.5,-0.17,-2.55,41,21.95,-2,0,0,-2,0,0,0,0,0,0,0,0,0,0,0,0,0,0,41,41,0,--,140.81,26.94,-56.78,2448.07,-3.3,-33.67,-226.09,0,--,269,11.12
8446,華研,84.4,84.7,84.5,-0.3,-0.35,112,17.12,8,0,0,8,0,12,-12,-0.1,-12,0,0,0,12,0,0.1,25,17,8,90,86,4,9.65,108.42,45.99,2.5,1078.75,1.78,72.59,4.54,9.47,1.93,255,5.29
8450,霹靂,15.8,15.9,15.85,-0.15,-0.94,59,41.07,-3,0,0,-3,0,0,0,0,0,0,0,0,0,0,0,0,0,0,67,67,0,--,18.05,-80.25,4.54,307.42,0.32,34.72,3.86,0,--,107,5.13
8454,富邦媒,188,188.5,188,-3.5,-1.83,708,28.36,-54,0,1,-53,186,471,-285,-0.38,-455,16,0,6,465,0.02,0.64,178,120,58,384,156,228,17.94,8280.85,-9.42,1.32,108962.39,2.43,9.05,6.38,5.32,1.73,1144,26.5
8455,大拓-KY,40.25,41.05,41.05,0.95,2.37,132,50,0,0,0,0,0,0,0,0,0,0,0,0,0,0,0,0,18,-18,134,116,18,76.02,112.74,-16.51,-6.69,1187.56,0.19,12.8,0.33,0,--,0,2.52
8462,柏文,137.5,138,138,-0.5,-0.36,182,32.4,-64,0,0,-64,76,95,-19,-0.1,-95,0,0,0,95,0,0.5,30,46,-16,84,50,34,14.87,581.13,0.23,20.72,6438.52,2.42,33.57,7.55,5.35,5.13,1032,8.04
8463,潤泰材,21.2,21.25,21.25,0,0,74,26.09,-3,0,6,3,0,0,0,0,0,0,0,0,0,0,0,0,0,0,74,74,0,10.02,629.04,5.65,6,7265.23,0.42,12.48,3.74,3.76,0.34,129,15
8464,億豐,317,319,319,2.5,0.79,1811,57.13,-171,43,0,-128,1604,1630,-26,-0.01,1058,1245,202,212,177,0.8,0.21,104,89,15,111,100,11,14.45,2625.17,-8.97,-5.29,29854.9,5.62,59.09,5.95,5.02,0.26,194,29.3
8466,美吉吉-KY,14.3,14.5,14.5,0.4,2.84,91,70.33,24,0,-1,23,0,0,0,0,0,0,0,0,0,0,0,0,0,0,91,91,0,--,208.19,77.56,-30.61,2811.07,-0.89,8.25,-2.33,2.07,4.69,936,7.98
8467,波力-KY,126.5,127.5,127,1,0.79,21,47.62,-2,0,0,-2,0,0,0,0,0,0,0,0,0,0,0,5,5,0,17,17,0,14.75,234.22,30.18,40.54,2458.58,0.83,37.02,1.47,5.56,2.55,308,4.84
8472,夠麻吉,68.5,69,68.6,-0.8,-1.15,13,0,-2,0,0,-2,0,0,0,0,0,0,0,0,0,0,0,0,0,0,14,14,0,--,39.83,-15.78,-11.84,515.45,-0.26,33.78,-1.74,0,3.2,142,1.77
8473,山林水,41.9,41.95,41.9,2.1,5.28,2002,55.26,550,0,-6,544,224,0,224,0.11,224,224,0,0,0,0.11,0,296,247,49,1505,1779,-274,14.7,343.71,-47.02,19.78,5301.97,1.23,32.87,2.93,4.49,3.35,1429,18.12
8476,台境*,15.45,15.55,15.45,-0.4,-2.52,812,49.19,185,0,-1,184,75,65,10,0.01,-65,0,0,0,65,0,0.08,0,107,-107,741,644,97,38.62,96.69,-1.32,-37.44,1248.86,0,12.3,0.07,1.29,22.69,9431,8.31
8477,創業家,17.2,--,17.2,1.55,9.9,318,84.86,6,0,2,8,0,0,0,0,0,0,0,0,0,0,0,30,0,30,292,322,-30,--,61.67,98.88,46.88,377.4,-0.03,20.17,-0.86,0,--,0,6.42
8478,東哥遊艇,150.5,151.5,150.5,-2,-1.31,218,36.28,-69,0,2,-67,33,84,-51,-0.22,-84,0,0,0,84,0,0.37,39,40,-1,157,105,52,9.17,458.89,-24.05,-25.1,5561.13,3.8,42.63,3.84,4.32,4.46,1048,9.4
8481,政伸,40.2,40.5,40.2,-0.4,-0.99,27,33.33,0,0,2,2,0,0,0,0,0,0,0,0,0,0,0,0,0,0,27,27,0,13.18,101.08,-3.47,-0.68,1152.97,0.77,47,3.01,6.84,0.04,6,6.66
8482,商億-KY,47.3,49,49,0,0,2,100,1,0,0,1,0,0,0,0,0,0,0,0,0,0,0,0,0,0,2,2,0,21.3,279.32,-10.4,16.34,3511.35,0.66,32.74,2.07,4,0.71,190,10.74
8488,吉源-KY,9.71,9.76,9.71,-0.14,-1.42,4,50,0,0,0,0,0,0,0,0,0,0,0,0,0,0,0,0,0,0,4,4,0,--,329.47,-17.07,67.99,3576.98,-0.19,3.81,-0.59,0,0.12,22,7.35
8489,三貝德,23.55,23.6,23.55,-0.35,-1.46,111,56.36,28,0,0,28,0,0,0,0,0,0,0,0,0,0,0,22,0,22,96,118,-22,--,162.1,-9.37,57.79,1681.11,0.38,54.59,2.72,0,27.8,2846,5.99
8499,鼎炫-KY,327.5,328.5,328,11.5,3.63,420,62.19,50,13,5,68,115,75,40,0.09,71,89,11,19,10,0.23,0.07,109,119,-10,213,243,-30,32.87,333.11,19.39,95.5,3471.62,2.61,44.52,1.3,2.44,6.46,665,4.12
8905,裕國,30.4,30.9,31,0.7,2.31,14,50,3,0,0,3,0,0,0,0,0,0,0,0,0,0,0,0,0,0,14,14,0,56.36,199.3,3.75,18.64,2144.61,0.15,11.05,0.62,2.29,0.07,21,11.94
8906,花王,25,25.1,25,-0.05,-0.2,64,26.98,-6,0,-1,-7,0,0,0,0,0,0,0,0,0,0,0,0,0,0,64,64,0,--,13.77,-13.76,-22.99,206.64,-0.28,9.97,-2.54,0,0.74,82,4.4
8908,欣雄,40.6,40.65,40.6,0,0,246,28.46,-95,0,0,-95,95,0,95,0.38,95,35,60,0,0,0.38,0,37,67,-30,121,186,-65,19.24,918.7,-5.29,-1.22,10125.33,0.46,10.04,3.29,4.43,0.25,195,31.53
8916,光隆,45.5,45.55,45.5,-1,-2.15,238,37.39,-117,0,0,-117,0,0,0,0,0,0,0,0,0,0,0,0,12,-12,244,232,12,19.44,615.83,4.2,-26.52,8093.17,0.17,11.78,0.5,6.59,0.37,139,15.04
8917,欣泰,52.5,53.2,52.5,-0.6,-1.13,14,35.71,-5,0,0,-5,0,0,0,0,0,0,0,0,0,0,0,0,0,0,14,14,0,22.73,281.11,-5.3,-0.79,3069.96,0.62,17.48,3.62,4,0.06,24,16.27
8921,沈氏,18,18.2,18.2,-0.25,-1.36,3,66.67,0,0,0,0,0,0,0,0,0,0,0,0,0,0,0,0,0,0,3,3,0,--,52.53,1.21,7.27,634.93,-0.26,7.03,-1.73,1.48,--,0,4.66
8923,時報,19.2,20,20.1,0.25,1.26,3,100,0,0,0,0,0,0,0,0,0,0,0,0,0,0,0,0,0,0,3,3,0,30.92,36.7,31.17,40.87,436.79,0.18,43.53,1.16,4.48,5.74,436,3.04
8924,大田,63.9,64,63.9,-0.3,-0.47,218,15.6,-90,0,0,-90,30,72,-42,-0.19,-72,0,0,0,72,0,0.32,0,21,-21,197,134,63,12.75,402.36,2.5,30.06,4860.77,0.05,11.5,0.11,6.73,2.3,482,8.38
8926,台汽電,62.5,62.7,62.5,1.6,2.63,15650,62.58,5564,0,33,5597,8470,5210,3260,0.2,5525,6334,1000,597,1212,0.46,0.11,2501,2550,-49,5080,8291,-3211,17.41,6786.81,28.77,532.81,25066.19,2.11,8.52,8.06,3.86,2.04,4236,83.03
8927,北基,18.9,18.95,18.9,-0.25,-1.31,663,24.51,-3,0,0,-3,0,53,-53,-0.08,-53,0,0,53,0,0,0.08,218,106,112,455,514,-59,37.8,1357.7,-14.16,50.68,11946.79,0.18,16.24,0.93,1.59,3.26,3453,42.35
8928,鉅明,21.25,21.45,21.4,-0.1,-0.47,31,16.67,-2,0,0,-2,0,0,0,0,0,0,0,0,0,0,0,0,0,0,32,32,0,37.54,185.11,-35.57,-41.75,3006.02,0.66,12.73,3.09,3.74,4.97,632,5.09
8929,富堡,14.05,14.1,14.1,-0.1,-0.7,88,62.07,8,0,0,8,0,0,0,0,0,0,0,0,0,0,0,0,0,0,114,114,0,--,64.95,-5.03,6.51,717.42,-0.06,24.06,-0.36,0,1.69,214,5.06
8930,青鋼,28.45,28.7,28.7,0,0,165,28.66,-3,0,0,-3,0,38,-38,-0.23,-38,0,0,0,38,0,0.23,20,21,-1,148,109,39,12.26,119.91,-12.88,-14.97,1397.76,0.62,26.19,3.54,7.67,3.34,683,8.18
8931,大汽電,41.9,42,42,-0.25,-0.59,69,48.21,-2,0,0,-2,0,0,0,0,0,0,0,0,0,0,0,0,0,0,70,70,0,27.63,223.25,-3.7,18.8,2511.5,0.38,16.86,2.27,3.81,18.67,5705,12.23
8932,智通*,105.5,106,105.5,4.5,4.46,5983,66.14,957,0,245,1202,4785,4011,774,0.13,2786,2972,1587,1506,267,0.75,0.29,475,737,-262,783,1296,-513,53.83,253.62,7.62,27.19,2410.64,0.53,61.19,8.43,1.14,61.57,55101,8.95
8933,愛地雅,4.35,4.4,4.4,0,0,421,26.86,-3,0,-1,-4,0,0,0,0,0,0,0,0,0,0,0,0,0,0,441,441,0,--,203.6,7.86,-21.61,1881.6,-0.3,0.06,-5.91,0,--,0,32.67
8935,邦泰,20.15,20.2,20.2,0.2,1,768,47.44,283,0,0,283,0,237,-237,-0.31,-237,0,0,65,172,0,0.31,64,116,-52,706,417,289,--,40.02,-45.77,-9.04,519.31,-0.09,17.49,-1.22,0,--,0,11.35
8936,國統,50,50.1,50.1,-0.1,-0.2,2578,38.32,-47,-9,0,-56,890,1128,-238,-0.09,-1058,50,0,0,1108,0.02,0.43,364,473,-109,1343,996,347,11.54,556.46,-15.74,9.32,6718.87,0.99,22.58,3.01,5.99,16.59,10287,24.81
8937,合騏*,31.75,31.85,31.75,0.45,1.44,429,30.07,15,0,-3,12,35,0,35,0.08,35,0,35,0,0,0.08,0,37,40,-3,360,392,-32,--,104.77,26.32,1247.13,313.21,-0.07,25.39,-1.05,0,--,21954,10.79
8938,明安,54.1,54.3,54.2,-0.2,-0.37,345,31.53,-167,0,0,-167,145,92,53,0.15,-92,0,0,0,92,0,0.26,56,85,-29,151,176,-25,17.32,1085.33,-16.54,-17.96,14718.9,1.33,13.86,2.61,7.38,2.12,833,15.7
8940,新天地,17,17.05,17.05,0.05,0.29,51,38.78,1,0,2,3,0,0,0,0,0,0,0,0,0,0,0,0,0,0,54,54,0,27.06,84.35,-43.78,5.42,1616.12,1.34,53.28,10.83,0,0.48,81,6.75
8941,關中,43.55,44.2,44.25,-0.05,-0.11,6,83.33,0,0,0,0,0,0,0,0,0,0,0,0,0,0,0,0,0,0,7,7,0,47.58,248.16,-11.77,-8.01,3001.77,1.36,29.43,4.49,2.26,0.19,17,3.5
8942,森鉅,41.05,41.1,41.1,0.3,0.74,539,31.56,-17,0,0,-17,0,61,-61,-0.11,-61,0,0,0,61,0,0.11,44,64,-20,503,422,81,23.62,250.44,-16.55,-45.6,2509.96,1.05,13.24,1.7,2.43,1.33,663,19.88
8996,高力,1130,1135,1135,-35,-2.99,3881,41.11,-821,13,-31,-839,3941,3978,-37,-0.01,-1925,783,486,484,2710,0.31,0.79,15,12,3,78,45,33,80.61,948.79,-25.48,86.03,9428.5,6.54,29.02,13.73,0.4,20.52,4797,9.35
9802,鈺齊-KY,73.8,73.9,73.8,-1.3,-1.73,1370,31.24,-631,-80,-1,-712,258,707,-449,-0.32,-707,0,0,0,707,0,0.51,273,237,36,867,454,413,13.02,1635.43,36.99,9.68,17446.03,0.89,15.85,1.3,6.91,4.87,2448,20.1
9902,台火,13.9,14.05,14,0.35,2.56,251,34.3,-6,0,2,-4,0,0,0,0,0,0,0,0,0,0,0,50,53,-3,202,199,3,--,9.55,-34.5,1.09,338.17,0.17,31.74,1.4,0,14.73,3610,9.8
9904,寶成,25.6,25.65,25.65,-0.15,-0.58,13530,46.66,-7014,-800,-60,-7874,7261,11362,-4101,-0.3,-11316,0,0,0,11316,0,0.83,1900,839,1061,4433,1393,3040,5.33,22344.46,15.28,3.85,248284,0.76,22.14,1.34,5.07,2.05,15090,294.68
9905,大華,20.7,20.8,20.75,0.05,0.24,127,75.2,49,0,0,49,0,52,-52,-0.4,-52,0,0,0,52,0,0.4,29,0,29,100,77,23,14.72,834.92,24,18.32,8607.41,0.35,10.07,1.26,5.3,0.04,31,30.5
9906,欣巴巴,33.65,33.75,33.7,-0.8,-2.32,181,38.46,-78,0,1,-77,0,0,0,0,0,0,0,0,0,0,0,24,15,9,161,170,-9,12.67,139.4,-58.25,995636,2170.72,1.57,37.52,10.01,0.24,1.55,351,9.04
9907,統一實,15.95,16,15.95,0,0,2968,39.57,-1208,-60,-42,-1310,527,1217,-690,-0.23,-794,168,0,0,962,0.06,0.32,385,540,-155,2083,1237,846,14.37,3516.54,-8.82,-20.05,43744.03,0.17,10.71,1.07,7.4,1,3957,157.91
9908,大台北,29.05,29.1,29.05,-0.15,-0.51,313,15.91,-47,0,-1,-48,0,58,-58,-0.18,-58,0,0,0,58,0,0.18,20,65,-45,299,196,103,16.89,284.31,-9.36,-0.91,3364.19,0.33,21.44,1.06,4.13,0.15,196,51.64
9910,豐泰,67.8,67.9,67.8,-0.9,-1.31,2210,43.69,-1068,-33,-27,-1128,958,1648,-690,-0.31,-1648,0,0,16,1632,0,0.73,375,180,195,927,433,494,14.68,6819.94,3.37,-6.17,81575.65,0.68,17.39,2.37,6.05,0.7,1719,98.75
9911,櫻花,82.2,82.3,82.2,-0.5,-0.6,395,31.3,-124,0,0,-124,34,142,-108,-0.26,-126,0,0,0,126,0,0.31,101,86,15,276,183,93,13.05,854.89,-10.02,6.43,10476.88,1.87,35.66,6.09,6.08,0.6,335,22.24
9912,偉聯,12.55,12.75,12.75,0.25,2,206,55.12,8,0,0,8,0,0,0,0,0,0,0,0,0,0,0,0,60,-60,213,153,60,--,38.82,6.66,-18.28,494.78,-0.19,44.34,-3.22,0,--,0,5.42
9914,美利達,68.1,68.3,68.2,0.4,0.59,1407,38.12,218,0,14,232,655,437,218,0.15,249,130,485,344,22,0.43,0.26,308,276,32,459,712,-253,18.43,2189.33,-8.99,-14.32,24290.48,1.09,16.6,1.63,4.11,3.86,2886,29.9
9917,中保科,112.5,113,113,1,0.89,334,52.35,114,-5,1,110,209,161,48,0.14,97,87,122,112,0,0.61,0.33,45,31,14,90,152,-62,16.92,1589.95,0.12,2.82,19093.69,1.6,33.9,4.99,5.49,0.08,92,45.12
9918,欣天然,43.25,43.35,43.25,-0.3,-0.69,119,51.26,49,0,0,49,39,39,0,0,-39,0,0,0,39,0,0.32,0,0,0,82,82,0,25.9,196.7,-7.35,1.84,1994.6,0.63,30.74,3.44,3.47,0.25,113,18.05
9919,康那香,14.25,14.3,14.3,0.05,0.35,762,47.51,-141,0,10,-131,0,77,-77,-0.1,-77,0,0,0,77,0,0.1,141,85,56,627,606,21,--,215.68,-4.55,8.52,2682.72,-0.52,9.64,-4.89,0,16.92,8263,19.54
9921,巨大,69.5,69.6,69.5,-0.8,-1.14,1724,41.04,-482,0,14,-468,363,578,-215,-0.12,-578,0,0,0,578,0,0.33,244,461,-217,1158,727,431,173.75,5547.23,-0.91,-3.15,55751.95,-0.51,19.63,-0.4,2.59,2,1957,39.21
9924,福興,42.25,42.4,42.25,0.35,0.84,233,61.64,-8,0,0,-8,28,0,28,0.11,28,28,0,0,0,0.11,0,21,65,-44,195,179,16,15.31,602.74,22.26,3.13,7115.38,0.54,19.92,1.19,5.92,1.86,700,15.08
9925,新保,40.15,40.2,40.15,0,0,268,27.06,-46,0,11,-35,30,79,-49,-0.18,-50,0,0,0,50,0,0.18,34,80,-46,209,114,95,16.8,670.42,-7.96,1.03,8277.67,0.47,32.17,1.31,4.98,0.01,6,38.75
9926,新海,48.95,49,48.95,-0.05,-0.1,21,9.52,0,0,0,0,0,0,0,0,0,0,0,0,0,0,0,0,0,0,22,22,0,17.93,208.86,-12.6,-1.62,2459.13,0.68,26.18,2.82,4.29,0.03,15,17.95
9927,泰銘,67.1,67.4,67.2,-0.5,-0.74,174,33.92,-42,0,4,-38,16,0,16,0.09,0,0,0,0,0,0,0,23,53,-30,143,129,14,13.71,815.65,-6.03,18.75,8275.76,1.12,9.02,2.48,7.44,0.16,48,12
9928,中視,17.85,17.95,17.9,-0.05,-0.28,68,45.16,0,0,2,2,0,0,0,0,0,0,0,0,0,0,0,0,0,0,68,68,0,--,60.74,-6.39,0.02,896.32,-0.51,-1.42,-1.68,0,2.08,322,7.07
9929,秋雨,11.7,11.85,11.6,0.2,1.75,4,50,0,0,0,0,0,0,0,0,0,0,0,0,0,0,0,0,0,0,5,5,0,42.96,62.45,9.12,41.74,664.25,0.22,24.78,3,0,--,0,10.13
9930,中聯資源,67.6,67.7,67.7,0,0,130,31.54,1,0,1,2,0,38,-38,-0.28,-38,0,0,0,38,0,0.28,19,30,-11,117,68,49,14.31,1135.59,-5.76,-11.47,13669.22,1.1,15.01,3.99,5.91,0.02,13,24.85
9931,欣高,33.85,33.9,33.85,0,0,50,14,-14,0,0,-14,0,0,0,0,0,0,0,0,0,0,0,15,0,15,37,52,-15,14.22,141.69,-1.69,-4.5,1570.3,0.69,16.69,2.48,5.32,0.34,101,12.04
9933,中鼎,39.5,39.55,39.5,0.2,0.51,3467,44.25,1045,0,21,1066,1411,570,841,0.24,984,1129,0,0,145,0.32,0.04,484,628,-144,1621,2318,-697,9.36,6328.54,-4.61,-24.2,84735.26,1,13.05,4.45,2.53,1.88,4229,94.44
9934,成霖,9.6,9.63,9.63,-0.08,-0.82,519,37.91,-169,0,47,-122,0,0,0,0,0,0,0,0,0,0,0,0,0,0,522,522,0,--,1566.85,-8.31,3.17,17715.02,0.28,34.21,1.84,1.04,4.5,4626,41.1
9935,慶豐富,18.65,18.7,18.7,0.1,0.54,582,47.85,-136,0,0,-136,0,0,0,0,0,0,0,0,0,0,0,183,145,38,402,440,-38,11.54,412.41,2.65,9.36,4995.56,0.51,27.29,3.42,6.42,2.46,1095,17.78
9937,全國,55.5,55.6,55.5,-0.1,-0.18,39,30.77,-8,0,12,4,0,0,0,0,0,0,0,0,0,0,0,0,0,0,40,40,0,22.29,2069.47,1.51,7.67,22294.71,0.66,13.34,3.43,3.96,0.2,157,30.9
9938,百和,42.6,42.75,42.6,-0.55,-1.27,2912,33.31,-1232,-10,40,-1202,837,1922,-1085,-0.37,-1922,0,0,0,1922,0,0.65,395,385,10,1716,641,1075,12.38,1334.02,-11.09,-4.12,15508.6,0.87,31.81,1.76,7.04,5.04,3752,29.8
9939,宏全,124.5,125,124.5,-2.5,-1.97,1254,44.05,-278,-12,6,-284,770,926,-156,-0.12,-926,0,0,0,926,0,0.72,165,82,83,349,278,71,13.8,2786.6,8.85,13.55,28789.02,2.25,22.34,3.38,4.98,1.85,1365,29.58
9940,信義,18.55,18.6,18.6,-0.15,-0.8,529,29.49,-173,0,-20,-193,0,55,-55,-0.1,-55,0,0,0,55,0,0.1,42,30,12,496,453,43,50.27,942.25,-18.3,22.12,12292.5,0.22,23.12,1.23,3.23,0.52,950,73.68
9941,裕融,72.9,73,72.9,-0.6,-0.82,1924,33.32,-734,-7,3,-738,691,1159,-468,-0.24,-1138,21,0,0,1159,0.01,0.59,330,295,35,959,526,433,9.1,3313.42,4.08,-4.67,39292.2,1.82,43.67,2.6,6.28,0.81,1165,57.56
9942,茂順,117.5,118,118,1,0.85,146,51.75,-39,0,4,-35,56,31,25,0.17,56,56,0,0,0,0.38,0,32,44,-12,60,73,-13,14.37,410.26,2.86,13.99,4192.61,2.22,39.96,4.18,5.93,0.39,82,8.32
9943,好樂迪,55.3,55.4,55.3,-0.4,-0.72,320,26.87,-83,0,0,-83,0,48,-48,-0.15,-48,0,0,0,48,0,0.15,76,75,1,255,208,47,15.36,171.97,1.81,-6.9,2340.94,1.88,53.23,4.21,6.33,0.34,106,12.52
9944,新麗,16.95,17,17.05,0.05,0.29,208,80.49,18,0,2,20,66,66,0,0,0,0,0,0,0,0,0,65,35,30,81,111,-30,341,239.65,-12.15,0.89,2345.92,0.65,34.63,2.11,1.76,20.77,5500,10.59
9945,潤泰新,22.95,23,22.95,-0.35,-1.5,11585,32.39,-4819,0,-2,-4821,4567,7674,-3107,-0.27,-7602,72,0,0,7674,0.01,0.66,1685,1192,493,5435,2821,2614,4.36,3938.61,40.21,58.78,42051.03,0.99,24.74,2.81,4.79,3.12,22177,284.42
9946,三發地產,16.4,16.45,16.4,-0.4,-2.38,717,23.46,-382,0,6,-376,0,65,-65,-0.09,-65,0,0,0,65,0,0.09,42,119,-77,677,535,142,3.96,250.85,-53.41,7453.42,4291.09,2.56,53.82,12.01,8.35,2,1633,32.66
9949,琉園,22.8,22.85,22.85,-0.6,-2.56,98,20.22,-27,0,0,-27,0,0,0,0,0,0,0,0,0,0,0,0,0,0,117,117,0,4.11,11.17,24.88,26.57,141.69,0.03,66,0.22,9.63,76.26,8553,4.49
9950,萬國通,10.8,11,10.8,-0.2,-1.82,72,38.89,-6,0,0,-6,0,0,0,0,0,0,0,0,0,0,0,0,0,0,73,73,0,--,148.45,-26.31,-2.74,2123.59,-0.03,22.15,-0.32,0,--,0,16.77
9951,皇田,52.7,52.8,52.8,-0.3,-0.56,215,29.44,-78,0,0,-78,40,24,16,0.07,-24,0,0,0,24,0,0.11,20,74,-54,157,119,38,10.65,505.14,-12.99,0.52,6573,1.46,22.84,2.8,6.1,1.58,290,7.33
9955,佳龍,28.15,28.2,28.15,0,0,534,46.95,-107,0,-7,-114,0,38,-38,-0.07,0,0,0,0,0,0,0,136,0,136,406,503,-97,39.65,136.84,-25.13,7.13,1688.39,0.05,13.61,0.41,0,5.66,1477,10.44
9958,世紀鋼,104,104.5,104.5,3,2.96,4021,60.57,1287,0,-66,1221,2810,2438,372,0.09,1925,2435,0,0,510,0.6,0.13,368,459,-91,883,1165,-282,13.33,1766.1,11.71,32.12,15545.07,2.63,33.19,4.49,4.31,13.99,8633,24.69
9960,邁達康,30,30.4,30,-1.65,-5.21,96,12.63,-13,0,0,-13,0,0,0,0,0,0,0,0,0,0,0,0,0,0,101,101,0,16.04,73.75,3.74,49.32,708.96,0.53,36.38,2.7,5.17,5.24,440,3.36
9962,有益,9.69,9.71,9.7,0.3,3.19,362,63.97,35,0,0,35,0,0,0,0,0,0,0,0,0,0,0,0,0,0,363,363,0,--,198.48,95.88,-8.39,1625.1,0.05,7.63,0.47,0,1.36,307,9.02
