代碼,商品,買進,賣出,成交,漲跌,漲幅%,總量,內外盤比%,外資買賣超,投信買賣超,自營商買賣超,法人買賣超,控盤者買進,控盤者賣出,控盤者買賣超,控盤者買賣超比,控盤者主動買賣超,控盤者拉高買盤,控盤者作多買盤,控盤者偏空賣盤,控盤者殺低賣盤,控盤者主動買力,控盤者主動賣力,實戶買進,實戶賣出,實戶買賣超,散戶買進,散戶賣出,散戶買賣超,PE(市盈率),營收,營收期增率%,營收年增率%,營收(12),盈餘,毛利率%,ROE%,殖利率%,融資使用率%,融資餘額,股本
1101,台泥,24.2,24.25,24.2,0.15,0.62,27756,50.86,-8331,12,514,-7805,22981,23175,-194,-0.01,22981,22981,0,0,0,0.83,0,830,1152,-322,4038,3522,516,--,12213.2,-1.61,-3.69,148481.34,0.1,18.72,0.4,3.31,1.66,31203,752.32
1102,亞泥,34.8,34.85,34.8,0.45,1.31,9423,43.36,959,139,37,1135,8158,6357,1801,0.19,7835,7931,227,323,0,0.86,0.03,514,959,-445,775,2131,-1356,11.68,5694.46,6.45,-9.27,68693.16,0.56,12.96,0.89,6.61,0.15,1323,354.66
1103,嘉泥,13,13.1,13.05,0.15,1.16,150,45.59,-8,0,1,-7,0,0,0,0,0,0,0,0,0,0,0,0,0,0,153,153,0,19.77,207.62,-14.46,-23.55,2887.3,0.08,21.15,0.27,4.21,2.09,4131,79.02
1104,環泥,27.45,27.6,27.45,0.1,0.37,303,55.03,17,0,-1,16,0,0,0,0,0,0,0,0,0,0,0,80,82,-2,233,231,2,10.72,635.96,9.5,-8.98,7689.7,0.41,27.95,1.14,6.74,0.61,1043,68.67
1108,幸福,13.75,13.8,13.8,0.1,0.73,165,66.25,27,0,-8,19,0,0,0,0,0,0,0,0,0,0,0,50,0,50,119,169,-50,6.83,322.87,-6.92,-21.38,4130.96,0.17,16.14,1.23,7.25,0.75,758,40.47
1109,信大,14.55,14.6,14.6,0,0,174,27.01,-7,0,-3,-10,0,0,0,0,0,0,0,0,0,0,0,0,40,-40,181,141,40,18.48,340.19,8.34,-21.62,4203.15,0.01,6.23,-0.15,6.16,0.36,311,34.12
1110,東泥,14.2,14.25,14.2,0,0,91,60.92,-18,0,0,-18,0,0,0,0,0,0,0,0,0,0,0,36,0,36,55,91,-36,44.38,237.55,5.8,-10.21,2666.66,0.05,14.33,0.26,2.11,1.94,2776,57.2
1201,味全,11.95,12,12,0,0,333,35.05,77,0,0,77,0,0,0,0,0,0,0,0,0,0,0,43,0,43,298,341,-43,30.77,1793.56,6.46,-3.42,21564.35,0.2,27.41,1.32,1.75,1,1268,50.61
1203,味王,40.75,41.2,40.75,0,0,6,33.33,2,0,0,2,0,0,0,0,0,0,0,0,0,0,0,0,0,0,7,7,0,23.97,437.7,-5.83,-12.21,5340.21,0.49,34.47,2.41,2.45,0.01,6,24
1210,大成,53.5,53.6,53.5,0.7,1.33,2525,48.74,1278,-102,39,1215,1757,822,935,0.37,1757,1757,0,0,0,0.69,0,263,559,-296,534,1173,-639,13.54,9098.46,-1.21,4.32,103978.56,0.94,14.07,2.77,5.61,0.84,1880,89.48
1213,大飲,8.02,8.2,8.2,-0.34,-3.98,57,17.54,0,0,0,0,0,0,0,0,0,0,0,0,0,0,0,0,0,0,57,57,0,--,25.4,8.92,0.97,308.55,-0.37,-2,-3.29,0,--,0,5.66
1215,卜蜂,141.5,142,141.5,0,0,1197,55.2,-309,-82,162,-229,963,802,161,0.13,606,801,0,0,195,0.66,0.16,80,131,-51,179,288,-109,15.25,2316.77,-7.75,-2.92,28841.27,1.26,17.75,3.12,4.95,0.36,262,29.48
1216,統一,74.7,74.8,74.8,0.1,0.13,12289,74.11,1596,557,-43,2110,11590,10546,1044,0.08,-160,164,10146,9114,1356,0.83,0.85,239,578,-339,536,1241,-705,20.22,57480.11,0.18,2.26,679885.44,1.15,33.78,4.5,4.01,0.07,937,568.2
1217,愛之味,9.37,9.38,9.38,0.05,0.54,428,42.62,93,0,0,93,0,0,0,0,0,0,0,0,0,0,0,0,0,0,442,442,0,19.54,396.67,3.15,5.27,5036.36,-0.13,26.35,-0.76,2.67,1.01,1243,49.45
1218,泰山,18.5,18.55,18.55,0.15,0.82,405,65.15,95,0,-10,85,0,0,0,0,0,0,0,0,0,0,0,30,41,-11,382,371,11,12.37,844.39,-3.2,6.37,10321.74,0.32,17.14,1.24,7.12,1.25,1558,50
1219,福壽,12.6,12.65,12.65,0.15,1.2,381,60.37,151,0,-1,150,0,178,-178,-0.46,0,0,0,0,0,0,0,66,0,66,318,206,112,26.91,1221.79,-6.3,1.21,14422.57,0.11,7.81,-0.08,3.95,1.31,1119,34.12
1220,台榮,11.95,12,11.95,-0.05,-0.42,68,55.88,11,0,0,11,0,0,0,0,0,0,0,0,0,0,0,0,0,0,76,76,0,597.5,300.8,15.5,12.86,3425.29,-0.17,7.79,-0.98,1.67,2.6,1149,17.71
1225,福懋油,28.95,29.05,29.1,0.3,1.04,145,29.86,42,0,-71,-29,0,52,-52,-0.35,0,0,0,0,0,0,0,30,0,30,117,95,22,17.02,1110.18,2.92,8.99,12346.23,0.44,9.3,2.82,3.44,11.79,7140,24.23
1227,佳格,28.5,28.55,28.5,0.2,0.71,466,63.74,113,0,0,113,97,0,97,0.21,97,97,0,0,0,0.21,0,94,44,50,281,428,-147,19.66,1931.5,-8.11,-4.84,28668.11,0.52,23.44,2.51,4.7,0.43,976,91.51
1229,聯華,38.6,38.65,38.65,-0.15,-0.39,3078,33.53,-919,30,36,-853,459,1814,-1355,-0.42,-925,204,0,0,1129,0.06,0.35,360,387,-27,2388,1006,1382,14.92,604.37,-35.18,-45.4,13275.29,0.55,23.32,1.33,5.17,0.65,2900,179.6
1231,聯華食,87.3,87.4,87.4,1.4,1.63,378,55.88,-37,0,2,-35,78,14,64,0.16,78,78,0,0,0,0.2,0,117,135,-18,201,247,-46,19.86,1007.99,3.52,1,13099.76,1,21.66,4,2.86,0.35,264,29.85
1232,大統益,148,148.5,148,0,0,50,52.27,6,0,-1,5,7,0,7,0.13,7,7,0,0,0,0.13,0,8,14,-6,38,39,-1,17.11,1890.2,-6.41,3.12,22067.12,2.33,13.69,6.17,4.86,0.01,4,16
1233,天仁,28.65,28.7,28.65,-0.05,-0.17,19,0,0,0,0,0,0,0,0,0,0,0,0,0,0,0,0,0,0,0,19,19,0,34.94,173.25,-1.37,2.59,2192.37,0.34,61.08,2.21,0.7,0.25,57,9.06
1234,黑松,33.95,34,34,0.6,1.8,189,78.8,19,0,0,19,0,0,0,0,0,0,0,0,0,0,0,15,21,-6,177,171,6,20.24,685.65,-5.88,-14.24,9495.82,0.29,23.95,0.62,4.85,0.03,26,40.19
1235,興泰,38.9,39.45,40.5,1.65,4.25,7,57.14,4,0,0,4,0,0,0,0,0,0,0,0,0,0,0,0,0,0,9,9,0,--,14.86,-45.08,3.02,214.7,-0.54,28.55,-4.06,2.47,1.47,693,18.86
1236,宏亞,23.6,23.7,23.7,0.35,1.5,25,69.57,7,0,0,7,0,0,0,0,0,0,0,0,0,0,0,0,0,0,27,27,0,--,122.25,18.38,-2.44,1839.97,0.23,28.09,0.8,6.96,0.9,196,8.67
1240,茂生農經,58.2,58.7,58,-0.4,-0.68,12,41.67,0,0,-1,-1,0,0,0,0,0,0,0,0,0,0,0,0,0,0,13,13,0,12.42,236.45,-11.88,11.59,2774.69,0.89,12.79,2.4,6.03,0.2,22,4.42
1256,鮮活果汁-KY,183,184,183.5,-3.5,-1.87,61,31.58,-5,0,0,-5,0,13,-13,-0.2,-6,0,0,0,6,0,0.09,4,6,-2,60,45,15,13.86,455.56,27.91,56.21,4684.7,3.24,30.39,2.85,3.6,3.84,343,3.58
1259,安心,56.9,57.6,57,-0.2,-0.35,25,60,1,0,0,1,0,0,0,0,0,0,0,0,0,0,0,19,20,-1,6,5,1,25.45,488.5,-5.66,1.96,6125.47,0.06,22.76,0.07,2.11,0.56,45,3.24
1264,德麥,272,272.5,272.5,0.5,0.18,12,50,0,0,-2,-2,0,0,0,0,0,0,0,0,0,0,0,2,7,-5,14,9,5,13.12,630.34,12.03,11.03,6848.17,5.5,33.22,5.4,5.5,0,0,3.71
1268,漢來美食,159,159.5,159.5,0.5,0.31,129,78.63,-1,0,0,-1,96,82,14,0.11,96,96,0,0,0,0.74,0,16,9,7,18,39,-21,13.75,514.78,-11.85,25.42,6584.17,5.87,48.89,10.21,5.02,0.22,23,4.22
1294,漢田生技,77.5,78.2,77.6,0.5,0.65,14,28.57,3,0,0,3,0,0,0,0,0,0,0,0,0,0,0,0,0,0,15,15,0,15.87,76.65,0.71,5.99,836.25,1.41,36.8,5.01,6.44,1.9,145,3.06
1295,生合,50.8,51,51,-1.2,-2.3,57,57.89,19,0,0,19,0,32,-32,-0.54,-32,0,0,0,32,0,0.54,13,0,13,46,27,19,11.72,104.39,31.5,-10.24,1007.57,0.39,47.44,1.03,5.88,1.8,155,3.45
1301,台塑,45.95,46,45.95,0.05,0.11,12383,42.04,74,0,246,320,8338,8495,-157,-0.01,4757,5170,3137,3550,0,0.67,0.28,1027,1201,-174,3099,2768,331,--,18326.27,5.6,13.31,172347.64,0.51,3.7,0.87,1.09,1.17,18546,636.57
1303,南亞,81.7,81.8,81.7,-2.5,-2.97,58430,32.22,-12980,78,75,-12827,34263,47307,-13044,-0.22,-23680,11296,286,698,34564,0.2,0.6,7402,3662,3740,17370,8067,9303,35.37,27681.31,1.89,19.44,267452.16,1.8,11.94,3.8,0.98,2.1,41726,793.08
1304,台聚,12.15,12.2,12.15,-0.3,-2.41,4146,36.43,171,0,0,171,948,1314,-366,-0.09,-987,147,0,0,1134,0.04,0.27,847,785,62,2369,2065,304,--,4412.98,2.14,13.41,43289.29,-0.41,2.86,-2.76,1.23,4.3,12771,118.88
1305,華夏,12.5,12.55,12.5,-0.4,-3.1,2182,26.21,-26,0,25,-1,207,511,-304,-0.14,-413,0,98,115,396,0.04,0.23,280,396,-116,1705,1285,420,--,1192.32,10.17,43.35,9792.91,-0.21,1.97,-1.65,0.8,5.09,7399,58.11
1307,三芳,31.65,31.7,31.65,-0.15,-0.47,513,35.55,-199,-31,0,-230,0,0,0,0,0,0,0,0,0,0,0,60,192,-132,458,326,132,11.55,981.26,-2.95,8.54,10913.96,0.97,32.59,3.89,6.95,1.71,1704,39.78
1308,亞聚,13.1,13.15,13.15,-0.15,-1.13,1778,41.54,424,0,18,442,210,162,48,0.03,110,110,0,0,0,0.06,0,438,314,124,1140,1312,-172,--,512.06,7.43,16.25,5583.33,-0.2,5.66,-1.13,1.52,5.41,8034,59.37
1309,台達化,15.45,15.5,15.5,-1,-6.06,6119,33.41,-1324,0,-6,-1330,517,1866,-1349,-0.22,-1733,0,133,90,1776,0.02,0.3,1067,1036,31,4569,3251,1318,--,1262.51,-8.29,-8.24,13474.16,-0.53,-1.76,-3.69,0.97,9.09,9031,39.76
1310,台苯,7.96,7.97,7.97,-0.06,-0.75,1838,37.51,-695,0,4,-691,0,132,-132,-0.07,0,0,0,0,0,0,0,141,190,-49,1715,1534,181,--,891.39,4.31,5.29,8608.64,-0.94,8.94,-6.61,0,8.72,11502,52.79
1312,國喬,10.5,10.55,10.5,0,0,3186,38.83,159,0,-72,87,974,664,310,0.1,824,824,0,0,0,0.26,0,248,614,-366,1975,1919,56,--,2489.49,-19.98,-5.46,24371.95,-1.17,-1.73,-4.14,0,5.79,16023,110.66
1313,聯成,10.5,10.55,10.5,0.05,0.48,2319,43.69,43,0,-6,37,200,513,-313,-0.13,200,200,0,0,0,0.09,0,680,70,610,1450,1747,-297,--,5878.67,-9.41,5.52,60418.9,0.08,6.21,0.35,0.95,3.36,11358,133.08
1314,中石化,6.93,6.94,6.94,0.07,1.02,20009,45.95,-591,0,-94,-685,4109,5121,-1012,-0.05,26,2623,1486,4083,0,0.2,0.2,3128,3388,-260,12835,11563,1272,--,1556.46,10.83,-10.37,16626.02,-0.07,-7.12,-0.34,0,5.01,47381,378.49
1315,達新,60.8,61.1,61,0.7,1.16,8,12.5,-1,0,0,-1,0,0,0,0,0,0,0,0,0,0,0,0,0,0,9,9,0,41.22,131.51,3.46,-14.17,2120.3,0.15,11,0.14,7.38,0.24,60,9.91
1316,上曜,10.35,10.4,10.4,-0.35,-3.26,2370,29.39,-354,0,6,-348,524,475,49,0.02,-475,0,0,0,475,0,0.2,254,842,-588,1602,1063,539,--,683.94,4.3,115.49,5968.9,-0.19,32.15,0.3,0,11.7,10997,40.16
1319,東陽,79.8,80,80,0,0,1762,43.17,-378,-121,-42,-541,1088,665,423,0.24,829,869,143,94,89,0.57,0.1,181,356,-175,513,761,-248,14.36,2009.03,-1.78,-14.11,23102.93,1.62,32.51,3.22,6.25,3.39,5013,59.15
1321,大洋,29.4,29.45,29.45,-0.05,-0.17,161,50,47,0,10,57,0,0,0,0,0,0,0,0,0,0,0,19,42,-23,143,120,23,--,352.11,-5.51,10.96,3493.27,0.16,11.97,0.61,0,12.48,7091,22.72
1323,永裕,19.7,20,20,0.55,2.83,135,76.34,18,0,-1,17,0,0,0,0,0,0,0,0,0,0,0,37,0,37,99,136,-37,35.71,186.58,-8.1,5.09,2034.03,0.36,18.63,1.26,4.5,0.73,167,9.13
1324,地球,10.2,10.25,10.25,0.1,0.99,42,65,2,0,0,2,0,0,0,0,0,0,0,0,0,0,0,0,0,0,44,44,0,--,51.22,-29.76,-24.22,702.64,-0.06,16.15,-0.5,0,7.76,1458,7.51
1325,恆大,27.5,27.55,27.55,0.4,1.47,1132,60.27,252,0,0,252,0,0,0,0,0,0,0,0,0,0,0,107,183,-76,1034,958,76,--,24.47,35.3,-13.39,262.13,-0.08,-20.01,-0.29,0,11.32,2414,8.53
1326,台化,44.9,44.95,44.9,-0.35,-0.77,15538,37.67,-4720,0,-135,-4855,6393,11124,-4731,-0.3,-1929,3686,0,0,5615,0.24,0.36,1789,1372,417,7458,3143,4315,299.33,32101.07,-4.83,28.23,296941.81,1.07,7.74,1.65,1.34,1.16,16941,586.12
1336,台翰,12.95,13.05,12.95,-0.3,-2.26,220,29.55,-26,0,0,-26,0,0,0,0,0,0,0,0,0,0,0,0,0,0,221,221,0,35,203.81,-4.85,-8.9,2411.46,0.1,12.26,0.4,2.01,13.49,2618,7.76
1337,再生-KY,4.82,4.84,4.82,0.04,0.84,259,41.47,30,0,0,30,0,0,0,0,0,0,0,0,0,0,0,0,0,0,264,264,0,--,42.07,-32.04,-31.33,615.05,-0.43,-8.67,-3.14,0,31.12,20922,26.9
1338,廣華-KY,15.7,15.75,15.75,0.2,1.29,227,61.54,-76,0,10,-66,0,0,0,0,0,0,0,0,0,0,0,0,0,0,228,228,0,--,458.16,0.86,12.11,5200.28,-1.15,25.08,-1.37,1.9,11.96,2506,8.38
1339,昭輝,40.45,40.55,40.45,-0.25,-0.61,83,28.57,-10,0,1,-9,0,0,0,0,0,0,0,0,0,0,0,20,0,20,66,86,-20,9.56,141.13,0.81,-10.02,1543.54,2.78,24.62,5.41,6.18,3.44,638,7.41
1340,勝悅-KY,5.45,5.47,5.46,0.02,0.37,72,53.73,4,0,-2,2,0,0,0,0,0,0,0,0,0,0,0,0,0,0,79,79,0,--,5.28,53.49,-81.22,82.69,-0.3,-181.27,-1.74,0,2.53,968,15.29
1341,富林-KY,60.8,62,61,0,0,5,20,1,0,0,1,0,0,0,0,0,0,0,0,0,0,0,0,0,0,5,5,0,14.95,265.86,-13.78,18.06,2598.18,1.62,25.06,6.92,6.56,--,0,5.29
1342,八貫,91.9,92.3,91.9,-1.6,-1.71,225,28.12,-20,0,0,-20,14,20,-6,-0.03,14,14,0,0,0,0.06,0,16,69,-53,201,142,59,15.45,349.26,-5.82,44.52,3108.06,2.08,27.2,7.23,6.53,2.72,531,7.8
1402,遠東新,26.25,26.3,26.25,0.3,1.16,22381,44.23,9500,-4142,37,5395,19501,17304,2197,0.1,19501,19501,0,0,0,0.87,0,1253,1732,-479,1659,3377,-1718,16.3,22888.48,7.02,14.34,254108.68,0.61,21.9,1.74,4.76,0.72,9635,535.29
1409,新纖,16.65,16.7,16.7,0,0,4068,46.92,149,163,-157,155,1926,1804,122,0.03,1348,1348,0,0,0,0.33,0,569,665,-96,1590,1616,-26,12.56,4079.33,3.4,25.05,39654.34,0.39,27.48,1.68,5.39,2.4,9706,161.84
1410,南染,26.7,26.95,26.95,0.45,1.7,11,54.55,-1,0,-1,-2,0,0,0,0,0,0,0,0,0,0,0,0,0,0,11,11,0,49.91,23.11,-0.38,12.78,191.66,0.03,31.62,0.04,0.74,2.05,317,6.2
1413,宏洲,9.5,9.52,9.5,-0.02,-0.21,2,0,0,0,0,0,0,0,0,0,0,0,0,0,0,0,0,0,0,0,2,2,0,17.27,224.01,19.53,-0.58,1955.63,-0.13,-0.87,-1.51,0,--,0,13.21
1414,東和,15.75,15.9,15.9,0.25,1.6,203,46.04,-1,0,-2,-3,0,0,0,0,0,0,0,0,0,0,0,0,38,-38,205,167,38,54.83,46.22,16.3,-2.65,446.93,0.06,11.1,0.38,1.26,2.03,1007,19.8
1416,廣豐,11,11.05,11.05,0,0,290,22.07,24,0,0,24,0,0,0,0,0,0,0,0,0,0,0,48,57,-9,246,237,9,12.85,33.56,-4.63,26.52,391.28,0.18,34.96,0.8,5.16,8.22,3808,18.53
1417,嘉裕,8.21,8.27,8.27,0,0,103,63.11,-13,0,-1,-14,0,0,0,0,0,0,0,0,0,0,0,0,0,0,107,107,0,18.38,22.01,8.23,1.81,422.97,-0.22,66.83,-1.81,3.02,3.25,1544,18.99
1418,東華,18,18.05,18,-0.15,-0.83,13,15.38,3,0,-1,2,0,0,0,0,0,0,0,0,0,0,0,0,0,0,14,14,0,--,0.55,3158.82,59.2,3.34,-0.75,-8.18,-3.38,0,6.13,718,5.68
1419,新紡,63,63.4,63,-0.4,-0.63,115,33.33,-8,0,10,2,0,0,0,0,0,0,0,0,0,0,0,9,9,0,107,107,0,4.8,402.04,-28.64,39.74,5236.81,9.37,25.86,14.78,2.86,1.62,1216,30
1423,利華,40.8,40.85,40.8,0,0,10,30,-2,0,-2,-4,0,0,0,0,0,0,0,0,0,0,0,0,0,0,11,11,0,10.82,4.17,-47.9,-33.97,86.09,0.15,25.08,0.42,8.82,0.27,68,9.96
1432,大魯閣,16.25,16.3,16.25,0.05,0.31,147,34.69,-28,0,0,-28,0,0,0,0,0,0,0,0,0,0,0,0,0,0,152,152,0,2.48,66.52,10.86,-39.79,1140.71,-0.54,16.5,-3.46,12.31,0.54,122,10.8
1434,福懋,15.2,15.25,15.2,0.05,0.33,1025,44.57,85,0,3,88,300,210,90,0.09,300,300,0,0,0,0.29,0,147,97,50,587,727,-140,25.33,2584.62,-3.66,-5.12,26745.67,0.2,11.18,0.77,3.29,0.61,2569,168.47
1436,華友聯,46.1,46.15,46.1,-0.2,-0.43,124,38.66,16,0,7,23,22,0,22,0.17,22,22,0,0,0,0.17,0,0,20,-20,107,109,-2,10.7,53.74,47.7,-25.39,3634.12,-0.31,49.22,-0.95,10.95,1.86,901,19.42
1437,勤益控,28.3,28.35,28.35,0.25,0.89,91,68.13,10,0,0,10,0,0,0,0,0,0,0,0,0,0,0,0,21,-21,91,70,21,10.23,57.06,7.32,-16.14,898.51,0.68,61.41,1.67,3.39,3.9,1967,20.19
1438,三地開發,20.55,20.8,20.6,0.35,1.73,61,39.34,10,0,3,13,0,0,0,0,0,0,0,0,0,0,0,0,0,0,61,61,0,7.46,11.99,-93.93,--,1648.35,0.65,39.56,2.26,4.85,0.27,62,11.12
1439,雋揚,25.2,25.55,25.45,0.1,0.39,242,45.87,184,0,0,184,116,125,-9,-0.04,-9,0,116,125,0,0.48,0.52,65,45,20,61,72,-11,8.26,5.53,-91.66,20.82,753.54,0.59,30.12,1.68,1.96,4.62,1063,9.2
1440,南紡,11.35,11.4,11.35,-0.05,-0.44,1534,52.95,-258,0,50,-208,134,0,134,0.09,134,134,0,0,0,0.09,0,469,637,-168,940,906,34,--,1026.7,-26.87,-16.29,13401.19,-0.05,8.73,-0.26,2.64,1.22,5055,165.68
1441,大東,9.44,9.46,9.44,-0.12,-1.26,65,24.62,-3,0,0,-3,0,0,0,0,0,0,0,0,0,0,0,0,0,0,92,92,0,--,131.68,14.93,1.87,1404.49,-0.62,1.42,-10.07,0,--,0,7.17
1442,名軒,26.2,26.3,26.2,-0.3,-1.13,304,34.33,-83,0,0,-83,0,0,0,0,0,0,0,0,0,0,0,20,46,-26,288,262,26,13.37,74.34,-6.36,-76.32,2016.31,0.23,49.87,1.07,9.16,3.39,3108,36.62
1443,立益物流,26.3,26.5,26.5,0.2,0.76,28,57.14,-3,0,0,-3,0,0,0,0,0,0,0,0,0,0,0,0,0,0,29,29,0,24.09,80.48,9.21,-4.58,951.17,0.52,47.69,3.95,0,0.1,35,13.53
1444,力麗,5.92,5.94,5.92,-0.03,-0.5,901,32.1,-198,0,0,-198,0,0,0,0,0,0,0,0,0,0,0,99,0,99,809,908,-99,--,623.27,-34.41,9.21,7376.57,0.07,5.47,0.58,0,--,1015,99.56
1445,大宇,11.35,11.45,11.35,0,0,54,31.48,-15,0,1,-14,0,0,0,0,0,0,0,0,0,0,0,0,0,0,54,54,0,--,24.37,-53.41,-64.14,697.12,0.03,24.65,0.19,4.41,3.99,1303,13.07
1446,宏和,15.45,15.55,15.5,0.35,2.31,133,71.32,11,0,0,11,0,0,0,0,0,0,0,0,0,0,0,0,0,0,134,134,0,9.12,62.95,-35.66,-83.63,584.94,0.5,39.1,2.44,9.68,6.59,2268,13.77
1447,力鵬,5.8,5.81,5.8,0.04,0.69,4438,41.3,-1174,0,-5,-1179,485,0,485,0.11,205,205,0,0,0,0.05,0,564,338,226,3403,4114,-711,--,3258.89,-15.82,27.79,29701.74,0.1,2.66,1.09,0,--,2431,91.01
1449,佳和,12.3,12.35,12.35,-0.05,-0.4,847,28.38,17,0,0,17,0,0,0,0,0,0,0,0,0,0,0,0,108,-108,853,745,108,--,377.32,34.69,75.49,3008.72,-0.23,10.06,-0.95,0.81,12.36,3927,12.71
1451,年興,16.65,16.75,16.7,-0.05,-0.3,156,30.52,-32,0,0,-32,0,0,0,0,0,0,0,0,0,0,0,0,0,0,161,161,0,18.76,513.37,-0.97,-4.08,6416.66,0.47,16.45,1.26,5.99,1.26,622,19.8
1452,宏益,10.8,10.85,10.8,-0.05,-0.46,68,17.91,2,0,0,2,0,0,0,0,0,0,0,0,0,0,0,0,0,0,69,69,0,--,147.54,-8.46,12.05,1350.26,-0.09,3.3,-0.43,1.85,0.31,103,13.26
1453,大將,11.1,11.15,11.1,0,0,19,36.84,2,0,0,2,0,0,0,0,0,0,0,0,0,0,0,0,0,0,23,23,0,100.91,0.13,0,1.61,1.48,-0.05,63.93,-0.36,2.7,4.63,1312,11.32
1454,台富,13.1,13.2,13.15,-0.1,-0.75,12,72.73,-2,0,0,-2,0,0,0,0,0,0,0,0,0,0,0,0,0,0,14,14,0,--,124.28,11.76,-20.89,1393.77,-0.2,3.8,-1.77,0.76,6.44,2091,12.98
1455,集盛,8.17,8.18,8.17,0.12,1.49,452,56.54,149,0,15,164,0,0,0,0,0,0,0,0,0,0,0,81,0,81,374,455,-81,--,595.32,12.38,-3.06,5589.46,-0.05,2.13,-0.46,1.96,1.99,2649,53.17
1456,怡華,13.2,13.25,13.25,0,0,18,77.78,-1,0,2,1,0,0,0,0,0,0,0,0,0,0,0,0,0,0,18,18,0,3.84,64.1,14.38,23.71,896.39,-0.43,39.68,-2.12,0,1.36,319,9.37
1457,宜進,14.05,14.1,14.1,0.05,0.36,61,36.67,1,0,0,1,0,0,0,0,0,0,0,0,0,0,0,0,0,0,63,63,0,21.04,295.48,8.4,-0.12,2766.73,0.2,5.92,0.36,7.09,0.76,603,31.67
1459,聯發,11.8,11.85,11.8,-0.05,-0.42,11,27.27,-1,0,0,-1,0,0,0,0,0,0,0,0,0,0,0,0,0,0,15,15,0,8.61,94.35,-5.57,-3.67,1059.13,0.03,18.88,0.27,1.69,0.41,369,35.86
1460,宏遠,6.96,7.03,7.03,0.05,0.72,478,29.56,-204,0,0,-204,0,0,0,0,0,0,0,0,0,0,0,0,0,0,482,482,0,--,426.2,-27.21,-27.61,6853.27,0.02,17.68,0.23,0,--,0,69.46
1463,強盛新,17.75,17.85,17.75,-0.05,-0.28,24,16.67,3,0,0,3,0,0,0,0,0,0,0,0,0,0,0,0,0,0,24,24,0,--,20.9,-17.17,34.51,231.75,-0.01,17.06,-0.09,0.73,0.57,248,17.33
1464,得力,10,10.1,10,-0.05,-0.5,314,48.39,85,0,17,102,0,0,0,0,0,0,0,0,0,0,0,50,0,50,269,319,-50,27.03,1129.61,-0.2,6.49,12100.86,0.3,20.88,2.07,2.5,1.88,1997,42.56
1465,偉全,11.95,12,12,0.05,0.42,43,62.79,3,0,1,4,0,0,0,0,0,0,0,0,0,0,0,0,0,0,45,45,0,--,36.32,5.25,-12.07,367.29,0.27,2.36,1.79,2.5,12.9,3340,10.36
1466,聚隆,14.45,14.9,14.9,0.35,2.41,49,50,-10,0,-1,-11,0,0,0,0,0,0,0,0,0,0,0,0,0,0,50,50,0,--,187.41,-3.06,-17.51,2427.43,0.17,12.64,1.29,1.34,16.91,4700,11.12
1467,南緯,6.93,6.95,6.95,-0.03,-0.43,247,36.59,-26,0,0,-26,0,0,0,0,0,0,0,0,0,0,0,0,0,0,253,253,0,--,413.81,-10.62,27.49,5178.56,0.11,19.76,0.93,0,11.21,4715,23.36
1468,昶和,11.8,11.95,12,0,0,39,61.54,1,0,-1,0,0,0,0,0,0,0,0,0,0,0,0,0,0,0,39,39,0,100,42.43,67.16,-46.07,672.34,0.17,25.9,1.81,0,--,0,16.04
1470,大統新創,21.1,21.45,21.1,-1.2,-5.38,326,23.62,1,0,0,1,242,236,6,0.02,-236,0,0,0,236,0,0.72,0,0,0,85,91,-6,24.25,50.9,-26.3,-20.52,767.93,0.31,26.99,2.67,3.08,0.03,6,8.58
1471,首利,10.05,10.1,10.05,-0.15,-1.47,535,46.01,-46,0,0,-46,0,0,0,0,0,0,0,0,0,0,0,50,69,-19,486,467,19,--,8,4.94,-52.38,148.74,-0.03,-20.25,-0.25,0,--,0,15.04
1472,三洋實業,89.2,89.9,88.5,0,0,5,0,0,0,0,0,0,0,0,0,0,0,0,0,0,0,0,0,0,0,5,5,0,13.76,307.21,35.42,-8.15,3619.14,1.78,14.67,3.94,6.78,47.38,4144,5.25
1473,台南,20.35,20.6,20.6,-0.45,-2.14,197,51.27,-47,0,0,-47,0,0,0,0,0,0,0,0,0,0,0,25,25,0,178,178,0,--,378.67,-31.82,-13.6,6080.36,0.69,18.38,2.59,2.43,2.24,818,14.62
1474,弘裕,9.89,9.94,9.94,-0.04,-0.4,28,50,-2,0,0,-2,0,0,0,0,0,0,0,0,0,0,0,0,0,0,30,30,0,41.42,252.11,-16.74,-6,2848.01,0.09,10.9,0.46,2.52,10.31,3349,12.99
1475,業旺,26,26.1,26.1,0,0,27,37.04,-4,0,0,-4,0,0,0,0,0,0,0,0,0,0,0,0,0,0,28,28,0,10.24,124.97,-4.45,-4.62,1421.08,0.88,17.89,3.77,5.75,2.19,362,6.6
1476,儒鴻,320,320.5,320,-8,-2.44,1611,44.84,-432,-5,20,-417,1052,1473,-421,-0.25,-1422,0,50,56,1416,0.03,0.88,214,104,110,414,103,311,15.48,3264.02,-9.32,-3.74,38109.31,6.69,32.17,6.42,4.69,1.08,741,27.44
1477,聚陽,210,211,210,-3.5,-1.64,2171,39.74,347,-25,15,337,1490,1890,-400,-0.18,-1506,153,0,0,1659,0.07,0.74,148,135,13,599,212,387,15.16,2605.95,-16.76,10.23,33642.9,4.35,26.14,7.91,7.14,2.37,1461,24.67
1503,士電,183.5,184,183.5,-2.5,-1.34,2000,32.75,-19,0,-86,-105,918,1630,-712,-0.34,-456,300,0,0,756,0.14,0.37,375,133,242,779,309,470,27.31,3404.4,-19.52,32.53,39277.5,2.79,23.77,3.99,2.72,2.25,2935,52.1
1504,東元,67.9,68,67.9,-0.4,-0.59,7055,34.5,-797,52,82,-663,3597,4325,-728,-0.1,-3350,113,663,1051,3075,0.11,0.58,947,913,34,2597,1903,694,30.59,5626.68,9.75,13.55,60239.23,0.51,23.47,1.31,2.95,4.62,27421,237.64
1506,正道,9.99,10,10,-0.1,-0.99,91,34.07,-8,0,0,-8,0,0,0,0,0,0,0,0,0,0,0,0,0,0,92,92,0,83.33,102.67,4.75,2.38,1112.5,0.02,17.44,0.18,0,--,0,30.04
1512,瑞利,6.94,7.05,7.01,0.05,0.72,8,37.5,-1,0,-1,-2,0,0,0,0,0,0,0,0,0,0,0,0,0,0,10,10,0,25.04,76.63,5.19,-9.81,1169.36,0.09,31.8,1.28,0,--,0,9.82
1513,中興電,149.5,150,150,1.5,1.01,4311,36.81,-856,609,-82,-329,3118,3264,-146,-0.03,3118,3118,0,0,0,0.71,0,331,309,22,948,824,124,18.56,2307.7,-6.87,5.86,27617.58,1.94,25.98,4.49,4,7.06,8874,50.31
1514,亞力,113.5,114,113.5,-2,-1.73,2522,36.75,69,15,-58,26,1116,1484,-368,-0.14,-404,379,0,0,783,0.15,0.3,334,289,45,1123,799,324,33.28,858.23,7.89,40.12,11319.11,0.73,17.54,3.08,1.94,10.79,7366,27.31
1515,力山,21.9,22,21.9,-0.2,-0.9,341,30.59,-76,0,0,-76,0,0,0,0,0,0,0,0,0,0,0,40,121,-81,304,223,81,22.35,325.36,4.41,-19.27,5377.47,0.07,14.74,0.29,2.74,4.35,1972,18.15
1516,川飛,21.8,21.85,21.8,0.7,3.32,138,20.29,-59,0,-2,-61,100,48,52,0.38,100,100,0,0,0,0.72,0,0,0,0,38,90,-52,1090,7.47,-21.35,--,90.65,-0.05,6.11,-1.02,0,--,18,4
1517,利奇,10,10.05,10.05,0.05,0.5,181,31.43,18,0,5,23,0,0,0,0,0,0,0,0,0,0,0,80,0,80,104,184,-80,--,172.84,8.14,-15.62,1874.46,-0.19,1.13,-1.05,1.99,2.54,1396,22
1519,華城,783,785,783,-21,-2.61,2567,37.21,-409,-294,-24,-727,1761,2245,-484,-0.17,-2015,67,54,60,2076,0.04,0.77,842,469,373,168,57,111,53.78,2248.96,10.43,6.38,24893.28,3.29,43.61,10.54,1.53,4.22,3334,31.59
1521,大億,24.25,24.7,24.3,0,0,22,63.64,10,0,0,10,0,0,0,0,0,0,0,0,0,0,0,0,0,0,22,22,0,34.23,350.41,0.37,18.3,3799.65,0.44,15.05,1.8,3.09,2.21,421,7.62
1522,堤維西,29.15,29.2,29.2,-0.05,-0.17,681,33.48,-171,-5,0,-176,50,77,-27,-0.04,-36,0,0,0,36,0,0.05,18,78,-60,621,534,87,85.88,2205.38,-11.61,53.32,26984.65,-0.19,15.48,-0.23,4.11,5.96,4662,31.29
1524,耿鼎,28.1,28.15,28.1,-0.2,-0.71,688,26.79,-142,0,0,-142,87,39,48,0.07,-39,0,0,0,39,0,0.06,92,154,-62,515,501,14,18.73,219.91,9.81,1.77,2443.77,0.53,30.28,2.95,4.98,11.11,4592,16.53
1525,江申,57.9,58.3,58,-0.1,-0.17,29,13.79,-5,0,0,-5,0,0,0,0,0,0,0,0,0,0,0,0,0,0,29,29,0,36.25,107.2,1.34,4.35,1254.94,-0.82,14.43,-1.18,4.83,1.36,250,7.34
1526,日馳,14.4,14.55,14.4,-0.3,-2.04,146,15.75,20,0,-1,19,0,0,0,0,0,0,0,0,0,0,0,0,0,0,149,149,0,--,52.12,-21.79,-22.19,717.56,-0.44,12.58,-1.96,0,3.81,572,6
1527,鑽全,32.4,32.45,32.45,0.2,0.62,123,35.71,44,0,0,44,42,0,42,0.34,42,42,0,0,0,0.34,0,39,0,39,44,125,-81,35.66,236.84,-2.84,-2.66,2703.38,0.32,18.41,0.92,4.62,1.57,545,13.86
1528,恩德,25.65,25.7,25.65,-0.7,-2.66,5816,35.63,-728,-4,0,-732,810,1183,-373,-0.06,-631,233,0,152,712,0.04,0.15,623,996,-373,4400,3654,746,--,241.07,-12.98,1.23,2983.08,-0.15,30.47,-1.33,0,21.62,10339,19.13
1529,樂事綠能,20.5,20.55,20.5,0.35,1.74,484,48.13,15,0,-1,14,83,86,-3,-0.01,-3,0,83,86,0,0.17,0.18,0,0,0,406,403,3,17.98,35.57,7.69,-71.99,816.05,0.16,16.08,1.5,4.88,8.81,3415,15.51
1530,亞崴,26.85,27.3,27.3,0.3,1.11,31,86.67,-1,0,0,-1,0,0,0,0,0,0,0,0,0,0,0,0,0,0,32,32,0,23.74,213.32,23.55,68.97,1906,0.18,12.79,0.43,3.66,0.56,133,9.46
1531,高林股,12.3,12.35,12.3,-0.05,-0.4,101,28.28,27,0,0,27,0,0,0,0,0,0,0,0,0,0,0,0,0,0,103,103,0,--,125.32,-1.78,-2.87,1424.6,0.03,14.69,0.15,8.13,4.22,1923,18.21
1532,勤美,20.6,20.7,20.6,-0.3,-1.44,809,51.67,-191,-5,0,-196,0,0,0,0,0,0,0,0,0,0,0,63,183,-120,751,631,120,17.91,1098.43,-11.22,5.47,15748.84,-0.09,21.6,-0.12,3.88,2.3,2426,42.26
1533,車王電,34.55,34.7,34.55,-0.1,-0.29,398,32.58,11,0,5,16,0,0,0,0,0,0,0,0,0,0,0,37,16,21,365,386,-21,21.2,476.83,2.09,72.77,4701.02,0.84,27.81,4.77,0,3,739,9.85
1535,中宇,49.3,49.6,49.3,0,0,34,26.47,4,0,1,5,0,0,0,0,0,0,0,0,0,0,0,0,0,0,36,36,0,12.67,604.23,-24.46,-26.07,10886.47,0.77,11.64,2.44,6.09,0.16,49,12.37
1536,和大,49.95,50,50,1.85,3.84,3126,64.11,365,0,179,544,506,529,-23,-0.01,305,415,0,0,110,0.13,0.03,614,451,163,2023,2162,-139,--,405.21,-18.03,-4.8,4701.53,-0.52,6.52,-1.91,0,12.39,8641,27.9
1537,廣隆,125.5,126,126,0.5,0.4,43,55.81,5,0,0,5,13,0,13,0.3,0,0,0,0,0,0,0,4,9,-5,27,35,-8,16.58,575.53,4.94,-8.96,6539.56,2.11,20.29,3.84,5.71,0.16,32,8.21
1538,正峰,11.6,12.3,12.4,0,0,1,100,0,0,0,0,0,0,0,0,0,0,0,0,0,0,0,0,0,0,2,2,0,--,9.21,130.6,7.74,96.39,-1.11,15.69,-26.91,0,--,0,3.23
1539,巨庭,15.35,15.4,15.4,0.05,0.33,49,53.06,4,0,0,4,0,0,0,0,0,0,0,0,0,0,0,0,0,0,49,49,0,385,104.99,59.87,-16.64,1166.3,0.08,8.51,0.33,0,7.48,1222,6.54
1540,喬福,20.7,20.75,20.75,-0.5,-2.35,276,26.17,-59,0,0,-59,0,0,0,0,0,0,0,0,0,0,0,0,0,0,277,277,0,22.31,35.52,25.24,-24.12,440.55,0.32,24.28,1.81,4.82,8.77,1874,8.55
1541,錩泰,20.35,20.4,20.4,0.3,1.49,32,53.12,4,0,3,7,0,0,0,0,0,0,0,0,0,0,0,0,0,0,32,32,0,8.99,200.94,25.95,-43.66,3224.75,0.48,18.74,1.77,0,0.57,113,7.88
1558,伸興,90.2,90.4,90.3,0,0,37,52.78,-1,-1,0,-2,0,0,0,0,0,0,0,0,0,0,0,6,8,-2,35,33,2,16.07,701.46,0.3,11.2,8056.46,1.23,24.2,1.78,5.54,1.82,294,6.45
1560,中砂,643,644,644,-5,-0.77,1351,31.02,128,2,-38,92,1060,1075,-15,-0.01,-250,77,681,635,373,0.54,0.72,311,293,18,37,39,-2,62.77,830.35,5.22,18.82,8802.65,2.94,35,5.18,0.78,5.12,1916,14.98
1563,巧新,45.25,45.3,45.3,0.15,0.33,621,42,86,0,2,88,0,0,0,0,0,0,0,0,0,0,0,118,73,45,508,553,-45,107.86,595.37,-11.93,5.74,6963.38,0.6,22.01,1.54,4.42,1.87,1055,22.56
1565,精華,94.3,94.5,94.3,0.4,0.43,161,45,-26,0,-1,-27,19,11,8,0.05,8,0,19,11,0,0.12,0.07,6,13,-7,140,141,-1,13.49,303.81,-0.43,-16.62,3844.85,1.39,20.32,1.09,6.15,8.72,1099,5.04
1568,倉佑,27.45,27.5,27.5,-0.85,-3,349,19.31,-104,0,-4,-108,0,0,0,0,0,0,0,0,0,0,0,0,18,-18,353,335,18,20.52,109.32,-0.6,32.75,1045.45,0.51,37,2.6,3.64,12.11,3120,10.31
1569,濱川,50.9,51.1,50.9,-0.1,-0.2,637,26.38,-113,0,-5,-118,77,76,1,0,-51,0,25,0,76,0.04,0.12,64,207,-143,503,361,142,--,266.77,-28.54,-10.79,3214.15,-0.73,7.14,-3.1,0,47.32,14368,14.42
1570,力肯,37.85,38,37.85,-0.45,-1.17,264,21.07,-83,0,0,-83,0,35,-35,-0.13,-35,0,0,0,35,0,0.13,35,62,-27,230,168,62,97.05,55.52,6.43,17.38,500.17,0.23,22.61,1.18,2.64,17.48,2251,5.15
1580,新麥,122.5,123,122.5,0.5,0.41,70,57.14,6,0,0,6,31,38,-7,-0.1,31,31,0,0,0,0.43,0,0,7,-7,41,27,14,9.72,417.46,18.77,-10.13,4841.96,2.73,43.36,4.36,6.94,0.24,30,4.93
1582,信錦,117,--,117,10.5,9.86,24763,72.09,-852,136,-88,-804,18720,16949,1771,0.07,18356,18381,0,0,25,0.74,0,1592,2855,-1263,4665,5174,-509,42.55,770.93,3.99,-1.13,8542.73,0.35,19.97,0.71,2.56,23.73,8559,14.43
1583,程泰,47.95,48.15,47.95,-1.45,-2.94,33,21.21,-9,0,-2,-11,0,0,0,0,0,0,0,0,0,0,0,0,0,0,34,34,0,17.19,440.43,6.28,40.74,4083.25,0.18,18.03,0.39,2.09,0.12,32,10.94
1584,精剛,19.65,19.7,19.7,-0.05,-0.25,736,48.77,-187,0,1,-186,180,0,180,0.24,0,0,0,0,0,0,0,105,121,-16,455,619,-164,75.77,194.18,30.37,-16.27,2393.11,0.09,10.8,0.41,1.27,11.96,6952,23.25
1586,和勤,22.4,22.65,22.65,0.2,0.89,188,47.28,-34,0,0,-34,0,0,0,0,0,0,0,0,0,0,0,71,0,71,119,190,-71,188.75,206.36,12.02,-4.54,2293.11,0.17,17.74,0.9,--,69.44,15076,10.68
1587,吉茂,28.25,28.5,28.25,-0.3,-1.05,304,28.24,-29,0,3,-26,0,0,0,0,0,0,0,0,0,0,0,30,35,-5,276,271,5,68.9,197.97,-15.85,-11.76,2820.84,0.04,16.81,0.2,0,14.47,2895,8.01
1590,亞德客-KY,1425,1430,1430,-20,-1.38,920,31.02,143,-13,-20,110,926,925,1,0,-829,18,60,59,848,0.08,0.97,1,4,-3,7,6,1,31.3,4342.34,4.89,25.23,37122.07,13.35,47.97,5.16,2.04,0.34,172,20
1591,駿吉-KY,--,42.4,42.4,-4.7,-9.98,442,0,34,0,0,34,42,361,-319,-0.71,-361,0,0,0,361,0,0.8,96,40,56,313,50,263,--,47.51,-5.03,510.67,283.85,-0.08,31.69,-0.66,0,19.89,1712,3.8
1593,祺驊,31.15,31.3,31.2,-0.65,-2.04,55,20,5,0,0,5,0,0,0,0,0,0,0,0,0,0,0,20,0,20,36,56,-20,13.33,122.18,19.06,18.49,1303.22,0.58,30.71,2.18,6.41,1.61,160,3.98
1595,川寶,87,87.9,87,-2.6,-2.9,517,57.69,-49,0,-8,-57,26,112,-86,-0.19,-112,0,0,0,112,0,0.25,96,91,5,405,324,81,--,57.63,-13.4,-24.09,655.62,-0.74,14.17,-1.49,0.57,52.03,7079,5.44
1597,直得,179,179.5,179.5,-10,-5.28,2174,44.84,-119,-2,20,-101,745,1145,-400,-0.22,-270,456,50,95,681,0.28,0.43,540,446,94,948,642,306,154.74,153.9,27.72,70.97,1283.24,0.43,41.76,1.58,0.39,32.53,7260,8.93
1598,岱宇,20.1,20.25,20.1,0,0,188,53.72,45,0,0,45,0,0,0,0,0,0,0,0,0,0,0,0,30,-30,191,161,30,--,452.73,-32.76,-16.34,5799.07,0.25,42.12,0.77,0,4.84,2167,17.91
1599,宏佳騰,23.4,23.6,23.5,0.05,0.21,25,58.33,13,0,0,13,0,0,0,0,0,0,0,0,0,0,0,0,0,0,28,28,0,--,158.21,-35.72,8,2017.6,0.28,22.02,0.62,2.13,1.94,361,7.3
1603,華電,29.45,29.5,29.45,0.05,0.17,253,40.09,-63,0,3,-60,0,0,0,0,0,0,0,0,0,0,0,20,83,-63,235,172,63,13.21,575.32,7.1,17.88,5488.31,0.29,8.83,0.6,6.79,4.91,2352,19.17
1604,聲寶,23.1,23.15,23.15,0.05,0.22,241,54.85,18,0,0,18,50,0,50,0.2,50,50,0,0,0,0.2,0,0,0,0,195,245,-50,14.84,815.21,4.35,2.93,8984.92,0.51,20.15,2.13,6.48,0.27,261,38.42
1605,華新,33.4,33.45,33.4,-1.3,-3.75,29015,36.44,-7414,243,-44,-7215,11372,20552,-9180,-0.31,-20086,39,0,0,20125,0,0.69,3672,2361,1311,14162,6292,7870,24.38,15530.51,-1.22,-12.05,168327.19,0.81,7.77,2,1.5,4.44,49164,443.13
1608,華榮,31.4,31.45,31.4,-0.2,-0.63,1826,31.92,-534,-30,100,-464,133,549,-416,-0.23,-336,50,0,151,235,0.03,0.21,294,275,19,1415,1012,403,8.51,1041.76,-19.13,8.04,12037.16,0.37,14.01,1.88,6.37,5.38,8518,63.28
1609,大亞,33.75,33.8,33.75,-0.3,-0.88,3178,36.87,222,-220,62,64,894,898,-4,0,-353,189,273,276,539,0.14,0.25,497,599,-102,1823,1717,106,14.12,3124.83,1.17,16.23,32938.44,0.66,18.85,3.02,2.07,6.92,13577,78.53
1611,中電,11.15,11.2,11.2,0,0,343,31.96,-48,0,-1,-49,0,0,0,0,0,0,0,0,0,0,0,0,0,0,352,352,0,280,85.78,-6.54,-9.3,1025.29,0.13,38.27,1.04,7.14,4.28,3456,32.27
1612,宏泰,35.6,35.8,35.6,-0.1,-0.28,628,48,42,-28,-12,2,0,50,-50,-0.08,0,0,0,0,0,0,0,151,165,-14,482,418,64,11.87,673.31,-5.88,1.56,7691.08,0.82,17.4,3.14,7.02,1.76,1392,31.61
1614,三洋電,30.55,30.7,30.55,0,0,26,28,6,0,1,7,0,0,0,0,0,0,0,0,0,0,0,0,0,0,27,27,0,24.06,487.86,27.93,2.3,5234.57,0.47,18.47,2.16,3.18,0.53,356,26.91
1615,大山,42.95,43,42.95,0.15,0.35,120,49.58,25,0,0,25,0,0,0,0,0,0,0,0,0,0,0,0,34,-34,122,88,34,9.06,497.86,-27.87,13.44,5581.12,0.94,23.41,3.98,6.05,0.3,148,19.67
1616,億泰,20.6,20.7,20.6,0.25,1.23,353,42.9,-21,0,3,-18,0,0,0,0,0,0,0,0,0,0,0,0,0,0,356,356,0,17.17,439.17,6.85,8.53,5345.35,0.28,9.86,2.38,6.6,7.4,3593,19.41
1617,榮星,14.3,14.35,14.3,0.1,0.7,50,44,4,0,0,4,0,0,0,0,0,0,0,0,0,0,0,0,0,0,54,54,0,16.25,389.13,-3.39,23.66,3579.22,0.08,8.27,0.55,4.2,2.88,1221,16.95
1618,合機,38.1,38.15,38.1,-0.15,-0.39,309,35.88,24,0,0,24,0,0,0,0,0,0,0,0,0,0,0,14,33,-19,298,279,19,8.37,184.7,-47.96,-76.96,4277.13,1.57,33.74,4.64,4.46,8.29,3992,19.27
1623,大東電,220.5,222.5,220.5,-3,-1.34,97,12.63,-31,0,-1,-32,5,38,-33,-0.32,-38,0,0,0,38,0,0.37,3,13,-10,95,52,43,15.94,477.37,-26.15,-8.68,--,4.33,21.93,8.07,3.63,--,0,6.6
1626,艾美特-KY,9.96,10.05,9.96,-0.01,-0.1,34,14.71,-7,0,-1,-8,0,0,0,0,0,0,0,0,0,0,0,0,0,0,37,37,0,--,960.28,8.03,-10.14,7512.41,-1.11,13.37,-6.08,0,6.87,2572,14.98
1702,南僑,32.65,32.7,32.7,0.2,0.62,521,57.06,83,0,0,83,0,32,-32,-0.06,0,0,0,0,0,0,0,67,102,-35,464,397,67,53.61,1966.99,-4.78,-3.17,23058.81,0.12,24.11,0.59,4.89,0.55,402,29.41
1707,葡萄王,105,105.5,105.5,-0.5,-0.47,239,39.74,6,0,0,6,35,111,-76,-0.3,-111,0,0,0,111,0,0.44,44,54,-10,172,86,86,13.19,806.39,-5.98,-6.01,10225.67,1.18,69.67,2.4,5.69,0.61,225,14.81
1708,東鹼,39.85,39.9,39.85,0.2,0.5,2586,46.97,113,0,38,151,671,744,-73,-0.03,642,671,0,0,29,0.26,0.01,521,424,97,1405,1430,-25,11.82,696.73,22.67,42,6397.71,1.11,30.57,3.75,4.02,8.88,5527,24.9
1709,和益,18.2,18.25,18.25,0.25,1.39,466,66.81,153,0,31,184,0,73,-73,-0.16,0,0,0,0,0,0,0,30,0,30,439,396,43,13.13,756.07,-17.44,3.29,8836.78,0.55,20.33,2.91,5.48,1.48,1766,47.7
1710,東聯,11.75,11.8,11.8,0.25,2.16,1859,65.04,-347,0,24,-323,186,346,-160,-0.09,186,186,0,0,0,0.1,0,409,211,198,1272,1309,-37,--,2424.13,8.71,12.9,21743.21,-0.15,1.66,-1.71,0,3.51,7762,88.57
1711,永光,48.1,48.2,48.1,-0.8,-1.64,13594,44.76,-382,0,-18,-400,3878,5041,-1163,-0.09,-859,1494,157,440,2070,0.12,0.18,1619,2409,-790,8198,6245,1953,--,721.65,-13.8,-1.37,7663.05,0.09,21.52,0.59,0,17.76,24315,54.78
1712,興農,40.65,40.7,40.65,-0.15,-0.37,641,29.82,-291,0,0,-291,85,168,-83,-0.13,-128,0,0,0,128,0,0.2,106,212,-106,463,274,189,16.39,1913.83,2.07,9.4,18671.7,0.67,30.67,3.46,6.15,0.4,418,42.05
1713,國化,47.05,47.15,47.1,-0.5,-1.05,116,36.36,-33,0,0,-33,0,0,0,0,0,0,0,0,0,0,0,13,0,13,105,118,-13,10.51,40.63,-23.69,29.57,472.89,1.36,10.27,5.24,6.58,8.18,3088,15.1
1714,和桐,9.66,9.68,9.67,-0.08,-0.82,3140,46.45,-366,0,-5,-371,133,0,133,0.04,0,0,0,0,0,0,0,243,444,-201,2774,2706,68,15.11,3183.68,13.72,71.71,27320.68,0.23,11.24,2.29,1.86,2.82,6982,99.18
1717,長興,74.5,74.6,74.5,0.7,0.95,23199,47.04,2306,-361,155,2100,12744,12767,-23,0,7585,10297,1994,3538,1168,0.53,0.2,2651,3078,-427,8004,7553,451,50.34,4233.39,8.08,12.99,41353.84,0.37,22.16,1.48,1.34,10.05,29443,117.22
1718,中纖,6.5,6.51,6.51,-0.07,-1.06,3041,40.13,-140,0,199,59,200,200,0,0,-200,0,0,0,200,0,0.07,283,406,-123,2574,2451,123,34.26,4445.46,40.6,4.23,45780.37,0.17,76.95,2.21,0,3,12643,168.59
1720,生達,61.8,62,61.8,0.5,0.82,290,56.21,72,0,-9,63,20,0,20,0.07,20,20,0,0,0,0.07,0,48,43,5,225,250,-25,11.44,677.31,18.78,3.8,7058.44,1.3,43.62,3.25,4.85,0.84,374,17.87
1721,三晃,28.65,28.7,28.7,-0.6,-2.05,5363,34.63,207,0,0,207,387,1120,-733,-0.14,-1005,0,0,0,1005,0,0.19,541,1042,-501,4489,3255,1234,--,153.25,10.14,7.65,1673.96,-0.36,-5.63,-4.05,0,--,129,18.49
1722,台肥,45.6,45.65,45.6,0.15,0.33,2291,47.22,180,83,-8,255,1087,904,183,0.08,387,253,834,700,0,0.47,0.3,387,467,-80,832,935,-103,43.85,1222.43,-11.03,8.35,12599.77,0.19,6.99,0.34,4.39,1.61,3934,98
1723,中碳,78.1,78.7,78.1,-0.9,-1.14,570,39.22,-175,83,2,-90,105,62,43,0.07,-22,0,40,14,48,0.07,0.11,93,144,-51,382,374,8,32.14,731.33,38.39,40.9,5656.39,0.77,24.93,2.25,2.37,1.4,828,23.69
1725,元禎,30.4,30.55,30.4,-0.35,-1.14,110,21.3,15,0,9,24,0,0,0,0,0,0,0,0,0,0,0,0,17,-17,111,94,17,18.77,1051.12,9.8,45.18,8390.76,0.23,4.81,0.62,3.52,0.59,266,18.18
1726,永記,76.8,77,76.9,0.3,0.39,67,19.7,-44,0,0,-44,25,32,-7,-0.1,-32,0,0,0,32,0,0.48,10,10,0,32,25,7,12.97,950.56,-8.37,16.23,10025.09,2.03,29.03,3.08,4.81,0.02,8,16.2
1727,中華化,87.5,87.6,87.5,-0.2,-0.23,22026,47.47,-1353,0,4,-1349,7705,9970,-2265,-0.1,-298,3894,150,349,3993,0.18,0.2,4259,3907,352,10237,8324,1913,236.49,186.54,-19.36,12.07,2056.88,0.28,17.95,1.71,0.17,30.68,9820,12.8
1730,花仙子,52.8,52.9,52.9,0.2,0.38,40,40,-4,0,0,-4,0,0,0,0,0,0,0,0,0,0,0,0,0,0,40,40,0,11.43,194.23,9.59,8.67,2411.99,1.48,50.64,4.58,5.67,0.05,8,6.32
1731,美吾華,21.5,21.55,21.5,-0.15,-0.69,58,37.93,-19,0,-6,-25,0,0,0,0,0,0,0,0,0,0,0,0,0,0,59,59,0,15.36,133.14,-3.09,6.7,1622.44,0.43,62.29,2.63,5.67,0.71,237,13.29
1732,毛寶,27.1,27.15,27.15,0.65,2.45,1005,54.21,79,0,-6,73,85,91,-6,-0.01,85,85,0,0,0,0.09,0,153,80,73,773,840,-67,30.17,63.84,6.97,9.62,693.49,0.35,41.83,3.02,2.21,4.76,505,4.24
1733,五鼎,29.25,29.3,29.3,0.15,0.51,92,58.24,22,0,0,22,0,0,0,0,0,0,0,0,0,0,0,0,0,0,95,95,0,16.1,151.04,6.83,-19.34,1869.65,0.81,33.8,4.41,4.44,10.56,2638,10
1734,杏輝,30.55,30.65,30.55,-0.05,-0.16,339,41,-144,0,-4,-148,0,34,-34,-0.1,0,0,0,0,0,0,0,148,54,94,197,257,-60,17.76,291.46,-8.11,7.56,3412.14,0.39,43.85,1.81,5.24,0.99,470,19.02
1735,日勝化,24.85,24.95,24.85,-0.45,-1.78,354,32.49,8,-1,2,9,0,0,0,0,0,0,0,0,0,0,0,0,38,-38,357,319,38,30.68,266.01,1.29,29.22,2337.09,0.2,19.26,1.25,2.62,3.34,829,9.94
1736,喬山,124.5,125,125,0.5,0.4,528,47.41,110,0,-5,105,285,208,77,0.14,207,205,80,78,0,0.53,0.15,100,116,-16,150,211,-61,15.19,3998.08,-6.31,6.4,55724.21,0.08,51.33,0.17,3.6,2.63,1998,30.34
1737,臺鹽,31.5,31.6,31.55,0.15,0.48,50,42.86,-3,0,0,-3,0,0,0,0,0,0,0,0,0,0,0,18,0,18,37,55,-18,15.85,263.28,-11.52,2.82,3283.68,0.47,40.4,1.38,4.44,0.07,35,20
1742,台蠟,14.95,15.2,15.1,-0.35,-2.27,12,16.67,0,0,0,0,0,0,0,0,0,0,0,0,0,0,0,0,0,0,12,12,0,--,8.62,18.48,-29.31,84.91,-0.13,6.78,-0.97,0,29.09,3390,9.27
1752,南光,32.35,32.55,32.5,0.05,0.15,33,9.09,-12,0,0,-12,0,0,0,0,0,0,0,0,0,0,0,18,0,18,16,34,-18,16.01,196.74,21.61,10.15,2130.5,0.32,35.4,1.32,4.92,1.37,346,10.1
1760,寶齡富錦,61.2,61.6,61.3,0,0,210,42.58,-47,0,0,-47,0,0,0,0,0,0,0,0,0,0,0,42,33,9,171,180,-9,24.62,144.63,-3.47,6.98,2110.59,0.6,51.87,2.73,3.26,4.6,985,8.57
1762,中化生,37.1,37.15,37.1,-0.05,-0.13,539,39.89,-104,0,8,-96,0,0,0,0,0,0,0,0,0,0,0,0,0,0,547,547,0,--,130.98,-0.35,75.98,1029.7,1.64,41.69,2.89,0,4.3,827,7.69
1773,勝一,166,166.5,166,-0.5,-0.3,628,31.31,37,0,1,38,327,336,-9,-0.01,70,162,0,0,92,0.25,0.14,119,69,50,204,245,-41,22.9,1185.6,5.64,31.81,12078.75,2.02,37.55,5.18,2.41,1.87,1403,30
1776,展宇,17.65,17.75,17.7,-0.4,-2.21,272,11.11,-37,0,4,-33,0,0,0,0,0,0,0,0,0,0,0,0,0,0,275,275,0,36.12,98.79,-23.11,9,1038.8,0.35,23.08,2.48,3.39,5.81,873,6.01
1777,生泰,71.4,71.5,71.4,0,0,29,68.97,0,0,0,0,0,0,0,0,0,0,0,0,0,0,0,0,0,0,29,29,0,12.35,101.29,16.01,-7.52,1251.82,1.61,40.35,2.82,5.6,0.35,39,4.46
1781,合世,10.15,10.3,10.2,-0.05,-0.49,21,14.29,1,0,0,1,0,0,0,0,0,0,0,0,0,0,0,0,0,0,21,21,0,--,22.16,-19.34,-3.23,372.19,-0.19,12.52,-2.81,0,--,0,4.74
1783,和康生,39,39.1,39.05,0.15,0.39,62,54.1,-12,0,0,-12,0,0,0,0,0,0,0,0,0,0,0,0,0,0,64,64,0,12.93,61.27,-12.4,15.84,833.63,0.59,70.5,3.34,5.12,4.3,870,8.97
1784,訊聯,69.9,70.2,70,-1.5,-2.1,277,23.55,-82,0,-5,-87,0,0,0,0,0,0,0,0,0,0,0,29,74,-45,254,209,45,76.09,116.5,-8.39,13.51,1274.36,0.25,53.81,-0.05,1.24,14.28,1896,5.31
1785,光洋科,143,143.5,143,-0.5,-0.35,18490,43.39,-1555,-204,-66,-1825,12401,14177,-1776,-0.1,-4447,4311,0,0,8758,0.23,0.47,1862,1518,344,4390,2958,1432,28.21,5595.66,-6.05,49.08,47715.89,2.54,18.23,9.87,1.4,27.98,41685,59.6
1786,科妍,57.9,60,60,0,0,753,45.19,-270,0,-9,-279,117,37,80,0.11,57,77,0,0,20,0.1,0.03,130,193,-63,512,529,-17,35.29,63.23,-15.5,0.12,887.69,0.29,70.72,1.14,3.18,30.09,5628,7.48
1788,杏昌,135.5,136,135.5,0,0,11,0,1,0,0,1,0,0,0,0,0,0,0,0,0,0,0,5,5,0,8,8,0,15.54,369.64,-5.7,2.56,4382.15,2.34,28.53,3.36,5.17,0,0,4.45
1789,神隆,19.05,19.1,19.1,-0.05,-0.26,421,28.16,-64,0,-1,-65,0,0,0,0,0,0,0,0,0,0,0,30,50,-20,394,374,20,136.43,255,-21.6,12.51,3165.13,0.02,33.58,0.16,1.52,1.5,2965,79.07
1795,美時,189,189.5,189,1,0.53,2778,45.18,-974,0,-1,-975,1147,1983,-836,-0.29,510,753,383,626,0,0.4,0.22,542,251,291,1166,620,546,13.1,3085.76,-29.13,19.91,24928.34,2.18,50.73,2.37,1.42,13.96,9312,26.69
1796,金穎生技,38.5,--,38.5,3.5,10,95,96.84,17,0,0,17,0,32,-32,-0.33,0,0,0,0,0,0,0,37,0,37,61,65,-4,101.32,51.41,-2.54,-12.65,656.43,-0.16,18.32,-0.84,1.82,3.19,331,4.15
1799,易威,35.3,35.75,35.35,-0.25,-0.7,57,10.53,-7,0,1,-6,0,0,0,0,0,0,0,0,0,0,0,0,0,0,59,59,0,--,88.54,-11.57,240.44,745.09,0.16,52.16,3.06,0,--,0,12.47
1802,台玻,65.3,65.4,65.3,0.5,0.77,79440,45.97,-2915,0,328,-2587,43114,47148,-4034,-0.05,39091,40734,1810,2614,839,0.53,0.04,11605,11058,547,25280,21793,3487,502.31,3930.04,-5.03,6.46,42455.07,0.2,19.23,1.14,0,8.61,62629,290.81
1805,寶徠,10.2,10.25,10.2,0.05,0.49,109,32.41,-16,0,1,-15,0,0,0,0,0,0,0,0,0,0,0,0,0,0,110,110,0,78.46,0.11,-99.89,-98.6,292.04,0.14,35.31,1.12,0,4.5,1520,13.5
1806,冠軍,8.07,8.08,8.08,0.07,0.87,340,59.41,-12,0,0,-12,0,0,0,0,0,0,0,0,0,0,0,0,0,0,349,349,0,57.71,280.41,10.16,-10.18,3031.51,-0.1,16.13,-0.75,1.86,2.98,2910,39.04
1808,潤隆,28.9,28.95,28.95,-0.3,-1.03,895,41.22,9,0,12,21,151,163,-12,-0.01,-163,0,0,0,163,0,0.18,103,195,-92,660,556,104,10.8,2246.36,2.02,6493.74,14069.45,1.06,27.35,7.1,5.18,2.61,5828,89.3
1809,中釉,38.3,38.35,38.3,0.7,1.86,1898,52.87,99,0,39,138,177,233,-56,-0.03,73,177,0,104,0,0.1,0.06,228,218,10,1516,1469,47,201.58,215.79,13.66,-10.68,2488.36,0.05,19.37,-0.01,0.65,16.87,7045,16.7
1810,和成,18.55,18.6,18.6,0.2,1.09,1713,49.64,8,0,5,13,62,0,62,0.04,62,62,0,0,0,0.04,0,272,267,5,1384,1451,-67,4.92,370.5,1.38,-6.22,4458.49,3.64,17.36,14.54,1.08,24.82,18757,30.23
1813,寶利徠,12.2,12.25,12.2,-0.3,-2.4,13,7.69,1,0,0,1,0,0,0,0,0,0,0,0,0,0,0,0,0,0,18,18,0,--,26.64,-0.39,-0.29,294.32,0.11,-10.09,0.32,0,0.33,38,4.66
1815,富喬,102,102.5,102,-1.5,-1.45,19577,44.19,-1919,-104,-217,-2240,12037,14273,-2236,-0.11,-1617,3242,5543,6418,3984,0.44,0.52,2716,2027,689,5120,3574,1546,52.31,733.78,7.72,53.16,6728.3,0.79,35.97,3.55,0.98,46.72,68395,58.55
1817,凱撒衛,40.1,40.15,40,0.45,1.14,381,40.16,-82,0,8,-74,0,0,0,0,0,0,0,0,0,0,0,20,13,7,369,376,-7,9.55,223.25,-1.98,-2.21,2607.96,1.21,38.82,3.77,5.5,0.14,26,7.26
1903,士紙,47.9,48.2,47.9,0.2,0.42,205,36.63,-18,0,0,-18,0,0,0,0,0,0,0,0,0,0,0,27,53,-26,181,155,26,37.13,13.49,-3.21,10.8,153.72,-0.07,65.99,-0.35,0,4.39,2857,26
1904,正隆,18.8,18.85,18.8,-0.3,-1.57,1647,25.69,-444,0,-16,-460,138,344,-206,-0.12,-344,0,0,0,344,0,0.21,329,388,-59,1209,944,265,15.41,3958.96,-4.57,16.52,43679.67,0.56,20.63,2.06,2.39,0.84,2326,110.83
1905,華紙,11.85,11.9,11.85,-0.15,-1.25,3129,34.23,-430,-12,-3,-445,186,1095,-909,-0.29,-1005,0,0,0,1005,0,0.32,576,512,64,2384,1538,846,--,1584.51,-13.76,-5.45,18240.22,-0.16,5.24,-0.95,0,3.32,9150,110.28
1906,寶隆,10.55,10.6,10.55,-0.05,-0.47,36,13.89,-23,0,-1,-24,0,0,0,0,0,0,0,0,0,0,0,0,0,0,46,46,0,--,245.64,-31.35,-20.7,3062.45,-0.03,8.01,-0.14,0,19.34,7300,15.1
1907,永豐餘,24.4,24.45,24.4,0.2,0.83,1348,58.37,-195,0,34,-161,512,250,262,0.19,365,322,140,97,0,0.34,0.07,277,302,-25,565,802,-237,17.43,6791.2,-3.42,8.24,74050.87,0.13,13.5,0.27,4.1,5.81,24102,166.04
1909,榮成,9.02,9.04,9.04,0.04,0.44,2324,74.92,-160,0,31,-129,271,0,271,0.12,271,271,0,0,0,0.12,0,407,390,17,1651,1939,-288,--,4351.14,4.98,7.01,45531.41,-0.02,10.31,-0.14,0,2.53,8391,132.77
2002,中鋼,18.2,18.25,18.2,0,0,33150,27.66,-6026,237,545,-5244,20029,25390,-5361,-0.16,-10231,4151,6685,8283,12784,0.32,0.63,2755,1704,1051,10572,6278,4294,--,30891.43,7.93,2.15,313796.66,-0.16,3.33,-0.56,0.82,1.04,40782,1573.49
2006,東和鋼鐵,65.5,65.6,65.6,0.8,1.23,1292,44.82,265,-109,7,163,786,531,255,0.2,786,786,0,0,0,0.6,0,258,340,-82,260,433,-173,9.89,5390.64,0.58,-3.2,56911.68,1.66,14.74,3.64,6.55,0.57,1038,73.02
2007,燁興,6.88,6.89,6.88,-0.01,-0.15,211,25.71,35,0,0,35,0,0,0,0,0,0,0,0,0,0,0,0,0,0,213,213,0,--,397.41,7.56,-21.69,4621.87,-0.45,-8.42,-5.87,0,--,5,53.07
2008,高興昌,27.5,27.9,27.75,0.2,0.73,15,20,-8,0,0,-8,0,0,0,0,0,0,0,0,0,0,0,0,0,0,16,16,0,37,150.29,16.2,-21.9,1668.42,0.13,17.22,0.64,3.6,0.37,178,19.09
2009,第一銅,37.55,37.6,37.55,-0.6,-1.57,2014,28.65,-1144,0,-7,-1151,77,824,-747,-0.37,-797,0,27,90,734,0.01,0.4,282,514,-232,1683,704,979,65.88,292.48,7.82,12.72,3120.64,0.21,11.23,0.85,1.07,6.8,6112,35.96
2010,春源,22.45,22.5,22.45,0.05,0.22,989,50.58,-195,0,-1,-196,215,492,-277,-0.28,215,215,0,0,0,0.22,0,104,31,73,677,473,204,9.64,2142.7,-9.86,0.5,25090.17,0.57,10.61,2.9,8.91,1.29,2094,64.77
2012,春雨,14.55,14.7,14.55,-0.05,-0.34,70,40.58,11,0,1,12,0,0,0,0,0,0,0,0,0,0,0,0,0,0,71,71,0,--,700.36,18.21,-0.28,8005.85,-0.12,11.33,-0.61,2.06,0.09,68,30.22
2013,中鋼構,41.85,41.95,41.85,0.05,0.12,61,31.58,-2,0,0,-2,0,0,0,0,0,0,0,0,0,0,0,0,0,0,63,63,0,12.96,1856.87,25.41,-9.14,20213.62,0.66,4.88,2.31,5.73,2.89,1444,20
2014,中鴻,17.05,17.1,17.05,-0.05,-0.29,3250,32.17,-726,0,17,-709,555,1163,-608,-0.19,-1042,0,0,0,1042,0,0.32,616,357,259,2099,1750,349,--,2029.45,20.73,-9.99,17550.28,-0.1,-0.95,-1.22,0,--,2040,143.55
2015,豐興,62.2,62.8,62.8,1,1.62,254,49.01,106,-9,5,102,57,62,-5,-0.02,57,57,0,0,0,0.22,0,42,30,12,157,164,-7,15.82,2425.95,-8.33,-9.64,27725.2,0.91,12.81,2.4,5.25,0.03,37,58.16
2017,官田鋼,8.46,8.5,8.5,0.03,0.35,487,51.54,59,0,34,93,0,0,0,0,0,0,0,0,0,0,0,0,0,0,494,494,0,--,253.48,13.63,6.85,2688.85,-0.14,2.64,-1.26,0,6.27,7007,44.69
2020,美亞,21.2,21.25,21.2,0.1,0.47,252,49.17,115,0,0,115,0,0,0,0,0,0,0,0,0,0,0,32,0,32,226,258,-32,10.93,408.76,16.04,1.39,4677.91,0.4,22.31,2.49,8.49,1.08,723,26.7
2022,聚亨,7.58,7.6,7.59,0,0,604,42.81,-179,0,32,-147,0,0,0,0,0,0,0,0,0,0,0,0,0,0,613,613,0,--,1131.64,-8.67,58.73,11031.04,-0.09,6.34,-0.32,0,1.52,1281,33.72
2023,燁輝,13.6,13.65,13.6,-0.15,-1.09,2018,23.96,-417,0,58,-359,939,987,-48,-0.02,-675,93,146,247,667,0.12,0.45,402,281,121,687,760,-73,--,5990.26,-3.04,-6.91,64861.28,-0.4,8.54,-2.57,0,0.78,3642,184.12
2024,志聯,13.8,13.85,13.85,0.6,4.53,28,75,1,0,0,1,0,0,0,0,0,0,0,0,0,0,0,0,0,0,29,29,0,197.86,92.04,-4.4,0.86,969.39,0.16,8.37,1.39,0,0.22,53,9.75
2025,千興,11.7,11.8,11.8,0.05,0.43,210,12.98,-20,0,14,-6,0,0,0,0,0,0,0,0,0,0,0,0,0,0,214,214,0,73.75,200.8,23.81,112.02,1110.88,0.47,22.21,5.24,0,--,0,17.27
2027,大成鋼,39.95,40,40,0.6,1.52,25826,47.58,10938,-652,-654,9632,21755,15988,5767,0.22,21652,21755,0,41,62,0.84,0,1013,2865,-1852,3188,7102,-3914,12.86,12404.84,9.04,37.67,110398.06,1.17,27.32,3.86,3.75,5.07,32758,258.43
2028,威致,16.95,17,16.95,0.75,4.63,460,52.09,108,0,4,112,0,0,0,0,0,0,0,0,0,0,0,103,60,43,358,401,-43,48.43,598.84,-39.94,-31.99,8383.04,0.15,5.05,1.02,1.18,1.4,1140,32.57
2029,盛餘,20.3,20.45,20.45,0.45,2.25,371,72.01,80,0,0,80,0,0,0,0,0,0,0,0,0,0,0,107,0,107,265,372,-107,32.98,1242.29,-0.44,2.14,12610.36,0.42,14.15,1.39,2.93,0.49,395,32.12
2030,彰源,16.75,16.85,16.8,0,0,842,42.52,191,0,17,208,0,0,0,0,0,0,0,0,0,0,0,75,231,-156,770,614,156,25.85,1008.24,2.5,9.07,10196.29,0.61,15.07,3.4,2.98,3.01,2108,28.05
2031,新光鋼,38.2,38.25,38.2,0.15,0.39,523,33.2,-57,-24,-5,-86,81,138,-57,-0.11,81,81,0,0,0,0.15,0,103,110,-7,342,278,64,8.36,1701.79,-4.73,-10.72,16142.04,0.22,12.37,0.67,6.54,1.52,1223,32.11
2032,新鋼,16.25,16.3,16.25,0,0,285,35.44,-16,0,4,-12,0,0,0,0,0,0,0,0,0,0,0,0,0,0,286,286,0,18.9,313.47,2.71,12.51,3091.82,0.49,11.9,3.65,3.08,8.35,2725,13.05
2033,佳大,14.85,15,15,0.1,0.67,118,54.7,1,0,0,1,0,0,0,0,0,0,0,0,0,0,0,36,0,36,82,118,-36,45.45,63.72,-5.84,12.18,705.12,0.09,15.54,0.7,0,13.62,2748,8.07
2034,允強,19.6,19.65,19.6,-0.1,-0.51,1122,39.07,-716,0,17,-699,0,505,-505,-0.45,-505,0,0,0,505,0,0.45,189,195,-6,942,431,511,--,1085.59,-2.54,2.28,11768.18,0,8.41,0.02,5.1,3.59,4746,52.9
2035,唐榮,27.6,28.35,28.4,0.2,0.71,8,37.5,0,0,0,0,0,0,0,0,0,0,0,0,0,0,0,0,0,0,8,8,0,--,1127.73,23.67,-2.51,9519.38,0.33,4.23,4.89,0,--,0,35
2038,海光,13.3,13.35,13.35,0.15,1.14,269,35.07,-7,0,8,1,0,0,0,0,0,0,0,0,0,0,0,0,53,-53,275,222,53,--,734.05,-5.85,-14.72,8214.17,0.16,1.9,0.67,0,10.72,5205,19.41
2049,上銀,376,376.5,376,-2.5,-0.66,8049,44.38,607,483,-73,1017,6081,6073,8,0,-5239,187,414,459,5381,0.07,0.71,577,761,-184,1604,1427,177,81.92,2474.15,4.96,20.69,25227.24,1.64,31.94,1.46,0.53,5.24,4639,35.38
2059,川湖,4450,4465,4450,-315,-6.61,270,23.77,38,-18,2,22,273,282,-9,-0.03,-275,0,0,0,275,0,1,2,3,-1,17,8,9,39.22,2595.89,35.33,79.14,20143.24,36.58,77.74,11.71,1.15,2.04,486,9.53
2061,風青,21.6,21.75,21.7,-0.05,-0.23,357,40.06,-86,0,0,-86,49,0,49,0.14,0,0,0,0,0,0,0,0,28,-28,309,330,-21,--,118.29,5.89,6.47,1232.62,0.3,12.58,2.77,0,30.15,4325,5.74
2062,橋椿,18.8,18.9,18.8,-0.2,-1.05,384,23.7,-7,-100,5,-102,0,0,0,0,0,0,0,0,0,0,0,0,33,-33,386,353,33,89.52,620.11,-8.06,23.18,6510.95,0,10.6,0,5.32,3.43,1716,20
2063,世鎧,25.5,25.75,25.3,-0.3,-1.17,2,0,-1,0,0,-1,0,0,0,0,0,0,0,0,0,0,0,0,0,0,2,2,0,16.75,86.86,-0.23,14.01,948.75,0.33,21,1.71,5.93,0.81,97,4.81
2064,晉椿,12.85,12.95,12.9,0,0,21,95.24,0,0,0,0,0,0,0,0,0,0,0,0,0,0,0,0,0,0,21,21,0,--,161.94,-6.07,24.74,1678.07,0,6.19,-0.02,0,0.09,16,6.93
2065,世豐,33.5,33.6,33.5,0,0,68,23.53,-3,0,0,-3,38,0,38,0.55,0,0,0,0,0,0,0,0,20,-20,31,49,-18,27.46,186.18,0.02,5.19,2054.78,0.92,18.1,3.3,4.48,1,159,6.35
2066,世德,57.6,58,57.7,-0.3,-0.52,150,30.14,-16,0,0,-16,0,0,0,0,0,0,0,0,0,0,0,20,9,11,132,143,-11,46.16,231.74,-8.82,8.61,2595.86,1.96,35.94,4.01,3.73,34.58,3842,4.44
2067,嘉鋼,6.66,7,6.85,-0.02,-0.29,33,60.61,-1,0,0,-1,0,0,0,0,0,0,0,0,0,0,0,0,0,0,33,33,0,--,77.02,-12.4,-22.97,990.19,-0.68,4.57,-12.85,0,--,0,4.51
2069,運錩,19.2,19.3,19.2,-0.3,-1.54,378,33.78,7,0,3,10,0,0,0,0,0,0,0,0,0,0,0,0,0,0,379,379,0,10.43,858.28,-2.58,-14.32,9579.35,0.64,12.06,2.49,5.21,1.46,609,16.64
2070,精湛,65.7,66,65.7,0,0,512,37.65,13,0,0,13,72,41,31,0.06,-9,0,32,22,19,0.06,0.08,83,49,34,362,427,-65,35.71,69.75,-7.84,55.42,732.95,0.28,46.63,1,2.28,12.66,1322,4.18
2072,世紀風電,174.5,175,174.5,0,0,326,54.83,28,0,-6,22,86,93,-7,-0.02,-3,21,56,51,29,0.23,0.24,90,81,9,157,159,-2,13.35,1637.46,14.07,78.33,--,5.26,30.92,4.2,4.06,--,0,19.2
2073,雄順,25,25.6,--,--,--,0,--,0,0,0,0,0,0,0,--,0,0,0,0,0,--,--,0,0,0,0,0,0,--,66.34,39.16,35.97,541.43,-0.28,5.76,-1.89,1.17,--,0,2.75
2101,南港,30,30.05,30,-0.35,-1.15,3066,27.49,863,0,-29,834,924,1064,-140,-0.05,-1064,0,0,0,1064,0,0.34,563,866,-303,1618,1176,442,9.84,2058.84,-52.19,150.65,13025.32,1.86,41.26,10.29,2.33,14.53,26660,73.39
2102,泰豐,17.9,18,17.9,-0.25,-1.38,356,34.76,-54,0,-8,-62,0,0,0,0,0,0,0,0,0,0,0,188,88,100,171,271,-100,2.85,13.16,-7.6,-29.93,225.5,0.01,15.08,0.06,0,3.58,4234,47.33
2103,台橡,20.2,20.25,20.25,-0.15,-0.74,2712,32.89,-319,0,33,-286,293,940,-647,-0.24,-615,171,0,146,640,0.06,0.29,400,519,-119,2035,1270,765,30.22,3907.13,1.95,18.98,37050.15,0.53,12.25,2.3,1.33,5.82,12024,82.57
2104,國際中橡,9.96,10,10,0.09,0.91,2302,45,-691,0,11,-680,0,204,-204,-0.09,0,0,0,0,0,0,0,352,339,13,1962,1771,191,--,1409.92,42.3,-15.6,14407.12,-0.81,-16.88,-3.93,0,8.43,20754,98.47
2105,正新,32.4,32.45,32.4,0.05,0.15,9726,58.91,177,-386,-60,-269,8079,6649,1430,0.15,5023,4929,3150,2983,73,0.83,0.31,603,940,-337,1074,2167,-1093,20,8639.89,-6.8,9.94,91809.56,0.57,24.84,2.15,5.56,1.64,13302,324.14
2106,建大,16.85,16.9,16.85,0.05,0.3,531,40.46,-41,0,43,2,0,0,0,0,0,0,0,0,0,0,0,60,95,-35,476,441,35,93.61,3379.61,-2.86,8.93,34121.42,0.12,19.75,0.57,3.86,1.19,2846,95.49
2107,厚生,25.15,25.3,25.25,0.4,1.61,181,77.22,-11,0,0,-11,47,0,47,0.25,47,47,0,0,0,0.25,0,37,22,15,103,165,-62,17.53,107.02,-16.35,3.48,1383.13,0.23,33.26,0.52,5.54,0.18,133,30.36
2108,南帝,27.05,27.1,27.1,-0.45,-1.63,1179,26.2,-119,0,13,-106,40,127,-87,-0.07,-127,0,0,0,127,0,0.11,248,435,-187,900,626,274,31.15,1309.89,33.48,47.3,10291.51,0.34,27.24,1.7,3.69,2.07,2544,49.24
2109,華豐,13.95,14.05,14,0.1,0.72,144,78.17,-30,0,0,-30,0,0,0,0,0,0,0,0,0,0,0,50,0,50,94,144,-50,11.67,408.82,10.93,7.43,4411.28,0.41,22.76,2.81,7.14,1.11,772,27.93
2114,鑫永銓,88.7,88.9,88.7,0.2,0.23,40,75,9,0,-2,7,13,0,13,0.32,13,13,0,0,0,0.32,0,0,0,0,28,41,-13,15.43,140.11,-0.22,6.39,1638,1.41,40.27,3.42,5.64,0.3,59,7.8
2115,六暉-KY,20.15,20.25,20.25,0.35,1.76,204,37.25,23,0,-3,20,0,53,-53,-0.26,-53,0,0,0,53,0,0.26,0,25,-25,206,128,78,15.94,337.19,18.08,16.4,3017.04,0.27,18.4,0.84,5.93,3,784,10.44
2201,裕隆,26.7,26.75,26.7,0.05,0.19,2931,60.93,-543,15,111,-417,1381,1380,1,0,533,990,312,360,409,0.44,0.26,467,437,30,1106,1138,-32,31.41,5824.01,-2.54,3.93,72273.24,0.35,32.99,1.11,2.1,4.3,11501,107
2204,中華,52,52.1,52,0.1,0.19,882,49.77,-101,-25,13,-113,379,427,-48,-0.05,354,379,0,0,25,0.42,0.03,211,145,66,302,320,-18,9.59,2819.36,-11.43,-5.23,33402.85,1.18,13.91,1.5,6.92,1.6,2213,55.36
2206,三陽工業,58.7,58.8,58.7,0.4,0.69,545,41.04,90,-30,-12,48,316,151,165,0.3,273,273,0,0,0,0.49,0,114,76,38,122,326,-204,10.52,5248.21,-5.81,-8.9,62054.67,1.37,21.2,2.57,5.11,3.5,6866,78.37
2207,和泰車,468.5,469,468.5,7.5,1.63,502,38.87,-86,-22,14,-94,291,311,-20,-0.04,34,185,26,38,139,0.4,0.33,85,63,22,153,155,-2,13.49,30160.25,25.01,30.03,282974.93,7.95,19.18,4.38,4.27,0.08,105,55.71
2208,台船,18.2,18.25,18.2,-0.5,-2.67,4169,33.88,-1386,0,0,-1386,645,1933,-1288,-0.3,-1933,0,0,0,1933,0,0.46,389,629,-240,3189,1662,1527,--,1937.45,45.87,132.19,23724.74,0.07,0.05,1.19,0,--,0,127.45
2211,長榮鋼,92.8,92.9,92.8,-0.4,-0.43,700,33.38,-119,-94,1,-212,280,381,-101,-0.14,-65,116,0,0,181,0.16,0.25,134,119,15,304,218,86,11.34,1295.22,-2.85,-7.13,14663.08,1.07,23.15,1.68,7,0.66,688,41.71
2221,大甲,41.45,41.5,41.45,-4.4,-9.6,1212,29.21,-31,0,0,-31,54,23,31,0.03,-23,0,0,0,23,0,0.02,133,143,-10,1032,1053,-21,17.64,140.43,7.03,17.06,1431.16,0.69,19.48,2.63,3.62,6.02,637,4.23
2227,裕日車,48.9,49.5,48.9,0.2,0.41,13,8.33,3,0,0,3,0,0,0,0,0,0,0,0,0,0,0,0,0,0,14,14,0,52.58,1232.36,3.67,4.58,13792.95,-0.89,11.08,-1.46,1.72,--,0,30
2228,劍麟,80.9,81,80.9,-1.9,-2.29,283,17.39,-136,0,-3,-139,0,43,-43,-0.15,-43,0,0,0,43,0,0.15,38,53,-15,256,198,58,18.95,408.23,-8.38,-7.66,4861.3,0.87,22.39,1.35,5.56,9.72,1938,7.98
2230,泰茂,28.95,29,29,0.1,0.35,167,33.13,-16,0,0,-16,0,0,0,0,0,0,0,0,0,0,0,40,0,40,129,169,-40,--,181.23,-18.47,77.87,2386.5,-1.21,-1.69,-7.13,2.07,22.31,3794,6.8
2231,為升,105,105.5,105,2,1.94,432,55.92,77,0,4,81,207,179,28,0.06,207,207,0,0,0,0.47,0,98,99,-1,132,159,-27,--,273.67,12.13,8.16,3559.35,0.4,36.71,0.38,0.48,9.76,3317,13.59
2233,宇隆,339.5,340,340,15.5,4.78,1448,57.23,-16,0,29,13,896,762,134,0.1,560,671,158,181,88,0.63,0.2,238,241,-3,384,514,-130,54.23,297.58,-1.76,8.32,3232.25,1.59,27.59,2.69,1.18,59.02,8895,6.03
2235,謚源,29.45,29.7,29.4,0.05,0.17,14,57.14,0,0,0,0,0,0,0,0,0,0,0,0,0,0,0,0,0,0,14,14,0,42,54.14,6.89,5.95,556.91,0.27,14.51,0.79,5.1,0.41,37,3.59
2236,百達-KY,132,132.5,132,-3.5,-2.58,297,35.02,-58,0,-3,-61,83,128,-45,-0.15,-128,0,0,0,128,0,0.43,73,75,-2,145,98,47,--,954.69,-0.39,5.2,9824.04,0.19,13.57,0.37,0.49,77.18,11987,6.21
2239,英利-KY,21.35,21.45,21.45,0.1,0.47,84,78.57,5,0,1,6,0,0,0,0,0,0,0,0,0,0,0,0,0,0,84,84,0,--,1715.53,49.14,-6.66,18535.55,-1.68,8.41,-1.45,0,5.28,1554,11.77
2241,艾姆勒,33.35,33.4,33.35,-0.1,-0.3,940,41.52,-158,0,1,-157,0,0,0,0,0,0,0,0,0,0,0,90,120,-30,855,825,30,--,95.47,37.43,65.61,862.46,-0.15,11.2,-0.7,0,16.99,4444,10.46
2243,宏旭-KY,21.6,21.7,21.6,-0.1,-0.46,531,33.9,-189,-1,0,-190,0,0,0,0,0,0,0,0,0,0,0,35,94,-59,498,439,59,8.67,91.84,-38.19,15.41,2110.65,0.66,15.46,5.43,0,4.45,772,6.94
2247,汎德永業,205.5,207,206.5,2,0.98,83,51.22,15,0,0,15,7,29,-22,-0.25,7,7,0,0,0,0.08,0,24,9,15,58,51,7,13,3606.35,26.45,-29.1,45771.77,2.35,11.96,1.5,7.02,0.6,121,8.07
2248,華勝-KY,54.3,54.6,54.9,0.1,0.18,138,58.82,1,0,0,1,120,120,0,0,120,120,0,0,0,0.87,0,0,0,0,18,18,0,9.27,232.85,-9.09,58.99,2288.99,1.87,31.84,5.16,5.61,1.76,210,4.76
2250,IKKA-KY,62.2,62.5,62.6,0.6,0.97,55,40,3,0,0,3,0,0,0,0,0,0,0,0,0,0,0,0,10,-10,57,47,10,18.58,279.56,1.7,-8.54,3274.22,0.64,17.07,1.09,4.79,14.25,1296,3.64
2301,光寶科,206.5,207,206.5,-1,-0.48,22523,41.03,2803,247,-5,3045,18234,18502,-268,-0.01,-8782,3649,2505,2982,11954,0.27,0.65,1121,1324,-203,3477,3006,471,31.01,16694.76,1.28,24.51,176366.21,1.66,21.66,4.24,2.42,2.71,15673,231.61
2302,麗正,25.05,25.1,25.05,-0.5,-1.96,3813,46.13,558,0,-8,550,254,248,6,0,-50,46,152,143,105,0.05,0.07,558,614,-56,3009,2959,50,31.71,98.38,36.62,26.94,889.47,0.25,32.72,2.31,1.4,8.73,3630,16.63
2303,聯電,113,113.5,113,2,1.8,272005,49.9,-11375,32257,-2603,18279,249756,249717,39,0,248429,248814,942,1327,0,0.91,0,12723,13602,-879,11348,10507,841,28.39,22663.95,8.8,10.8,242941.56,1.29,29.19,4.1,2.3,3.52,110785,1257.7
2305,全友,16.4,16.45,16.4,-0.2,-1.2,1641,39.28,-152,-1,8,-145,0,0,0,0,0,0,0,0,0,0,0,53,214,-161,1594,1433,161,60.74,119.66,33.74,81.07,881.35,0.16,42.21,2.04,0,7.61,3912,20.57
2308,台達電,1915,1920,1915,-105,-5.2,13585,28.29,-343,-1166,-866,-2375,15029,15865,-836,-0.05,-15481,1,0,0,15482,0,0.96,408,85,323,688,176,512,70.61,58691.65,-1.82,43.92,613227.9,7.91,37,6.98,0.61,0.81,5269,259.75
2312,金寶,27.75,27.8,27.75,-0.7,-2.46,18835,42.15,2490,-2681,-21,-212,7303,8924,-1621,-0.09,-5526,1798,0,0,7324,0.1,0.39,2547,2643,-96,9073,7357,1716,26.43,12122.63,2.58,-3.49,156398.58,0.35,6.87,1.94,2.16,13.33,50176,150.58
2313,華通,256,256.5,256,-3,-1.16,142799,46.25,6897,3333,-1307,8923,118841,124789,-5948,-0.04,32255,72855,7723,8980,39343,0.56,0.33,16312,11975,4337,9422,7811,1611,45.15,6315.28,-9.04,-2.86,78627.81,1.26,17.98,3.18,1.09,14.48,43140,119.18
2314,台揚,13.3,--,13.3,1.2,9.92,763,100,1,0,0,1,80,461,-381,-0.48,80,80,0,0,0,0.1,0,185,0,185,529,334,195,--,195.16,22.96,89.93,1905.78,-0.97,14.44,-107.17,0,--,0,10.61
2316,楠梓電,139,--,139,12.5,9.88,14364,65.57,1220,991,153,2364,10554,9684,870,0.06,8723,9558,536,721,650,0.7,0.09,1127,1470,-343,2801,3328,-527,9.07,429.72,6.39,74.29,4079.15,3.53,6.2,4.86,1.44,12.21,5580,18.27
2317,鴻海,245,245.5,245,-3.5,-1.41,68715,40.96,4857,-2321,-308,2228,61737,62568,-831,-0.01,-6701,19945,17620,17762,26504,0.54,0.63,4038,4199,-161,4381,3389,992,17.4,832097.96,3.53,29.74,8777960.25,3.56,6.18,2.88,2.94,1.35,47271,1402.86
2321,東訊,12.6,13,12.7,-0.3,-2.31,5,40,0,0,0,0,0,0,0,0,0,0,0,0,0,0,0,0,0,0,5,5,0,--,59.5,-12.97,8.55,734.65,-0.12,32.7,0.46,0,--,0,3.03
2323,中環,9.45,9.47,9.45,-0.08,-0.84,6735,42.48,-1128,819,-73,-382,655,791,-136,-0.02,-85,303,183,133,438,0.07,0.08,1418,2376,-958,4682,3588,1094,4.33,601.76,-8.19,-1.53,7451.56,-0.41,26.38,-2.31,2.12,11.34,30870,108.93
2324,仁寶,27.8,27.85,27.8,-0.45,-1.59,65674,23.68,-858,-19991,71,-20778,41607,58445,-16838,-0.25,-44458,2538,8829,12509,43316,0.17,0.84,5699,2207,3492,18779,5433,13346,21.06,71979.26,-19.3,15.54,769399.37,0.45,5.26,1.63,3.96,4.71,51926,440.71
2327,國巨*,497,497.5,497,-4,-0.8,87487,51.14,-1154,5346,-7,4185,79420,81524,-2104,-0.02,-11870,31006,0,0,42876,0.35,0.48,6265,4704,1561,3385,2841,544,39.48,14039.1,3,22.04,142527.66,3.9,38.1,4.69,1.21,6.52,33740,51.79
2328,廣宇,50.6,50.7,50.6,-1.3,-2.5,4480,37.65,-74,167,-210,-117,1414,1935,-521,-0.12,-1708,50,0,0,1758,0.01,0.39,740,674,66,2369,1914,455,51.63,1735.75,15.05,-16.55,19967,-0.16,7.79,-0.62,1.78,15.02,19464,51.83
2329,華泰,51.3,51.4,51.3,-2.8,-5.18,16292,29.51,-4518,40,-1138,-5616,5579,11525,-5946,-0.36,-11525,0,0,0,11525,0,0.7,2711,1747,964,8184,3203,4981,23.21,1796.13,1.79,4.81,20548.75,0.33,12.79,2.08,1.95,13.4,22083,65.89
2330,台積電,2205,2210,2205,-35,-1.56,34756,36.17,-17247,4144,200,-12903,39311,39360,-49,0,-36564,0,2795,2910,36449,0.07,1,116,83,33,101,85,16,29.65,410725.12,-1.08,17.5,4165062.23,22.08,66.25,10.06,1,0.41,26887,2593.24
2331,精英,18.9,18.95,18.95,-0.05,-0.26,1231,36.9,-389,-21,6,-404,0,159,-159,-0.13,-159,0,0,0,159,0,0.13,171,78,93,1070,1004,66,37.9,1925.31,6.05,13.04,21782.65,0.11,8.69,0.58,0,7.6,10592,55.74
2332,友訊,13.85,13.9,13.85,-0.15,-1.07,2503,43.86,343,0,22,365,268,338,-70,-0.03,20,268,0,0,248,0.11,0.1,747,552,195,1500,1625,-125,--,1205.41,-0.77,18.53,13660.91,-0.05,25.27,-0.18,0,12.92,19451,60.22
2337,旺宏,--,144,144,-16,-10,139794,27.63,-47411,-3101,-1926,-52438,114727,131136,-16409,-0.11,-131136,0,0,0,131136,0,0.91,15881,5426,10455,13043,7089,5954,--,5912.52,33.71,153.71,36793.6,0.9,40.8,3.69,0,22.44,111160,198.13
2338,光罩,48.65,48.7,48.65,-1,-2.01,3556,44.49,345,0,43,388,699,737,-38,-0.01,-403,141,21,30,535,0.04,0.16,475,592,-117,2427,2272,155,--,487.13,-10.22,-6.59,5914.42,0.52,17.55,3.01,0,9.07,6880,36.68
2340,台亞,33.95,34,33.95,-0.95,-2.72,3885,37.29,-698,0,-52,-750,636,1135,-499,-0.13,-972,0,0,133,839,0,0.25,661,696,-35,2614,2081,533,--,318.89,-8.68,-8.91,4282.49,-0.49,-3.96,-3.44,0,11.07,10478,43.86
2342,茂矽,38.55,38.6,38.55,-1.1,-2.77,5510,45.45,675,0,2,677,1119,817,302,0.05,-545,100,0,0,645,0.02,0.12,987,1288,-301,3427,3428,-1,--,171.63,4.06,-3.46,1966.46,-0.11,15.86,-0.72,0,12.26,4829,15.75
2344,華邦電,--,117.5,117.5,-13,-9.96,182497,28.55,-48978,6221,-2600,-45357,157052,169838,-12786,-0.07,-158096,0,11742,12813,157025,0.06,0.92,16149,6995,9154,11730,8098,3632,34.87,19245.02,32.71,182.22,120092.56,2.25,53.37,8.54,0.43,12.79,143937,450
2345,智邦,2390,2395,2390,-105,-4.21,4079,48.98,-355,206,-37,-186,4132,4203,-71,-0.02,-3787,74,268,272,3857,0.08,0.97,15,11,4,97,30,67,45.38,27360.3,9.39,53.87,285222.35,14.92,19.55,13.55,0.63,1.18,1651,56.11
2347,聯強,82.5,82.6,82.5,0.7,0.86,3503,37.81,380,-424,-31,-75,2840,2684,156,0.04,2511,2497,343,329,0,0.81,0.09,308,364,-56,371,471,-100,14.35,57336.4,2.28,83.28,471274.5,1.77,4.3,3.75,5.09,0.16,649,166.79
2348,海悅,69.4,69.5,69.5,0.2,0.29,200,51.76,-16,0,0,-16,0,0,0,0,0,0,0,0,0,0,0,51,38,13,157,170,-13,14.01,139.6,-59.81,-82.39,6402.83,0.16,28.12,0.15,7.91,4.59,1742,15.19
2349,錸德,12.25,12.3,12.3,-0.1,-0.81,2350,37.67,345,0,0,345,0,210,-210,-0.09,-210,0,0,0,210,0,0.09,453,479,-26,1910,1674,236,--,755.28,10.11,-1.15,7416.8,0.02,21.21,-0.2,0,--,0,69.37
2351,順德,173,173.5,173.5,-7,-3.88,7442,41.29,-153,279,-46,80,5393,6008,-615,-0.08,-5908,0,0,0,5908,0,0.79,707,652,55,1424,865,559,76.77,1175.36,11.12,23.77,10760.17,1.22,19.12,3.13,0.63,57.59,26225,19.05
2352,佳世達,25.05,25.1,25.05,-0.05,-0.2,4361,46.99,191,659,62,912,2114,1802,312,0.07,822,1253,555,463,523,0.41,0.22,764,870,-106,1549,1755,-206,40.4,16813.65,-13.81,-1.84,209682.47,0.2,16.67,0.62,3.99,3.34,13209,158.05
2353,宏碁,27.75,27.8,27.75,0.35,1.28,23196,50.7,-124,-58,577,395,13852,12714,1138,0.05,13852,13852,0,0,0,0.6,0,2273,2689,-416,7165,7887,-722,21.35,31311.75,4.74,68.39,299368.61,0.23,11.16,1.37,4.68,3.74,28512,304.79
2354,鴻準,57.7,57.8,57.7,-0.9,-1.54,6933,42.72,-951,-1,-40,-992,2369,3823,-1454,-0.21,-2216,477,0,0,2693,0.07,0.38,1129,898,231,3523,2301,1222,27.35,6527.11,39.19,-49.36,145119.62,0.47,4.84,0.61,2.6,7.44,26295,141.45
2355,敬鵬,63.4,--,63.4,5.7,9.88,40547,81.15,6251,-12,13,6252,33209,31856,1353,0.03,32396,32532,677,813,0,0.81,0.02,2721,4018,-1297,4904,4971,-67,37.51,1390.75,-1.34,-3.09,15901.33,0.62,12.08,1.41,1.58,15.84,15738,39.75
2356,英業達,51.7,51.8,51.7,-0.2,-0.39,31793,43.85,2914,4923,269,8106,24067,20410,3657,0.11,12220,17497,1803,1687,5393,0.6,0.22,2377,3509,-1132,5520,8045,-2525,19.66,84786.84,-3.17,36.53,757132.45,0.68,5.08,3.24,3.87,2.37,21291,358.75
2357,華碩,642,643,642,7,1.1,4789,42.96,140,312,68,520,4537,4310,227,0.05,4452,4499,0,0,47,0.92,0.01,304,507,-203,56,80,-24,11.47,81915.5,-4.84,45.71,825285.63,13.19,14.86,3.63,6.54,1.2,2237,74.28
2359,所羅門,135,135.5,135,-4,-2.88,11116,39.55,-303,0,-159,-462,5247,6152,-905,-0.08,-892,1969,637,870,2628,0.23,0.31,1726,1689,37,4295,3425,870,69.59,357.18,27.87,20.74,3973.62,0.78,21.44,2.29,0.74,17.71,7591,17.15
2360,致茂,2055,2060,2055,-130,-5.95,4112,47.88,1206,-607,-4,595,4152,4213,-61,-0.01,-4213,0,0,0,4213,0,0.99,12,14,-2,101,38,63,65.05,4865.72,11.44,128.89,36045.51,9.12,62.6,12.93,0.95,1.14,1214,42.52
2362,藍天,38.5,38.55,38.55,-0.45,-1.15,529,29.41,-121,0,19,-102,0,40,-40,-0.07,-40,0,0,0,40,0,0.07,43,114,-71,491,380,111,18.53,1892.55,13.6,11.41,21387.95,0.61,20.88,0.8,5.19,1.64,2552,62.23
2363,矽統,60.5,60.6,60.5,-0.9,-1.47,22396,48.07,2082,-30,404,2456,10507,10160,347,0.02,6591,8067,1125,1424,1177,0.41,0.12,3369,3511,-142,8692,8897,-205,35.59,345.12,36.07,87.15,3562.19,0.17,28.79,0.45,0.99,15.32,19728,51.5
2364,倫飛,65.4,65.6,65.6,-0.7,-1.06,190,17.55,-52,0,0,-52,30,0,30,0.16,30,30,0,0,0,0.16,0,0,50,-50,163,143,20,16.78,175.64,35.69,51.41,1527.35,0.83,38.46,5.64,4.57,7.17,939,5.24
2365,昆盈,35.85,35.9,35.85,-0.5,-1.38,11825,52.22,-297,0,-25,-322,7207,7598,-391,-0.03,-3370,1690,1303,1585,4778,0.25,0.54,1224,1233,-9,3414,3014,400,91.92,88.06,-13.9,19.57,981.15,0.14,39.26,0.98,0.84,18.29,10130,22.15
2367,燿華,63.3,63.4,63.3,-1,-1.56,75307,45.55,-8097,0,-852,-8949,33952,43838,-9886,-0.13,6145,20337,2319,4537,11974,0.3,0.22,12450,10954,1496,29342,20952,8390,--,1201.61,-8.29,-22.5,15458.2,-0.4,5.77,-2.23,0.32,24.39,43062,70.63
2368,金像電,1285,1290,1285,35,2.8,6315,46.88,-523,392,-156,-287,6379,6384,-5,0,6119,6215,68,68,96,0.97,0.03,13,10,3,60,59,1,57.86,7289.76,-1.29,58.41,69801.98,6.87,34.81,10.19,0.78,3.39,4400,51.92
2369,菱生,28.5,28.6,28.5,-0.95,-3.23,7188,29.92,-1999,0,-96,-2095,1492,2658,-1166,-0.16,-2556,0,0,0,2556,0,0.35,1063,1384,-321,4687,3199,1488,--,571.77,-4.03,30.2,6170.05,0.1,7.25,0.68,0,14.62,13891,38.01
2371,大同,28.35,28.4,28.4,-0.2,-0.7,13270,43.26,-2289,-93,-7,-2389,6586,8092,-1506,-0.11,-5607,1128,0,0,6735,0.08,0.5,1267,1728,-461,5535,3569,1966,--,4138.89,-2.87,-3.5,51166.81,-0.05,16.44,-0.14,0,12.94,69574,215.08
2373,震旦行,55.8,56,56.1,0.1,0.18,38,51.35,4,0,0,4,0,0,0,0,0,0,0,0,0,0,0,0,0,0,39,39,0,15.2,946.78,17.83,-1.83,10592.77,0.72,45.13,1.92,6.6,0.09,53,23.62
2374,佳能,79.8,79.9,79.9,-2.5,-3.03,12371,33.5,-2389,0,-423,-2812,3917,6941,-3024,-0.24,-6762,0,0,0,6762,0,0.54,2059,1845,214,6518,3709,2809,28.74,1081.4,17.73,62.53,11487.68,0.73,24.32,2.72,2.5,26.96,22684,33.66
2375,凱美,101,101.5,101.5,-1.5,-1.46,8103,50.05,1401,-2,66,1465,4771,4312,459,0.06,-603,40,3659,2841,1461,0.45,0.52,841,1328,-487,2588,2560,28,30.85,529.11,7.03,-0.29,5689.93,0.78,16.96,0.86,1.18,20.44,5552,10.87
2376,技嘉,304.5,305,305,-25.5,-7.72,33177,40.43,-5998,163,-881,-6716,24956,29787,-4831,-0.14,-28291,0,1496,1341,28446,0.04,0.88,4225,1836,2389,4571,2130,2441,14.25,52267.73,33.92,73.66,398420.14,7.86,12.01,8.8,3.93,6.52,10913,66.99
2377,微星,111.5,112,111.5,-1.5,-1.33,23442,36.67,1351,-2519,-206,-1374,17256,18866,-1610,-0.07,-1732,6026,0,0,7758,0.25,0.33,2100,1527,573,4306,3269,1037,11.65,16358.37,-8.33,-22.26,228229.99,4.04,15,6.24,3.77,10.52,22218,84.49
2379,瑞昱,555,556,555,-5,-0.89,5061,29.03,2225,-652,28,1601,4618,4411,207,0.04,-237,1970,520,555,2172,0.48,0.53,502,678,-176,58,88,-30,19.98,12719.1,2.88,11.28,125395.33,8.44,49.66,8.89,4.5,2.09,2697,51.55
2380,虹光,5.99,6,5.99,-0.17,-2.76,266,89.58,-1,0,0,-1,0,0,0,0,0,0,0,0,0,0,0,0,0,0,274,274,0,19.97,285.32,-8.86,3.95,3021.07,0.4,38.61,4.35,0,--,0,21.69
2382,廣達,290,290.5,290,-10,-3.33,36450,35.87,-9728,-1059,132,-10655,29681,35570,-5889,-0.16,-31896,977,0,0,32873,0.03,0.88,4099,883,3216,3641,972,2669,14.61,339921.32,-6.31,120.71,2633148.95,5.5,4.78,8.97,5.38,1.24,11952,386.26
2383,台光電,4530,4535,4535,-10,-0.22,1810,37.82,301,-210,-32,59,1856,1869,-13,-0.01,280,821,504,508,537,0.69,0.54,11,12,-1,54,40,14,98.37,13923.69,15.93,93.62,112357.31,14.9,29.42,10.86,0.55,2.18,1955,35.83
2385,群光,124.5,125,124.5,-2.5,-1.97,2532,37.65,-608,-306,164,-750,1978,2130,-152,-0.06,-1650,129,266,266,1779,0.15,0.8,149,158,-9,433,272,161,14.68,7272.74,-17.38,-9.37,94499.16,2,16.15,3.28,5.78,1.06,2009,76.01
2387,精元,38.25,38.3,38.3,-0.2,-0.52,386,37.4,-9,0,0,-9,0,0,0,0,0,0,0,0,0,0,0,48,44,4,340,344,-4,13.68,1337.7,-21.64,-9.07,18437.51,0.49,11.65,1.11,10.44,3.56,1736,19.53
2388,威盛,74.3,74.4,74.3,-1.5,-1.98,6933,44.91,-467,187,242,-38,2454,3114,-660,-0.09,-2381,260,0,0,2641,0.04,0.38,1376,1225,151,3162,2653,509,412.78,1114.12,-1.27,84.79,10140.82,0.08,23.95,0.02,0.07,10.65,14796,55.6
2390,云辰,9.91,9.92,9.92,-0.23,-2.27,672,29.76,-286,0,12,-274,0,0,0,0,0,0,0,0,0,0,0,0,0,0,680,680,0,--,51.61,1.3,-10.78,630.19,0.54,23.23,4.38,0,5.58,2686,19.26
2392,正崴,34.3,34.35,34.3,0.8,2.39,3028,52,412,0,-3,409,211,167,44,0.01,211,211,0,0,0,0.07,0,642,554,88,2205,2337,-132,--,6222.37,-22.37,-5.5,92999.4,-0.46,19.32,6.81,2.92,4.85,6218,51.23
2393,億光,62.4,62.5,62.4,0.7,1.13,3498,38.23,-775,72,65,-638,1644,1799,-155,-0.04,690,728,916,935,19,0.47,0.27,588,722,-134,1293,1004,289,14.89,1754.05,2.17,-2.92,19616.21,0.91,24.73,2,7.21,2.09,2316,44.34
2395,研華,461,462,461.5,4,0.87,4076,33.86,721,-317,34,438,3227,3184,43,0.01,1948,1942,1281,1269,6,0.77,0.31,284,305,-21,659,682,-23,35.69,8269.47,7.41,34.61,76042.78,3.85,39.15,6.33,2.43,0.89,1942,86.83
2397,友通,58.8,58.9,58.9,-0.9,-1.51,258,47.27,-48,0,0,-48,0,0,0,0,0,0,0,0,0,0,0,40,55,-15,219,204,15,25.39,1235.4,8.05,38.33,11692.16,0.76,24.89,2.14,4.16,4.87,1395,11.45
2399,映泰,43,43.05,43,-2.6,-5.7,10610,22.85,-2038,-4,283,-1759,2255,4225,-1970,-0.19,-4225,0,0,0,4225,0,0.4,1103,1751,-648,7310,4691,2619,27.56,178.13,34.68,21.9,1702.37,1.48,16.47,11.28,0,21.64,9633,17.81
2401,凌陽,24.95,25,24.95,0.15,0.6,4926,43.49,-332,60,14,-258,1294,1214,80,0.02,224,757,173,192,514,0.19,0.14,866,939,-73,2788,2795,-7,--,684.72,-5.49,14.11,6584.89,-0.02,49.74,0.88,0,6.79,10047,59.2
2402,毅嘉,63.1,63.2,63.1,-0.9,-1.41,4216,35.27,-324,-121,-12,-457,1286,1939,-653,-0.15,-890,291,0,104,1077,0.07,0.28,815,757,58,2162,1567,595,32.36,1070.89,5.38,15.19,11370.36,0.07,12.82,0.28,3.17,20.03,15401,30.75
2404,漢唐,1025,1030,1030,25,2.49,4221,53.72,1834,109,46,1989,4385,4344,41,0.01,4052,4231,0,0,179,0.95,0.04,42,29,13,40,94,-54,19.32,8106.87,5.39,102.23,78946.91,16.31,23.32,18.43,3.88,7.93,3777,19.06
2405,輔信,15,15.05,15,-0.2,-1.32,2381,23.02,-1250,0,12,-1238,650,684,-34,-0.01,-684,0,0,0,684,0,0.29,198,621,-423,1540,1083,457,--,166.95,0.42,23.65,1761.54,0,44.93,0.01,0.67,10.76,9238,34.34
2406,國碩,31.6,31.65,31.6,-0.15,-0.47,10083,48.2,-1022,0,-2,-1024,2362,3503,-1141,-0.11,478,1198,1097,1421,396,0.23,0.18,1448,1826,-378,6301,4782,1519,--,1053.24,5.99,143.29,8696.58,0.27,19.19,3.43,0,15.06,13211,35.09
2408,南亞科,--,274.5,274.5,-30.5,-10,115488,27.46,-20376,-3134,-3920,-27430,98275,109067,-10792,-0.09,-106854,0,2213,3023,106044,0.02,0.92,13307,5622,7685,7325,4194,3131,24.57,25491.2,40.29,717.33,130857.89,8.41,67.89,14.33,0.55,13.17,102047,345.02
2409,友達,19.15,19.2,19.15,-0.1,-0.52,189579,43.74,2080,4,-2361,-277,118893,120276,-1383,-0.01,43418,77426,0,0,34008,0.41,0.18,21270,20803,467,49807,48892,915,59.84,22100.38,-15.07,-4.48,277279.79,-0.15,11.85,-0.64,2.09,9.61,181249,754.71
2412,中華電,142.5,143,142.5,5.5,4.01,52525,72.63,16216,7873,-69,24020,51907,44910,6997,0.13,51596,51596,0,0,0,0.97,0,396,3570,-3174,660,4482,-3822,28.33,20497.86,-1.4,7.61,241743.83,1.3,37.92,2.61,3.65,0.02,330,775.74
2413,環科,49.85,49.95,49.95,2.45,5.16,11059,51.1,-1,0,-16,-17,2671,2564,107,0.01,2071,2429,0,0,358,0.22,0.03,2043,2043,0,6386,6492,-106,64.87,311.42,-2.04,16.44,3404.05,0.51,15.58,3.18,1,19.01,6052,12.74
2414,精技,48,48.4,48,-1.1,-2.24,251,25.2,-148,0,0,-148,0,0,0,0,0,0,0,0,0,0,0,0,0,0,261,261,0,13.6,2967.01,-9.95,18.82,30717.4,1.17,8.16,4.65,6.25,0.46,184,16.17
2415,錩新,26.25,26.3,26.3,-0.05,-0.19,114,38.6,14,0,0,14,0,0,0,0,0,0,0,0,0,0,0,0,40,-40,116,76,40,13.7,216.48,5.49,3.98,2450.01,0.35,24.89,1.35,6.05,10.64,2394,9
2417,圓剛,47,47.1,47,-2.8,-5.62,2334,29.26,-543,0,-1,-544,130,352,-222,-0.09,-352,0,0,0,352,0,0.15,264,420,-156,1964,1586,378,223.81,330.43,-16.11,23.45,3562.76,0.28,57.98,1.74,0.53,11.56,4544,15.72
2419,仲琦,30.1,30.15,30.1,0.1,0.33,2175,49.04,-93,-3,1,-95,212,329,-117,-0.05,173,212,0,0,39,0.1,0.02,176,232,-56,1816,1643,173,--,453.03,-55.04,-18.79,8954.85,0.07,19.16,0.68,0,8.68,6976,32.13
2420,新巨,59.2,59.3,59.3,-0.2,-0.34,823,38.27,-42,15,0,-27,88,43,45,0.05,-19,0,0,0,19,0,0.02,125,174,-49,623,619,4,15.05,202.92,-0.14,5.5,2185.33,1.05,47.76,3.91,5.06,2.73,1041,15.26
2421,建準,144.5,145,145,4.5,3.2,4223,64.2,-189,916,105,832,3300,2480,820,0.19,3147,3216,0,0,69,0.75,0.02,280,421,-141,690,1370,-680,17.77,1871.49,-2.41,14.99,19779.07,2.36,31.66,6.42,3.79,9.31,6678,28.69
2423,固緯,73.5,73.6,73.6,-4.2,-5.4,784,39.52,91,0,-35,56,105,134,-29,-0.04,-20,50,22,0,92,0.09,0.12,91,141,-50,595,516,79,20.73,269.23,-26.98,6.39,3140.81,1.3,56.19,6.52,3.4,1.45,527,14.5
2424,隴華,--,19.95,19.95,-2.2,-9.93,247,0,2,0,0,2,0,79,-79,-0.32,-79,0,0,0,79,0,0.32,0,76,-76,250,95,155,--,15.09,-5.7,150.78,167.77,-0.58,-1.92,-12.34,0,--,0,5.96
2425,承啟,32.5,32.55,32.5,-1.85,-5.39,804,23.25,-98,0,4,-94,39,0,39,0.05,0,0,0,0,0,0,0,0,96,-96,770,713,57,--,1694.94,10.1,87.78,10650.43,0.62,7.7,0.16,0.31,8.85,2135,9.65
2426,鼎元,64.8,64.9,64.8,1,1.57,1581,51.08,84,0,-56,28,718,605,113,0.07,600,530,188,118,0,0.45,0.07,371,330,41,514,668,-154,--,209.49,13.39,-9.65,2253.87,0.06,19.63,0.44,0.15,24.68,18545,30.06
2427,三商電,20.25,20.3,20.25,0,0,596,49.32,-5,0,7,2,130,114,16,0.03,-114,0,0,0,114,0,0.19,0,57,-57,477,436,41,15.82,457.11,90.18,31.07,7418.13,0.28,18.91,1.66,3.46,12.04,5959,19.8
2428,興勤,213.5,214,214,2.5,1.18,1736,58.61,188,0,-6,182,1090,840,250,0.14,1079,1079,0,0,0,0.61,0,148,204,-56,535,729,-194,19.45,862.4,8.02,19.35,8335.87,2.21,33.97,2.46,2.76,9.57,3064,12.81
2429,銘旺科,49.65,49.8,49.65,0.1,0.2,350,29.29,-12,0,0,-12,0,49,-49,-0.14,-49,0,0,49,0,0,0.14,46,0,46,309,306,3,--,28.94,-37.19,10.75,489.52,-0.45,4.24,-5.02,0,--,4546,8.55
2430,燦坤,18.1,18.2,18.15,-0.1,-0.55,88,41.67,29,0,0,29,0,0,0,0,0,0,0,0,0,0,0,0,0,0,91,91,0,37.81,1458.4,8.89,-1.89,17602.21,0.07,14.8,0.2,4.41,0.52,151,11.68
2431,聯昌,10.1,10.15,10.1,-0.05,-0.49,215,29.91,13,0,-1,12,0,0,0,0,0,0,0,0,0,0,0,0,0,0,217,217,0,--,22.42,1.67,-47.88,300.92,-0.2,-6.38,-2.09,0,--,2113,11.09
2433,互盛電,44.85,44.9,44.85,-0.1,-0.22,40,27.5,-10,0,0,-10,0,0,0,0,0,0,0,0,0,0,0,16,0,16,26,42,-16,14.7,228.11,1.23,-0.24,2722.48,0.51,34.88,1.93,6.02,0.02,9,14.45
2434,統懋,29.7,29.85,29.9,-0.1,-0.33,21,14.29,2,0,0,2,0,0,0,0,0,0,0,0,0,0,0,0,0,0,21,21,0,--,4.47,1.04,-1.26,46.11,-0.13,-26.22,-1.01,0,0.97,23,3.7
2436,偉詮電,69.5,69.7,69.5,-1.5,-2.11,3090,42.16,-179,10,-40,-209,678,1072,-394,-0.13,-661,136,0,0,797,0.04,0.25,538,550,-12,1929,1522,407,20.93,390.49,11.08,30.48,3912.28,0.7,33.54,3.23,2.88,18.86,9432,20.01
2438,翔耀,21.65,21.95,21.65,-0.55,-2.48,137,21.05,-42,0,1,-41,0,0,0,0,0,0,0,0,0,0,0,0,0,0,138,138,0,--,38.3,-29.79,-28.01,518.13,-0.32,15.02,-5.05,0,--,0,7.12
2439,美律,85.1,85.2,85.2,0,0,1849,61.49,548,-628,-8,-88,1023,965,58,0.03,383,697,41,65,290,0.39,0.19,315,271,44,531,633,-102,17.42,3233.3,-17.28,-1.78,48447.78,1.03,11.83,2.05,4.69,5.62,3565,25.36
2440,太空梭,17.85,18.05,18.05,-0.05,-0.28,1054,42.66,-162,0,-30,-192,0,0,0,0,0,0,0,0,0,0,0,62,58,4,998,1002,-4,--,406.09,-6.89,13.9,3654.31,0.14,5.87,1.12,0,3.16,820,13.91
2441,超豐,102,102.5,102,-1.5,-1.45,15172,36.58,-4413,-357,-442,-5212,8038,11667,-3629,-0.24,-5233,2479,0,0,7712,0.16,0.5,2857,1325,1532,4448,2351,2097,21.84,1664.7,0.95,13.19,17784.17,1.4,23.63,3.23,2.94,8.92,12691,56.88
2442,新美齊,18.25,18.3,18.25,-0.3,-1.62,1233,23.31,-156,0,8,-148,0,158,-158,-0.13,-158,0,0,0,158,0,0.13,242,332,-90,1001,753,248,3.48,177.52,-89.23,168.44,13586.04,1.14,28.85,7.17,14.79,6.85,5416,32.52
2444,兆勁,12.85,13,12.9,-0.1,-0.77,415,46.75,-42,0,2,-40,0,0,0,0,0,0,0,0,0,0,0,0,0,0,418,418,0,--,72.32,-0.43,-14,1034.1,-0.51,0.85,-6.73,0,--,0,10.16
2449,京元電子,289,289.5,289,-6,-2.03,25067,42.16,-3322,-1814,23,-5113,18779,21870,-3091,-0.12,-10168,4202,2832,3297,13905,0.27,0.66,3413,1903,1510,3752,2171,1581,39.21,3743.02,4.03,34.56,38771.26,1.87,39.74,4.36,0.52,7.6,23222,122.27
2450,神腦,29.1,29.15,29.1,-0.05,-0.17,205,44.61,26,0,-2,24,0,112,-112,-0.54,-40,0,0,0,40,0,0.19,71,0,71,136,95,41,19.02,2975.98,-9.54,24.71,34855.03,0.25,9.67,1.03,5.33,0.14,92,25.83
2451,創見,306.5,307,306.5,-22,-6.7,6987,30.48,-575,168,-107,-514,4361,5444,-1083,-0.15,-5444,0,0,0,5444,0,0.76,1002,778,224,1811,953,858,9.91,7449.25,31.06,594.43,34147.61,18.93,76.39,33.01,3.85,4.46,4803,43.13
2453,凌群,54.5,54.6,54.5,-0.8,-1.45,594,35.64,17,0,0,17,19,23,-4,-0.01,19,19,0,0,0,0.03,0,100,99,1,480,477,3,17.41,613.54,1.39,3.18,7561.84,0.9,24.72,4.16,5.14,10.27,2568,10
2454,聯發科,3155,3160,3155,-245,-7.21,8393,21.03,-1084,-490,-312,-1886,8825,9356,-531,-0.06,-7775,697,187,196,8463,0.1,0.97,211,40,171,448,82,366,50.53,46736.66,-26.07,-4.14,589786.2,15.17,46.3,6.04,1.7,2.34,9389,160.39
2455,全新,382.5,383,383,-4,-1.03,2271,43.58,70,6,-83,-7,1955,1877,78,0.03,-592,0,1285,1152,725,0.58,0.84,132,176,-44,294,327,-33,120.82,318.6,2.36,37.75,3633.09,1.06,38.09,5.6,0.69,15,6933,18.52
2457,飛宏,24.05,24.1,24.05,-0.5,-2.04,1577,39.45,-8,0,0,-8,41,242,-201,-0.13,-192,0,0,0,192,0,0.12,430,265,165,1120,1084,36,--,780.34,0.35,-9.4,9551.71,-0.34,21.18,-1.61,0,11.62,12343,42.48
2458,義隆,147,147.5,147,2,1.38,6083,44.19,1342,50,69,1461,4839,4247,592,0.1,4788,4823,0,0,35,0.79,0.01,340,439,-99,960,1453,-493,17.19,1141.26,-6.69,6.32,12500.11,2.46,47.63,6.67,4.81,3.95,3004,30.39
2459,敦吉,66.1,66.3,66.1,-0.1,-0.15,126,50.79,25,0,-2,23,0,30,-30,-0.23,-30,0,0,0,30,0,0.23,35,20,15,94,79,15,12.64,433.7,-0.15,-4.15,4963.91,1.41,30.51,2.47,6.35,0.48,128,10.56
2460,建通,31.2,31.4,31.2,-1,-3.11,453,30.97,2,0,3,5,0,0,0,0,0,0,0,0,0,0,0,20,40,-20,440,420,20,--,429.22,-10.6,57.62,3762.55,0.11,11.43,1.22,0,--,366,16.92
2461,光群雷,16.05,16.2,16.1,-0.1,-0.62,200,30.81,4,0,1,5,0,0,0,0,0,0,0,0,0,0,0,0,0,0,202,202,0,--,447.94,5.25,3.08,5303.77,0.3,26.61,1.06,0,8.28,3974,19.19
2462,良得電,19.8,19.85,19.8,-0.25,-1.25,349,41.67,-76,0,10,-66,0,0,0,0,0,0,0,0,0,0,0,0,0,0,360,360,0,282.86,353.83,3.24,-8.76,4024.79,0.01,8.7,0.04,1.01,8.45,2577,15.08
2464,盟立,135,135.5,135,-4,-2.88,45206,48.11,1603,0,-384,1219,31381,34129,-2748,-0.06,-24524,3962,1210,1528,28168,0.11,0.65,5731,4913,818,8446,6516,1930,--,654.29,0.34,23.09,6939.71,0.24,18.67,0.98,0.37,31.07,16026,20.64
2465,麗臺,75.5,75.6,75.6,-0.4,-0.53,1246,39.17,-496,0,1,-495,232,309,-77,-0.06,-66,31,117,102,112,0.12,0.17,218,214,4,810,737,73,57.27,863.34,38.15,175.8,5757.15,1.15,10.65,9.41,0,11.75,2025,9.39
2466,冠西電,46.85,47.2,47,-0.95,-1.98,202,32.34,6,0,0,6,0,0,0,0,0,0,0,0,0,0,0,0,12,-12,203,191,12,62.67,70.82,21.75,-27.21,876.91,0.03,7.19,0.26,0,12.37,5064,17.35
2467,志聖,576,577,576,-18,-3.03,1369,36.93,35,-28,-36,-29,826,1038,-212,-0.15,-844,56,56,96,860,0.08,0.67,554,361,193,57,39,18,78.8,891.19,-0.26,86.98,7469.15,3.06,49.47,6.19,0.95,5.37,2104,16.12
2468,華經,32.55,32.6,32.55,0.25,0.77,143,31.69,-32,0,2,-30,0,0,0,0,0,0,0,0,0,0,0,20,0,20,125,145,-20,25.43,175.97,-19.86,-16.69,2506.59,0.3,10.73,1.66,3.07,19.97,3492,7
2471,資通,49.85,49.95,49.85,0,0,99,26.26,-7,0,0,-7,0,0,0,0,0,0,0,0,0,0,0,11,11,0,91,91,0,12.98,73.67,-3.74,6.07,1033.11,0.49,31.14,2.42,6.64,12.11,1431,4.73
2472,立隆電,232,232.5,232,-3,-1.28,7640,48.27,658,-10,-47,601,4787,5055,-268,-0.03,-3645,376,0,0,4021,0.05,0.52,720,774,-54,2265,1943,322,26.82,1195.89,7.19,14.52,11693.18,1.6,30.01,2.81,1.51,22.77,9376,16.47
2474,可成,184,184.5,184,0,0,3740,28.54,-351,-833,115,-1069,2881,3323,-442,-0.12,-268,620,1776,2112,552,0.63,0.7,313,153,160,602,320,282,18,958.62,-20.15,-36.19,17515.99,2.63,28.8,1.06,5.52,4.31,6043,56.14
2476,鉅祥,114.5,115,115,-3.5,-2.95,4130,38.32,-5,0,-178,-183,2521,2972,-451,-0.11,-2681,160,36,39,2838,0.05,0.69,493,395,98,1160,806,354,26.26,813.27,-3.25,24.68,8128.21,1.14,29.92,2.82,2.61,50.37,27566,21.89
2477,美隆電,20.55,20.6,20.55,-0.2,-0.96,87,19.54,-36,0,3,-33,0,0,0,0,0,0,0,0,0,0,0,0,0,0,88,88,0,12.69,197.76,27.56,27.19,2523.82,0.11,26.62,0.41,6.81,3.26,1294,15.86
2478,大毅,96.2,96.3,96.3,4.5,4.9,23798,55.59,-1286,0,-39,-1325,9981,11088,-1107,-0.05,4678,6805,2711,3693,1145,0.4,0.2,3608,3384,224,10336,9452,884,26.31,542.15,-3.39,11.58,5615.65,1.14,25.01,2.24,2.08,12.27,4439,14.47
2480,敦陽科,146.5,147.5,146.5,-1.5,-1.01,357,35.11,78,-8,-3,67,121,103,18,0.05,20,101,0,9,72,0.28,0.22,74,91,-17,171,172,-1,17.46,769.55,5.72,7.95,8804.03,2.63,23.46,8.59,5.32,1.67,443,10.64
2481,強茂,135,135.5,135,6,4.65,98037,55.4,-3452,5341,823,2712,78266,80989,-2723,-0.03,70912,75134,684,905,4001,0.78,0.05,9239,8382,857,10987,9121,1866,42.86,1297.4,4.44,8.76,13549.71,0.75,32.74,1.93,1.33,18.45,17629,38.21
2482,連宇,16.3,16.4,16.4,0.1,0.61,58,50,20,0,1,21,0,0,0,0,0,0,0,0,0,0,0,0,0,0,67,67,0,--,41.92,8.28,-11.16,492.94,-0.23,38.24,-1.67,0.61,10.91,2125,7.79
2483,百容,23.8,23.95,23.8,-0.4,-1.65,326,33.13,17,0,-7,10,0,0,0,0,0,0,0,0,0,0,0,0,39,-39,327,288,39,25.87,186.81,6.75,13.22,1842.95,0.15,13.23,0.64,1.26,1.36,367,10.79
2484,希華,40.3,40.35,40.3,-0.7,-1.71,18248,43.96,-2470,0,-7,-2477,3835,5518,-1683,-0.09,-2766,676,360,838,2964,0.06,0.21,2144,3204,-1060,12328,9585,2743,54.46,233.71,16.51,0.03,2370.09,0.33,22.2,1.32,1.74,30.68,12227,15.94
2485,兆赫,72.3,72.4,72.4,-0.6,-0.82,85552,45.45,-7374,-7,137,-7244,41410,49571,-8161,-0.1,9527,24368,1123,1783,14181,0.3,0.19,13966,12907,1059,30628,23526,7102,1810,381.29,-7.71,38.27,3341.35,0.41,22.49,2.5,0,26.23,20835,31.77
2486,一詮,251.5,252,251.5,-1.5,-0.59,1006,35.37,-123,0,-31,-154,506,744,-238,-0.22,-82,152,299,444,89,0.42,0.5,229,145,84,328,161,167,493.14,667.11,8.52,21.16,6434,0.29,21.05,1.12,0.2,32.51,19047,23.44
2488,漢平,51.8,51.9,51.8,0.4,0.78,119,36.28,13,0,0,13,0,0,0,0,0,0,0,0,0,0,0,38,52,-14,82,68,14,11.16,303.41,45.36,29.78,2973.55,0.92,24.51,2.58,5.79,2.88,575,8
2489,瑞軒,41.45,41.5,41.5,1.75,4.4,33431,54.17,387,232,58,677,13540,12590,950,0.03,13357,13513,0,0,156,0.4,0,3788,5459,-1671,16297,15576,721,38.07,2348.23,-0.3,14.28,25417.68,0.15,8.69,0.72,2.89,32.77,49969,61
2491,吉祥全,20.05,20.3,20.05,-1.3,-6.09,594,26.62,-102,0,6,-96,0,0,0,0,0,0,0,0,0,0,0,0,0,0,599,599,0,5.83,15.77,15,0.73,171.7,0.85,14.86,8.43,0,7.79,1598,8.2
2492,華新科,219.5,220,220,2.5,1.15,8735,66.58,2639,875,17,3531,7751,6551,1200,0.17,6207,6524,811,594,534,1.01,0.16,307,913,-606,875,1465,-590,42.23,3705.15,8.87,16.04,37804.98,1.69,18.3,1.55,1.14,11.64,14142,48.52
2493,揚博,131,131.5,131.5,-3,-2.23,1702,41.88,-113,2,28,-83,827,1019,-192,-0.11,-800,83,63,66,880,0.08,0.54,222,224,-2,688,494,194,31.09,300.39,-1.92,-3.11,3769.13,1.26,29.19,5.19,3.04,23.34,7400,12.68
2495,普安,35.75,35.8,35.75,-0.95,-2.59,2563,34.23,-635,214,-11,-432,347,603,-256,-0.1,-603,0,0,43,560,0,0.23,223,450,-227,2006,1523,483,31.36,137.42,-6.25,36.72,1309.14,0.33,39.81,1.95,2.24,14.27,9760,27.36
2496,卓越,64.5,64.8,64.5,-0.3,-0.46,20,27.27,-4,0,0,-4,0,0,0,0,0,0,0,0,0,0,0,9,8,1,12,13,-1,10.08,73.27,-3.47,5.59,886.6,1.65,55.51,3.54,7.75,0.84,40,1.91
2497,怡利電,55.7,55.9,55.8,0.3,0.54,404,38,31,5,0,36,82,20,62,0.15,42,62,0,0,20,0.15,0.05,50,58,-8,276,330,-54,22.32,483.3,25.95,25.92,4621.64,0.8,26.29,3.68,3.58,10.92,3223,13.09
2498,宏達電,45.65,45.7,45.65,1.45,3.28,26121,51.98,697,-12,503,1188,10132,9798,334,0.01,7684,9243,417,705,1271,0.37,0.08,3756,3741,15,12361,12712,-351,22.05,151.38,-54.64,-3.46,2839.55,-0.29,41.7,-0.9,1.1,14.95,31247,83.6
2501,國建,22.15,22.2,22.2,0.1,0.45,1537,61.24,154,0,6,160,746,476,270,0.17,746,746,0,0,0,0.48,0,190,230,-40,610,840,-230,5.74,1122.76,-75.19,13.23,30419.7,1.21,24.15,4.84,5.41,1.77,5117,115.96
2504,國產,34.55,34.65,34.65,0.45,1.32,1994,48.02,-212,-56,0,-268,1030,888,142,0.07,1030,1030,0,0,0,0.51,0,249,308,-59,727,810,-83,10.56,1807.45,-1.15,-10.23,22004.93,0.7,26.62,2.96,7.5,1.35,3970,118
2505,國揚,17.85,17.95,17.85,-0.05,-0.28,541,66.36,-106,0,0,-106,125,90,35,0.06,125,125,0,0,0,0.23,0,172,72,100,247,382,-135,8.97,-0.97,-100.23,-166.94,4100.91,0.17,26.93,0.58,5.6,2.96,2808,38
2506,太設,8.64,8.66,8.66,0.04,0.46,184,54.95,36,0,-8,28,0,0,0,0,0,0,0,0,0,0,0,0,0,0,191,191,0,--,172.52,-10.22,182.93,1237.26,0.13,52.05,0.55,2.31,2.54,1909,38.7
2509,全坤建,12.7,12.75,12.7,0,0,49,30.61,1,0,0,1,0,0,0,0,0,0,0,0,0,0,0,0,0,0,52,52,0,--,20.39,-3.53,-8.59,257.39,-0.45,27.57,-2.49,0,1.17,656,22.46
2511,太子,7.6,7.61,7.6,0.05,0.66,601,62.56,215,0,1,216,0,0,0,0,0,0,0,0,0,0,0,0,0,0,608,608,0,21.71,663.16,-38.97,-16.82,9657.88,0.06,30.48,0.36,3.95,0.86,3500,162.33
2514,龍邦,13,13.1,13,-0.05,-0.38,92,68.13,-18,0,-1,-19,0,0,0,0,0,0,0,0,0,0,0,0,41,-41,94,53,41,8.18,1703.33,-2.83,2.82,22388.87,0.42,13.36,1.37,0,16.05,15835,39.47
2515,中工,12.25,12.3,12.25,0.1,0.82,4883,41.6,-508,0,36,-472,2655,2373,282,0.06,2655,2655,0,0,0,0.54,0,832,1022,-190,1415,1507,-92,25.52,2162.34,11.04,52.63,23302.75,0.16,8.72,1.12,4.08,7.53,30274,160.79
2516,新建,12.45,12.55,12.45,-0.2,-1.58,113,14.16,-26,0,0,-26,0,0,0,0,0,0,0,0,0,0,0,0,0,0,114,114,0,10.55,513.49,-6.8,-44.55,9335.91,0.25,5.64,2.71,0,--,0,22.63
2520,冠德,30.4,30.45,30.4,-0.5,-1.62,823,33.91,-76,0,12,-64,0,120,-120,-0.14,-120,0,0,36,84,0,0.14,256,99,157,580,617,-37,12.99,2622.65,71.6,66.98,24061.6,0.52,23.48,1.51,5.26,2.76,4213,60.95
2524,京城,34.3,34.5,34.45,-0.35,-1.01,35,45.45,9,0,0,9,0,0,0,0,0,0,0,0,0,0,0,0,0,0,37,37,0,60.44,135.76,-29.63,-48.78,2309.09,0.36,48.54,0.62,0,3.48,3188,36.6
2527,宏璟,33.25,33.35,33.25,-0.4,-1.19,117,32.76,-31,-1,7,-25,0,0,0,0,0,0,0,0,0,0,0,0,0,0,119,119,0,6.77,28.95,-99.36,3.72,5072.12,3.45,27.5,4.56,4.51,4.85,3279,27.03
2528,皇普,22.1,22.2,22.1,-0.1,-0.45,462,37.31,-105,0,0,-105,0,0,0,0,0,0,0,0,0,0,0,75,79,-4,391,387,4,9.25,17.29,9049.21,-98.93,8012.96,-0.11,7.92,-0.61,13.57,5.29,5765,43.6
2530,華建,20.7,20.85,20.7,-0.2,-0.96,395,44.27,-6,-21,42,15,0,0,0,0,0,0,0,0,0,0,0,48,69,-21,348,327,21,10.51,0.83,-99.45,-96.84,6338.74,-0.04,19.68,-0.32,8.5,2.59,5449,84.13
2534,宏盛,17.5,17.55,17.5,0.05,0.29,458,39.91,116,0,-1,115,0,87,-87,-0.18,0,0,0,0,0,0,0,43,43,0,431,344,87,16.99,32.98,-60.39,-96.86,2099.12,-0.02,73.99,-0.08,8.57,10.41,12337,47.42
2535,達欣工,73,73.1,73,-0.1,-0.14,370,28.22,-151,0,2,-149,84,17,67,0.17,-17,0,0,0,17,0,0.04,25,89,-64,274,277,-3,9.11,1982.63,-36.43,-20.42,24121.04,2.88,14.3,7.15,6.3,0.51,345,27.08
2536,宏普,20.15,20.2,20.15,0.05,0.25,136,46.67,52,0,0,52,0,0,0,0,0,0,0,0,0,0,0,0,29,-29,136,107,29,6.09,42.1,-70.37,-97.03,9108.78,0.15,22.46,0.38,9.93,8.27,6881,33.28
2537,聯上發,9.67,9.71,9.67,-0.09,-0.92,747,27.91,-346,0,25,-321,0,0,0,0,0,0,0,0,0,0,0,60,53,7,691,698,-7,30.22,28.96,-90.41,5302.61,2192.08,0.4,21.38,2.66,0,4.47,3360,30.06
2538,基泰,9.25,9.26,9.26,-0.13,-1.38,683,36.76,115,0,9,124,0,135,-135,-0.2,-135,0,0,0,135,0,0.2,79,149,-70,610,405,205,25.72,26.24,-17.62,32.83,302.16,0.02,96.3,0.15,5.4,2.31,2566,44.5
2539,櫻花建,38.15,38.2,38.15,0.4,1.06,981,55.78,204,-1,11,214,175,101,74,0.07,175,175,0,0,0,0.18,0,220,317,-97,602,579,23,13.48,2065.07,545.62,559.1,12727.43,0.68,45.36,4.45,7.34,0.99,2947,119.31
2540,愛山林,55.5,55.6,55.5,-1.8,-3.14,1818,36.75,-96,0,5,-91,352,880,-528,-0.29,-880,0,0,0,880,0,0.48,384,302,82,1111,665,446,90.98,533.39,-12.94,-36.53,10596.46,-0.01,16.66,-0.07,10.81,1.25,2947,94.49
2542,興富發,43.65,43.7,43.7,-0.9,-2.02,10868,37.78,-555,-4,271,-288,5280,5839,-559,-0.05,-5318,192,0,0,5510,0.02,0.5,1148,1581,-433,4584,3592,992,13.87,7166.9,-0.36,4077.66,52880.12,1.15,30.11,4.98,9.15,1.7,9259,217.31
2543,皇昌,38.6,38.65,38.6,0.7,1.85,2771,45.73,-276,0,-358,-634,462,691,-229,-0.08,462,462,0,0,0,0.17,0,452,521,-69,1876,1578,298,15.56,1339.82,12.72,62.15,12860.4,0.37,13.32,1.89,3.89,9.61,12702,52.85
2545,皇翔,37.1,37.15,37.15,-0.1,-0.27,162,32,-42,0,8,-34,0,0,0,0,0,0,0,0,0,0,0,0,16,-16,166,150,16,25.1,1055.93,-8.45,102.09,7125.07,-0.01,16.86,-0.03,7.54,2.99,2838,37.97
2546,根基,84.1,84.2,84.2,0,0,40,55,7,0,0,7,0,12,-12,-0.27,-12,0,0,0,12,0,0.27,0,0,0,44,32,12,8.85,1925.44,39.19,19.08,22140.77,1.43,7.76,3.05,7.13,0.22,73,13.05
2547,日勝生,9.98,10,10,0.08,0.81,1614,64.74,-119,0,38,-81,100,130,-30,-0.02,100,100,0,0,0,0.06,0,348,227,121,1171,1262,-91,71.43,352.01,-49.34,-17.08,6341.6,0.06,50.58,0.54,8,4.84,12521,103.51
2548,華固,124.5,125,124.5,-1.5,-1.19,1398,45.54,-840,0,-5,-845,1125,1197,-72,-0.05,-184,513,0,0,697,0.36,0.49,85,78,7,200,135,65,9.72,960.1,-51.16,28466,23390.41,2.28,26,3.38,6.83,1.52,1214,31.97
2596,綠意,28.75,29,28.9,0.05,0.17,65,32.81,-11,0,0,-11,0,0,0,0,0,0,0,0,0,0,0,0,0,0,65,65,0,18.06,94.16,7.31,-70.46,849.73,0.2,38.39,0.78,5.19,7.82,1955,10
2597,潤弘,162.5,163.5,162.5,0,0,617,54.31,153,0,0,153,476,398,78,0.12,455,455,0,0,0,0.72,0,48,87,-39,105,143,-38,14.3,2729.07,18.23,16.53,32524.49,2.38,17.7,7.32,5.95,1.42,1104,31.07
2601,益航,4.97,5,5,0.2,4.17,3634,51.55,-286,0,0,-286,0,0,0,0,0,0,0,0,0,0,0,212,240,-28,3437,3409,28,--,123.25,-2.09,-64.6,3396.39,-0.02,26.95,0.15,0,--,1035,82.48
2603,長榮,197,197.5,197,-0.5,-0.25,16476,38.03,1437,-4216,233,-2546,13913,15223,-1310,-0.08,5125,9651,0,0,4526,0.58,0.27,971,557,414,1772,874,898,8.61,31359.25,13.94,4.51,356752.79,3.84,15.47,1.46,8.12,2.52,13647,216.5
2605,新興,30.3,30.4,30.3,0.35,1.17,3049,54.64,-96,0,128,32,894,1045,-151,-0.05,762,817,77,132,0,0.29,0.04,570,493,77,1604,1530,74,14.5,403.24,-23.88,-5.46,4897.85,0.66,42.65,2.21,3.3,7.19,10526,58.54
2606,裕民,63.5,63.6,63.5,0.1,0.16,3951,36.23,769,249,25,1043,2882,2442,440,0.11,2811,2882,0,23,48,0.73,0.02,495,598,-103,587,924,-337,12.19,1691.3,15.26,38.67,16500.55,1.17,31.88,2.49,4.41,1.81,3822,84.51
2607,榮運,47.5,47.6,47.5,0.4,0.85,952,50,230,-47,0,183,573,452,121,0.13,573,573,0,0,0,0.6,0,141,116,25,248,395,-147,10.04,1436.64,0.23,1.4,16495.98,1.04,21.76,1.79,5.68,0.72,955,53.36
2608,嘉里大榮,29.15,29.2,29.15,-0.1,-0.34,407,49.75,48,0,14,62,0,221,-221,-0.54,-166,0,0,0,166,0,0.4,77,39,38,335,152,183,14.5,1048.13,-4.52,-2.32,12864.19,0.47,18.59,2.06,5.66,1.09,1270,46.7
2609,陽明,49.5,49.55,49.5,0.95,1.96,19002,55.09,6670,6,567,7243,13358,8051,5307,0.28,13149,13287,25,62,101,0.69,0.01,1311,2495,-1184,4532,8656,-4124,16.07,14227.64,14.23,13.88,158631.81,0.41,7.3,0.46,4.04,4.1,35800,349.21
2610,華航,18.4,18.45,18.4,0.05,0.27,19911,29.04,3773,-2509,180,1444,16140,15195,945,0.05,16140,16140,0,0,0,0.81,0,1029,1223,-194,2786,3537,-751,7.13,20854.47,0.33,16.49,216353.46,0.85,20.6,5.55,4.46,3.35,51429,614.5
2611,志信,12.85,12.9,12.9,0.05,0.39,325,36.92,69,0,0,69,0,0,0,0,0,0,0,0,0,0,0,49,39,10,281,291,-10,9.85,127.67,-42.1,119.47,927.03,0.28,26.51,2.03,4.03,4.49,2120,18.9
2612,中航,54.6,54.7,54.7,-0.2,-0.36,243,41.67,-21,0,-5,-26,0,22,-22,-0.09,0,0,0,0,0,0,0,32,10,22,213,213,0,9.96,434.94,-6.42,9.05,4938.86,1.24,33.39,1.8,4.02,4.15,2047,19.75
2613,中櫃,21.55,21.65,21.6,0.05,0.23,185,33.15,-55,0,0,-55,0,0,0,0,0,0,0,0,0,0,0,30,0,30,161,191,-30,21.39,292.72,2.31,6.09,3441.38,0.18,13.46,0.77,4.63,5.35,1985,14.84
2614,東森,18.15,18.25,18.15,0.05,0.28,473,43.44,-54,0,1,-53,0,0,0,0,0,0,0,0,0,0,0,76,94,-18,414,396,18,8.9,406.24,1.18,-12.99,5363.56,0.3,29.88,1.32,6.61,6.72,5498,32.73
2615,萬海,80.3,80.4,80.4,3.5,4.55,21405,64.63,8510,2306,320,11136,17588,9645,7943,0.37,17409,17403,185,179,0,0.81,0.01,1448,3650,-2202,2647,8388,-5741,7.42,12930.77,22.89,13.05,138418.02,2.73,22.76,2.73,3.73,3.23,22693,280.61
2616,山隆,13.55,13.6,13.55,0.15,1.12,202,57.5,73,0,6,79,0,0,0,0,0,0,0,0,0,0,0,0,0,0,207,207,0,--,774.79,0.55,17.22,8273.89,-1.37,7.37,-6.97,2.21,1.32,453,13.73
2617,台航,28.75,28.85,28.85,0.1,0.35,362,56.79,-20,0,4,-16,0,0,0,0,0,0,0,0,0,0,0,104,107,-3,260,257,3,8.72,388.52,-4.42,9.11,4391.16,0.71,41.99,1.65,5.2,1.98,2068,41.73
2618,長榮航,34.4,34.45,34.45,0.35,1.03,21548,66.5,3816,458,232,4506,18112,16043,2069,0.1,17812,17812,0,0,0,0.82,0,880,1724,-844,2612,3837,-1225,6.54,21968.79,1.77,18.89,229395.61,1.53,26.22,6.09,5.81,3.14,42374,540.04
2630,亞航,42.7,42.8,42.75,-0.3,-0.7,549,32.54,-18,0,-3,-21,0,0,0,0,0,0,0,0,0,0,0,39,91,-52,517,465,52,45.48,310.15,-33.48,-22.88,5199.44,0.09,9.11,0.52,2.11,11.51,6027,20.94
2633,台灣高鐵,25.95,26,25.95,0.35,1.37,8634,64.4,-429,-72,70,-431,6822,6363,459,0.05,5796,6197,339,397,343,0.76,0.09,612,825,-213,1218,1463,-245,10.02,4798.43,0.07,6.25,55447.68,0.37,46.85,2.84,4.43,0.4,2627,562.83
2634,漢翔,45.7,45.8,45.8,-0.05,-0.11,3758,34.39,-449,0,-45,-494,1000,1656,-656,-0.17,-764,430,0,0,1194,0.11,0.31,406,572,-166,2415,1593,822,57.25,2899.37,6.45,12.26,35816.95,0.28,7.8,1.45,1.7,9.52,22408,94.19
2636,台驊控股,64.3,64.6,64.3,-0.3,-0.46,294,37.93,-119,0,0,-119,20,0,20,0.07,0,0,0,0,0,0,0,9,91,-82,274,212,62,9.76,1889.05,13.85,10.46,20247.79,1.1,15.67,1.51,7.78,2.05,728,14.18
2637,慧洋-KY,70.8,70.9,70.8,-2,-2.75,3161,45.14,-1156,27,-37,-1166,1082,2108,-1026,-0.32,-2093,0,0,0,2093,0,0.66,511,404,107,1595,677,918,9.94,1645.85,-4.53,21.23,17956.94,1.6,28.68,2.42,4.94,2.32,4337,74.64
2640,大車隊,164,165,164.5,-0.5,-0.3,43,64.29,5,0,0,5,15,22,-7,-0.16,-12,0,0,0,12,0,0.28,0,0,0,28,21,7,17.84,277.6,2.96,9.64,3198.38,2.36,50.31,6.65,4.86,3.25,482,5.93
2641,正德,17.45,17.5,17.45,-0.05,-0.29,1002,27.27,-9,0,-1,-10,100,199,-99,-0.1,100,100,0,0,0,0.1,0,239,200,39,668,608,60,7.27,197.96,-3.89,6.84,2481.42,0.71,39.91,2.69,2.87,12.47,10296,33.03
2642,宅配通,20.35,20.4,20.35,-0.1,-0.49,95,50,29,0,0,29,0,0,0,0,0,0,0,0,0,0,0,0,0,0,104,104,0,--,256.57,-2.21,-17.01,3591.46,-0.75,4.17,-3.69,2.46,2.17,518,9.55
2643,捷迅,66.2,67.1,67.1,-0.4,-0.59,13,23.08,-7,0,0,-7,0,0,0,0,0,0,0,0,0,0,0,0,0,0,14,14,0,12.88,609.57,37.77,-17.54,7790.05,0.68,7.34,1.19,6.71,0.78,68,3.5
2645,長榮航太,152,152.5,152,2,1.33,861,50.41,187,-2,-25,160,511,290,221,0.25,463,492,0,0,29,0.56,0.03,87,222,-135,282,368,-86,23.21,1708.81,0.64,11.75,18908.5,2.58,27.54,7.37,3.29,3.62,3389,37.46
2646,星宇航空,20.25,20.3,20.25,0.25,1.25,4176,48.73,2432,0,8,2440,2278,502,1776,0.42,2278,2278,0,0,0,0.54,0,556,896,-340,1389,2825,-1436,225,4680.26,-1,30.12,47701.74,0.3,20.17,2.88,0,0.48,3631,300.87
2701,萬企,10.25,10.3,10.3,0.1,0.98,164,29.31,1,0,0,1,0,0,0,0,0,0,0,0,0,0,0,97,97,0,69,69,0,18.07,20.63,-0.54,-10.33,261.91,0.11,80.59,0.6,2.72,0.92,1038,45
2702,華園,13,13.05,13,0.1,0.78,49,55.1,27,0,-1,26,0,0,0,0,0,0,0,0,0,0,0,0,0,0,50,50,0,--,117.38,-15.76,1.79,1416.37,0.19,89.36,0.92,0,1.08,422,15.66
2704,國賓,41.8,41.95,41.9,0.3,0.72,68,53.73,8,0,0,8,0,0,0,0,0,0,0,0,0,0,0,0,0,0,69,69,0,23.41,101.46,-10.19,7.06,1366.74,0.16,29.89,0.23,1.19,0.23,212,36.69
2705,六福,15.35,15.4,15.35,0.15,0.99,148,64.86,-89,0,0,-89,0,0,0,0,0,0,0,0,0,0,0,0,0,0,151,151,0,16.68,172.16,1.4,-10.34,2245.4,-0.21,28.27,-0.8,0,1.17,546,19.13
2706,第一店,11.95,12,11.95,0,0,94,53.19,-2,0,0,-2,0,0,0,0,0,0,0,0,0,0,0,0,0,0,98,98,0,17.84,30.02,-5.02,4.3,379.19,0.14,77.5,0.68,2.93,0.69,860,50
2707,晶華,173.5,174,174,1.5,0.87,175,66.09,93,0,1,94,72,55,17,0.09,72,72,0,0,0,0.4,0,38,59,-21,71,67,4,12.43,513.14,-15.09,0.56,6927,5.73,35.95,18.11,6.18,0.48,153,12.74
2712,遠雄來,15.15,15.85,15,-0.5,-3.23,13,0,0,0,0,0,0,0,0,0,0,0,0,0,0,0,0,0,0,0,13,13,0,--,39.5,41.69,2.51,536.48,-0.14,15.88,-1.43,0,--,9,10.5
2718,全心投控,46.2,46.3,46.2,-0.2,-0.43,69,18.84,-20,0,0,-20,0,0,0,0,0,0,0,0,0,0,0,17,0,17,52,69,-17,2.45,35.78,11.77,-93.77,2605.12,2.63,54.76,3.59,11.9,1.86,337,8.76
2719,燦星旅,25.5,25.95,25.7,0,0,11,36.36,-1,0,0,-1,0,0,0,0,0,0,0,0,0,0,0,0,0,0,12,12,0,57.11,122.32,-18.42,-28.78,1827.11,0.75,16.71,7.11,0,3.58,77,6.92
2722,夏都,22.3,22.45,22.5,0,0,19,26.32,-1,0,0,-1,0,0,0,0,0,0,0,0,0,0,0,0,0,0,20,20,0,--,48.92,7.5,0.01,567.09,-0.21,22.59,-1.31,0,1.02,365,14.32
2723,美食-KY,62.9,63,63,0.4,0.64,135,52.59,20,0,0,20,17,0,17,0.12,17,17,0,0,0,0.12,0,19,29,-10,101,108,-7,--,1368.64,-1.37,-15.51,17064.54,1.31,61.06,2.35,0,5.42,2439,18
2724,藝舍-KY,13.25,14,14,-0.45,-3.11,52,23.08,0,0,0,0,0,0,0,0,0,0,0,0,0,0,0,0,0,0,52,52,0,--,31.6,188.64,44.88,170.69,-0.43,-28.83,-5.92,0,--,0,5.97
2726,雅茗-KY,9.42,9.51,9.49,0.02,0.21,8,25,-1,0,0,-1,0,0,0,0,0,0,0,0,0,0,0,0,0,0,8,8,0,--,36.3,-34.81,-33.06,537.83,-0.33,64.47,-3.5,0,4.62,403,3.79
2727,王品,233,234,234,1,0.43,278,48.13,108,0,0,108,175,115,60,0.21,107,132,23,30,18,0.53,0.17,43,40,3,72,135,-63,14.07,1926.87,-1.81,13.13,24147.3,5.04,47.64,9.17,6.89,2.23,462,8.29
2729,瓦城,161.5,162.5,162,1,0.62,16,76.92,-2,0,0,-2,0,0,0,0,0,0,0,0,0,0,0,0,0,0,18,18,0,26.96,497.22,9.74,13.68,6220.02,1.64,49.44,2.76,4.2,0.08,9,4.3
2731,雄獅,160,161,160.5,0,0,708,61.7,-110,-8,1,-117,478,374,104,0.14,478,478,0,0,0,0.66,0,59,117,-58,182,228,-46,9.39,2727.76,1.67,9.82,31255.23,4.17,15.95,7.26,7.98,3.8,886,9.33
2732,六角,64.8,65.1,65,-0.2,-0.31,33,57.58,0,0,0,0,0,0,0,0,0,0,0,0,0,0,0,0,0,0,33,33,0,33.85,432.85,-5.62,32.15,4811.72,1.1,49.63,2.77,5.38,2,233,4.65
2734,易飛網,15.2,15.3,15.2,-0.1,-0.65,80,15.58,-8,0,0,-8,0,0,0,0,0,0,0,0,0,0,0,0,0,0,81,81,0,--,148.87,-11.31,19.88,1821.46,0.17,15.66,1.5,0,3.76,538,5.73
2736,富野,11.85,11.9,11.85,-0.1,-0.84,42,45,-7,0,0,-7,0,0,0,0,0,0,0,0,0,0,0,0,0,0,43,43,0,--,47.67,-5.46,18.42,544.12,-0.1,53.75,-0.65,0,4.3,644,8
2739,寒舍,34.65,34.8,34.7,-0.55,-1.56,75,17.33,-30,0,2,-28,0,0,0,0,0,0,0,0,0,0,0,0,0,0,77,77,0,11.41,391.11,-15.75,5.94,5215.66,1.3,40.61,7.65,7.44,4.38,1003,9.15
2740,華軒,33.8,36.4,36.7,-0.05,-0.14,5,80,0,0,0,0,0,0,0,0,0,0,0,0,0,0,0,0,0,0,5,5,0,--,4.15,-14.5,-58.99,93.08,-1.32,35.3,-17.62,0,--,0,1.68
2743,山富,67.7,67.9,67.7,-0.2,-0.29,76,22.97,-1,0,1,0,0,0,0,0,0,0,0,0,0,0,0,0,0,0,81,81,0,34.72,552.53,9.78,4.64,6820.33,1.71,12.37,6.59,4.73,9.45,1106,4.68
2745,五福,100.5,101,100.5,0,0,88,33.33,-20,0,0,-20,32,10,22,0.24,0,0,0,0,0,0,0,7,29,-22,51,51,0,10.97,811.92,-12.4,11.52,9196.33,3.44,14.83,11.15,7.46,12.99,1098,3.38
2748,雲品,39.3,39.35,39.35,-0.1,-0.25,87,48.81,-4,0,0,-4,0,0,0,0,0,0,0,0,0,0,0,14,15,-1,75,74,1,18.92,173.45,-9.8,5.02,2470.04,0.94,33.66,3.32,4.45,3.47,917,10.58
2751,王座,51.8,52.5,52.4,0.1,0.19,11,18.18,-1,0,0,-1,0,0,0,0,0,0,0,0,0,0,0,0,0,0,13,13,0,11.2,159.19,6.33,33.54,1952.48,1.01,50.05,4.91,7.61,0.06,3,1.98
2752,豆府,175.5,176.5,176.5,-3.5,-1.94,66,25.76,-12,0,0,-12,0,31,-31,-0.42,-31,0,0,0,31,0,0.42,12,11,1,62,32,30,11.55,344.56,3.53,13.56,4208.17,4.08,53.04,8.63,7.65,--,0,2.67
2753,八方雲集,174,174.5,174,-1.5,-0.85,275,31.27,-122,-5,0,-127,116,171,-55,-0.19,-132,23,0,0,155,0.08,0.53,40,63,-23,135,57,78,12.92,761.09,-6.24,7.91,8932.41,3.56,36.45,5.54,6.9,4.19,698,6.66
2754,亞洲藏壽司,70,70.5,70,-0.1,-0.14,61,18.18,-9,0,0,-9,0,0,0,0,0,0,0,0,0,0,0,10,11,-1,53,52,1,16.99,442.88,-3.58,4.49,5875.33,1.42,40.72,3.74,1.43,2.28,267,4.69
2755,揚秦,131,131.5,131,-1,-0.76,46,47.83,24,0,0,24,9,0,9,0.19,0,0,0,0,0,0,0,4,22,-18,35,26,9,19.91,279.62,-0.46,18.4,3231.22,1.65,27.31,5.57,4.58,0.72,67,3.74
2756,聯發國際,60.4,60.9,60.9,1.5,2.53,19,57.89,-2,0,0,-2,0,0,0,0,0,0,0,0,0,0,0,0,0,0,20,20,0,15.7,91.33,-20.08,-7.6,1268.98,0.51,49.01,2.23,5.42,3.64,224,2.46
2762,世界健身-KY,84.5,84.6,84.5,0,0,148,76.03,30,0,0,30,0,0,0,0,0,0,0,0,0,0,0,43,10,33,109,142,-33,16.41,970.75,2.07,10.48,11317.04,2.01,21.78,7.88,7.04,0.8,226,11.25
2801,彰銀,20.45,20.5,20.5,0.3,1.49,20768,54.28,-1076,4496,138,3558,17206,15573,1633,0.08,16885,16891,315,321,0,0.83,0.02,1045,1480,-435,2604,3802,-1198,12.81,4178.02,-4.93,8.8,47312.26,0.44,--,2.34,5.12,0.56,16563,1176.6
2812,台中銀,19.15,19.2,19.15,0.3,1.59,16684,53.5,-2719,-10,97,-2632,9045,11069,-2024,-0.12,8141,8622,0,0,481,0.51,0.03,2425,1276,1149,5379,4504,875,12.35,2402.85,37.58,69.85,22007.71,0.4,--,2.62,5.54,0.36,5403,602.16
2816,旺旺保,31.25,31.4,31.35,0.1,0.32,134,59.85,71,0,1,72,0,0,0,0,0,0,0,0,0,0,0,0,0,0,136,136,0,4.98,1920.78,109.96,78.74,13563.97,1.78,--,4.69,4.78,0.55,305,22.36
2820,華票,16.8,16.85,16.85,0.15,0.9,536,79.49,103,0,0,103,0,0,0,0,0,0,0,0,0,0,0,200,154,46,339,385,-46,11.09,374.95,28.57,46.36,3604.16,0.48,--,2.3,5.34,0.3,1000,134.3
2832,台產,52.9,53,52.9,-0.6,-1.12,200,33.67,65,0,0,65,0,57,-57,-0.28,-37,0,0,0,37,0,0.18,31,26,5,176,124,52,10.17,886.28,4.37,13.88,8307.19,1.64,--,3.41,6.62,0.59,377,25.35
2834,臺企銀,16.05,16.1,16.05,0.2,1.26,20467,44.03,5309,-23,106,5392,16614,13846,2768,0.13,16614,16614,0,0,0,0.81,0,1128,1857,-729,2860,4898,-2038,12.25,3100.27,1.33,5.9,35534.95,0.35,--,2.32,6.23,0.36,8665,971.81
2836,高雄銀,11.85,11.9,11.85,0.1,0.85,1074,75.47,283,0,0,283,541,316,225,0.21,541,541,0,0,0,0.5,0,190,224,-34,353,544,-191,15.8,423.86,15.08,9.16,5139.45,0.2,--,1.38,4.22,1.3,6000,183.99
2838,聯邦銀,20.35,20.4,20.4,0.15,0.74,1576,68.58,381,0,77,458,733,481,252,0.16,733,733,0,0,0,0.46,0,461,339,122,399,773,-374,13.78,2399.15,66.36,62.81,21826.36,0.35,--,1.74,5.2,0.08,815,434.06
2845,遠東銀,12,12.05,12.05,0.1,0.84,12264,56.6,1008,-51,0,957,9528,9789,-261,-0.02,9428,9428,0,0,0,0.77,0,495,798,-303,2278,1715,563,13.69,1206.69,6.5,31.99,13498.13,0.25,--,1.73,5.23,0.47,5707,486.53
2849,安泰銀,13.25,13.3,13.3,0.25,1.92,53,46.94,9,0,2,11,0,0,0,0,0,0,0,0,0,0,0,0,0,0,55,55,0,11.88,584.64,9.42,27.51,6117.97,0.26,--,1.41,3.83,0.04,89,195.76
2850,新產,135.5,136.5,135.5,-1,-0.73,243,28.27,31,-7,0,24,92,86,6,0.02,-86,0,0,0,86,0,0.34,59,58,1,101,108,-7,9.67,2791.09,21.58,64.58,24393.08,3.99,--,5.77,5.37,0.24,188,31.6
2851,中再保,34.95,35,35,0.45,1.3,3188,63.25,1015,0,19,1034,1482,1079,403,0.13,1482,1482,0,0,0,0.46,0,544,619,-75,1187,1516,-329,6.76,3681.43,572.63,605.14,24516.61,2.3,--,7.82,6.29,0.32,646,80.04
2852,第一保,27,27.05,27,0.15,0.56,546,54.68,162,-5,0,157,37,0,37,0.07,37,37,0,0,0,0.07,0,149,40,109,364,510,-146,8.77,795.44,-4.23,4.4,8275.15,1,--,3.21,6.15,0.56,418,30.12
2855,統一證,39.35,39.4,39.35,-0.45,-1.13,4864,27.35,-950,-52,0,-1002,2361,2507,-146,-0.03,-88,1188,229,365,1140,0.29,0.31,572,812,-240,1973,1587,386,8.8,4443.71,3286.61,1002.14,21342.31,1.43,83.15,5.65,5.36,1.11,4454,160.14
2867,三商壽,7.74,7.75,7.75,0.06,0.78,9389,75.73,6512,0,131,6643,6534,2740,3794,0.4,6534,6534,0,0,0,0.69,0,1153,2570,-1417,1725,4102,-2377,55.36,19308.78,1066.88,577.22,89819.32,-0.03,--,-0.21,0,--,0,589.95
2880,華南金,32.2,32.25,32.2,0.35,1.1,26738,38.02,13566,-12526,196,1236,24046,22826,1220,0.05,24046,24046,0,0,0,0.9,0,872,1094,-222,1905,2904,-999,16.95,7232.76,13.55,59.58,73851.45,0.47,--,11.57,4.5,0.12,4051,1391.7
2881,富邦金,97.1,97.2,97.2,2,2.1,35436,59.95,14430,-2842,346,11934,34041,27681,6360,0.18,34016,34027,14,25,0,0.95,0,557,2891,-2334,1258,5285,-4027,11.26,53356.17,303.05,219.79,404299.96,2.14,--,12.32,4.37,0.18,6136,1400.74
2882,國泰金,77.8,77.9,77.8,1,1.3,45880,39.87,25404,-17966,405,7843,43025,38782,4243,0.09,43025,43025,0,0,0,0.93,0,1131,2373,-1242,1892,4893,-3001,10.66,30515.22,53.36,153.91,339382.95,2.22,--,11.69,4.5,0.11,3945,1466.92
2883,凱基金,21.65,21.7,21.65,0.3,1.41,75182,47.83,12795,-13245,451,1,69480,65451,4029,0.05,69326,69422,0,0,96,0.92,0,1392,2123,-731,4441,7739,-3298,12.23,13466.79,147.27,144.31,73274.73,0.65,--,9.47,4.62,0.36,15069,1697.48
2884,玉山金,31.95,32,32,0.3,0.95,33709,68.18,9502,-714,388,9176,31483,24903,6580,0.19,31483,31483,0,0,0,0.93,0,911,2608,-1697,1625,6508,-4883,14.55,10046.68,19.02,47.82,98756.68,0.62,--,3.61,4.38,0.25,9933,1617.4
2885,元大金,54.7,54.8,54.7,0.4,0.74,31015,34.63,12228,-10199,840,2869,28294,26298,1996,0.06,28294,28274,20,0,0,0.91,0,1000,1562,-562,1839,3272,-1433,19.96,17253.77,38.9,324.9,150358.19,0.74,--,11.18,4.02,0.04,1457,1333.11
2886,兆豐金,40.65,40.7,40.65,1.1,2.78,57014,51.2,21978,240,233,22451,55234,38082,17152,0.3,55234,55234,0,0,0,0.96,0,815,5216,-4401,1493,14245,-12752,17.22,9055.06,47.18,63.04,87298.18,0.46,--,9.26,4.31,0.03,1058,1483.34
2887,台新新光金,23.6,23.65,23.6,0.15,0.64,92735,50.05,32410,-25160,141,7391,87344,80586,6758,0.07,86846,86846,0,0,0,0.93,0,1503,3423,-1920,4108,8947,-4839,15.73,17221.19,33.11,16.09,183881.43,0.77,--,10.48,4.66,0.78,48743,2486.64
2889,國票金,14.6,14.65,14.65,0.1,0.69,2326,37.62,1148,0,58,1206,1607,1137,470,0.2,1248,1428,0,0,180,0.61,0.08,252,279,-27,500,943,-443,23.25,1502.4,92.75,3640.86,11052.38,0.16,--,5.54,4.03,0.19,1767,363.36
2890,永豐金,30.1,30.15,30.1,0.1,0.33,56672,43.22,30862,-13086,-73,17703,52064,53258,-1194,-0.02,48951,49885,0,0,934,0.88,0.02,1382,1074,308,3343,2458,885,16.45,9512.2,13.74,87.36,86290.6,0.45,--,11.55,4.32,0.1,3477,1449.23
2891,中信金,55.4,55.5,55.4,0.6,1.09,58556,52.63,30684,-15649,676,15711,55982,49893,6089,0.1,55456,55470,512,526,0,0.95,0.01,1030,3225,-2195,1757,5650,-3893,13.51,19691.97,50.38,1120.57,252842.87,1.02,--,15.54,4.51,0.06,3058,1967.78
2892,第一金,29,29.05,29,0.25,0.87,28355,56.89,3576,4766,240,8582,26243,22836,3407,0.12,25827,25827,0,0,0,0.91,0,877,1612,-735,1360,4031,-2671,15.51,7321.92,15.4,41.98,80271.59,0.36,--,9.61,4.48,0.31,11100,1437.95
2897,王道銀行,10,10.05,10.05,0.1,1.01,2073,37.55,751,-183,0,568,1207,719,488,0.23,1087,1087,0,0,0,0.52,0,219,415,-196,655,947,-292,13.77,1048.23,8.55,29.44,11024.14,0.28,--,1.89,5.17,0.32,2259,280.54
2901,欣欣,22.7,22.75,22.7,0.1,0.44,12,50,0,0,0,0,0,0,0,0,0,0,0,0,0,0,0,0,0,0,13,13,0,55.37,10.48,-6.27,-4.74,133.26,0.11,87.07,0.86,1.63,3,548,7.3
2903,遠百,22.15,22.2,22.15,0.1,0.45,1881,53.15,-162,-83,25,-220,1132,894,238,0.13,1060,1072,60,72,0,0.6,0.04,393,308,85,364,687,-323,13.76,2532.89,-12.49,0.54,34064.32,0.39,57.96,1.68,5.64,0.5,1781,141.69
2904,匯僑,14.1,14.15,14.15,-0.1,-0.7,83,31.33,33,0,0,33,0,0,0,0,0,0,0,0,0,0,0,0,0,0,86,86,0,24.4,36.12,0.59,-18.53,444.68,-0.09,23.1,-0.56,4.95,0.16,32,7.78
2905,三商,13.3,13.35,13.3,0.05,0.38,395,35.9,81,0,45,126,0,0,0,0,0,0,0,0,0,0,0,39,0,39,362,401,-39,18.47,26545.28,600.24,352.95,146659.87,0.03,-15.8,0,2.26,3.4,9437,111.04
2906,高林,12.85,12.9,12.85,-0.15,-1.15,220,36.28,15,0,1,16,0,0,0,0,0,0,0,0,0,0,0,0,0,0,223,223,0,28.56,654.57,-8.61,4.94,8872,0.07,29.69,1.12,4.67,1.16,608,20.91
2908,特力,20.85,20.9,20.9,0,0,177,85.96,35,0,0,35,71,76,-5,-0.03,0,0,0,0,0,0,0,30,0,30,78,103,-25,52.25,2866.82,-1.49,4.56,35034.23,0.32,29.58,2.02,2.63,10.93,13927,50.99
2910,統領,21.2,21.5,21.25,-0.15,-0.7,8,12.5,1,0,0,1,0,0,0,0,0,0,0,0,0,0,0,0,0,0,9,9,0,17.42,43,1.04,4.69,527.96,0.29,90.51,1.9,4.89,0.01,5,17.54
2911,麗嬰房,6.54,--,6.54,0.59,9.92,279,100,0,0,172,172,172,0,172,0.55,172,172,0,0,0,0.55,0,0,0,0,138,310,-172,1.7,121.81,-11.87,-41.19,2022.05,0.66,43.7,5.58,0,--,0,10.51
2912,統一超,227.5,228,227.5,2,0.89,2861,56.42,308,261,10,579,2754,2532,222,0.08,2692,2700,0,0,8,0.93,0,28,106,-78,116,259,-143,20.74,29913.63,0.51,4.88,356013.43,2.97,34.58,6.48,3.96,0.19,482,103.96
2913,農林,10.85,10.9,10.9,0.05,0.46,1981,46.54,-81,0,36,-45,454,572,-118,-0.06,-50,321,0,0,371,0.16,0.19,545,572,-27,997,852,145,--,37.3,-6.33,-14.09,456.89,-0.04,37.85,-0.27,0,3.82,6754,79
2915,潤泰全,44.8,44.85,44.8,0.3,0.67,2179,48.83,-374,-13,21,-366,754,770,-16,-0.01,754,754,0,0,0,0.34,0,357,316,41,1084,1109,-25,3.48,156.99,17.22,-21.38,2147.55,2.59,44.7,2.44,4.24,3.38,9345,110.43
2916,滿心,47.5,47.6,47.5,0.7,1.5,135,47.76,15,0,0,15,0,0,0,0,0,0,0,0,0,0,0,0,12,-12,136,124,12,11.85,176.02,39.43,20.35,1991.28,1.26,52.6,5.21,7.58,2.27,367,6.46
2923,鼎固-KY,21.2,21.4,21.4,0.6,2.88,18,27.78,8,0,-1,7,0,0,0,0,0,0,0,0,0,0,0,0,0,0,19,19,0,--,580.52,123.67,160.85,7459.98,0.02,59.16,0.06,0.56,--,0,174.03
2924,宏太-KY,15.55,17,16,-0.5,-3.03,2,0,0,0,0,0,0,0,0,0,0,0,0,0,0,0,0,0,0,0,2,2,0,--,3.93,-4.12,-28.66,73.24,-0.22,21.09,-2.5,0,--,5,5.2
2926,誠品生活,36.6,36.9,36.9,-0.1,-0.27,4,75,-2,0,0,-2,0,0,0,0,0,0,0,0,0,0,0,0,0,0,4,4,0,67.09,570.16,-0.61,12.78,7111.01,0.17,38.63,1.31,1.25,0.03,4,4.74
2929,淘帝-KY,5.29,5.3,5.3,0.04,0.76,141,55,41,0,0,41,0,0,0,0,0,0,0,0,0,0,0,0,0,0,142,142,0,--,147.51,-30.54,-4.4,1710.72,-0.22,16.75,-0.88,0,7.53,2060,10.95
2937,集雅社,45.15,46.45,46.45,0,0,9,11.11,-3,0,0,-3,0,0,0,0,0,0,0,0,0,0,0,0,0,0,9,9,0,12.22,435.11,20.46,17.63,5316.67,0.62,20.66,2.45,6.67,--,0,4.35
2939,永邑-KY,22.45,23.3,23.3,-0.1,-0.43,18,66.67,-2,0,0,-2,0,0,0,0,0,0,0,0,0,0,0,0,0,0,18,18,0,--,21.89,-13.01,6.8,285.02,-0.3,15.47,-2.46,0,1.89,215,4.55
2941,米斯特,30.6,31.85,31.8,-0.5,-1.55,9,33.33,1,0,0,1,0,0,0,0,0,0,0,0,0,0,0,0,0,0,9,9,0,11.69,66.8,27.3,-9.36,935.15,0.89,63.71,3.9,7.17,--,0,1.54
2945,三商家購,40.5,41.5,41.5,1.4,3.49,40,71.79,6,0,0,6,0,0,0,0,0,0,0,0,0,0,0,16,15,1,24,25,-1,18.44,1655.81,23.54,38.55,15628,0.54,26.96,1.7,3.61,--,0,6.75
2947,振宇五金,77.6,78.4,78.5,0.1,0.13,16,100,0,0,0,0,0,0,0,0,0,0,0,0,0,0,0,9,8,1,7,8,-1,26.79,193.2,-1.71,7.69,2346.83,1.02,41.3,2.73,3.95,--,0,2.15
2948,寶陞,34.65,38,38.2,0.7,1.87,34,5.88,0,0,0,0,0,0,0,0,0,0,0,0,0,0,0,0,0,0,35,35,0,17.69,187.74,1.36,-4.53,2139.38,0.4,43.68,1.18,5.89,--,0,3.1
2949,欣新網,58.4,61.5,59.8,-2.3,-3.7,26,23.08,2,0,0,2,0,0,0,0,0,0,0,0,0,0,0,0,0,0,26,26,0,17.28,511.68,-12.37,25.69,6022.53,0.74,12.37,1.99,3.34,--,0,3.06
3002,歐格,16.5,16.6,16.5,-0.3,-1.79,140,21.01,43,0,3,46,0,0,0,0,0,0,0,0,0,0,0,0,0,0,143,143,0,50,73.68,4.52,6.66,738.83,-0.01,8.44,-0.49,2,10.77,2747,10.2
3003,健和興,58.3,58.4,58.3,-0.7,-1.19,594,34.57,28,0,0,28,40,21,19,0.03,-21,0,0,0,21,0,0.03,111,124,-13,454,460,-6,57.72,480.75,2.04,22.67,4742.03,0.47,23.07,1.23,1.72,9.34,3634,15.57
3004,豐達科,124.5,125,124.5,-8.5,-6.39,2036,42.68,-146,20,-27,-153,704,850,-146,-0.07,-815,0,35,101,749,0.02,0.41,352,428,-76,1007,784,223,23.27,419.39,-7.37,20.68,4395.13,1.92,25.24,3.4,2.05,17.44,2806,6.44
3005,神基,98.4,98.5,98.5,-1.1,-1.1,6212,44.42,744,-1697,42,-911,3791,4799,-1008,-0.16,-861,1865,118,193,2651,0.32,0.45,777,551,226,1699,917,782,12.06,3562.91,2.03,8.33,39477.92,1.74,31.06,4.2,6.89,3.26,5093,62.43
3006,晶豪科,236,236.5,236,-16,-6.35,35959,41.02,-6429,-6,98,-6337,22714,28009,-5295,-0.15,-21533,814,4749,6877,20219,0.15,0.75,4714,2848,1866,8879,5448,3431,29.46,4634.22,53.16,349.21,22541.84,7.22,47.52,17.89,0.42,38.07,28374,29.81
3008,大立光,3365,3370,3365,75,2.28,5522,63.16,325,250,45,620,5772,5781,-9,0,3115,3134,2638,2657,0,0.97,0.45,37,48,-11,143,124,19,21.43,5362.27,-1.06,24.48,63075.43,46.63,49.41,3.27,2.38,4.41,1471,13.08
3010,華立,122.5,123,123,-2,-1.6,1627,35.47,-332,-178,-5,-515,835,1307,-472,-0.29,-855,168,0,0,1023,0.1,0.62,170,89,81,652,260,392,13.11,8032.77,5.47,12.64,82333.9,2.47,8.14,2.86,4.31,2.44,1583,25.94
3011,今皓,12.95,13,12.95,0.55,4.44,1134,48.77,144,0,0,144,0,0,0,0,0,0,0,0,0,0,0,145,126,19,993,1012,-19,--,36.05,-29.56,-42.72,643.48,-0.73,2.36,-6.76,0,14.66,4297,12.96
3013,晟銘電,99.7,99.9,99.7,-1.3,-1.29,1460,33.1,-191,0,-41,-232,534,689,-155,-0.1,-354,120,0,0,474,0.08,0.32,198,245,-47,763,561,202,21.86,1321.33,12.2,40.66,11433.38,1.37,21.15,5.26,0.8,23.27,11935,20.51
3014,聯陽,134,134.5,134,-1.5,-1.11,1758,37.17,-455,-5,-2,-462,683,1075,-392,-0.22,-401,280,0,0,681,0.16,0.38,340,203,137,759,504,255,14.49,629.13,13.57,-4.21,6931.08,2.85,57.21,6.92,6.34,6.5,2697,16.6
3015,全漢,50.6,50.8,50.7,1.65,3.36,495,77.85,-12,197,0,185,111,30,81,0.16,111,111,0,0,0,0.22,0,82,46,36,305,422,-117,24.98,1075.25,6.36,-12.74,12916.54,0.37,17.94,0.63,4.34,3.47,1623,18.73
3016,嘉晶,102.5,103.5,102.5,-8.5,-7.66,1133,14.46,-33,0,-17,-50,557,740,-183,-0.17,-730,0,0,0,730,0,0.66,154,182,-28,449,237,212,250,426.66,12.49,32.85,4159.16,0.35,17.77,2.05,0.49,8.31,5993,28.86
3017,奇鋐,2385,2390,2390,-20,-0.83,3346,51.87,-570,188,-4,-386,3419,3482,-63,-0.02,-1649,337,1157,1177,1966,0.42,0.89,21,11,10,102,50,52,39.24,15631.45,-13.24,71.62,171867.64,20.17,29.77,17.03,0.88,4.51,4427,39.25
3018,隆銘綠能,9.3,9.5,9.3,-0.31,-3.23,35,0,0,0,0,0,0,0,0,0,0,0,0,0,0,0,0,0,0,0,50,50,0,--,27.23,-36.31,-23.49,334.6,-0.67,-2.58,-9.45,0,--,6,7.54
3019,亞光,149.5,150,149.5,2.5,1.7,12370,51.2,48,-3,143,188,7114,6965,149,0.01,6989,7067,0,0,78,0.56,0.01,1545,1626,-81,3874,3942,-68,21.79,2490.02,11.84,20.03,27659.76,1.05,17.3,2.08,3.08,20.94,14619,27.92
3021,鴻名,16.75,16.95,16.75,-0.25,-1.47,105,19.05,-20,0,0,-20,0,0,0,0,0,0,0,0,0,0,0,0,0,0,106,106,0,28.88,260.22,4.1,7.18,3381.21,0.19,19.42,0.96,3.58,3.72,883,9.49
3022,威強電,67.6,67.7,67.7,0.1,0.15,417,39.51,-127,-2,2,-127,101,43,58,0.14,101,101,0,0,0,0.24,0,91,96,-5,230,283,-53,19.18,637.95,-12.45,-3.72,6303.9,0.96,28.15,1.45,5.17,10.92,4820,17.66
3023,信邦,307,307.5,307.5,13.5,4.59,3804,66.75,810,514,14,1338,2851,2152,699,0.18,2851,2851,0,0,0,0.73,0,426,675,-249,636,1086,-450,24.08,2959.79,1.85,14.97,31823.26,3.6,24.51,5.03,3.25,2.76,1655,24.01
3024,憶聲,17.35,17.4,17.4,-0.4,-2.25,8755,32.33,-1990,0,-190,-2180,2148,3701,-1553,-0.18,-473,893,721,1174,913,0.18,0.24,2170,1092,1078,4467,3992,475,193.33,69.37,-8.62,-70.82,1173.43,0.02,25.75,0.2,1.26,12.73,8822,27.72
3025,星通,58.5,58.6,58.5,-1.5,-2.5,511,22.05,-295,0,0,-295,30,50,-20,-0.04,-50,0,0,0,50,0,0.1,10,118,-108,479,351,128,14.63,38.6,-16.38,76.45,730.09,0.6,66.34,3.76,5.47,16.4,2326,5.67
3026,禾伸堂,364.5,365,365,5.5,1.53,1459,54.65,392,4,-99,297,1250,1119,131,0.09,195,98,1152,1055,0,0.87,0.74,68,114,-46,197,282,-85,47.04,1427.47,10.67,21.12,13879.21,2.86,24.24,4.48,1.59,27.42,11371,16.59
3027,盛達,17.5,17.6,17.55,0,0,159,49.33,18,0,8,26,0,0,0,0,0,0,0,0,0,0,0,0,0,0,160,160,0,--,90.29,-34.87,-79.48,1466.57,0.05,23.98,0.07,0,17.05,4901,13
3028,增你強,81.8,81.9,81.8,0.6,0.74,4878,48.21,557,19,11,587,1647,1694,-47,-0.01,762,1248,0,0,486,0.25,0.1,818,720,98,2467,2518,-51,16.01,6995.63,-6.91,106.27,53724.74,3.05,9.1,11.4,3.67,5.7,3378,23.72
3029,零壹,95.8,96,96,0.7,0.73,816,46.06,-89,-18,1,-106,109,195,-86,-0.1,98,109,0,0,11,0.13,0.01,181,128,53,543,510,33,13.15,2365.36,2.07,14.19,25300.76,1.77,11.8,5.18,5.73,8.51,3298,16.7
3030,德律,361,361.5,361,-26,-6.72,2479,47.59,87,-390,-70,-373,1223,2015,-792,-0.34,-2015,0,0,0,2015,0,0.86,378,203,175,1021,404,617,31.26,1112.17,40.22,62.51,9396.14,3.5,60.27,8.24,1.94,18.42,10877,23.62
3031,佰鴻,28.6,28.65,28.6,0.05,0.18,911,35.51,-12,-2,5,-9,0,0,0,0,0,0,0,0,0,0,0,100,96,4,818,822,-4,25.54,123.45,1.62,17.79,1192.55,0.13,26.21,0.74,3.5,15.13,6553,17.32
3032,偉訓,77.6,77.7,77.6,-0.9,-1.15,1280,37.86,-103,0,1,-102,102,232,-130,-0.1,-201,0,0,0,201,0,0.16,205,292,-87,989,771,218,--,944.49,8.57,-5.63,11438.15,0.85,23.16,2.99,0,32.87,8488,11.33
3033,威健,48.8,48.85,48.8,0.1,0.21,26716,54.71,3931,-39,-333,3559,13457,12735,722,0.03,9540,10360,3046,3354,512,0.5,0.14,3523,3945,-422,9870,10171,-301,18.48,11405.63,-10.5,15.18,115267.1,1.52,6.18,6.81,4.26,8.11,9833,48.53
3034,聯詠,465.5,466,466,-9.5,-2,5601,30.62,786,181,-140,827,4795,4824,-29,-0.01,-2958,279,1293,1279,3251,0.27,0.79,285,320,-35,646,581,65,19.09,9225.02,8.93,1.16,96793.8,6.19,39.06,5.39,4.94,2.27,3446,60.85
3035,智原,188.5,189,188.5,-4.5,-2.33,10115,46.27,104,-62,33,75,5508,6254,-746,-0.07,-1686,1764,820,1126,3144,0.25,0.41,1616,1517,99,3207,2561,646,100.27,967.01,-9.33,-43.12,12410.73,0.4,47.3,0.97,0.95,29.25,19052,26.06
3036,文曄,264.5,265,265,1.5,0.57,9104,53.09,-43,-700,209,-534,6934,7298,-364,-0.04,6274,6469,406,504,97,0.75,0.07,911,774,137,1380,1153,227,18.79,211019.73,8.72,78.7,1517728.57,5.32,3.45,6.06,2.94,2.1,6648,126.91
3037,欣興,818,819,818,2,0.25,22768,52.8,465,-516,-31,-82,18978,19601,-623,-0.03,12063,13211,5053,5174,1027,0.78,0.26,4216,3633,583,341,299,42,119.24,13932.82,6.53,27.64,141614.63,3.28,17.96,4.81,0.24,9.47,37314,158.95
3038,全台,22,22.05,22.05,-0.35,-1.56,359,33.14,-152,-2,0,-154,59,0,59,0.16,0,0,0,0,0,0,0,0,34,-34,303,328,-25,24.78,246.93,-1.65,-6.46,2940.09,0.37,22.82,2.08,5.44,3.34,1315,15.74
3040,遠見,39.5,39.65,39.5,0,0,184,64.2,28,-1,0,27,39,78,-39,-0.21,-39,0,39,78,0,0.21,0.42,18,0,18,128,107,21,--,10.38,-15.78,-1.27,134.79,0.04,58.12,0.18,8.86,83.87,13885,6.62
3041,揚智,22.8,22.85,22.8,-0.75,-3.18,943,28.17,-373,0,8,-365,0,0,0,0,0,0,0,0,0,0,0,30,130,-100,925,825,100,--,119.64,0.69,18.2,1191.02,-0.48,47.38,-9.41,0,12.04,3523,14.02
3042,晶技,148,148.5,148,1,0.68,7236,39.71,63,59,-143,-21,4838,5090,-252,-0.03,-1206,1704,0,0,2910,0.23,0.4,660,603,57,1824,1629,195,26.38,1288.71,16.28,1.42,13539.66,1.32,32.33,2.88,3.24,18.18,14452,34.3
3043,科風,19.8,19.9,19.65,0.05,0.26,96,53.68,6,0,0,6,0,0,0,0,0,0,0,0,0,0,0,0,0,0,97,97,0,--,96.17,30.15,16.04,799.29,0.05,22.99,0.09,0,12.78,1245,3.9
3044,健鼎,462,462.5,462.5,-6.5,-1.39,4002,47.48,-522,-91,-58,-671,2645,3258,-613,-0.15,-590,1158,0,0,1748,0.28,0.43,363,262,101,1075,564,511,22.47,8201.13,12.07,28.9,79074.33,5.61,26.51,5.24,2.75,4.29,5632,52.56
3045,台灣大,116.5,117,116.5,2.5,2.19,26363,68.64,13021,1847,119,14987,25939,24052,1887,0.07,23515,23539,0,0,24,0.89,0,203,1023,-820,290,1357,-1067,29.05,15669.3,-8.42,1.79,200651.53,1.37,21.56,4.66,4.12,0.04,342,372.33
3046,建碁,50.3,50.4,50.4,-0.6,-1.18,205,25.37,-39,0,0,-39,22,0,22,0.11,0,0,0,0,0,0,0,10,54,-44,177,155,22,12.29,698.24,-16.69,93.6,7871.15,1.2,9.07,5.88,5.95,4.75,932,7.84
3047,訊舟,14.15,14.2,14.15,-0.45,-3.08,906,36.5,-376,0,22,-354,0,0,0,0,0,0,0,0,0,0,0,0,100,-100,914,814,100,--,252.61,-3.62,-28.36,3020,-0.1,23.06,-2.01,0,12.67,7120,22.48
3048,益登,56.1,56.2,56.1,-1.2,-2.09,20063,45.29,2482,0,-233,2249,10375,9061,1314,0.07,-4224,584,3799,2211,6396,0.22,0.43,2635,3065,-430,7157,8041,-884,18.33,13078.41,4.93,22.19,122866.88,1.22,3.99,5.78,1.78,14.83,9076,26.98
3049,精金,11.9,11.95,11.9,-0.15,-1.24,4704,31.99,-1154,0,-14,-1168,709,1170,-461,-0.1,-490,306,202,285,713,0.11,0.21,336,757,-421,3686,2804,882,--,32.85,-47.93,-72.14,1313.79,-0.04,39.6,2.75,0,--,0,80.2
3050,鈺德,11.8,11.85,11.85,-0.1,-0.84,536,43.61,58,0,0,58,0,0,0,0,0,0,0,0,0,0,0,83,179,-96,454,358,96,--,103.14,4.42,3.92,1240.77,-0.08,29.42,-0.34,2.11,10.41,4034,15.5
3051,力特,25.1,25.15,25.1,0.25,1.01,1215,37.92,-73,0,3,-70,190,145,45,0.04,130,100,90,60,0,0.16,0.05,72,117,-45,960,960,0,24.61,175.5,26.6,-5.71,1783.8,0.45,30.49,2.95,1.99,13.81,4718,16.7
3052,夆典,10.5,10.55,10.5,-0.05,-0.47,311,23.87,-122,0,0,-122,0,0,0,0,0,0,0,0,0,0,0,0,0,0,326,326,0,12.65,486.16,86.22,34.24,3647.03,0.19,9.71,1.08,5.71,2.53,1475,23.32
3054,立萬利,66.2,67,66.2,-1,-1.49,109,18.35,-19,0,0,-19,0,0,0,0,0,0,0,0,0,0,0,18,0,18,92,110,-18,19.53,86.01,33.05,2134.03,325.31,1.41,75.63,9.49,1.21,4.57,922,8.07
3055,蔚華科,124,--,124,11,9.73,14138,63.42,-74,0,219,145,9975,9941,34,0,5126,6254,3570,4379,319,0.65,0.31,1455,1674,-219,3797,3611,186,--,126.14,360.7,336.31,574.01,-0.15,31.88,-0.99,0,33.28,8522,11.5
3056,富華新,13.45,13.5,13.45,-0.1,-0.74,778,43.27,118,0,0,118,106,0,106,0.13,106,0,106,0,0,0.13,0,146,87,59,546,710,-164,--,79.48,4.45,-25.03,981.94,0.01,16.43,0.04,4.54,5.29,6352,48.06
3057,喬鼎,18.45,18.65,18.45,-0.45,-2.38,173,35.84,-41,0,-1,-42,0,0,0,0,0,0,0,0,0,0,0,30,0,30,151,181,-30,--,54.65,-26.63,33.62,630.13,0.02,45.08,0.17,0,--,0,6.79
3058,立德,8.1,8.14,8.14,-0.01,-0.12,453,39.33,50,0,0,50,0,0,0,0,0,0,0,0,0,0,0,0,0,0,464,464,0,--,307.91,6.57,1.94,3121.48,-0.19,13.27,-2.38,0,--,1,20.17
3059,華晶科,42.05,42.15,42.1,-1.1,-2.55,8751,30.92,-2033,0,-63,-2096,1219,3540,-2321,-0.26,-3329,0,210,238,3301,0.02,0.4,1166,1591,-425,6449,3705,2744,34.23,770.26,8.81,14.98,8944.79,0.26,23.94,1.18,2.38,15.41,11852,30.77
3060,銘異,26.75,26.85,26.75,-0.2,-0.74,1155,31.79,-194,0,5,-189,71,144,-73,-0.06,-73,0,71,106,38,0.06,0.12,153,92,61,942,930,12,--,356.95,5.36,11.74,3930.92,0.33,15.4,1.83,0.75,21.46,7379,13.76
3062,建漢,27.5,27.55,27.55,-0.7,-2.48,8242,37.97,-1396,0,-27,-1423,1238,2424,-1186,-0.14,-1837,128,43,133,1875,0.02,0.24,1137,1837,-700,5898,4012,1886,--,305.29,-18.26,5.9,4446.29,-0.54,1.17,-4.23,0,14.29,11790,33.01
3064,泰偉,18.6,20.9,--,--,--,0,--,0,0,0,0,0,0,0,--,0,0,0,0,0,--,--,0,0,0,0,0,0,--,8.05,22.8,15.19,80.77,-0.27,91.15,-5.6,0,--,0,1.3
3066,李洲,18.9,18.95,18.9,-0.25,-1.31,295,34.47,-23,0,1,-22,0,0,0,0,0,0,0,0,0,0,0,0,0,0,298,298,0,270,23.65,6.36,22.59,257.94,0.52,35.75,4.31,0,3.13,607,8.31
3067,全域,17,18.3,17.3,0,0,9,0,0,0,0,0,0,0,0,0,0,0,0,0,0,0,0,0,0,0,9,9,0,--,3.25,-81.65,-7.1,69.91,0.12,30.4,0.94,0,--,0,2
3071,協禧,29.25,29.3,29.25,-0.7,-2.34,494,33.81,-130,0,-1,-131,0,0,0,0,0,0,0,0,0,0,0,40,20,20,460,480,-20,41.79,262.3,6.3,31.35,2561.17,0.15,30.06,1.3,2.74,14.96,4113,11
3073,天方能源,20.65,20.8,20.65,-0.4,-1.9,107,44.44,25,0,0,25,0,0,0,0,0,0,0,0,0,0,0,0,0,0,109,109,0,--,7.8,-43.97,42.13,141.86,0,12.72,-0.03,0,7.63,754,3.95
3078,僑威,52.5,52.7,52.5,-0.3,-0.57,1037,39.28,-340,58,16,-266,136,311,-175,-0.17,-135,72,0,0,207,0.07,0.2,129,329,-200,792,417,375,10.65,605.56,23.9,-45.8,8356.27,0.72,20.56,2.32,7.62,10.72,6093,22.74
3081,聯亞,2490,2495,2490,-220,-8.12,2033,45.08,195,-200,-41,-46,2072,2157,-85,-0.04,-1856,0,300,304,1852,0.14,0.98,20,14,6,113,34,79,327.2,395.35,15.16,115.38,2864.5,3.44,54.76,7.53,0.16,19.45,4498,9.25
3083,網龍,27.7,27.75,27.7,0.75,2.78,390,63.24,29,0,-2,27,0,52,-52,-0.13,0,0,0,0,0,0,0,59,0,59,334,341,-7,45.41,21.09,-30.77,2.25,417,0.3,80.89,1.99,1.19,6.02,1301,8.65
3085,新零售,12.1,12.4,12.05,-0.2,-1.63,3,0,0,0,0,0,0,0,0,0,0,0,0,0,0,0,0,0,0,0,4,4,0,--,7.83,56.84,96.81,57.64,-0.24,69.1,-4.16,0,--,0,6.9
3086,華義*,36.1,36.35,36.1,-0.55,-1.5,474,30.36,-103,0,-2,-105,0,0,0,0,0,0,0,0,0,0,0,0,72,-72,480,408,72,--,9.04,-12.81,-7.23,147.65,-0.01,34.71,-1.5,0,12.99,8857,2.73
3088,艾訊,130.5,131,131,1,0.77,1869,49.97,821,77,-35,863,1348,876,472,0.25,1306,1339,0,0,33,0.71,0.02,172,299,-127,371,716,-345,23.14,828.12,-0.52,65.88,7832.18,2.25,34.03,4.85,2.29,11.43,3104,10.86
3090,日電貿,162.5,--,162.5,14.5,9.8,32226,73.38,7538,1744,-184,9098,29516,26024,3492,0.11,29098,29050,466,418,0,0.91,0.01,886,2664,-1778,2195,3909,-1714,33.78,1843.31,18.11,28.14,16829.4,1.7,19.85,3.12,2.95,8.43,6062,28.76
3092,鴻碩,28.7,28.75,28.7,-0.5,-1.71,259,31.25,-22,0,-3,-25,0,0,0,0,0,0,0,0,0,0,0,0,0,0,264,264,0,--,131.53,-22.24,-15.43,1575.32,-0.95,9.24,-7.24,0,8.77,2337,10.66
3093,港建*,48.5,48.55,48.55,-2.45,-4.8,1569,45.68,255,0,0,255,303,505,-202,-0.13,-505,0,0,0,505,0,0.32,201,234,-33,1081,846,235,55.8,195.59,293.9,-25.5,1493.27,0.08,27.06,1.11,2.37,10.63,3857,3.63
3094,聯傑,34.25,34.3,34.25,0.55,1.63,4324,48.68,151,0,-23,128,317,319,-2,0,283,283,0,0,0,0.07,0,711,576,135,3313,3446,-133,131.73,19.53,18.38,21.76,186.86,0.07,74.98,0.57,0.73,12.07,2507,8.31
3095,及成,44.2,44.75,44.75,0.55,1.24,31,41.94,-1,0,-2,-3,0,0,0,0,0,0,0,0,0,0,0,0,0,0,33,33,0,--,73.28,13.6,36.01,664.18,0.75,23.04,4.31,0,14.17,292,1
3105,穩懋,456,456.5,456.5,6,1.33,18190,53.77,-1747,862,102,-783,12819,13348,-529,-0.03,11844,12317,0,0,473,0.67,0.03,1975,1876,99,3735,3305,430,87.45,1734.09,5.18,48.89,18221.61,1.26,26.34,1.08,0.44,40.55,42976,42.39
3114,好德,26.8,26.95,26.8,-0.1,-0.37,142,17.73,-24,0,0,-24,0,0,0,0,0,0,0,0,0,0,0,0,20,-20,144,124,20,10.15,270.8,13.63,-6.54,3091.86,0.73,11.17,2.95,5.26,2.7,440,6.51
3115,富榮綱,8.89,9.28,9.2,-0.17,-1.81,125,12,-1,0,0,-1,0,0,0,0,0,0,0,0,0,0,0,0,0,0,127,127,0,--,0.87,1.04,--,5.79,-0.1,100,-1.36,0,--,0,7.22
3118,進階,33.55,33.6,33.55,0.1,0.3,21,4.76,0,0,0,0,0,0,0,0,0,0,0,0,0,0,0,0,0,0,22,22,0,14.1,58.23,-17.2,-3.6,716.4,0.53,37.45,2.94,6.56,0.37,30,3.25
3122,笙泉,35.55,35.8,35.55,-0.35,-0.97,299,33.11,-51,0,0,-51,0,0,0,0,0,0,0,0,0,0,0,0,0,0,300,300,0,--,29.45,-8.03,-0.08,319.52,-0.29,36.48,-3.3,0,--,94,4.08
3128,昇銳,21.3,22.35,21.3,-1.7,-7.39,171,16.37,4,0,3,7,0,0,0,0,0,0,0,0,0,0,0,0,46,-46,175,129,46,19.72,75.11,-13.97,-17.47,1054.72,0.31,30.69,1.94,4.69,16.86,1994,4.73
3130,一零四,221.5,222,222,0.5,0.23,20,75,-8,0,-1,-9,6,5,1,0.04,6,6,0,0,0,0.26,0,0,3,-3,17,15,2,14.71,245.03,-6.35,9.28,2722.19,3.57,86.46,6.71,6.62,0.05,4,3.32
3131,弘塑,2580,2590,2580,-195,-7.03,566,43.06,-102,-11,-2,-115,571,615,-44,-0.07,-603,1,10,10,604,0.02,0.97,9,6,3,57,15,42,49.18,536.41,9.73,-4.36,6845.59,16.11,33.78,10.54,1.79,4.22,313,2.97
3135,凌航,188,188.5,188,-20,-9.62,2738,51.23,130,0,5,135,1004,1620,-616,-0.23,-1564,0,56,93,1527,0.02,0.6,451,493,-42,1420,762,658,11.49,3852.95,169.38,607.83,13546.63,10.76,30.35,31.81,2.5,4.55,1079,9.49
3138,耀登,166.5,167,167,4,2.45,6540,47.43,-431,0,-10,-441,2778,3675,-897,-0.14,2035,2136,595,612,84,0.41,0.11,1111,910,201,2748,2052,696,103.73,169.79,6.49,16.59,1835.99,-0.02,41.44,-0.07,1,25.87,3647,5.64
3141,晶宏,61.7,61.8,61.8,-2.5,-3.89,2068,34.51,-49,0,-73,-122,237,289,-52,-0.02,-273,0,0,0,273,0,0.13,385,380,5,1467,1420,47,61.19,151.69,16.37,9.51,1656.27,0.84,42.51,2.15,0.58,23.89,4507,7.55
3147,大綜,180.5,181,181,5,2.84,702,53.25,155,0,5,160,252,134,118,0.16,252,252,0,0,0,0.35,0,136,181,-45,333,406,-73,20.27,1093.29,31.38,90.07,8528.79,3.66,12.58,9.61,3.59,13.05,1425,4.37
3149,正達,57.8,57.9,57.8,-1.2,-2.03,33706,43.45,-1599,0,0,-1599,12012,18267,-6255,-0.18,-4271,4321,1526,2742,7376,0.17,0.3,5983,4726,1257,15864,10866,4998,--,170.17,18.92,-19.16,2362.62,-0.37,-4.14,-3.36,0,48.47,25949,22.62
3152,璟德,163.5,164,163.5,-8,-4.66,1197,25.21,-352,0,-26,-378,244,583,-339,-0.28,-393,101,0,0,494,0.08,0.4,232,220,12,747,421,326,17.49,127.13,5.01,1.65,1394.23,1.39,45.14,2.35,2.46,11.07,1910,6.9
3158,嘉實,86,87,86,-0.7,-0.81,16,12.5,0,0,0,0,0,0,0,0,0,0,0,0,0,0,0,0,0,0,16,16,0,12.82,88.07,-8.61,12.25,1051.86,1.5,63.93,4.32,7.56,--,0,3.05
3162,精確,87.2,87.3,87.2,3.2,3.81,5766,50.17,522,0,0,522,1745,969,776,0.13,1745,1745,0,0,0,0.3,0,1037,1352,-315,3042,3503,-461,83.85,685.89,-11.43,-0.45,7894.32,0.02,10.41,0.19,1.15,27.58,7725,15.43
3163,波若威,899,900,900,0,0,378,42.66,24,-46,-2,-24,245,327,-82,-0.2,196,220,11,15,20,0.56,0.09,137,87,50,50,18,32,104.17,199.14,-19.53,16.5,2386.04,3.03,18.86,7.78,0.39,30.38,6118,8.05
3164,景岳,16.8,16.95,16.8,-0.1,-0.59,60,30,-12,0,1,-11,0,0,0,0,0,0,0,0,0,0,0,0,0,0,85,85,0,32.31,37.79,-1.27,-5.41,391.54,0.05,54.08,0.13,4.76,1.29,277,8.6
3167,大量,784,--,784,71,9.96,5912,79.15,-82,-26,-101,-209,5527,5555,-28,0,5527,5527,0,0,0,0.91,0,503,455,48,39,59,-20,76.41,862.68,11.53,114.23,6640.7,3.19,42.34,8.06,0.51,45.37,10209,9.01
3168,眾福科,44.75,45,44.85,-0.7,-1.54,15,30.77,-5,0,3,-2,0,0,0,0,0,0,0,0,0,0,0,0,0,0,15,15,0,16.74,312.44,-7.88,7.77,3510.06,0.6,22.81,2.36,6.69,0.19,35,7.51
3169,亞信,104.5,105,104.5,-3.5,-3.24,411,35.94,33,14,-3,44,64,133,-69,-0.16,-107,10,0,0,117,0.02,0.28,68,89,-21,288,198,90,29.77,80.37,2.94,0.11,916.22,0.97,54.2,3.3,3.06,7.28,1149,6.31
3171,炎洲流通,67.3,67.6,67.5,-0.2,-0.3,14,30.77,1,0,0,1,0,0,0,0,0,0,0,0,0,0,0,0,0,0,14,14,0,13.69,285.66,21.16,126.35,2338.83,1.44,25.76,6.55,6.87,0.76,44,3.31
3176,基亞,35.4,35.55,35.5,-1.45,-3.92,1720,37.55,-64,0,-1,-65,30,30,0,0,30,0,30,0,0,0.02,0,91,289,-198,1609,1411,198,--,94.37,-6.07,-10.29,1333.8,-0.38,52.75,-1.57,0,2.67,931,13.93
3178,公準,67,67.2,67,-4.6,-6.42,198,18.52,-21,0,-2,-23,0,0,0,0,0,0,0,0,0,0,0,11,8,3,190,193,-3,--,115.01,-19.46,-2.85,1227.53,0,13.72,0.02,0,10.63,1197,4.51
3188,鑫龍騰,24.05,24.1,24.05,-0.45,-1.84,321,38.75,22,0,0,22,89,149,-60,-0.19,-149,0,0,0,149,0,0.46,0,0,0,234,174,60,3.99,285.48,-55.75,914.83,4394.69,2.24,39.65,13.11,13.31,5.35,2522,18.86
3189,景碩,513,514,513,8,1.58,36585,52.95,2381,428,-51,2758,32842,32814,28,0,14154,17943,11837,12050,3576,0.8,0.42,4315,4322,-7,314,335,-21,144.51,4072.32,3.38,26.75,42695.8,1.17,21.16,1.89,0.34,20.04,26400,52.69
3191,雲嘉南,14.6,14.7,14.7,0.2,1.38,153,57.24,0,0,0,0,72,84,-12,-0.08,-12,0,72,84,0,0.47,0.55,0,0,0,82,70,12,66.82,15.59,-13.25,-1.89,171.34,-0.32,29.51,-5.67,0,--,0,4.36
3205,佰研,53.5,53.7,53.6,0,0,81,32.47,-2,0,0,-2,0,0,0,0,0,0,0,0,0,0,0,0,10,-10,81,71,10,--,60.4,-1.21,67.9,416.68,0.05,9.15,0.31,0,17.92,1458,6.75
3206,志豐,37.55,37.65,37.65,-0.35,-0.92,94,27.66,-29,0,0,-29,0,0,0,0,0,0,0,0,0,0,0,0,0,0,95,95,0,22.68,280.61,13.23,-7.83,3067.15,0.26,20.65,1.09,3.98,4.86,716,5.89
3207,耀勝,60.4,60.7,60.4,-1.9,-3.05,199,29.74,-35,0,0,-35,0,0,0,0,0,0,0,0,0,0,0,25,26,-1,175,174,1,--,132.01,-17.44,-9.8,1945.99,-0.45,17.63,0.24,0,34.95,5433,6.64
3209,全科,76.1,76.2,76.2,2.9,3.96,9148,50.83,-108,-14,10,-112,3504,3150,354,0.04,3135,3372,17,58,196,0.37,0.03,1646,1676,-30,4067,4391,-324,21.23,6945.42,1.98,83.85,53253.17,1.52,5.03,6.43,3.28,12.91,7599,23.54
3211,順達,359,359.5,359,-8.5,-2.31,3917,32.43,8,-287,-39,-318,2216,2809,-593,-0.15,-2667,47,57,87,2684,0.03,0.69,511,421,90,1322,819,503,36.19,1060.19,-27.79,18.61,14366.39,2.05,20.03,3.35,3.2,22.69,8759,15.43
3213,茂訊,112.5,113,113,0,0,383,35.36,-154,-1,7,-148,82,171,-89,-0.23,-87,32,0,0,119,0.08,0.3,63,74,-11,247,147,100,15.78,308.54,11.23,23.88,2911.74,2.59,35.97,4.24,6.19,13.5,1980,5.87
3217,優群,189,189.5,189.5,4.5,2.43,3231,62.6,814,-1,166,979,2025,1237,788,0.24,1749,1854,0,0,105,0.56,0.03,497,657,-160,777,1406,-629,15.1,316.59,-10.52,-13.26,4124.36,2.82,48.93,5.15,5.28,11.8,2659,9.01
3218,大學光,129,129.5,129,1.5,1.18,303,51.33,-64,-8,-4,-76,50,53,-3,-0.01,50,50,0,0,0,0.16,0,62,101,-39,205,163,42,11.38,380.4,3.21,7.27,4196.44,3.31,57.38,7.25,6.01,3.73,789,8.47
3219,倚強科,82.1,82.6,82.1,-5.3,-6.06,1812,38.22,-184,0,-43,-227,186,196,-10,-0.01,13,90,0,0,77,0.05,0.04,243,258,-15,1400,1375,25,40.25,231.58,63.77,30.26,1907.06,0.48,63.89,1.64,1.67,7.99,1434,7.18
3221,台嘉碩,45.2,45.4,45.2,0.6,1.35,23363,49.8,-1618,0,65,-1553,6942,8966,-2024,-0.09,6755,6860,82,82,105,0.3,0.01,2870,3300,-430,13782,11328,2454,155.86,220.01,17.62,13.65,2254.37,0.36,21.42,1.59,0.62,18.92,4970,10.51
3224,三顧,40.9,40.95,40.95,-0.45,-1.09,97,45.36,-36,0,0,-36,0,0,0,0,0,0,0,0,0,0,0,0,0,0,98,98,0,--,134.16,-16.37,-4.02,1532.17,0.03,16.15,-0.92,0,51.36,8754,7.82
3226,龍鋒,40,40.95,40.5,-0.5,-1.22,1,100,-1,0,0,-1,0,0,0,0,0,0,0,0,0,0,0,0,0,0,1,1,0,--,97.83,-14.66,-54.69,1301.79,0.02,7.24,0.07,0,0.04,6,6.44
3227,原相,218,218.5,218.5,-2.5,-1.13,1971,35.29,-313,10,-140,-443,940,1115,-175,-0.09,295,682,0,0,387,0.34,0.19,292,303,-11,784,598,186,19.85,850.2,13.06,4.21,9022.08,2.65,59.48,3.24,4.62,9.9,3725,15.05
3228,金麗科,180,180.5,180,-18,-9.09,1645,21.33,201,6,-37,170,439,911,-472,-0.28,-911,0,0,0,911,0,0.53,312,349,-37,957,448,509,--,32.37,22.72,-13.38,304.63,-0.55,60.74,-6.01,0,--,0,7.15
3229,晟鈦,35.8,36.4,35.85,-1,-2.71,455,35.76,53,0,-1,52,28,0,28,0.06,0,0,0,0,0,0,0,0,35,-35,433,426,7,358.5,148.54,-2.35,56.27,1201.77,0.55,10.96,5.72,0,--,0,6.43
3230,錦明,33.3,33.4,33.3,0.6,1.83,704,31.54,-215,0,-1,-216,50,47,3,0,50,50,0,0,0,0.07,0,123,46,77,536,616,-80,--,34.15,-14.47,17.64,391.13,-0.45,4.31,-4.04,0,26.4,4686,8.6
3231,緯創,132.5,133,132.5,-3,-2.21,25076,36.61,-11464,112,361,-10991,17627,22586,-4959,-0.19,-21408,34,0,0,21442,0,0.84,3956,1196,2760,3999,1799,2200,13.29,283437.18,-14.89,111.99,2836074.22,3.06,5.21,6.82,4.15,6.84,54419,318.04
3232,昱捷,20.4,20.75,20.7,0.1,0.49,32,59.37,3,0,0,3,0,0,0,0,0,0,0,0,0,0,0,0,0,0,32,32,0,90,101.26,26.29,21.43,900.8,0.18,16.51,1.25,2.42,24.77,2884,4.66
3234,光環,91.8,92,91.8,-4.1,-4.28,1195,22.37,-257,0,-21,-278,127,272,-145,-0.12,-272,0,0,0,272,0,0.22,183,213,-30,932,757,175,--,62.45,-2.73,12.18,666.62,-0.32,9.79,-4.88,0,--,0,11.15
3236,千如,40.3,40.35,40.3,-0.75,-1.83,11257,45.99,-389,0,-127,-516,3157,3236,-79,-0.01,-1599,483,0,71,2011,0.04,0.18,1242,1714,-472,6976,6425,551,95.95,256.97,39.4,38.29,2226.31,0.1,22.79,0.65,1.24,15.46,4059,10.5
3252,海灣,17.75,17.8,17.75,-0.25,-1.39,10,0,-3,0,0,-3,0,0,0,0,0,0,0,0,0,0,0,0,0,0,10,10,0,118.33,37.81,-16.4,-9.61,502.74,0.09,40.46,0.75,0,98.61,12374,5.02
3257,虹冠電,54.1,54.2,54.2,0.3,0.56,350,40.4,-78,0,0,-78,20,0,20,0.06,20,20,0,0,0,0.06,0,66,95,-29,268,259,9,18.31,50.34,4.75,-51.74,935.91,0.19,44.98,0.91,5.17,12.63,2521,7.98
3259,鑫創,15.8,16.15,16.15,0.05,0.31,31,16.13,1,0,0,1,0,0,0,0,0,0,0,0,0,0,0,0,0,0,31,31,0,--,19.55,17.6,20.61,279,-0.6,15.77,-10.82,0,--,0,7.3
3260,威剛,390,390.5,390,-28,-6.7,14285,31.85,-714,-45,-63,-822,9251,11546,-2295,-0.15,-11546,0,0,0,11546,0,0.77,1772,1219,553,3905,2164,1741,7.79,10555.56,0.18,169.51,75894.01,30.05,55.7,35.47,4.36,29.05,23923,32.94
3264,欣銓,214,214.5,214.5,-15.5,-6.74,11533,38.72,-575,-1455,-333,-2363,6496,8972,-2476,-0.21,-8912,0,0,0,8912,0,0.75,1026,890,136,4310,1970,2340,33.26,1463.82,2.98,27.79,15117.5,1.95,38.36,4.68,1.96,5.8,7106,49.02
3265,台星科,170.5,171.5,171,-12,-6.56,2537,22.25,-779,-1,-94,-874,671,1501,-830,-0.32,-1501,0,0,0,1501,0,0.58,565,494,71,1375,616,759,30,489.51,4.57,37.89,5006.23,1.76,25.55,3.87,2.4,12.15,4138,13.63
3266,昇陽,12.4,12.5,12.45,-0.05,-0.4,53,26.53,-4,0,0,-4,0,0,0,0,0,0,0,0,0,0,0,0,0,0,54,54,0,19.45,163.31,-15.64,78.53,1763.1,0.12,25.38,0.7,4.02,0.58,507,35.23
3268,海德威,17.2,17.25,17.25,-0.05,-0.29,124,48.39,-22,0,0,-22,0,0,0,0,0,0,0,0,0,0,0,0,0,0,124,124,0,--,105.5,2.53,-1.52,946.54,-0.09,6.27,-0.67,0,12.85,1115,3.47
3272,東碩,17.3,17.45,17.4,-0.3,-1.69,38,23.68,-7,0,0,-7,0,0,0,0,0,0,0,0,0,0,0,0,0,0,39,39,0,--,239.57,-5.96,-10.59,2851.39,-2.8,7.08,-18.16,0,6.56,1003,6.12
3276,宇環,13.6,13.7,13.65,-0.65,-4.55,591,40.86,70,0,2,72,0,0,0,0,0,0,0,0,0,0,0,0,154,-154,594,440,154,68.25,58.75,-13.18,42.89,524.28,0,0.31,-0.78,0.44,9.29,1619,6.97
3284,太普高,15.4,15.45,15.4,0.05,0.33,75,24.66,10,0,0,10,0,0,0,0,0,0,0,0,0,0,0,0,0,0,77,77,0,6.78,63.17,-35.43,-18.7,844.73,0.5,27.73,3.12,3.25,3.93,1065,10.85
3285,微端,28.6,28.7,28.5,-0.45,-1.55,14,0,0,0,0,0,0,0,0,0,0,0,0,0,0,0,0,0,0,0,14,14,0,30.32,73.08,9.34,2.33,763.46,0.26,24.2,1.96,1.75,0.97,104,4.27
3287,廣寰科,31.65,31.85,31.85,0.65,2.08,245,51.88,22,0,-1,21,0,0,0,0,0,0,0,0,0,0,0,17,16,1,230,231,-1,11.25,83.81,16.91,-1.6,961.73,1.01,33.38,7.91,4.71,20.72,2277,4.4
3288,點晶,14.8,15.05,15,-0.2,-1.32,4,25,0,0,0,0,0,0,0,0,0,0,0,0,0,0,0,0,0,0,4,4,0,--,8.68,-3.9,68.12,78.15,-0.08,76.96,-1.19,0,--,0,1.64
3289,宜特,161.5,162,162,-3.5,-2.11,2365,26.47,-267,4,-93,-356,1157,1510,-353,-0.15,-1258,82,0,0,1340,0.03,0.55,338,307,31,926,603,323,33.61,371.3,6.12,-3.8,4779.87,2.05,17.27,3.59,2.75,32.41,6979,8.67
3290,東浦,46.15,46.45,46.35,-0.15,-0.32,498,36.29,-169,0,0,-169,0,0,0,0,0,0,0,0,0,0,0,15,62,-47,486,439,47,9.97,295.82,2.61,69.35,2857.74,2.65,20.14,10.49,3.24,44.85,9016,9.02
3293,鈊象,728,730,728,11,1.53,1991,56.1,550,186,42,778,1818,1508,310,0.15,1763,1793,0,0,30,0.85,0.01,241,513,-272,50,87,-37,18.03,2123.25,-3.19,14.74,23210.62,11.18,97.82,20.27,4.95,4.3,3031,28.18
3294,英濟,39.5,39.55,39.55,2.3,6.17,8575,58.54,237,0,44,281,1260,755,505,0.06,1260,1260,0,0,0,0.15,0,1377,1420,-43,5975,6437,-462,--,261.12,9.76,-10.34,3540.49,-0.45,5.82,-2.79,0,23.81,7857,13.2
3296,勝德,19.4,19.45,19.45,-0.7,-3.47,183,27.32,1,0,1,2,0,0,0,0,0,0,0,0,0,0,0,0,33,-33,193,160,33,149.62,146.33,22.38,8.21,1562.39,-0.37,14.4,-2.85,0,7.31,1767,9.67
3297,杭特,30.1,30.3,30.1,-0.7,-2.27,79,21.52,-6,0,0,-6,0,0,0,0,0,0,0,0,0,0,0,0,0,0,84,84,0,60.2,21.8,-20.42,53.7,214.08,-0.05,36.68,-0.29,0,12.23,1102,3.6
3303,岱稜,48.15,48.2,48.2,-0.55,-1.13,279,18.08,-104,0,0,-104,0,0,0,0,0,0,0,0,0,0,0,15,32,-17,268,251,17,11.29,307.07,14.21,18.44,3084.38,0.92,34.29,3.79,6.22,6.9,1623,9.41
3305,昇貿,138,138.5,138,1,0.73,33690,43.44,-3216,0,-94,-3310,19808,23358,-3550,-0.1,9903,13079,4464,5255,2385,0.52,0.22,4693,3807,886,9555,6891,2664,40,1465.06,6.19,60.17,12538.05,1.73,18.27,4.11,1.67,33.17,11996,14.46
3306,鼎天,45.15,45.3,45.25,-0.9,-1.95,200,35.18,-56,0,0,-56,0,0,0,0,0,0,0,0,0,0,0,15,12,3,187,190,-3,20.57,84.77,-14.42,-20.75,1086.56,0.11,27.54,0.16,3.76,8.53,1079,5.06
3308,聯德,19.35,19.45,19.4,-0.05,-0.26,46,45.45,-6,0,-2,-8,0,0,0,0,0,0,0,0,0,0,0,0,0,0,50,50,0,161.67,0.51,-3.02,-7.05,7.92,0.01,62.63,0.08,0,4.25,637,6
3310,佳穎,69.4,69.7,69.7,1.7,2.5,16,68.75,-2,0,0,-2,0,0,0,0,0,0,0,0,0,0,0,10,0,10,7,17,-10,45.26,188.5,34.21,26.25,1718,0.34,21.8,1.23,5.02,15.13,2835,7.49
3311,閎暉,31,31.2,31,-0.45,-1.43,117,17.09,-23,0,0,-23,0,0,0,0,0,0,0,0,0,0,0,0,0,0,119,119,0,21.09,199.23,0.85,4.94,2274.3,0.5,11.06,1.36,1.94,13.05,3263,10
3312,弘憶股,45.3,45.4,45.3,-1,-2.16,1950,41.62,256,0,1,257,322,310,12,0.01,-120,73,92,154,131,0.08,0.15,267,268,-1,1376,1387,-11,27.13,2431.84,10.44,20.81,21387.91,1.03,5.33,4.52,2.87,10.96,5002,18.26
3313,斐成,11.2,11.3,11.2,-0.3,-2.61,171,16.96,24,0,0,24,0,0,0,0,0,0,0,0,0,0,0,50,48,2,132,134,-2,--,0.48,89.64,125.59,16.07,0.07,-44.42,0.71,0,--,1419,22.11
3317,尼克森,76,76.1,76,0.2,0.26,7851,45.74,-1060,0,-58,-1118,2387,3590,-1203,-0.15,2142,2259,0,0,117,0.28,0.01,1522,1241,281,4037,3114,923,41.3,264.77,6,10.81,2810.83,0.84,29.35,2.35,0.66,16.65,3746,9
3321,同泰,15.15,15.4,15.3,0.15,0.99,160,41.87,-18,0,0,-18,0,0,0,0,0,0,0,0,0,0,0,0,0,0,164,164,0,--,203.88,13.17,11.2,2149.49,-0.69,1.68,-8.6,0,--,0,8.61
3322,建舜電,12.2,12.25,12.2,-0.5,-3.94,1228,30.56,-212,0,0,-212,0,0,0,0,0,0,0,0,0,0,0,0,205,-205,1235,1030,205,--,275.45,1.79,31.77,3105.01,-0.64,10.16,-4.86,0,34.97,12028,13.76
3323,加百裕,33.5,33.55,33.5,-1,-2.9,978,30.28,-150,0,-12,-162,39,80,-41,-0.04,-80,0,0,0,80,0,0.08,57,190,-133,894,720,174,--,445.72,32.92,-4.01,4843.53,-0.56,8.48,-2.18,0,26.75,6651,9.95
3324,雙鴻,965,966,966,-16,-1.63,2418,49.62,-155,-166,-29,-350,1854,2140,-286,-0.11,-2094,8,19,32,2089,0.01,0.82,607,411,196,136,46,90,27.88,2842.34,-14.62,40.9,28240.15,12.61,29.66,9.95,1.24,23.65,5504,9.31
3325,旭品,11.8,11.85,11.8,-0.2,-1.67,422,21.87,-86,0,-1,-87,0,0,0,0,0,0,0,0,0,0,0,50,0,50,377,427,-50,--,58.13,-1.57,-57.73,1118.24,-0.6,-5.33,-7.26,0,--,625,11.02
3332,幸康,65.4,65.7,65.4,-0.4,-0.61,13,46.15,1,0,0,1,0,0,0,0,0,0,0,0,0,0,0,0,0,0,13,13,0,16.64,175.84,6.71,24.69,1711.41,1.38,35.9,3.53,3.06,1.63,196,4.81
3338,泰碩,73.4,73.6,73.4,-4.4,-5.66,2266,26.58,-440,0,2,-438,92,393,-301,-0.13,-393,0,0,38,355,0,0.17,441,617,-176,1757,1280,477,50.97,324.64,-8.53,-6.54,3520.17,0.27,18.98,1.16,1.77,20.95,4604,8.79
3339,泰谷,45.4,45.55,45.45,-0.9,-1.94,2747,47.31,519,0,0,519,269,262,7,0,-238,0,24,23,239,0.01,0.09,268,262,6,2236,2249,-13,--,72.14,-0.77,10.51,895.79,-0.77,13.67,-7.13,0,30.17,5021,6.66
3346,麗清,15.7,15.75,15.7,0.4,2.61,466,42.37,-123,0,0,-123,0,0,0,0,0,0,0,0,0,0,0,0,0,0,470,470,0,--,686.76,9.53,-15.08,8065.85,-0.67,8.89,-2.26,0.7,12.08,3661,12.12
3349,寶德,19,19.05,19,-0.1,-0.52,147,27.21,28,0,0,28,0,0,0,0,0,0,0,0,0,0,0,0,0,0,147,147,0,--,18.36,-23.43,-60.68,414.88,-0.48,6.06,-6.56,0,--,0,4.61
3354,律勝,33.1,33.15,33.1,1.75,5.58,3357,46.5,-556,0,0,-556,156,212,-56,-0.02,87,156,0,0,69,0.05,0.02,391,342,49,2821,2814,7,--,13.79,22.15,52.03,105.78,-0.17,29.18,-1.52,0,10.42,1826,7.01
3356,奇偶,60.3,60.4,60.3,-1.2,-1.95,1019,31.04,-47,0,4,-43,48,125,-77,-0.07,-125,0,0,0,125,0,0.12,253,206,47,739,709,30,5.95,107.31,-3.88,20.67,1058.07,2.21,49.63,6.85,5.8,9.64,1927,7.99
3357,臺慶科,210,211,210,-9,-4.11,6791,40.69,785,-1,-96,688,4033,4225,-192,-0.03,-2843,504,0,0,3347,0.07,0.49,589,761,-172,2280,1917,363,21.6,704.11,7.34,15.42,6895.06,2.51,28.86,2.88,2.48,27.3,7367,11.49
3360,尚立,14.25,14.3,14.25,-0.35,-2.4,453,20.44,-64,0,0,-64,0,0,0,0,0,0,0,0,0,0,0,0,0,0,455,455,0,--,707.88,5.31,-3.73,8284.21,0,3.22,-0.67,0,15.46,2952,7.64
3362,先進光,118,118.5,118.5,3.5,3.04,7298,63.09,188,0,-53,135,4029,3818,211,0.03,4008,4008,0,0,0,0.54,0,869,1218,-349,2507,2369,138,--,372.81,-10.41,-3.89,4400.29,-0.5,13.11,-1.95,0,10.98,3911,14.74
3363,上詮,775,776,775,-29,-3.61,2747,44.6,-195,14,-4,-185,1710,2026,-316,-0.11,-1629,188,0,0,1817,0.06,0.61,1106,883,223,167,74,93,--,127.94,9.1,-37.3,1786.43,-0.98,1.88,-2.58,0,24.65,6694,11.36
3372,典範,18.9,18.95,18.9,-0.3,-1.56,457,15.86,-199,0,-1,-200,0,0,0,0,0,0,0,0,0,0,0,36,89,-53,426,373,53,--,114.86,0.67,32.57,1209.08,-0.03,4.11,-0.36,0,--,3,17.53
3373,熱映,16.9,17,17,-0.1,-0.58,64,39.68,-20,0,0,-20,0,0,0,0,0,0,0,0,0,0,0,0,0,0,66,66,0,--,42.86,32.74,26.33,398.39,-0.26,13.71,-1.55,6.47,7.33,872,4.76
3374,精材,236.5,237,237,-13.5,-5.39,16689,41.75,-807,82,-395,-1120,10458,12495,-2037,-0.12,-8501,1007,1594,1965,9137,0.15,0.65,1841,1453,388,4877,3228,1649,46.11,723.82,3.48,25.64,7754.56,1.42,29.66,3.86,1.05,16.43,11145,27.14
3376,新日興,204.5,205,204.5,-1,-0.49,8435,56.96,3493,-1732,249,2010,6421,5670,751,0.09,2543,4548,125,184,1946,0.54,0.25,564,753,-189,1638,2199,-561,300.74,907.19,12.61,-10.02,10169.22,0.15,14.28,0.17,1.96,24.4,11941,19.58
3379,彬台,42.55,42.6,42.6,1.3,3.15,6813,49.85,-48,0,0,-48,804,1867,-1063,-0.15,541,719,0,0,178,0.1,0.03,1251,1109,142,4904,3983,921,27.13,20.69,-36.09,-78.59,1813.88,-0.39,19.03,-2.29,2.82,25.32,2408,3.8
3380,明泰,31.45,31.6,31.45,-0.3,-0.94,2644,38.61,-564,0,-20,-584,484,248,236,0.09,279,313,50,0,84,0.14,0.03,194,739,-545,1983,1674,309,--,1093.75,-56.21,-30.94,22762.01,0.1,18.36,0.21,1.59,4.98,6739,54.17
3388,崇越電,95.3,95.4,95.4,-3.6,-3.64,1275,37.6,111,0,25,136,216,290,-74,-0.06,-277,0,0,0,277,0,0.21,194,236,-42,893,776,117,21.63,864.39,8.08,33.25,7814.33,1.2,19.51,1.95,3.67,15.46,2863,7.41
3390,旭軟,25.5,25.55,25.55,-0.85,-3.22,1045,30.36,-213,0,0,-213,40,47,-7,-0.01,-47,0,0,0,47,0,0.04,106,279,-173,906,726,180,--,91,15.99,48.58,838.19,-0.18,16.14,-1.05,0.78,16.06,3186,7.93
3402,漢科,132.5,134,132.5,-1.5,-1.12,357,33.89,28,0,-2,26,76,71,5,0.01,-52,0,0,0,52,0,0.14,78,105,-27,214,192,22,18.08,503.19,7.4,20.14,5462,1.56,21,5.41,4.53,7.77,1418,7.3
3406,玉晶光,557,558,557,-20,-3.47,5342,42.62,-43,-15,-95,-153,3524,4088,-564,-0.1,25,1816,0,0,1791,0.33,0.33,1861,1307,554,107,97,10,16.88,2314.44,6.94,24.81,26265.65,7.9,33.56,3.39,3.05,7.73,2178,11.27
3413,京鼎,314,314.5,314.5,-8,-2.48,1840,34.65,28,7,-15,20,1231,1232,-1,0,-947,152,0,0,1099,0.08,0.58,267,294,-27,389,361,28,16.68,1869.45,-7.59,6.27,21644.17,4.28,23.84,2.94,3.49,12.47,3454,11.08
3416,融程電,163.5,164.5,163.5,-5,-2.97,262,26.25,-28,0,-5,-33,21,66,-45,-0.16,-66,0,0,0,66,0,0.24,48,56,-8,206,153,53,22.4,390.69,11.09,56.33,3927.21,1.8,36.52,4.3,3.43,5.7,1147,8.05
3419,譁裕,13.85,13.9,13.85,-0.05,-0.36,236,47.01,-70,0,4,-66,0,0,0,0,0,0,0,0,0,0,0,39,0,39,199,238,-39,--,143.35,-14.3,-0.17,1780.48,-0.32,12.19,-4.08,0,--,1522,12.05
3426,台興,47.7,47.75,--,--,--,0,--,0,0,0,0,0,0,0,--,0,0,0,0,0,--,--,0,0,0,0,0,0,25,54.91,-1.96,-9.34,553.25,0.31,25.59,1.04,0,--,0,2.64
3430,奇鈦科,158.5,159,158.5,-9.5,-5.65,3672,44.56,22,0,-29,-7,1662,2079,-417,-0.11,-1019,370,329,622,1096,0.19,0.46,444,516,-72,1609,1119,490,46.08,161.06,-19.9,13.83,1849.92,1.45,23.24,4.28,1.01,34.58,2915,3.37
3432,台端,19.3,19.5,19.45,-0.2,-1.02,48,31.91,-9,0,0,-9,0,0,0,0,0,0,0,0,0,0,0,0,0,0,49,49,0,--,16.94,-43.36,39.4,213.43,-0.23,14.22,-3.16,0,--,0,4.22
3434,哲固,28,28.1,28,-0.15,-0.53,68,45.59,3,0,0,3,0,0,0,0,0,0,0,0,0,0,0,0,0,0,71,71,0,--,28.08,-53.73,-49.82,551.57,0.08,19.93,0.55,4.29,19.15,1712,3.58
3437,榮創,24.25,24.3,24.3,0.6,2.53,1827,45.76,-337,0,-1,-338,50,55,-5,0,50,50,0,0,0,0.03,0,200,146,54,1583,1632,-49,--,115.81,-4.47,-22.17,1460.69,-0.56,3.92,-3.32,0,8.97,3241,14.45
3438,類比科,66.2,66.5,66.4,-3.4,-4.87,1264,31.44,-259,0,-23,-282,35,51,-16,-0.01,-31,0,20,16,35,0.02,0.04,58,221,-163,1180,1001,179,73.78,85.57,28.23,-14.59,936.47,0.24,38.67,0.49,2.26,8.03,947,4.72
3441,聯一光,43.8,43.9,43.8,0.45,1.04,5870,64.91,-9,0,1,-8,2386,1789,597,0.1,2277,2359,27,109,0,0.41,0.02,284,817,-533,3216,3279,-63,38.42,58.74,14.76,44.9,466,0.47,29.79,2.28,1.94,20.15,2017,4
3443,創意,4465,4470,4465,-275,-5.8,2422,41.89,514,81,-20,575,2463,2519,-56,-0.02,-2519,0,0,0,2519,0,0.98,14,12,2,89,33,56,134.33,4294.03,11.23,156.85,41187.38,12.28,27.2,11.97,0.45,13.49,4519,13.4
3444,利機,90.7,90.8,90.8,-5.8,-6,753,35.03,-102,0,0,-102,12,54,-42,-0.06,-22,12,0,0,34,0.02,0.04,129,121,8,621,587,34,51.3,112.93,-2.08,-1.81,1287.76,0.41,19.76,1.77,1.98,12.83,1443,4.5
3447,展達,35.25,35.3,35.3,-0.8,-2.22,184,16.67,-42,0,0,-42,0,0,0,0,0,0,0,0,0,0,0,0,0,0,185,185,0,24.69,305.57,3.06,8.59,3746.22,0.17,9.4,1.06,3.12,13.67,2647,7.74
3450,聯鈞,392,394,392.5,-17.5,-4.27,2015,54.15,-106,25,-21,-102,1142,1424,-282,-0.15,-584,360,146,147,943,0.27,0.57,263,208,55,722,496,226,116.82,877.79,20.62,45.5,8187.96,0.69,24.8,2.3,0.25,47.39,17261,14.57
3455,由田,273.5,274,273.5,-3.5,-1.26,236,31.07,3,-1,-4,-2,145,113,32,0.13,27,0,140,105,8,0.57,0.46,44,54,-10,60,82,-22,153.65,125.16,261.21,-2.51,1456.24,-0.81,54.54,-2,1.28,29.7,4443,5.99
3465,進泰電子,26.6,26.9,26.65,-0.35,-1.3,94,19.57,32,0,0,32,0,0,0,0,0,0,0,0,0,0,0,0,0,0,95,95,0,--,193.58,48.48,32.93,1618.39,-0.92,5.92,-5.04,0,7.02,620,3.53
3466,德晉,36.3,36.4,36.3,0.05,0.14,261,36.92,-26,0,0,-26,0,0,0,0,0,0,0,0,0,0,0,20,14,6,243,249,-6,--,218.52,374.39,2243.13,327.25,-0.31,7.8,-1.7,0,55.75,10856,7.79
3467,台灣精材,60,60.2,60.1,-2.6,-4.15,390,43.19,25,0,0,25,71,74,-3,-0.01,-74,0,0,0,74,0,0.19,0,61,-61,323,259,64,88.38,69.42,10.96,39.7,648.73,0.3,24.71,1.57,0.83,6.94,540,3.11
3479,安勤,100.5,101,100.5,-2,-1.95,525,33.97,-61,0,1,-60,214,195,19,0.04,-104,44,0,0,148,0.08,0.28,82,145,-63,237,193,44,14.8,768.86,-6.66,9.49,8772.8,2.22,28.15,4.46,4.58,5.57,1012,7.26
3481,群創,37.45,37.5,37.45,-1.25,-3.23,709561,46.26,-44962,1098,-13030,-56894,541718,593776,-52058,-0.07,-268639,112714,91660,105117,367896,0.29,0.67,86118,52814,33304,83879,65125,18754,312.08,21237.44,-14.97,11.79,239714.59,0.2,14.43,0.79,2.67,20.78,415000,798.92
3483,力致,86,86.5,86.5,-0.5,-0.57,509,41.54,-55,20,13,-22,46,62,-16,-0.03,-7,28,0,0,35,0.05,0.07,61,102,-41,419,362,57,22.47,751.92,-9.01,3.68,9262.76,0.17,17.08,0.34,3.47,20.01,4955,9.9
3484,崧騰,43.85,43.9,43.9,1.1,2.57,333,46.55,55,0,0,55,0,0,0,0,0,0,0,0,0,0,0,37,36,1,299,300,-1,11.2,362.42,-5.66,-16.15,4510.95,0.63,22.07,1.49,5.69,10.56,2081,7.88
3485,敘豐,250,250.5,250.5,-19.5,-7.22,652,44.75,30,0,2,32,254,289,-35,-0.05,-273,5,5,7,276,0.01,0.42,122,191,-69,296,193,103,54.46,52.52,0.28,9.87,--,1.69,53.21,4.28,2.02,--,0,3.85
3489,森寶,22,22.05,22,-0.05,-0.23,89,30.34,-15,0,0,-15,0,0,0,0,0,0,0,0,0,0,0,0,0,0,90,90,0,--,76.57,-3.62,113.51,909.46,-0.03,3.3,-0.19,13.64,7.15,1616,9.05
3490,單井,37.75,37.8,37.8,0,0,4733,50.43,290,0,0,290,746,608,138,0.03,585,622,94,131,0,0.15,0.03,832,769,63,3173,3374,-201,14.1,31.1,77.03,51.02,266.37,2.07,20.05,8.71,1.32,25.23,3470,5.5
3491,昇達科,1760,1765,1765,-90,-4.85,6331,48.1,-47,56,-42,-33,6417,6509,-92,-0.01,-1275,2531,166,166,3806,0.41,0.6,25,19,6,146,60,86,193.11,349.05,6.17,83.99,3011.56,3.68,57.98,7.13,0.39,19.59,3370,6.88
3492,長盛,22,22.1,22.05,-0.1,-0.45,75,24.64,-20,0,0,-20,0,0,0,0,0,0,0,0,0,0,0,0,0,0,76,76,0,14.7,75.52,15.52,-17.81,810.94,0.31,28.25,1.65,4.99,8.66,769,3.55
3494,誠研,7.55,7.59,7.59,0.14,1.88,71,81.16,-7,0,0,-7,0,0,0,0,0,0,0,0,0,0,0,0,0,0,76,76,0,--,81.23,-17.5,-4.51,972.85,-0.29,14.85,-4.47,0,--,0,9.48
3498,陽程,136.5,137,136.5,-8,-5.54,1578,49.79,245,0,-57,188,728,612,116,0.08,-123,273,27,11,412,0.22,0.3,208,321,-113,675,679,-4,104.2,341.95,351.07,137.82,1644.31,-0.2,26.04,-0.53,0,29.98,3858,6.13
3499,環天科,14.6,14.75,14.75,-0.1,-0.67,34,33.33,-13,0,0,-13,0,0,0,0,0,0,0,0,0,0,0,0,0,0,36,36,0,--,28.72,11.63,-20.18,325.08,-0.51,12.89,-6.19,0,--,0,5.5
3501,維熹,39.7,39.75,39.75,-0.05,-0.13,420,60.34,75,0,4,79,26,206,-180,-0.43,-11,0,26,37,0,0.06,0.09,44,61,-17,353,156,197,22.21,429.48,-7.72,-18.52,5239.81,0.15,15.37,0.25,5.03,2.17,643,11.83
3504,揚明光,78.2,78.3,78.2,2.9,3.85,5963,52.75,404,0,10,414,1537,1142,395,0.07,1517,1517,0,0,0,0.25,0,1027,1008,19,3433,3848,-415,--,243.55,-13.64,2.24,2728.77,0.05,18.23,0.21,0,10.06,2868,11.41
3508,位速,20.1,20.2,20.1,-1.15,-5.41,214,17.09,-33,0,0,-33,0,0,0,0,0,0,0,0,0,0,0,0,25,-25,217,192,25,--,70.59,-21.73,-18.99,811.95,-0.1,14.49,-3.65,0,--,0,10.43
3511,矽瑪,19.45,19.55,19.45,-0.45,-2.26,199,21.94,-32,0,0,-32,0,0,0,0,0,0,0,0,0,0,0,0,0,0,201,201,0,--,149.27,-14.08,-9.98,1740.86,-0.09,16.41,-0.67,0,22.01,2750,8
3512,皇龍,20.3,20.4,20.35,0.05,0.25,38,58.33,-5,0,0,-5,0,0,0,0,0,0,0,0,0,0,0,0,0,0,39,39,0,11.7,16.73,47.17,147.8,948.68,0.46,40.42,2,8.85,1.72,487,11.31
3515,華擎,221,221.5,221,-2.5,-1.12,450,31.56,-101,-16,-3,-120,196,301,-105,-0.22,-188,31,0,0,219,0.07,0.46,74,51,23,202,120,82,13.95,2741.89,-44.39,-46.53,48384.94,4.14,14.96,5.8,4.98,6.94,2144,12.35
3516,亞帝歐,23.45,23.7,23.45,-0.25,-1.05,190,56.61,-16,0,9,-7,0,0,0,0,0,0,0,0,0,0,0,0,0,0,192,192,0,80.86,96.56,0.69,27.01,1135.14,0.08,16.93,0.45,0.85,60.09,8948,5.96
3518,柏騰,31.9,31.95,31.9,-0.8,-2.45,977,36.49,-78,0,7,-71,64,68,-4,0,-68,0,0,0,68,0,0.07,127,123,4,791,791,0,13.87,18.04,-6.46,-38.27,296.71,2.81,-13.12,18.52,0,15.89,3725,10.34
3520,華盈,15.15,15.3,15.2,0.05,0.33,390,48.72,-34,0,0,-34,0,0,0,0,0,0,0,0,0,0,0,45,0,45,346,391,-45,--,101.45,-6.4,-2.64,1270.03,-0.07,10.12,-0.59,0,15.4,2393,6.88
3521,台鋼建設,12.95,13,12.95,-0.05,-0.38,36,52.78,-2,0,0,-2,0,0,0,0,0,0,0,0,0,0,0,0,0,0,36,36,0,5.58,1.08,-88.13,-58.7,237.86,2.12,-42.64,19.16,0,11.72,1341,18.58
3522,御嵿,12.4,12.45,12.4,-0.15,-1.2,64,41.67,-21,0,0,-21,0,0,0,0,0,0,0,0,0,0,0,0,0,0,65,65,0,--,62.51,-50.93,-0.59,1208.41,0.4,54.24,6.14,0,--,0,10.41
3523,迎輝,9.68,9.91,9.91,-0.24,-2.36,20,31.58,3,0,0,3,0,0,0,0,0,0,0,0,0,0,0,0,0,0,22,22,0,--,10.87,90.6,197.78,97.17,-0.45,-88.58,-7.01,0,--,0,6.43
3526,凡甲,358.5,360,358.5,-7.5,-2.05,510,30.24,92,-2,-18,72,256,274,-18,-0.03,-265,0,9,25,249,0.02,0.52,72,84,-12,199,170,29,20.54,436.62,3.77,40.32,4227.87,4.7,50.38,7.91,4.7,12.73,2095,6.58
3527,聚積,55.8,55.9,55.8,-2.7,-4.62,213,20.19,-55,0,0,-55,0,19,-19,-0.09,-19,0,0,0,19,0,0.09,10,23,-13,205,173,32,--,105.87,-24.49,-19.93,1380.18,0.01,39.59,0.02,1.79,10.65,1183,4.44
3528,安馳,81.6,82,81.8,-1.2,-1.45,302,26.99,-59,0,0,-59,0,0,0,0,0,0,0,0,0,0,0,43,34,9,264,273,-9,26.39,1108.97,-18.67,83.24,11238.62,2.83,13.88,9.38,1.69,15.33,2553,6.66
3529,力旺,3310,3315,3310,-140,-4.06,1893,48.91,526,-219,-8,299,1908,1915,-7,-0,-1770,0,145,145,1770,0.07,0.99,4,9,-5,28,17,11,120.8,613.12,406,12.93,4101.53,7.98,100,14.73,0.62,9.76,1822,7.47
3530,晶相光,64.8,64.9,64.9,-2.6,-3.85,253,28.17,-102,0,0,-102,0,39,-39,-0.15,-39,0,0,0,39,0,0.15,28,29,-1,231,191,40,31.97,230.87,19.38,39.08,2105.64,0.44,20.46,1.39,1.23,6.75,1307,7.75
3531,先益,23,23.4,23.4,0,0,5,100,0,0,0,0,0,0,0,0,0,0,0,0,0,0,0,0,0,0,5,5,0,97.5,101.15,-1.81,-28.02,1166.03,0.33,19.96,1.01,2.14,0.56,85,6.12
3532,台勝科,201.5,202,202,-19.5,-8.8,936,40.32,-60,0,141,81,547,699,-152,-0.17,-672,0,27,11,688,0.03,0.78,103,80,23,327,198,129,255.7,1168.45,-2.02,14.03,12802.45,-0.18,0.83,-0.28,0.5,6.05,5870,38.78
3533,嘉澤,2320,2335,2325,0,0,1294,58.5,-412,391,-6,-27,1307,1325,-18,-0.01,266,769,48,50,501,0.61,0.41,4,4,0,33,15,18,32.76,3391.88,-4.29,15.21,35926.34,21.37,49.55,5.76,1.51,3.82,1074,11.25
3535,晶彩科,132,--,132,12,10,10840,73.28,1005,0,44,1049,8141,6612,1529,0.14,8078,8122,19,63,0,0.74,0.01,914,1791,-877,1922,2574,-652,330,19.81,-53.21,-2.5,733.74,0.99,46.09,7.26,0,39.86,7877,7.91
3537,堡達,52.5,52.6,52.6,-2.4,-4.36,2049,38.73,-56,0,-1,-57,152,270,-118,-0.06,-211,0,33,63,181,0.02,0.12,429,448,-19,1482,1344,138,20.63,283.95,15.28,-6.08,2950.46,1.28,16.43,5.46,3.8,11.12,1564,5.62
3540,曜越,25.5,25.55,25.55,-0.35,-1.35,278,20.94,-6,0,0,-6,0,0,0,0,0,0,0,0,0,0,0,0,58,-58,281,223,58,88.1,300.93,-26.72,-31.04,4952.15,0.15,28.11,0.6,1.17,6.54,1185,7.25
3541,西柏,22.75,22.9,22.8,0.05,0.22,11,9.09,0,0,0,0,0,0,0,0,0,0,0,0,0,0,0,0,0,0,12,12,0,--,83.03,-18.6,-27.94,1037.77,0.03,35.46,0.25,0,2.79,393,5.63
3543,州巧,35.4,35.6,35.4,-1.5,-4.07,1997,33.85,-63,0,3,-60,416,355,61,0.03,-355,0,0,0,355,0,0.18,300,458,-158,1294,1197,97,--,288.9,-1.76,-8.76,3182.59,-0.16,9.41,-0.73,1.69,24.95,6877,11.03
3545,敦泰,56,56.1,56.1,-0.9,-1.58,2135,45.1,-29,1,6,-22,245,446,-201,-0.09,-80,87,0,0,167,0.04,0.08,418,328,90,1500,1388,112,--,953.52,5.89,-14.34,11273.71,0.02,23.02,0.06,1.43,8.94,4944,22.12
3546,宇峻,79.9,80,79.9,0.8,1.01,1105,52.88,197,0,16,213,141,71,70,0.06,141,141,0,0,0,0.13,0,198,147,51,792,913,-121,23.43,133.46,-16.84,32.29,1628.84,2.34,88.59,8.7,3.13,15.45,2257,5.84
3548,兆利,95.1,95.2,95.1,0.9,0.96,462,36.4,-53,0,-4,-57,20,51,-31,-0.07,20,0,20,0,0,0.04,0,55,45,10,398,377,21,1902,751.26,17.91,-30.19,8146.27,-1.35,8.1,-1.47,1.05,24.64,4173,6.77
3550,聯穎,20.2,20.25,20.25,-0.3,-1.46,2237,27.48,-14,0,0,-14,100,448,-348,-0.15,-342,50,0,0,392,0.02,0.17,342,431,-89,1805,1368,437,--,448.13,-2.41,25.21,3800.19,0.21,17.41,1.32,0,50.69,13630,10.76
3551,世禾,199.5,200,200,-5.5,-2.68,703,29.8,-41,0,-20,-61,269,346,-77,-0.1,-336,0,10,20,326,0.01,0.47,88,95,-7,378,294,84,24.36,275.78,0.26,11.99,3151.57,2.46,37.44,3.03,2.4,11.9,1852,6.23
3552,同致,51.7,51.8,51.7,-0.3,-0.58,186,24.86,-12,0,-4,-16,20,0,20,0.1,0,0,0,0,0,0,0,0,29,-29,172,163,9,86.17,736.8,41.23,2.59,8168.92,0.01,18.43,0.02,0.97,6.92,1693,9.79
3555,博士旺,195.5,197.5,195.5,-10.5,-5.1,153,23.84,-11,0,1,-10,0,12,-12,-0.07,-12,0,0,0,12,0,0.07,24,35,-11,136,114,22,28.17,68.97,-32.99,2832.48,616.03,5.45,42.55,32.91,0,16.26,1019,4
3556,禾瑞亞,50.3,50.7,50.3,-0.9,-1.76,333,22.36,-13,0,0,-13,0,25,-25,-0.07,-25,0,0,0,25,0,0.07,32,78,-46,307,236,71,17.17,108.66,-7.79,-1.85,1023.38,1.19,49.34,6.25,3.88,4,637,6.37
3557,嘉威,25.05,25.15,25.05,-0.2,-0.79,96,25,-2,0,2,0,0,0,0,0,0,0,0,0,0,0,0,0,0,0,98,98,0,--,262.73,-43.35,-6.31,3736.01,0.48,34.33,1.62,1.2,2.24,403,8.43
3558,神準,117,118,117.5,-2,-1.67,339,37.77,-58,30,-2,-30,52,49,3,0.01,-30,10,9,10,39,0.05,0.14,47,43,4,249,256,-7,43.2,1056.84,2.96,-24.58,13755.28,0.1,16.24,0.31,2.55,11.49,1696,5.91
3563,牧德,852,855,853,-40,-4.48,2407,38.94,-359,199,-35,-195,1344,1758,-414,-0.16,-1599,71,6,10,1666,0.03,0.67,1083,707,376,94,56,38,54.44,343.25,1.4,3.75,3276.55,4.61,60.58,5.32,1.52,58.11,7148,6.4
3564,其陽,39.8,39.85,39.85,-0.6,-1.48,75,25,-26,0,1,-25,0,0,0,0,0,0,0,0,0,0,0,0,0,0,78,78,0,132.83,247.45,21.13,5.99,2569.86,-0.32,22.26,-1.36,0.68,5.49,812,5.91
3567,逸昌,27.7,27.8,27.7,-0.95,-3.32,140,35.51,4,0,0,4,0,40,-40,-0.28,-40,0,0,0,40,0,0.28,28,19,9,113,82,31,29.16,24.02,-0.78,14.17,279.38,0.13,25.13,0.79,3.61,6.34,538,3.4
3570,大塚,171.5,172,172,0,0,18,44.44,3,0,0,3,0,0,0,0,0,0,0,0,0,0,0,3,3,0,16,16,0,12.48,276.99,30.77,22.24,2422.81,4.12,28.92,6.75,5.64,1.15,49,1.71
3576,聯合再生,19.2,19.25,19.25,1.75,10,68482,78.97,10656,0,9,10665,46726,26452,20274,0.29,46726,46726,0,0,0,0.68,0,5259,12952,-7693,16902,29482,-12580,45.83,225.4,-14.63,2.21,2592.61,1.07,-45.65,14.84,0,--,0,162.78
3577,泓格,125.5,127,126.5,8,6.75,4188,51.09,-71,95,84,108,1549,2046,-497,-0.11,1271,1436,58,94,129,0.34,0.05,815,700,115,2045,1662,383,41.21,153.91,-8.94,89.01,1316.08,1.47,59.75,6.56,1.58,10.2,1631,6.4
3580,友威科,111,--,111,10,9.9,5051,83.64,452,0,43,495,3785,2826,959,0.19,3785,3785,0,0,0,0.74,0,446,832,-386,894,1468,-574,79.29,47.45,94.5,71.25,424.74,-0.18,34.99,-0.7,1.08,35.68,3521,3.95
3581,博磊,213.5,216.5,214,-2,-0.93,234,50.88,-47,0,18,-29,107,107,0,0,-14,30,38,30,52,0.28,0.34,29,43,-14,107,93,14,159.7,128.17,-16.03,47.69,1660.61,0.31,35.65,2.49,0.28,12.9,1645,5.1
3583,辛耘,842,843,842,-58,-6.44,2224,38.24,-127,-22,-70,-219,1253,1686,-433,-0.18,-1648,14,11,19,1654,0.01,0.71,989,603,386,102,54,48,57.05,989.04,-6.11,10.8,11774.77,4.14,33.58,4.76,0.71,11.81,2372,8.03
3587,閎康,329.5,330,329.5,-9.5,-2.8,1427,34.04,60,0,2,62,640,768,-128,-0.09,-678,4,0,0,682,0,0.45,233,312,-79,629,422,207,45.14,540.74,0.48,22.53,5830.91,2.24,30.89,3,1.37,20.4,3629,7.12
3588,通嘉,59.2,59.5,59.2,-2.3,-3.74,424,29.86,-68,0,0,-68,0,19,-19,-0.04,-19,0,0,0,19,0,0.04,29,30,-1,401,381,20,98.67,143.21,-5.33,15.14,1419.77,0.37,33.61,1.28,0.84,9.35,1449,6.2
3591,艾笛森,25.7,25.75,25.75,1.15,4.67,5024,61.68,594,0,-7,587,1008,340,668,0.13,1008,1008,0,0,0,0.2,0,882,769,113,3166,3947,-781,--,232.69,15.5,1.3,2319.67,0.12,22.25,0.64,0,68.81,25009,14.54
3592,瑞鼎,248.5,249,248.5,-3,-1.19,385,36.32,15,-3,8,20,154,162,-8,-0.02,-96,34,0,0,130,0.09,0.33,83,82,1,163,156,7,15.53,2318.53,15.91,13.62,22286.17,3.82,28.58,2.6,5.88,4.74,898,7.59
3593,力銘,17,18.5,18.5,1,5.71,20,55,0,0,0,0,0,0,0,0,0,0,0,0,0,0,0,0,0,0,20,20,0,--,74.98,35.65,-51.1,911.74,-0.7,-10.15,-15.57,0,--,0,6.08
3594,磐儀,47.5,47.9,47.5,-1.75,-3.55,701,47.89,46,0,-1,45,98,157,-59,-0.08,-157,0,0,0,157,0,0.22,59,111,-52,550,439,111,75.4,188.85,-16.28,50.37,2208.86,-0.07,33.94,-0.92,0.84,22.45,4112,9.59
3596,智易,179,179.5,179,-4,-2.19,2171,46.26,-144,0,-15,-159,986,1277,-291,-0.13,-21,670,0,0,691,0.3,0.31,359,311,48,858,615,243,14.15,4528.96,0.08,1.16,53109.42,3.12,15.16,4.19,5.03,2.73,1504,22.04
3597,映興,26.3,26.35,26.2,-0.3,-1.13,27,25.93,3,0,0,3,0,0,0,0,0,0,0,0,0,0,0,0,0,0,27,27,0,109.17,83.81,17.3,26.59,874.51,0.08,22.71,0.55,1.53,12.39,1215,3.92
3605,宏致,76,76.5,76,0,0,3115,37.92,-545,0,0,-545,702,904,-202,-0.06,332,423,133,64,160,0.18,0.07,478,735,-257,1976,1517,459,23.46,1124.6,14.55,16.51,11263.17,0.67,24.59,1.35,2.21,16.95,6945,17.47
3607,谷崧,14.25,14.35,14.25,-0.15,-1.04,323,33.64,14,0,0,14,0,0,0,0,0,0,0,0,0,0,0,95,0,95,228,323,-95,36.54,246.69,-0.9,-11.2,2776.02,0.03,13.13,0.2,5.61,7.9,2402,12.17
3609,三一東林,29,29.2,29.1,0.2,0.69,353,22.12,-133,0,0,-133,110,92,18,0.05,-38,0,54,43,49,0.15,0.26,21,0,21,224,263,-39,4.65,21.76,-18.78,1.86,610.3,-1.05,25.08,-8.03,0,24.11,1849,3.84
3611,鼎翰,186.5,189,186.5,-2,-1.06,135,54.07,-29,0,0,-29,26,55,-29,-0.21,-19,19,0,0,38,0.14,0.27,38,21,17,76,64,12,9.18,1019.05,-0.49,-0.64,11439.08,4.56,33.81,3.96,5.36,1.36,162,4.76
3615,安可,45,--,45,4.05,9.89,5523,90.07,523,0,-3,520,3412,2947,465,0.08,3412,3412,0,0,0,0.61,0,501,634,-133,1648,1980,-332,43.69,63.24,-14.83,-30.1,854.93,0.16,23.75,0.72,1.56,35.39,6057,6.85
3617,碩天,188,188.5,188,-3.5,-1.83,286,24.48,7,0,-4,3,104,147,-43,-0.15,-141,0,0,0,141,0,0.48,58,52,6,129,92,37,13.31,1027.69,-10.02,1.22,11945.19,4.13,53.86,4.26,5.32,8.35,1978,9.48
3622,洋華,54.1,54.2,54.1,0.1,0.19,237,48.29,-44,0,0,-44,0,0,0,0,0,0,0,0,0,0,0,55,54,1,183,184,-1,9.26,137.52,29.44,19.22,1737.25,1.09,38.43,2.23,5.91,4.92,1862,15.13
3623,富晶通,22.8,23,22.8,0.85,3.87,304,53.41,14,0,0,14,0,0,0,0,0,0,0,0,0,0,0,0,0,0,306,306,0,60,20.23,-30.77,-26.93,296.78,0.26,10.19,2.13,0,8.28,604,2.92
3624,光頡,91.2,91.3,91.2,7.4,8.83,40871,53.54,-2180,1310,34,-836,17058,20328,-3270,-0.08,-3779,7816,115,109,11601,0.19,0.29,6389,5859,530,17574,14835,2739,44.06,282.46,-1.05,20.97,2833.31,0.75,28.56,2.51,1.21,32.42,9509,11.73
3625,西勝,14,14.05,14,0.1,0.72,264,27.27,-7,0,0,-7,0,0,0,0,0,0,0,0,0,0,0,0,0,0,266,266,0,--,22.87,-50.1,-43.34,400.56,0.01,12.84,0.28,0,--,0,11.42
3628,盈正,62.2,62.4,62.3,-0.6,-0.95,149,32.64,-6,0,0,-6,0,0,0,0,0,0,0,0,0,0,0,10,19,-9,141,132,9,14.94,277.38,-2.84,13.12,3493.53,0.34,27.19,1,5.22,10.38,1168,4.5
3629,地心引力,15.2,18.35,--,--,--,0,--,0,0,0,0,0,0,0,0,0,0,0,0,0,0,0,0,0,0,1,1,0,--,7.85,5711.11,261400,31.17,-0.15,28.29,-10.15,0,--,0,3.3
3630,新鉅科,26,26.05,26.05,0.6,2.36,1239,50.85,-90,0,9,-81,70,0,70,0.06,70,70,0,0,0,0.06,0,42,74,-32,1134,1172,-38,12.35,225.16,5.97,-3.87,2395.7,-0.27,11.07,-1.83,0,8.08,3720,20.42
3631,晟楠,38.15,38.25,38.2,0.1,0.26,93,52.38,-6,0,0,-6,0,0,0,0,0,0,0,0,0,0,0,0,0,0,94,94,0,--,2.67,-50.27,38.72,28.74,-0.15,18.14,-1.11,0,4.26,872,8.18
3632,研勤,7.6,7.62,7.62,-0.51,-6.27,55,0,0,0,0,0,0,0,0,0,0,0,0,0,0,0,0,0,0,0,83,83,0,--,19.11,-37.43,-18.38,265.92,0.06,61.89,2.28,0,--,0,4.09
3645,達邁,108.5,109,108.5,1.5,1.4,11786,49.45,460,-3,61,518,6632,6717,-85,-0.01,5506,6163,152,219,590,0.53,0.07,1532,1571,-39,3719,3594,125,57.11,237.11,3.56,16.43,2415.82,0.67,35.12,2.6,1.11,33.79,11553,13.68
3646,艾恩特,23.4,23.5,23.5,0,0,28,82.14,6,0,0,6,0,0,0,0,0,0,0,0,0,0,0,0,0,0,28,28,0,146.88,69.59,16.57,16.68,677.51,-0.36,23.64,-2.78,3.83,11.15,1095,3.93
3652,精聯,29.4,29.45,29.4,-0.2,-0.68,28,39.29,3,0,1,4,0,0,0,0,0,0,0,0,0,0,0,0,0,0,28,28,0,21,257.58,9.13,34.56,2575.75,0.4,34.92,1.58,4.08,4.26,800,7.51
3653,健策,3090,3095,3090,-180,-5.5,1039,71.6,-196,44,49,-103,1061,1108,-47,-0.04,-1104,2,0,0,1106,0,0.99,17,9,8,60,20,40,85.48,2311.15,6.82,26.92,21318.67,9.53,41.78,6.32,0.71,7.95,2916,14.67
3661,世芯-KY,4430,4440,4430,-160,-3.49,1292,39.25,-124,0,-13,-137,1325,1355,-30,-0.02,-14,65,1210,1239,50,0.91,0.92,13,11,2,61,32,29,63.18,2132.65,10.32,-32.31,23729.91,17.55,50.18,3.4,0.78,24.19,4798,8.21
3663,鑫科,83.4,--,83.4,7.5,9.88,14549,77.28,1472,0,72,1544,8317,7781,536,0.04,8317,8317,0,0,0,0.57,0,1410,2145,-735,4921,4721,200,834,473.06,-37.02,0.6,7017.72,0.26,5.18,1.08,0,19.76,4641,10.85
3664,安瑞-KY,7.49,7.54,7.49,-0.82,-9.87,117,38.79,0,0,0,0,0,0,0,0,0,0,0,0,0,0,0,0,0,0,117,117,0,--,17.13,4.73,-26.86,751.37,-1.77,36.1,-155.95,0,--,0,7.19
3665,貿聯-KY,1990,1995,1990,-35,-1.73,3432,32.72,150,-581,50,-381,3488,3625,-137,-0.04,-3191,43,348,368,3214,0.11,0.97,21,13,8,165,37,128,40.15,7382.96,5.26,18.54,76918.02,11.66,28.77,4.87,0.75,5.79,2824,19.51
3666,光耀,26.75,26.95,26.95,-0.1,-0.37,61,45.9,-8,0,0,-8,0,0,0,0,0,0,0,0,0,0,0,0,0,0,61,61,0,--,44.56,23.74,2.1,419.04,-0.4,-18.51,-3.11,0,8.32,1226,13.89
3669,圓展,36.6,36.75,36.7,-0.1,-0.27,151,45.89,-4,0,-4,-8,0,0,0,0,0,0,0,0,0,0,0,0,0,0,153,153,0,20.16,231.99,-21.77,17.04,2695.26,0.7,60.62,1.99,2.72,3.47,806,9.29
3672,康聯訊,10.5,11.05,11.1,0.1,0.91,68,44.12,27,0,0,27,0,0,0,0,0,0,0,0,0,0,0,0,0,0,68,68,0,--,22.63,-32.45,120.07,211.7,-0.39,32.75,-4.97,0,--,0,4.08
3673,TPK-KY,75.4,--,75.4,6.8,9.91,30762,80.04,1066,0,572,1638,22087,16760,5327,0.17,20862,21762,66,405,561,0.7,0.03,2561,5146,-2585,6372,9115,-2743,20.71,6803.84,8.73,5.83,67393.6,1.33,9.38,1.22,2.39,19.11,19432,40.67
3675,德微,283.5,--,283.5,25.5,9.88,2610,86.54,68,89,51,208,2357,1751,606,0.23,2255,2230,127,102,0,0.89,0.04,139,463,-324,166,448,-282,100.53,253.87,6.66,19.1,2736.68,1.51,38.26,3.19,1.41,17.45,2315,5.31
3679,新至陞,117.5,118,118,1.5,1.29,22,38.1,1,0,2,3,0,0,0,0,0,0,0,0,0,0,0,5,5,0,18,18,0,13.9,355.78,-6.13,-2.58,4275.79,2.67,31.24,3.47,7.63,0.9,142,6.3
3680,家登,514,515,514,-30,-5.51,3671,35.37,-310,31,-76,-355,2529,3253,-724,-0.19,-3253,0,0,0,3253,0,0.85,1172,514,658,123,57,66,52.56,885.96,34.13,52.74,7805.57,2.55,42.63,2.29,1.34,15.81,3797,9.6
3684,榮昌,59.7,60.5,60.5,-0.6,-0.98,57,19.64,-13,0,0,-13,0,0,0,0,0,0,0,0,0,0,0,0,0,0,58,58,0,16.76,101.22,22.68,0.3,1177.96,0.7,35.11,2.84,4.63,5.29,401,3.03
3685,元創精密,27.05,27.25,27.25,-0.05,-0.18,180,44.94,-21,0,0,-21,0,0,0,0,0,0,0,0,0,0,0,0,0,0,180,180,0,--,161.41,-4.6,74.3,1380.96,0.1,23.33,2.54,0,--,63,7.96
3686,達能,17.15,17.2,17.15,0,0,205,48.78,-56,0,0,-56,0,0,0,0,0,0,0,0,0,0,0,0,0,0,206,206,0,--,2.06,-76.53,-64.13,86.97,-0.01,0.04,-0.16,0,--,0,7.65
3687,歐買尬,68.5,68.6,68.6,5.5,8.72,517,71.82,96,0,-1,95,47,30,17,0.03,47,47,0,0,0,0.09,0,51,20,31,429,477,-48,15.49,162.39,-10.86,10.88,1902.51,0.31,40.71,1.7,2.93,13.59,1021,3.01
3689,湧德,117,117.5,117,-0.5,-0.43,2029,37.13,-649,0,53,-596,938,1311,-373,-0.18,295,654,0,0,359,0.32,0.17,326,207,119,793,540,253,16.18,785.77,7.64,44.31,6884.51,2.04,30.25,3.79,3.13,27.48,6141,8.94
3691,碩禾,146.5,147,147,-7,-4.55,3046,41.03,-86,0,-6,-92,1038,1646,-608,-0.2,-1561,18,0,0,1579,0.01,0.51,615,443,172,1437,1001,436,--,1008.61,9.8,163.41,8047.67,2.97,18.28,4.21,0,22.12,4380,9.19
3693,營邦,533,534,533,-21,-3.79,974,31.26,-7,-27,-1,-35,534,695,-161,-0.16,-562,60,31,53,600,0.09,0.63,446,310,136,51,26,25,61.9,718.18,5.18,10.79,6684.22,1.54,23.22,1.05,1.5,49.71,5342,4.3
3694,海華,64.7,64.8,64.8,4.5,7.46,7057,53.98,655,0,51,706,2882,2386,496,0.07,2882,2882,0,0,0,0.41,0,1300,1181,119,2927,3543,-616,15.36,896.48,-24.59,-3.35,12010.26,1.02,14.75,4.11,3.55,19.02,7368,15.49
3701,大眾控,54.7,54.8,54.7,-0.8,-1.44,1510,36.52,-253,0,2,-251,85,266,-181,-0.12,-211,20,0,73,158,0.01,0.15,255,278,-23,1188,984,204,--,749.86,5.11,-29.99,8545.71,-0.59,14.28,-2.3,0.37,17.72,9552,23.67
3702,大聯大,108.5,109,108.5,-2,-1.81,9999,31.71,1314,-1969,47,-608,8491,8945,-454,-0.05,-5347,1101,1443,1411,6480,0.25,0.79,412,346,66,1149,760,389,13.25,127337.86,-10.1,38.74,1102342.67,3.3,4.49,6.47,3.5,1.02,4299,168.23
3703,欣陸,20.1,20.15,20.1,0,0,692,41.4,-101,0,0,-101,100,52,48,0.07,100,100,0,0,0,0.14,0,168,209,-41,428,435,-7,9.66,2154.92,-17.36,-9.39,33346.52,0.33,14.38,1.02,5.22,0.67,1380,82.32
3704,合勤控,38.05,38.1,38.1,-0.5,-1.3,3739,52.87,957,0,2,959,838,531,307,0.08,-6,310,32,40,308,0.09,0.09,799,801,-2,2132,2437,-305,33.72,2881.18,3.9,43.39,25442.27,0.29,24.01,0.98,1.05,4.73,4913,41.54
3705,永信,55.9,56,55.9,0,0,216,46.01,87,0,-3,84,51,57,-6,-0.03,19,23,28,32,0,0.23,0.15,47,34,13,120,127,-7,18.82,693.85,11.87,-1.53,8020.3,0.89,44.23,2.91,5.37,0.65,436,26.64
3706,神達,80.5,80.7,80.7,0.6,0.75,8133,59.97,-1951,2384,163,596,5599,5086,513,0.06,4838,5293,0,0,455,0.65,0.06,890,808,82,1723,2319,-596,15.4,11633.09,-4.31,31.87,116587.42,1.1,9.21,2.24,4.96,10.21,33872,132.72
3707,漢磊,72.6,72.7,72.7,-4.1,-5.34,14715,36.63,-481,0,-33,-514,4662,7927,-3265,-0.22,-7665,20,200,403,7482,0.01,0.53,2087,2356,-269,8093,4559,3534,--,584.54,7.69,31.01,6161.73,-0.35,5.06,-1.03,0,15.65,13564,39.66
3708,上緯投控,115,115.5,115.5,-1,-0.86,392,41.15,-24,19,-3,-8,154,146,8,0.02,6,55,68,60,57,0.31,0.29,29,66,-37,215,186,29,2.98,108.57,0.22,37.35,878.24,0.13,16.26,-0.04,5.19,17.34,4231,9.21
3709,鑫聯大投控,78.9,79,78.9,-2.4,-2.95,1978,30.81,-159,0,-36,-195,344,640,-296,-0.15,-436,136,0,0,572,0.07,0.29,246,372,-126,1407,985,422,8.02,4514.48,-6.66,9.09,44357.29,3.69,7.6,11.91,3.17,24.13,7576,12.56
3710,連展投控,6.21,6.23,6.22,-0.28,-4.31,252,18.41,-46,0,0,-46,0,0,0,0,0,0,0,0,0,0,0,0,0,0,254,254,0,--,647.61,5.06,8.73,7068.98,-0.74,17.77,-12.41,0,--,0,28.73
3711,日月光投控,472,472.5,472,-38,-7.45,34679,42.45,-3975,18,208,-3749,29435,33941,-4506,-0.12,-32073,0,1869,2940,31002,0.05,0.92,3480,1121,2359,4005,1858,2147,44.57,62247.11,1.09,19.22,680932.94,3.24,20.07,3.86,1.4,0.72,8017,447.06
3712,永崴投控,15.65,15.7,15.7,0.2,1.29,2083,47,68,0,21,89,414,317,97,0.05,8,214,0,0,206,0.1,0.1,147,37,110,1546,1753,-207,--,1641.57,-51.48,-8.29,30699.51,-1.94,37.74,33.76,0,4.55,2803,24.62
3713,新晶投控,13.3,13.35,13.3,0.1,0.76,64,17.19,6,0,0,6,0,0,0,0,0,0,0,0,0,0,0,0,0,0,65,65,0,--,31.34,-13.81,62.3,340.32,-0.22,22.86,-2.72,0,--,0,8.81
3714,富采,66.8,66.9,66.9,-1,-1.47,13760,38.44,-450,0,-63,-513,6797,7214,-417,-0.03,-2706,1978,0,0,4684,0.14,0.34,1754,1951,-197,5307,4692,615,--,2100.07,11.03,4.27,21882.55,-0.2,11.14,-0.32,1.35,20.09,33555,73.79
3715,定穎投控,165,165.5,165,-5.5,-3.23,8726,32.44,-763,-119,-214,-1096,4103,6155,-2052,-0.23,-3956,882,6,112,4732,0.1,0.54,1383,884,499,3565,2011,1554,170.1,2065.74,-4.11,31.22,21086.89,-0.74,16.12,-2,0.65,41.44,29380,28.36
3716,中化控股,34,34.05,34,-0.15,-0.44,165,35.98,-14,0,5,-9,0,0,0,0,0,0,0,0,0,0,0,0,0,0,169,169,0,13.49,675.65,-7.16,-6.24,8499.81,1.57,40.66,2.5,2.94,1.65,616,14.98
3717,聯嘉投控,22.5,22.55,22.5,0.05,0.22,1976,42.11,68,0,-249,-181,331,283,48,0.02,331,331,0,0,0,0.17,0,215,342,-127,1434,1355,79,56.25,579.78,-14.65,--,--,0.47,17.27,2.99,0.89,17.9,9313,20.81
4102,永日,17.15,17.2,17.2,0.2,1.18,146,67.12,21,0,0,21,0,0,0,0,0,0,0,0,0,0,0,0,0,0,147,147,0,--,37.29,-17.36,-17.4,460.59,0.09,26.55,0.69,0,1.86,197,4.24
4104,佳醫,68.6,68.7,68.7,0.6,0.88,362,48.12,-57,0,3,-54,0,87,-87,-0.23,0,0,0,0,0,0,0,73,72,1,306,220,86,15.87,790.64,-6.06,14.66,9084.98,1.12,21.31,1.99,6.26,0.32,153,18.84
4105,東洋,74.2,74.5,74.2,-0.2,-0.27,616,46.74,162,-26,-7,129,365,215,150,0.24,291,335,0,0,44,0.54,0.07,99,143,-44,155,261,-106,11.45,518.18,-13.6,17.92,6593.71,1.78,59.99,6,6.06,1.25,774,24.87
4106,雃博,23,23.1,23.05,0.05,0.22,78,26.87,1,0,0,1,0,0,0,0,0,0,0,0,0,0,0,0,0,0,79,79,0,16.12,221.72,6.65,17.46,2464.22,0.46,49.46,1.85,4.34,1.99,503,10.09
4107,邦特,116,116.5,116.5,-2.5,-2.1,249,23.27,-98,0,0,-98,103,155,-52,-0.2,-155,0,0,0,155,0,0.61,28,38,-10,123,61,62,14.69,193.67,-0.25,6.39,2174.95,2.09,45.21,4.15,4.72,1.96,339,6.93
4108,懷特,11.55,11.6,11.55,0,0,178,44.91,5,0,0,5,0,0,0,0,0,0,0,0,0,0,0,0,57,-57,183,126,57,--,9.76,-1.03,-0.77,138.48,-0.08,35.36,-1.19,0,--,0,19.86
4109,加捷生醫,11.4,11.45,11.45,0.2,1.78,248,68.55,49,0,0,49,0,0,0,0,0,0,0,0,0,0,0,0,0,0,250,250,0,24.36,43.83,-30.66,17.73,493.18,0.15,28.29,1.08,1.75,13.34,3634,11.87
4111,濟生,30.3,30.35,30.35,0.05,0.17,106,48.11,0,0,0,0,0,0,0,0,0,0,0,0,0,0,0,0,35,-35,108,73,35,10.12,127.45,7.6,6.55,1421.47,0.9,40.99,3.83,4.28,5.01,750,5.98
4113,聯上,14.65,14.75,14.75,0.1,0.68,100,47,-2,0,0,-2,0,0,0,0,0,0,0,0,0,0,0,0,0,0,102,102,0,--,0.08,0,-99.83,111.95,-0.22,44.51,-1.18,0,18.52,10704,23.11
4114,健喬,30.65,30.7,30.65,-0.05,-0.16,950,38.53,-198,0,1,-197,433,297,136,0.14,330,283,150,103,0,0.45,0.11,39,269,-230,492,398,94,19.4,570.41,1.39,13.53,6431.62,0.38,42.33,1.34,5.38,2.17,2768,51.02
4116,明基醫,37.05,37.2,37.35,-0.35,-0.93,63,12.7,-4,0,0,-4,0,0,0,0,0,0,0,0,0,0,0,0,0,0,64,64,0,24.25,506.93,12.92,14.46,5415.09,0.28,32.25,2.18,5.35,2.46,274,4.46
4119,旭富,42.4,42.45,42.4,0.8,1.92,314,47.13,-35,0,6,-29,0,30,-30,-0.09,0,0,0,0,0,0,0,81,35,46,240,256,-16,53,88.7,-30.49,-46.49,1282.16,0.17,21.91,0.37,1.77,2.39,715,11.95
4120,友華,46.15,46.3,46.2,0.05,0.11,18,5.56,-1,0,0,-1,0,0,0,0,0,0,0,0,0,0,0,0,0,0,18,18,0,--,395.3,-0.94,5.16,4605.81,-0.29,52,-0.05,8.66,3.32,720,8.67
4121,優盛,14,14.1,14,0.25,1.82,166,51.2,7,0,0,7,0,0,0,0,0,0,0,0,0,0,0,0,0,0,167,167,0,--,300.94,-4.88,-9.18,3781.69,-0.11,33.88,-0.75,0,25.18,5231,8.31
4123,晟德,37.9,37.95,37.95,0,0,1981,45.5,-541,0,50,-491,219,635,-416,-0.21,-382,90,50,195,327,0.07,0.26,362,377,-15,1421,990,431,2.71,177.33,19.92,28.35,1643.32,2.62,46.58,7.17,5.93,7.17,13000,76.9
4126,太醫,79.6,79.7,79.6,-0.4,-0.5,11,36.36,0,0,0,0,0,0,0,0,0,0,0,0,0,0,0,0,0,0,12,12,0,16.28,183.42,-22.27,5.56,2392.6,1.44,31.3,3.46,5.65,4.24,770,7.26
4127,天良,47.3,--,47.3,4.3,10,252,100,-84,0,-1,-85,146,84,62,0.24,146,146,0,0,0,0.57,0,36,0,36,72,170,-98,337.86,68.74,3.02,66.79,622.85,0.75,59.74,7,0,6.6,755,4.58
4128,中天,14.65,14.7,14.65,-0.05,-0.34,1041,45.3,195,0,0,195,98,87,11,0.01,98,98,0,0,0,0.09,0,254,75,179,706,896,-190,--,159.89,-5.75,1.79,1942.07,-0.31,39.02,-2.47,0,4.97,7301,58.82
4129,聯合,91.5,91.6,91.5,-1.9,-2.03,394,12.69,-234,0,0,-234,78,38,40,0.1,-38,0,0,0,38,0,0.1,67,97,-30,253,263,-10,19.22,534.33,-6.68,11.52,5907.8,0.91,79.59,2.07,4.92,7.07,1704,9.64
4130,健亞,27.75,27.85,27.85,0.15,0.54,77,67.53,30,0,0,30,0,0,0,0,0,0,0,0,0,0,0,21,20,1,58,59,-1,--,39.6,18.38,-13.79,465.15,-0.09,30.18,-0.67,0,4.8,1654,13.79
4131,浩泰,35,35.15,35.15,0,0,34,32.35,-3,0,0,-3,0,0,0,0,0,0,0,0,0,0,0,0,0,0,34,34,0,--,27.98,2.29,26.86,241.47,-0.05,50.74,-0.44,0,--,0,3.99
4133,亞諾法,21.1,21.3,21.15,-0.3,-1.4,124,36.07,-1,0,0,-1,0,0,0,0,0,0,0,0,0,0,0,0,0,0,129,129,0,705,29.1,-15.38,-4.6,347.3,0.28,52.5,1.32,0.52,6.79,1028,6.06
4137,麗豐-KY,104.5,105,104.5,1,0.97,129,51.56,-5,0,-1,-6,83,61,22,0.17,83,83,0,0,0,0.64,0,10,25,-15,37,44,-7,13.3,348.8,1.54,4.46,4013.3,1.41,79.65,2.14,9.57,5.04,1039,8.25
4138,曜亞,51.2,51.4,51,0,0,43,30.23,-5,0,0,-5,0,0,0,0,0,0,0,0,0,0,0,10,0,10,35,45,-10,14.13,116.65,-8.14,10.58,1389.46,0.84,40.5,1.91,8.24,0.46,46,3.99
4139,馬光-KY,23.25,23.3,23.3,-0.75,-3.12,11,18.18,1,0,0,1,0,0,0,0,0,0,0,0,0,0,0,0,0,0,11,11,0,--,91.63,0.19,-0.46,1082.38,-0.55,5.76,-6.49,0,--,1305,4.5
4142,國光生,17.35,17.4,17.35,-0.25,-1.42,1310,41.71,-221,0,0,-221,186,132,54,0.04,186,186,0,0,0,0.14,0,244,190,54,887,995,-108,--,22.75,-65.27,474.37,1430.5,-0.44,-90.58,-4.05,0,6.56,7044,42.95
4147,中裕,49.2,49.3,49.2,-1,-1.99,975,46.71,-482,0,0,-482,60,117,-57,-0.06,-117,0,0,0,117,0,0.12,200,302,-102,722,563,159,--,47.23,-39.78,21.81,609.65,0.06,62.5,0.43,0,12.98,8865,27.32
4148,全宇生技-KY,34,34.5,34,0.4,1.19,103,33.66,-4,0,0,-4,0,0,0,0,0,0,0,0,0,0,0,0,0,0,103,103,0,15.74,362.01,69.39,55.04,3065.47,0.08,27.89,0.43,2.94,3,505,6.72
4153,鈺緯,30.35,30.6,30.85,0.35,1.15,18,55.56,1,0,0,1,0,0,0,0,0,0,0,0,0,0,0,0,0,0,19,19,0,20.03,74.13,-17.01,-15.98,870.53,0.42,27.84,2.52,6.48,2.93,430,5.87
4154,樂威科-KY,13.6,13.95,14.1,0.35,2.55,19,26.32,3,0,0,3,0,0,0,0,0,0,0,0,0,0,0,0,0,0,20,20,0,--,2.44,8.34,99.27,26.89,-0.25,17.23,-3.77,0,--,0,3.84
4155,訊映,14.6,14.7,14.7,0.25,1.73,599,62.33,-59,0,-1,-60,0,0,0,0,0,0,0,0,0,0,0,144,0,144,462,606,-144,18.85,127.2,-13.01,-9.39,1514.9,0.39,31.96,2.46,2.04,2.86,1036,14.48
4157,太景*-KY,9.2,9.22,9.2,-0.04,-0.43,1633,32.21,-677,0,1,-676,0,0,0,0,0,0,0,0,0,0,0,0,0,0,1640,1640,0,115,2.28,57.57,-37.76,257.55,-0.02,52.51,-1.35,0,4.46,7943,0.01
4160,訊聯基因,40.9,41.05,40.9,-0.65,-1.56,61,32.79,7,0,0,7,0,0,0,0,0,0,0,0,0,0,0,0,0,0,74,74,0,78.65,52.78,-18.45,7.48,612.8,0.01,40.36,0.04,1.22,1.87,125,2.67
4161,聿新科,23.45,23.65,23.6,0,0,41,40,-1,0,0,-1,0,0,0,0,0,0,0,0,0,0,0,0,0,0,41,41,0,19.03,64.51,-32.15,12.8,873.08,0.3,29.15,1.78,2.97,7.62,1139,5.98
4162,智擎,55.1,55.2,55.2,0.8,1.47,395,50.25,127,0,2,129,39,0,39,0.1,39,39,0,0,0,0.1,0,52,129,-77,309,271,38,19.03,24.01,-84.46,-2.14,963.3,0.96,93.65,2.75,3.62,7.8,2839,14.57
4163,鐿鈦,112,112.5,112.5,-11.5,-9.27,312,33.11,10,0,0,10,36,51,-15,-0.05,-36,0,15,23,28,0.05,0.16,40,98,-58,243,170,73,24.62,237.46,8.57,20.3,2455.91,1.29,42.88,2.29,3.11,2.35,298,5.07
4164,承業醫,28.3,28.4,28.4,-0.15,-0.53,420,40,0,0,1,1,0,0,0,0,0,0,0,0,0,0,0,0,49,-49,429,380,49,26.54,304.39,-47.25,21.8,4608.45,0.13,23.13,0.46,3.87,15.32,7299,19.53
4166,友霖,25,25.1,25,-0.6,-2.34,339,23.89,-110,0,0,-110,0,51,-51,-0.15,-51,0,0,0,51,0,0.15,20,31,-11,319,257,62,30.86,131.04,21.76,27.56,--,0.16,55.85,1.5,0,0.99,603,24.3
4167,松瑞藥,18.7,18.75,18.7,-0.15,-0.8,706,35.88,-305,0,-1,-306,0,54,-54,-0.08,-54,0,0,54,0,0,0.08,66,282,-216,644,374,270,23.97,95.69,12.11,-19.39,1148.39,0.29,30.97,2.44,7.91,13.35,10363,31.04
4168,醣聯,25.05,25.1,25.05,-0.65,-2.53,486,25.38,4,0,0,4,0,0,0,0,0,0,0,0,0,0,0,0,30,-30,488,458,30,--,1.9,--,185.71,37.58,-0.67,45.25,-8.03,0,--,186,11.25
4169,泰宗,150,152,150,-0.5,-0.33,120,39.17,9,0,0,9,24,32,-8,-0.07,-8,0,24,24,8,0.2,0.26,4,18,-14,95,73,22,--,59.14,-4.27,15.4,--,-0.45,44.65,-2.43,0.24,--,0,6.64
4171,瑞基,18.25,18.35,18.3,0.45,2.52,225,50,-14,0,0,-14,0,0,0,0,0,0,0,0,0,0,0,0,0,0,229,229,0,--,20.19,-6.42,4.66,233.45,-0.09,71.8,-1.05,0,5.13,745,5.81
4173,久裕,18.3,18.4,18.35,0,0,117,22.41,17,0,0,17,0,0,0,0,0,0,0,0,0,0,0,0,0,0,124,124,0,17.64,122.73,-7.72,16.23,1581.71,0.26,20.38,0.97,5.67,1.95,364,7.46
4174,浩鼎,32.5,32.7,32.5,0.05,0.15,271,62.96,42,0,0,42,0,38,-38,-0.14,0,0,0,0,0,0,0,60,0,60,221,243,-22,--,3.45,30.71,-32.81,48,-3.35,-497.41,-20.28,0,4.01,1318,13.16
4175,杏一,52.9,53,52.9,-0.1,-0.19,25,19.05,3,0,0,3,0,0,0,0,0,0,0,0,0,0,0,0,10,-10,27,17,10,17.18,644.4,-5.53,3.57,8019.38,0.43,33.47,1.16,5.67,0.34,36,4.23
4178,永笙-KY,18.95,19,19,0.05,0.26,489,41.84,110,0,0,110,0,59,-59,-0.12,-59,0,0,0,59,0,0.12,157,68,89,334,364,-30,--,32.67,17.61,29.7,--,-0.19,27.68,-2.13,0,--,0,21.59
4183,福永生技,12.45,12.7,12.45,-0.6,-4.6,26,38.46,0,0,0,0,0,0,0,0,0,0,0,0,0,0,0,0,0,0,27,27,0,--,28.3,49.98,-22.56,434.65,-0.52,15.27,-4.47,0,--,0,2.38
4188,安克,11.25,11.35,11.25,-0.25,-2.17,30,10.71,-2,0,0,-2,0,0,0,0,0,0,0,0,0,0,0,0,0,0,30,30,0,--,2.68,39.79,-3,29.96,-0.21,48.76,-2.76,0,--,0,6.33
4190,佐登-KY,24.35,24.5,24.5,-0.1,-0.41,15,25,-1,0,1,0,0,0,0,0,0,0,0,0,0,0,0,0,0,0,18,18,0,--,179.9,-13.88,5.22,2227.89,-0.26,65.46,-0.96,2.04,1.94,298,6.14
4192,杏國,19.5,19.9,--,--,--,0,--,0,0,0,0,0,0,0,--,0,0,0,0,0,--,--,0,0,0,0,0,0,--,1.92,-9.08,-18.62,27.34,-0.37,64.05,-5.43,0,--,0,3.52
4198,欣大健康,37.2,37.95,37.3,-2,-5.09,6,16.67,-1,0,0,-1,0,0,0,0,0,0,0,0,0,0,0,0,0,0,6,6,0,--,8.47,-35.2,-38.53,172.69,-0.39,36.4,-3.5,0,--,0,2.41
4205,中華食,72.8,72.9,72.9,0,0,18,38.89,0,0,0,0,0,0,0,0,0,0,0,0,0,0,0,0,0,0,24,24,0,17.78,167.11,-0.97,6,2074.35,0.89,36.33,3.66,4.8,0,1,9.76
4207,環泰,19.2,19.25,19.25,-0.25,-1.28,496,42.12,-25,0,0,-25,90,144,-54,-0.11,-144,0,0,0,144,0,0.29,180,0,180,228,354,-126,9.77,496.51,3.57,13.56,5264.22,0.49,20.07,3.36,6.23,1.77,881,19.85
4303,信立,46.1,46.25,46.1,-1.2,-2.54,871,24.71,-83,0,-5,-88,0,146,-146,-0.16,-146,0,0,0,146,0,0.16,91,90,1,798,653,145,14.78,96.35,2.08,23.25,1009.77,-0.48,19.53,-1.23,10.85,36.12,8542,9.46
4304,勝昱,28.4,29.9,28.95,0.05,0.17,8,62.5,-1,0,0,-1,0,0,0,0,0,0,0,0,0,0,0,0,0,0,8,8,0,--,31.6,-32.49,-3.95,346.32,-0.13,14.08,-2.6,0,--,0,6.1
4305,世坤,44.05,44.5,44.25,0.25,0.57,7,85.71,-1,0,0,-1,0,0,0,0,0,0,0,0,0,0,0,0,0,0,7,7,0,11.43,103.58,13.94,5.3,1071.33,1.13,33.92,4.85,7.01,0.04,5,5.5
4306,炎洲,13.7,13.8,13.8,0.2,1.47,2307,56.11,1150,0,84,1234,835,347,488,0.21,835,835,0,0,0,0.36,0,551,343,208,943,1639,-696,37.3,1283.9,3.4,24.04,13793.61,0.24,17.04,1.36,5.07,2.58,4360,67.68
4401,東隆興,14.3,14.35,14.3,-0.45,-3.05,100,41.41,-24,0,0,-24,0,0,0,0,0,0,0,0,0,0,0,0,0,0,102,102,0,19.86,348.23,1.75,1.32,3841.33,0.16,8.22,0.72,4.2,2.46,756,12.27
4402,郡都開發,11.5,11.6,11.5,-0.7,-5.74,58,44.83,-4,0,0,-4,0,0,0,0,0,0,0,0,0,0,0,0,0,0,58,58,0,--,1.96,36.99,-15.17,21.46,-0.05,9.18,-0.62,0,--,0,6.8
4406,新昕纖,10,10.05,10.05,0.05,0.5,5,50,0,0,0,0,0,0,0,0,0,0,0,0,0,0,0,0,0,0,5,5,0,--,12.41,-38.74,-78.94,385.87,-0.32,-6.05,-2.7,0,2.79,362,5.19
4413,飛寶企業,17.85,18.15,--,--,--,0,--,0,0,0,0,0,0,0,--,0,0,0,0,0,--,--,0,0,0,0,0,0,19.46,60.54,196.58,-28.33,826.31,0.15,21.88,1.33,1.66,14.47,375,3.13
4414,如興,8.49,8.5,8.5,-0.31,-3.52,790,34.77,-141,0,2,-139,0,0,0,0,0,0,0,0,0,0,0,0,0,0,798,798,0,--,1215.79,22.13,0.01,14039.81,-1.2,15.54,-7.11,1.29,1.63,871,26.38
4416,三圓,11.35,11.45,11.4,-0.15,-1.3,50,36.17,3,0,0,3,0,0,0,0,0,0,0,0,0,0,0,0,0,0,51,51,0,14.25,7.51,-98.79,-8.53,2128.27,0.23,45.88,0.96,0,1.16,214,7.36
4417,金洲,44.75,44.8,44.8,0,0,136,47.06,-1,0,0,-1,0,0,0,0,0,0,0,0,0,0,0,34,32,2,106,108,-2,7.7,291.95,35.8,2.22,3370.88,0.83,30.46,2.12,7.81,0.5,106,8.4
4419,皇家美食,45.15,46.4,46,0.85,1.88,5,60,0,0,0,0,0,0,0,0,0,0,0,0,0,0,0,0,0,0,5,5,0,--,229.5,-0.61,-2.5,2677.15,-0.27,29.7,-2.48,0,--,0,16.92
4420,光明,40,40.1,39.9,-0.05,-0.13,73,55.56,21,0,0,21,0,0,0,0,0,0,0,0,0,0,0,13,0,13,62,75,-13,49.26,92.35,-5.13,0.48,1006.93,0.17,6.06,0.46,7.52,1.48,150,4.05
4426,利勤,7.8,7.81,7.81,-0.04,-0.51,93,35.48,-4,0,6,2,0,0,0,0,0,0,0,0,0,0,0,0,0,0,96,96,0,--,87.94,3.19,26.83,885.67,-0.28,-1.82,-2.64,0,3.11,1343,17.27
4430,耀億,16.65,16.95,16.9,0.25,1.5,7,57.14,-1,0,0,-1,0,0,0,0,0,0,0,0,0,0,0,0,0,0,9,9,0,--,201.85,10.78,11.37,2084.75,0.24,22.09,0.78,2.96,0.21,30,5.63
4432,銘旺實,16.8,16.9,16.9,0,0,82,46.34,-1,0,0,-1,0,0,0,0,0,0,0,0,0,0,0,0,0,0,82,82,0,5.01,53.7,-23.9,13.33,1080.07,2.97,25.07,9.95,2.37,3.96,501,5.06
4433,興采,20.4,20.9,20.75,-0.25,-1.19,13,15.38,-2,0,0,-2,0,0,0,0,0,0,0,0,0,0,0,0,0,0,15,15,0,23.58,165.75,-21.99,-16.98,3443.31,0.14,16.23,3.52,4.82,0.86,132,6.13
4438,廣越,57.8,58,57.9,0.4,0.7,26,61.54,2,0,3,5,0,0,0,0,0,0,0,0,0,0,0,0,0,0,27,27,0,14.77,1506.57,56.78,38.32,19860.81,-0.04,11.91,0.53,3.97,2.82,799,11.34
4439,冠星-KY,91.1,93.1,91.5,-2.5,-2.66,13,15.38,-3,0,0,-3,0,0,0,0,0,0,0,0,0,0,0,0,0,0,13,13,0,11.08,685.36,-21.4,21.19,7138.84,2.59,19.37,2.87,4.37,2.46,234,3.81
4440,宜新實業,18.35,18.5,18.45,0.15,0.82,32,65.62,-17,0,2,-15,0,0,0,0,0,0,0,0,0,0,0,0,0,0,32,32,0,10.73,106.21,-8.78,34.33,1163.99,0.51,17.32,2.62,5.42,0.52,88,6.76
4441,振大環球,198.5,199.5,199.5,-5,-2.44,67,14.93,-1,-37,-1,-39,0,0,0,0,0,0,0,0,0,0,0,10,16,-6,58,52,6,13.99,801.36,32.98,37.34,8078.39,4.81,25.32,4.85,5.41,0.75,127,6.82
4442,竣邦-KY,51,51.4,51,0,0,10,37.5,-1,0,0,-1,0,0,0,0,0,0,0,0,0,0,0,0,0,0,10,10,0,11.36,213.75,29.65,4.2,1706.2,1.17,27.15,4.22,6.86,0.37,30,3.23
4502,健信,15.6,15.65,15.65,-0.25,-1.57,63,17.46,29,0,1,30,0,0,0,0,0,0,0,0,0,0,0,0,0,0,63,63,0,--,107.89,16.07,18.51,1008.77,0.11,20.02,1.1,0,--,540,5.75
4503,金雨,42.5,42.75,42.6,-0.1,-0.23,113,27,-10,0,0,-10,0,0,0,0,0,0,0,0,0,0,0,0,12,-12,114,102,12,19.54,70.1,-21.09,38.44,730.51,0.81,36.36,3.83,0,19.61,2513,7.83
4506,崇友,118.5,119.5,119,0.5,0.42,39,48.65,-4,0,0,-4,0,0,0,0,0,0,0,0,0,0,0,11,5,6,30,36,-6,17.1,516.69,-25.24,4.3,6268.35,2.11,33.53,6.2,4.45,0,2,17.7
4510,高鋒,47.45,47.6,47.45,-2.4,-4.81,3089,27.8,-263,0,-70,-333,182,255,-73,-0.02,-233,0,22,56,199,0.01,0.08,337,629,-292,2595,2229,366,--,177.3,22.19,45.75,1802.67,0.2,18.25,2.25,0,25.81,7032,10.9
4513,福裕,14.55,14.65,14.6,0.1,0.69,284,32.35,-66,0,0,-66,0,0,0,0,0,0,0,0,0,0,0,42,41,1,244,245,-1,--,109.83,27.92,14.97,1191.99,0.05,19.76,0.48,0,12.77,2626,14.38
4523,永彰,27.95,28.1,28,-0.15,-0.53,171,24.7,-52,0,0,-52,0,0,0,0,0,0,0,0,0,0,0,0,25,-25,172,147,25,1.18,63.35,-29.91,-2.26,767.42,-0.15,18.06,-0.87,9.43,8.57,1392,6.49
4526,東台,37.35,37.4,37.4,-0.95,-2.48,7370,40.73,752,0,-62,690,1641,1523,118,0.02,-406,427,266,386,713,0.09,0.15,1309,1136,173,4466,4757,-291,36.31,439.75,-3.86,-10.24,4865.03,-0.65,12.1,-3.44,2.67,12.91,8227,25.48
4527,方土霖,43.6,43.75,43.7,0,0,18,16.67,1,0,0,1,0,0,0,0,0,0,0,0,0,0,0,0,0,0,19,19,0,12.34,254.79,-1.77,23.56,3082.05,0.65,26.04,2.75,6.86,0.55,104,7.62
4528,江興鍛,15.3,15.35,15.45,-0.05,-0.32,35,8.57,2,0,0,2,0,0,0,0,0,0,0,0,0,0,0,0,0,0,45,45,0,--,124.95,11.17,-19.41,1531.57,-0.16,13.08,-0.61,1.29,0.79,167,8.42
4529,淳紳,5.93,5.95,5.93,-0.08,-1.33,330,36.48,0,0,1,1,0,0,0,0,0,0,0,0,0,0,0,0,0,0,331,331,0,--,2.57,308.43,472.16,7.33,-0.17,40.11,-5.17,0,--,0,8.45
4530,宏易,24.8,25.15,--,--,--,0,--,0,0,0,0,0,0,0,--,0,0,0,0,0,--,--,0,0,0,0,0,0,126.5,72.69,64.29,230.49,460.61,-0.2,24.6,-0.45,0,0.44,14,3.58
4532,瑞智,23.25,23.3,23.25,-0.4,-1.69,900,27.69,-246,-40,1,-285,120,149,-29,-0.03,-149,0,0,0,149,0,0.16,135,192,-57,649,563,86,12.99,2324.01,1.57,3.84,19874.56,0.48,14.09,2.23,6.45,2.34,2897,49.49
4533,協易機,31.65,31.7,31.7,-0.35,-1.09,2274,36.7,-299,0,-19,-318,150,384,-234,-0.1,-384,0,0,0,384,0,0.17,171,190,-19,1966,1713,253,1585,304.01,8.16,6.68,3865.12,0.2,25.94,1.21,0.63,23.09,9145,15.84
4534,慶騰,21.9,22.15,22,-0.5,-2.22,415,32.2,-45,0,0,-45,0,0,0,0,0,0,0,0,0,0,0,0,25,-25,419,394,25,115.79,87.45,-2.6,29.23,857.08,0.02,16.31,0.19,0,--,0,8.68
4535,至興,27.45,27.8,27.8,0.25,0.91,7,14.29,-4,0,6,2,0,0,0,0,0,0,0,0,0,0,0,0,0,0,8,8,0,27.52,227.21,3.56,-0.38,2470.39,0.29,17.65,1.62,2.88,0.75,141,7.57
4536,拓凱,157,157.5,157.5,1.5,0.96,703,48.6,6,0,2,8,281,355,-74,-0.1,281,281,0,0,0,0.39,0,148,103,45,288,259,29,11.74,860.7,0.76,-17.22,8938.86,3.61,34.31,3.75,5.08,4.18,949,9.08
4538,大詠城,18.3,18.35,18.35,0.05,0.27,23,65.22,0,0,0,0,0,0,0,0,0,0,0,0,0,0,0,0,0,0,23,23,0,65.54,32.2,5.34,-6.01,397.19,0.1,16.52,0.71,5.45,2.87,427,5.95
4540,全球傳動,72.5,72.6,72.5,1.5,2.11,20482,53.01,2316,0,26,2342,8975,6848,2127,0.1,7218,8112,0,0,894,0.39,0.04,3000,3771,-771,8639,9996,-1357,--,254.26,-26.7,33.35,2939.5,-0.19,13.94,-0.64,0,33.23,9569,11.52
4541,晟田,43.5,43.55,43.5,-0.55,-1.25,446,31.69,-134,0,-2,-136,0,0,0,0,0,0,0,0,0,0,0,0,13,-13,450,437,13,20.91,166.58,-9.88,44.69,1803.21,0.68,20.52,2.72,3.22,25.8,4363,6.76
4542,科嶠,212,215,215,0,0,144,69.6,-17,0,2,-15,62,53,9,0.06,-53,0,0,0,53,0,0.35,20,26,-6,68,71,-3,180.67,96.22,-15.18,7.38,767.25,0.4,39.18,1.78,0.43,51.53,4455,3.46
4543,萬在,38.85,38.9,38.9,0.6,1.57,673,39.58,-77,0,0,-77,0,0,0,0,0,0,0,0,0,0,0,0,13,-13,680,667,13,39.29,75.65,-26.48,8.53,877.75,0.76,34.05,2.52,1.8,6.66,995,5.98
4545,銘鈺,31.4,31.45,31.45,2.4,8.26,555,56.14,-79,0,3,-76,0,0,0,0,0,0,0,0,0,0,0,26,18,8,534,542,-8,--,222.62,41.36,22.6,2361.32,0.21,15.23,0.85,0.41,6.27,1207,7.7
4549,桓達,96.5,96.6,96.6,2.4,2.55,172,70.06,-60,83,0,23,41,0,41,0.23,41,41,0,0,0,0.23,0,46,40,6,88,135,-47,31.67,87.62,-22.2,-26.5,1176.9,0.74,62.38,2.18,3.31,6.99,996,5.7
4550,長佳,24.75,25,25,-0.2,-0.79,48,42.55,-6,0,0,-6,0,0,0,0,0,0,0,0,0,0,0,0,0,0,48,48,0,14.04,41.47,-23.01,-38.68,918.82,0.62,22.76,2.44,4.88,1.08,102,3.78
4551,智伸科,146,146.5,146,0.5,0.34,747,39.59,137,0,-9,128,326,306,20,0.03,318,318,0,0,0,0.42,0,138,168,-30,289,279,10,21.89,772.37,-1.25,18.38,8205.67,2.7,23.48,3.47,2.88,5.62,1620,11.52
4552,力達-KY,19.7,19.85,19.7,-0.1,-0.51,55,47.27,8,0,0,8,0,0,0,0,0,0,0,0,0,0,0,0,0,0,56,56,0,12.79,320.16,0.01,-5.71,3359.95,0.12,17.72,0.21,3.05,7.55,2190,11.6
4554,橙的,30.6,30.75,30.6,0.2,0.66,139,18.84,-19,0,0,-19,0,0,0,0,0,0,0,0,0,0,0,0,55,-55,140,85,55,23.72,55.64,11.41,22.14,504.45,0.04,38.79,0.21,6.54,0.87,57,2.63
4555,氣立,41.55,41.65,41.55,-0.3,-0.72,220,23.29,-42,0,0,-42,0,0,0,0,0,0,0,0,0,0,0,16,13,3,207,210,-3,180.65,161.96,20.68,9.69,1637.49,0.04,30.13,0.19,1.2,14.41,2522,7
4556,旭然,38.3,38.45,38.3,-0.5,-1.29,209,25.37,-86,0,0,-86,0,0,0,0,0,0,0,0,0,0,0,0,18,-18,210,192,18,37.18,59.24,2.33,-10.34,694.7,0.13,36.53,0.67,1.57,2.7,286,4.23
4557,永新-KY,47.35,47.65,47.4,-1.2,-2.47,199,22.11,-7,0,1,-6,0,21,-21,-0.1,-21,0,0,0,21,0,0.1,34,13,21,168,168,0,--,288.39,25.16,-29.11,3573.7,0.11,23,-0.2,4.22,3.39,406,4.8
4558,寶緯,20,20.2,20.2,0.05,0.25,29,82.76,0,0,0,0,0,0,0,0,0,0,0,0,0,0,0,0,0,0,29,29,0,2020,252.97,107.2,84.83,1560.38,0.06,11.17,0.35,0,3.16,395,5
4560,強信-KY,32.8,32.85,32.8,-1.05,-3.1,218,41.94,-67,0,6,-61,0,0,0,0,0,0,0,0,0,0,0,49,55,-6,169,163,6,11.43,174.04,-2.67,14.39,1753.96,0.76,36.23,2.53,4.57,1.6,273,6.81
4561,健椿,48,48.1,48,-1.85,-3.71,269,26.52,-12,0,-17,-29,0,0,0,0,0,0,0,0,0,0,0,20,30,-10,253,243,10,75,129.67,37.42,23.25,967.56,0.25,23.03,1.08,0.42,10.29,1506,5.85
4562,穎漢,41.75,41.8,41.8,-1.15,-2.68,8967,47,46,0,-10,36,2019,2381,-362,-0.04,-1011,207,978,1157,1039,0.13,0.24,1181,1313,-132,5793,5300,493,--,64.19,-11.85,10.03,706.97,0.11,40.69,1.04,0,12.9,2824,8.75
4563,百德,47.75,48.2,47.75,-1.35,-2.75,208,23.56,-39,0,1,-38,0,0,0,0,0,0,0,0,0,0,0,15,0,15,195,210,-15,--,261.09,9.16,17.89,2649.93,-0.52,27.17,-2.19,0,8.36,1149,5.5
4564,元翎,16,16.1,16.05,-0.55,-3.31,1212,31.36,-175,0,13,-162,0,229,-229,-0.19,-229,0,0,0,229,0,0.19,133,289,-156,1092,707,385,--,64.53,38.88,-33.65,955.04,-0.3,-21.44,-1.68,0,20.6,11991,23.28
4566,時碩工業,60.8,60.9,60.8,-1.1,-1.78,596,34.92,-117,0,0,-117,0,45,-45,-0.07,-45,0,0,0,45,0,0.07,131,123,8,476,440,36,66.09,481.19,3.05,5.52,5103.71,0.37,21.89,0.85,1.12,17.96,4938,11
4568,科際精密,40.2,40.3,40.4,0.05,0.12,3,100,0,0,0,0,0,0,0,0,0,0,0,0,0,0,0,0,0,0,3,3,0,27.86,108.97,78.01,16.58,1206.45,0.48,29.31,1.36,4.95,0.61,48,3.17
4569,六方科-KY,170.5,171,171,-15,-8.06,317,24.27,-18,0,0,-18,38,105,-67,-0.21,-105,0,0,0,105,0,0.32,75,57,18,212,163,49,35.48,150.34,-16.05,0.75,1849.45,3.22,28.11,3.55,1.9,11.32,866,3.06
4571,鈞興-KY,227,227.5,227.5,-4.5,-1.94,4116,45.79,513,0,-72,441,2325,2342,-17,0,-1553,347,15,35,1880,0.09,0.46,494,567,-73,1341,1251,90,25.79,235.52,-10.91,10.39,3015.66,2.41,34.5,3.82,2.33,20.79,2756,5.3
4572,駐龍,143,144,144,1,0.7,19,57.89,2,0,0,2,0,0,0,0,0,0,0,0,0,0,0,0,0,0,19,19,0,54.34,52.38,-18.19,-9.62,676.22,0.92,33.39,1.9,3.47,2.88,288,4
4576,大銀微系統,252,252.5,252,-6.5,-2.51,4352,38.5,278,0,-58,220,2316,2723,-407,-0.09,-2522,54,15,71,2520,0.02,0.58,588,703,-115,1558,1036,522,99.21,342.05,6.39,40.28,3080.95,0.96,39.01,2.93,0.32,13.82,4140,11.98
4577,達航科技,124,125.5,124,-3,-2.36,603,39.13,-95,0,1,-94,86,144,-58,-0.09,-101,8,0,16,93,0.01,0.18,97,127,-30,434,346,88,--,66.37,-5.77,62.58,846.37,-0.21,21.85,-1.08,0,11.27,1384,4.91
4580,捷流閥業,81.7,81.9,81.9,-0.1,-0.12,21,85,2,0,0,2,0,0,0,0,0,0,0,0,0,0,0,0,0,0,22,22,0,13.47,180.9,-12.31,-0.09,2305.96,1.76,28.53,2.94,4.88,1.05,123,4.68
4581,光隆精密-KY,49.2,49.25,49.2,-0.05,-0.1,5,0,0,0,-2,-2,0,0,0,0,0,0,0,0,0,0,0,0,0,0,5,5,0,11.74,111.93,11.45,8.42,1092.16,0.88,33.23,2.37,6.1,0.94,80,3.39
4583,台灣精銳,703,715,705,-60,-7.84,232,26.11,-76,0,-20,-96,66,100,-34,-0.14,-94,4,0,0,98,0.02,0.39,166,132,34,19,19,0,61.84,342.54,9.74,35.05,3133.39,3.56,53.13,2.87,1.42,19.6,3928,8.02
4584,君帆,41.7,42.8,41.95,-2.35,-5.3,11,18.18,0,0,0,0,0,0,0,0,0,0,0,0,0,0,0,0,0,0,11,11,0,13.94,89.41,3.45,-25.73,1184.45,0.91,30.16,2.53,4.77,--,0,3
4585,達明,339.5,341,341,-7,-2.01,1173,38.69,-215,0,-35,-250,455,611,-156,-0.13,-239,143,77,149,310,0.18,0.38,188,187,1,578,423,155,258.33,142.15,-31.72,16.31,1829.97,0.65,49.88,0.99,0.29,1.87,488,10.46
4588,玖鼎電力,53.9,54.3,53.9,0.6,1.13,100,32,-14,0,1,-13,0,0,0,0,0,0,0,0,0,0,0,0,0,0,102,102,0,15.14,11.74,-88.79,-83.84,924.31,0.63,32.2,2.86,5.57,3.54,380,4.3
4609,唐鋒,5.14,5.5,--,--,--,0,--,0,0,0,0,0,0,0,0,0,0,0,0,0,0,0,0,0,0,5,5,0,--,22.86,191.61,37.98,161.05,-0.08,0.58,-2.62,0,--,0,4.79
4702,中美實,9.68,9.7,9.7,-0.02,-0.21,72,31.94,-22,0,0,-22,0,0,0,0,0,0,0,0,0,0,0,0,0,0,75,75,0,6.42,5.06,28.97,-21.46,68.8,0.45,37.27,2.45,5.15,9.32,1686,7.23
4706,大恭,31.95,32.5,31.9,-0.6,-1.85,16,100,1,0,0,1,0,0,0,0,0,0,0,0,0,0,0,0,0,0,16,16,0,72.5,112.07,-11.19,29.31,1159,0.28,19.48,1.46,0.94,0.54,107,7.9
4707,磐亞,14.4,14.45,14.4,-0.05,-0.35,1128,32.24,59,0,-1,58,326,157,169,0.15,22,102,0,0,80,0.09,0.07,130,187,-57,681,793,-112,15.48,63.45,-42.02,-48.82,1260.47,0.26,-4.03,1.64,3.47,10.18,10271,40.37
4711,永純,16.5,16.6,16.55,-0.1,-0.6,138,41.18,-15,0,0,-15,0,0,0,0,0,0,0,0,0,0,0,0,0,0,139,139,0,43.55,91.02,14.85,89.33,782.05,0.23,18.67,1.38,3.02,5.27,805,6.11
4714,永捷,13.05,13.1,13.05,-0.4,-2.97,937,29.05,-257,0,-9,-266,0,75,-75,-0.08,-75,0,0,0,75,0,0.08,100,142,-42,842,725,117,--,203.77,-0.94,96.03,1932.24,-0.02,12.99,-0.32,0,15.98,7113,17.81
4716,大立,14.4,14.45,14.45,-0.5,-3.34,494,25.54,-166,0,0,-166,0,0,0,0,0,0,0,0,0,0,0,0,0,0,502,502,0,--,46.54,-27.36,-2.12,529.91,0.17,14.34,1.4,0,44.36,9933,9.44
4720,德淵,24.95,25,24.95,-1.1,-4.22,4928,37.5,845,-3,7,849,496,643,-147,-0.03,-643,0,0,0,643,0,0.13,836,916,-80,3611,3384,227,40.9,363.21,-5.31,18.38,3676.49,0.2,22.2,1.32,1.6,17.7,5068,11.45
4721,美琪瑪,88.3,88.5,88.3,-0.1,-0.11,810,38.2,-4,0,-40,-44,92,95,-3,-0,61,75,17,31,0,0.11,0.04,138,148,-10,594,581,13,22.41,259.19,3.82,-31.86,2691.11,1.67,25.66,9.39,2.6,12.06,2260,7.5
4722,國精化,244.5,245,244.5,-11,-4.31,4005,35.84,60,0,-56,4,2079,2630,-551,-0.14,-1525,495,86,124,1982,0.14,0.52,628,566,62,1369,872,497,143.82,382.7,21.19,3.25,3709.85,0.22,14.15,0.7,0.49,63.75,16381,10.28
4726,永昕,28.6,28.7,28.6,-0.25,-0.87,140,20,-59,0,0,-59,0,0,0,0,0,0,0,0,0,0,0,28,0,28,113,141,-28,--,106.74,12.87,301.01,895.46,-0.56,-30.01,-7.58,0,--,395,20.7
4728,雙美,381.5,387,--,--,--,0,--,0,0,0,0,0,0,0,--,0,0,0,0,0,--,--,0,0,0,0,0,0,28.93,202.15,-10.29,29.7,2083.11,4.07,78.91,15.81,3.15,13.28,1808,5.45
4729,熒茂,25.05,--,25.05,2.25,9.87,7108,68.89,-185,0,-9,-194,2075,1858,217,0.03,2075,2075,0,0,0,0.29,0,876,802,74,4200,4492,-292,250.5,101.65,19.48,11.06,1058.54,0.04,24.61,0.39,0,11.98,2373,7.92
4735,豪展,30.6,30.7,30.6,-0.3,-0.97,22,40.91,1,0,0,1,0,0,0,0,0,0,0,0,0,0,0,0,0,0,23,23,0,9.87,107.74,5.34,43.69,984.85,1.19,33.12,4.54,6.57,2.54,264,4.16
4736,泰博,121.5,122,121.5,-0.5,-0.41,125,40.32,12,0,2,14,21,25,-4,-0.03,21,21,0,0,0,0.16,0,7,38,-31,100,65,35,6.65,368.2,-17.1,-6.19,4277.44,2.99,49.5,2.93,4.94,1.14,273,9.54
4737,華廣,58,58.4,58.2,1.2,2.11,73,45.21,-13,0,1,-12,0,0,0,0,0,0,0,0,0,0,0,21,0,21,54,75,-21,--,141.32,-15.62,-8.43,1749.4,-1.09,30.17,-3.99,0,3.57,690,7.74
4739,康普,94.7,94.9,94.8,1.1,1.17,2591,52.61,268,-168,84,184,918,655,263,0.1,786,890,0,0,104,0.34,0.04,394,528,-134,1306,1434,-128,29.72,1026.89,26.04,96.24,8011.78,1.51,17.93,3.21,1.05,21.39,6497,12.47
4741,泓瀚,55,55.1,55.1,-3.5,-5.97,688,29.96,-86,0,8,-78,0,25,-25,-0.04,-25,0,0,0,25,0,0.04,72,132,-60,625,540,85,110.2,51.52,8.34,20.25,500.17,0.31,35.31,1.14,0.54,16.25,1414,3.48
4743,合一,50,50.1,50,-0.3,-0.6,1432,35.67,-105,0,-12,-117,148,284,-136,-0.09,-225,59,0,0,284,0.04,0.2,359,348,11,950,824,126,--,21.66,50.65,101.83,151.45,-0.31,18.79,-1.45,0,11.63,13963,48.04
4744,皇將,33.5,33.8,33.5,-0.7,-2.05,162,43.83,-86,0,0,-86,40,0,40,0.25,0,0,0,0,0,0,0,0,0,0,123,163,-40,16.83,49.63,-65.86,-27.5,1384.55,-0.11,43.71,-0.49,2.99,21.46,3055,5.69
4745,合富-KY,16.9,16.95,16.9,-0.95,-5.32,270,20,-36,0,0,-36,0,0,0,0,0,0,0,0,0,0,0,0,30,-30,271,241,30,--,287.48,11.27,-10.88,2876.2,-0.4,16.53,-0.99,0,0.68,132,7.74
4746,台耀,51.5,51.6,51.6,-0.3,-0.58,719,35.75,-346,0,0,-346,67,221,-154,-0.21,-174,27,0,0,201,0.04,0.28,64,171,-107,595,333,262,18.3,330.54,-27.51,-25.72,4657.21,0.16,42.98,0.17,5.81,7.81,2348,12.03
4747,強生,57.6,58.1,58.1,0,0,89,66.13,-10,0,0,-10,27,27,0,0,-27,0,0,0,27,0,0.3,31,10,21,32,53,-21,26.9,46.78,-7.15,0.51,569.81,1.46,39.8,3.81,1.81,14.02,1593,4.55
4749,新應材,985,987,985,-20,-1.99,2535,37.52,-531,-13,-2,-546,2184,2443,-259,-0.1,-443,858,287,290,1298,0.42,0.58,402,224,178,133,52,81,77.68,352.64,-18.55,-12.39,4498.33,3.66,45.41,3.72,0.81,25.99,6026,9.27
4754,國碳科,37.95,38.1,38,-0.25,-0.65,41,75.61,2,0,0,2,0,29,-29,-0.69,-29,0,0,29,0,0,0.69,0,0,0,42,13,29,14.18,63.17,7,22.67,596.33,0.95,49.27,5.23,6.05,1.51,114,3.03
4755,三福化,134.5,135,134.5,-0.5,-0.37,266,55.42,-74,55,0,-19,116,108,8,0.03,-5,35,0,0,40,0.13,0.15,49,76,-27,108,89,19,37.26,390.78,1.02,-12.94,4751.1,1.01,22.06,1.61,2.75,6.37,1604,10.07
4760,勤凱,302.5,304,303.5,-0.5,-0.16,1391,48.22,-64,0,-17,-81,521,532,-11,-0.01,55,320,0,0,265,0.23,0.19,383,379,4,506,499,7,40.25,228.86,-7.62,63.1,2209.94,2.55,19.74,7.85,1.55,39.28,3164,3.22
4763,材料*-KY,41.55,41.6,41.55,-0.05,-0.12,5545,49,-218,0,-1,-219,1676,1860,-184,-0.03,179,1175,91,219,868,0.23,0.19,858,980,-122,3055,2749,306,8.04,877.66,-10.17,-41.52,11165.35,1.13,55.58,5.33,7.34,18.77,46409,9.89
4764,雙鍵,300.5,304.5,304.5,4.5,1.5,358,52.87,-70,0,14,-56,241,239,2,0.01,5,131,0,0,126,0.36,0.35,56,77,-21,76,56,20,161.97,336.39,0.53,20.92,3070.96,1.03,26.53,3.7,0.33,25.23,5396,8.55
4766,南寶,359.5,360.5,360,-5.5,-1.5,604,36.32,104,-8,-2,94,310,403,-93,-0.15,-295,52,7,9,345,0.09,0.56,84,74,10,235,152,83,17.34,2285.14,-4.5,14.97,23779.82,6.55,35.11,5.6,5,9.79,2950,12.06
4767,誠泰科技,26,26.3,26.2,0.15,0.58,9,44.44,1,0,0,1,0,0,0,0,0,0,0,0,0,0,0,0,0,0,9,9,0,18.58,80.1,-8.28,-15.74,945.28,0.58,27.28,1.96,4.2,0.01,1,3.14
4768,晶呈科技,421,422,422,-2.5,-0.59,1120,41.91,-31,0,-1,-32,515,695,-180,-0.15,-503,77,18,22,576,0.08,0.51,184,167,17,478,314,164,--,173.68,-1.2,191.53,1613.36,-0.58,13.39,-1.85,0.24,31.92,3789,4.75
4770,上品,227,227.5,227,-4,-1.73,244,31.95,-71,0,3,-68,46,69,-23,-0.09,-58,0,11,0,69,0.04,0.27,36,45,-9,171,139,32,22.43,487.04,0.03,44.41,4968.65,2.52,34.94,2.47,2.64,6.56,1312,8
4771,望隼,198.5,199,198.5,12,6.43,1169,57.21,244,0,50,294,542,423,119,0.1,542,534,8,0,0,0.46,0,242,235,7,403,528,-125,15.23,420.18,20.71,47.26,3842.48,3.66,40.99,5.3,3.53,3.22,473,5.87
4772,台特化,293.5,294,294,-5,-1.67,997,38.91,-48,-20,-17,-85,362,493,-131,-0.12,-194,132,0,6,320,0.12,0.3,238,236,2,481,352,129,60.87,285.08,1.97,210.12,2821.62,1.33,50.96,6.02,1.02,13.67,5048,14.77
4806,桂田文創,10,10.4,10,-0.05,-0.5,23,34.78,0,0,0,0,0,0,0,0,0,0,0,0,0,0,0,0,0,0,24,24,0,--,7.03,-49.53,-12.99,112.4,-0.04,36.91,-0.55,0,--,0,9.99
4807,日成-KY,22.6,22.85,22.6,-0.75,-3.21,270,23.88,28,0,1,29,50,53,-3,-0.01,-53,0,0,0,53,0,0.19,37,23,14,185,196,-11,16.5,173.1,-30.3,47.28,2271.06,1.7,27.72,6.79,0,7.89,967,4.9
4903,聯光通,46.1,46.3,46.1,-0.95,-2.02,3324,42.9,178,0,4,182,440,458,-18,-0.01,123,271,65,112,101,0.1,0.06,518,567,-49,2389,2322,67,29.36,118.42,-0.23,44.15,1547.62,0.37,7.53,3.26,0.65,28.4,4994,10.53
4904,遠傳,98,98.4,98,1.2,1.24,5585,48.67,1791,-36,102,1857,4978,4711,267,0.05,4965,4965,0,0,0,0.88,0,281,336,-55,369,582,-213,24.26,9539.71,4.42,11.34,113079.87,1.03,33.02,3.89,3.89,0.07,645,360.77
4905,台聯電,77.8,78.4,77.9,-1.9,-2.38,23,34.78,3,0,0,3,0,0,0,0,0,0,0,0,0,0,0,0,0,0,23,23,0,18.82,84.05,23.16,31.57,804.96,1.75,27.75,1.89,1.93,1.18,86,2.93
4906,正文,38,38.05,38,-0.9,-2.31,14292,38.52,-2073,-10,-145,-2228,3462,6881,-3419,-0.24,-4456,631,65,361,4791,0.05,0.36,2169,2035,134,8716,5431,3285,--,1148.67,5.36,-23.21,14094.37,-0.32,10.35,-1.13,1.32,26.54,29641,44.68
4907,富宇,38.4,38.45,38.4,-0.35,-0.9,19,31.58,-1,0,0,-1,0,0,0,0,0,0,0,0,0,0,0,0,0,0,20,20,0,10.43,1275.19,27.52,402.71,3399.8,2.76,45.43,12.38,3.91,1.27,376,11.81
4908,前鼎,230.5,231.5,231.5,-3.5,-1.49,523,92.2,16,0,20,36,297,313,-16,-0.03,-254,0,59,40,273,0.11,0.6,75,62,13,166,164,2,116.92,74.05,-18.42,5.02,871.38,0.76,46.86,3.37,0.43,16.64,3254,7.82
4909,新復興,51.4,51.5,51.5,-1.1,-2.09,1139,30.09,-303,0,-37,-340,42,103,-61,-0.05,-79,0,0,0,79,0,0.07,141,190,-49,971,860,111,--,17.07,-18.7,43.72,234.76,0.05,-19.82,0.17,0,23.94,5587,9.34
4911,德英,31.4,31.7,31.85,0.35,1.11,24,33.33,1,0,0,1,0,0,0,0,0,0,0,0,0,0,0,0,0,0,25,25,0,17.22,11.3,6.27,-56.4,246.59,0.23,69.98,1.59,6.19,1.24,197,6.37
4912,聯德控股-KY,102,102.5,102,-4,-3.77,1680,32.89,221,0,4,225,826,1002,-176,-0.1,-940,28,0,0,968,0.02,0.57,301,262,39,570,433,137,46.58,615.55,11.26,30.45,6678.06,1.35,19.98,2.23,1.68,24.35,4078,6.7
4915,致伸,71.9,72,72,0,0,2894,58.52,-300,109,-14,-205,1816,1836,-20,-0.01,705,1001,0,0,296,0.34,0.1,349,558,-209,741,513,228,13.64,5468.32,-2.66,13.41,61978.92,1.3,15.9,2.84,6.35,4.75,5607,47.19
4916,事欣科,81.8,--,81.8,7.4,9.95,3505,100,-5,-135,132,-8,2725,1929,796,0.22,2725,2725,0,0,0,0.76,0,304,695,-391,549,955,-406,14.53,424.75,5.37,50.22,3947.88,4.49,20.15,16.36,0.61,28.9,8952,12.39
4919,新唐,150,150.5,150,1.5,1.01,18969,50,-1965,1245,788,68,11525,13087,-1562,-0.08,-782,6100,0,0,6882,0.32,0.36,2314,1906,408,5349,4195,1154,--,2517.62,-19.81,1.59,30155.23,0.02,39.34,0.05,0,19.36,20316,41.98
4923,力士,35.5,35.7,35.6,-0.95,-2.6,121,15.38,-20,0,0,-20,0,0,0,0,0,0,0,0,0,0,0,14,0,14,111,125,-14,--,80.04,-6.12,13.68,967.6,0.1,27.67,0.81,0,10.73,909,3.39
4924,欣厚-KY,11.8,11.95,11.8,0,0,875,60.5,29,0,0,29,84,0,84,0.1,84,84,0,0,0,0.1,0,127,94,33,665,782,-117,16.39,69.66,-16.52,-7.2,786.84,0.35,28.8,3.33,0,6.82,634,3.72
4927,泰鼎-KY,49.85,49.9,49.9,1.95,4.07,10897,46.93,-1954,0,1,-1953,3433,4228,-795,-0.07,3403,3433,0,0,30,0.31,0,2014,2005,9,5517,4731,786,--,919.13,0.74,-8.1,11149.35,-3.1,-12.49,-15.25,0,52.01,34449,26.49
4930,燦星網,16.55,16.65,16.65,-0.2,-1.19,90,28.09,12,0,0,12,0,0,0,0,0,0,0,0,0,0,0,0,0,0,106,106,0,--,414.57,7.99,21.98,5766.11,-0.5,10.25,-1.12,3.6,17.84,3567,8
4931,新盛力,182.5,183,183,-4.5,-2.4,6502,42.1,-304,0,-207,-511,2914,3615,-701,-0.11,-2448,297,314,581,2478,0.09,0.46,963,1131,-168,2772,1904,868,57.01,302.91,6.99,97.38,2735.69,1.48,22.08,7.58,1.37,54.94,9006,6.56
4933,友輝,67.9,68.4,67.9,0.2,0.3,395,50.13,-39,113,-4,70,48,0,48,0.12,48,48,0,0,0,0.12,0,90,41,49,260,357,-97,12.67,237.71,-18.89,-6.25,2993.88,1.9,32.93,4.26,4.27,7.25,1498,8.26
4934,太極,17,17.05,17,0.2,1.19,1408,42.09,-318,0,-2,-320,100,111,-11,-0.01,100,100,0,0,0,0.07,0,46,279,-233,1267,1023,244,--,14.43,5.65,108.39,118.75,-0.2,-74.68,-5.23,0,--,0,22.5
4935,茂林-KY,36.15,36.2,36.2,0.05,0.14,48,27.08,12,0,0,12,0,0,0,0,0,0,0,0,0,0,0,0,0,0,49,49,0,26.42,328.13,-15.5,-35.5,4823.22,0.4,10.89,0.64,2.76,1.23,397,12.89
4938,和碩,76.8,76.9,76.9,0.4,0.52,7980,64.45,-2114,967,-44,-1191,6709,6436,273,0.03,4778,5017,1692,1931,0,0.84,0.24,331,463,-132,978,1117,-139,17.68,87189.24,3.84,-15.24,1073127.51,0.58,4.42,1.16,5.2,0.82,5483,268.2
4939,亞電,38.35,38.4,38.35,-0.05,-0.13,1840,42.85,-221,0,10,-211,159,170,-11,-0.01,88,39,120,40,31,0.09,0.04,133,225,-92,1572,1469,103,--,142.02,21.39,8.55,1407.85,0.24,28.58,1.72,0.65,19.06,4680,9.82
4942,嘉彰,36.8,36.85,36.8,-0.15,-0.41,50,24,-2,0,0,-2,0,0,0,0,0,0,0,0,0,0,0,0,0,0,50,50,0,12.43,457.07,1.17,-8.76,5961.45,0.52,19.77,0.81,5.43,2.11,751,14.24
4943,康控-KY,9,9.22,9,-0.18,-1.96,23,68.18,0,0,0,0,0,0,0,0,0,0,0,0,0,0,0,0,0,0,24,24,0,--,192.26,-4.71,45.87,1910.89,-0.23,-3.54,-15.7,0,--,0,12.67
4946,辣椒,105,107,105,0,0,26,56,0,0,0,0,0,0,0,0,0,0,0,0,0,0,0,0,0,0,27,27,0,92.11,21.3,2.01,-39.01,302.5,0.41,40.26,3.13,0,--,0,0.89
4949,有成精密,86.4,86.5,86.4,-1.1,-1.26,1320,40.85,-82,-2,-2,-86,198,178,20,0.01,-134,0,0,0,134,0,0.1,198,357,-159,940,801,139,32.12,316.03,0.46,43.92,2689.15,1.19,39.04,4.84,1.62,24.78,4196,6.77
4950,金耘國際,16.25,16.65,16.55,0.1,0.61,28,25.93,3,0,0,3,0,0,0,0,0,0,0,0,0,0,0,0,0,0,29,29,0,38.49,111.17,11.21,9.31,1051.2,0.2,18.13,2.56,0,--,0,5.77
4951,精拓科,117,117.5,117,-4.5,-3.7,248,50.21,25,0,-5,20,51,82,-31,-0.12,-82,0,0,0,82,0,0.33,28,48,-20,176,125,51,18.2,44.45,-3.9,0.44,546.94,1.71,76.42,6.2,3.85,19.16,1636,3.41
4952,凌通,47.9,48,48,-1.75,-3.52,625,33.6,-117,0,7,-110,22,22,0,0,-22,0,0,0,22,0,0.03,12,12,0,600,600,0,43.24,281.21,5.99,10.24,2214.38,0.5,37.01,2.54,2.08,6.12,1665,10.88
4953,緯軟,119,119.5,119,3,2.59,370,58.65,-42,0,0,-42,150,112,38,0.1,150,150,0,0,0,0.39,0,70,53,17,161,216,-55,12.85,1241.09,2.25,32.95,12668.35,2.32,14.23,4.02,4.2,4.21,770,7.31
4956,光鋐,42.6,42.7,42.6,0.65,1.55,3576,45.96,176,-2,-12,162,349,147,202,0.06,349,349,0,0,0,0.1,0,491,587,-96,2750,2857,-107,--,125.11,-11.23,16.45,1414.49,0.24,20.13,1.45,0,26.42,6633,10.04
4958,臻鼎-KY,408.5,409,408.5,20,5.15,36919,56.3,894,3553,-64,4383,30081,29182,899,0.02,5386,5323,24758,24695,0,0.8,0.66,2956,3651,-695,4628,4843,-215,57.7,15196.26,-1.6,11.83,184775.14,1.33,21.64,1.19,0.84,10.49,28078,107.06
4960,誠美材,34.5,34.55,34.55,1.05,3.13,21138,47.04,-1277,0,-7,-1284,6020,8617,-2597,-0.12,3358,5442,512,1690,906,0.28,0.12,3484,3497,-13,11709,9098,2611,--,705.33,15.24,-5.56,8307.98,-0.27,-3.76,-2.13,0,14.51,20740,57.17
4961,天鈺,166.5,167,167,-4,-2.34,956,36.32,-36,1,3,-32,336,495,-159,-0.16,-382,34,0,24,392,0.03,0.43,177,159,18,464,323,141,20.27,1769.82,-3.33,-3.37,17752.56,1.86,27.8,1.41,4.62,6.89,2090,12.13
4966,譜瑞-KY,727,728,728,-29,-3.83,1310,49.53,80,-2,-62,16,941,1130,-189,-0.14,-757,173,20,34,916,0.14,0.71,380,227,153,76,41,35,22.17,1268.93,-14.09,-3.77,16313.89,6.77,40.3,2.39,2.43,30.49,6018,7.9
4967,十銓,257,257.5,257.5,-21,-7.54,7293,33.41,-1881,4,-101,-1978,3749,5661,-1912,-0.25,-5661,0,0,0,5661,0,0.75,1302,863,439,2488,1015,1473,6.59,2014.78,-59.01,78.61,25009.73,27,38.01,38.41,3.88,46.92,10415,8.91
4968,立積,110,110.5,110,-1,-0.9,923,36.68,-283,-15,-7,-305,218,339,-121,-0.13,39,135,0,0,96,0.14,0.1,153,206,-53,583,409,174,37.16,330.07,0.02,-0.42,3841.02,0.58,33.46,1.93,1.45,27.78,6404,9.22
4971,IET-KY,--,645,645,-71,-9.92,608,37.2,1,0,8,9,469,492,-23,-0.04,-492,0,0,0,492,0,0.79,143,126,17,34,28,6,126.47,106.3,-2.87,25.24,1163.02,1.97,47.84,3.83,0.16,44.43,4441,4.72
4972,湯石照明,16.4,16.45,16.4,0,0,35,33.33,-1,0,0,-1,0,0,0,0,0,0,0,0,0,0,0,0,0,0,39,39,0,--,99.33,47.59,24.19,943.68,-0.49,22.1,-1.91,0,0.76,108,5.69
4973,廣穎,110,110.5,110,-10.5,-8.71,5952,28.61,-519,0,-5,-524,2540,3427,-887,-0.15,-3427,0,0,0,3427,0,0.57,799,879,-80,2672,1705,967,11.7,748.84,-13.82,106.1,5532.77,7.46,42.14,20.69,0.91,23.32,3807,6.53
4974,亞泰,73.7,73.8,73.7,-0.1,-0.14,204,34.52,21,0,0,21,0,0,0,0,0,0,0,0,0,0,0,8,16,-8,199,191,8,16.6,374.15,4.58,13.75,3607.9,1.09,13.08,2.45,5.29,7.14,1294,7.25
4976,佳凌,30.8,30.85,30.8,-0.5,-1.6,1680,45.23,-116,0,4,-112,79,125,-46,-0.03,79,79,0,0,0,0.05,0,161,188,-27,1449,1376,73,--,93.78,-0.01,0.95,1023.45,-0.49,-14.13,-3.08,0,12.81,4526,14.14
4977,眾達-KY,203,203.5,203,-6,-2.87,3628,42.35,-81,-2,-68,-151,1746,1970,-224,-0.06,-785,340,170,244,1051,0.14,0.35,396,494,-98,1578,1256,322,45.01,58.03,-33.5,-43.18,966.18,-1.18,19.73,-2.38,1.11,41.83,8385,8.02
4979,華星光,522,523,523,-28,-5.08,871,60.46,75,5,24,104,648,738,-90,-0.1,-702,0,36,46,692,0.04,0.83,230,178,52,73,35,38,95.44,412.78,-8.59,7.73,4541.05,1.62,25.42,5.66,0.42,31.17,11093,14.24
4987,科誠,81.5,81.6,81.5,0,0,53,2.5,-3,0,0,-3,43,45,-2,-0.03,0,0,0,0,0,0,0,0,0,0,16,14,2,13.21,122.57,6.28,11.01,1388.03,1.46,45.39,3.85,6.26,--,0,3.19
4989,榮科,88.6,88.7,88.7,-1.8,-1.99,6427,39.47,-468,0,1,-467,1682,2830,-1148,-0.18,-2161,324,57,209,2333,0.06,0.39,1043,1045,-2,3792,2642,1150,--,379.34,13.33,28.89,3223.76,0.13,4.93,1.24,0,51.42,17712,13.78
4991,環宇-KY,667,669,667,-31,-4.44,1006,83.05,349,-188,-25,136,917,923,-6,-0.01,-841,0,82,76,847,0.09,1.01,92,89,3,22,19,3,275.62,243.93,-27.84,67.92,2527.63,1.67,54.53,5.22,0,29.12,7348,12.09
4994,傳奇,90.7,91.4,91.2,-0.5,-0.55,7,57.14,-3,0,1,-2,0,0,0,0,0,0,0,0,0,0,0,0,0,0,7,7,0,58.46,107.53,-12.34,3.59,1200.4,0.42,67.02,2.72,3.29,14.6,2423,6.64
4995,晶達,45.05,45.4,44.65,0.2,0.45,51,35.29,-4,0,0,-4,0,0,0,0,0,0,0,0,0,0,0,0,0,0,52,52,0,16.36,107.66,-17.89,-7.65,1313.87,1.01,33.13,4.61,4.46,20.58,2191,4.26
4999,鑫禾,19.9,19.95,19.9,-0.1,-0.5,42,73.81,11,0,0,11,0,0,0,0,0,0,0,0,0,0,0,0,0,0,48,48,0,--,157.17,11.85,-15.21,1901.71,-0.54,10.29,-1.25,1.26,1.89,351,7.44
5007,三星,56.1,56.2,56.2,-0.5,-0.88,27,34.62,-6,0,0,-6,0,0,0,0,0,0,0,0,0,0,0,0,0,0,27,27,0,18.49,514.95,-7.81,2.26,6042,0.91,27.58,3.74,5.34,0.01,8,29.49
5009,榮剛,35.25,35.3,35.3,-0.15,-0.42,3088,39.67,151,0,28,179,668,857,-189,-0.06,-719,107,0,0,826,0.03,0.26,540,459,81,1910,1802,108,17.65,1038.71,0.67,-0.25,11398.93,0.5,24.38,1.62,3.4,6.19,9327,60.25
5011,久陽,15.05,15.1,15.05,0,0,225,24.42,-28,0,0,-28,0,0,0,0,0,0,0,0,0,0,0,0,0,0,225,225,0,--,361.32,-8.35,-20.91,4729.36,0.52,6.3,2.67,0,11.68,2575,10.07
5013,強新,26.5,26.55,26.55,-0.35,-1.3,11,45.45,-3,0,0,-3,0,0,0,0,0,0,0,0,0,0,0,0,0,0,12,12,0,18.7,781.81,-0.31,13.09,7797.94,0.38,11.45,1.51,2.64,0.01,4,13.34
5014,建錩,10.25,10.3,10.3,0,0,240,37.82,9,0,0,9,0,0,0,0,0,0,0,0,0,0,0,0,0,0,240,240,0,--,1502.32,-2.25,8.76,15458.74,0.32,5.35,2.14,4.85,4.58,2097,18.33
5015,華祺,22.15,22.25,22.25,0.2,0.91,27,44.44,-2,0,-1,-3,0,0,0,0,0,0,0,0,0,0,0,0,0,0,30,30,0,--,103.23,-13.75,-19.89,1336.39,0.25,18.35,1.23,2.25,0.86,131,6.06
5016,松和,24.9,24.95,24.9,0,0,32,18.75,2,0,0,2,0,0,0,0,0,0,0,0,0,0,0,0,0,0,32,32,0,17.17,195.2,-8.55,6.05,2047.93,0.36,10.55,1.2,4.02,2.29,284,4.96
5201,凱衛,29.35,29.4,29.4,-0.05,-0.17,30,37.5,-3,0,0,-3,0,0,0,0,0,0,0,0,0,0,0,0,0,0,31,31,0,--,16.47,-10.84,-39.8,283.38,-0.67,31.77,-3.97,1.7,72.78,7036,3.87
5202,力新,11.65,11.75,11.65,-0.35,-2.92,163,10,-23,0,0,-23,0,0,0,0,0,0,0,0,0,0,0,0,0,0,165,165,0,--,12.56,25.06,-6.67,147.9,-0.19,72.32,-1.44,1.72,10.5,2338,8.91
5203,訊連,64.3,64.9,64.4,-0.4,-0.62,149,31.76,-6,-2,0,-8,0,17,-17,-0.11,0,0,0,0,0,0,0,15,42,-27,137,93,44,17.6,190.81,5.49,-10.8,2450.85,1.34,84.51,2.25,5.59,7.28,1444,7.94
5205,中茂,20.2,21.4,21.45,0.55,2.63,13,76.92,0,0,0,0,0,0,0,0,0,0,0,0,0,0,0,0,0,0,14,14,0,--,1.07,-26.01,-37.6,27.51,-0.36,13.73,-5.65,0,--,0,1.35
5206,坤悅,22.85,23,22.95,0.1,0.44,24,58.33,1,0,0,1,0,0,0,0,0,0,0,0,0,0,0,0,0,0,25,25,0,4.58,479.24,-71.08,-28.29,4109.45,2.45,40,10.76,6.54,1.82,779,17.15
5209,新鼎,165,165.5,165.5,0.5,0.3,21,61.9,3,0,0,3,0,0,0,0,0,0,0,0,0,0,0,8,4,4,13,17,-4,9.27,285.11,-3.92,-27.74,4981.31,3.34,18,9.47,7.85,0.22,16,2.86
5210,寶碩,25.85,26.05,25.85,-0.85,-3.18,211,21.33,-14,0,0,-14,0,0,0,0,0,0,0,0,0,0,0,0,43,-43,214,171,43,27.8,20.18,-9.93,11.43,278.05,0.24,58.44,2.46,0,--,0,8.22
5211,蒙恬,18,18.1,18,-1.5,-7.69,536,15.6,-55,0,0,-55,0,0,0,0,0,0,0,0,0,0,0,0,108,-108,644,536,108,--,21.65,-2.34,27.64,239.69,-0.18,43.22,-1.71,0,8.68,695,3.2
5212,凌網,46.3,46.75,46.3,-0.3,-0.64,9,22.22,0,0,0,0,0,0,0,0,0,0,0,0,0,0,0,0,0,0,9,9,0,9.65,79.79,-6.31,20.38,1345.62,0.54,46.75,3.18,9.07,1.18,102,3.46
5213,亞昕,26,26.1,26.1,0.1,0.38,434,52.07,35,0,0,35,58,0,58,0.13,58,58,0,0,0,0.13,0,90,81,9,294,361,-67,18.38,2063.65,299.71,14.3,11763.97,-0.12,29.2,-0.57,10.73,2.17,3922,72.13
5215,科嘉-KY,44.8,45,45,-0.5,-1.1,372,46.58,-28,0,1,-27,0,0,0,0,0,0,0,0,0,0,0,41,32,9,334,343,-9,18.37,367.76,26.91,72.73,2912.8,0.87,23.01,1.69,4.44,5.5,884,6.43
5220,萬達光電,22,22.1,22,-0.8,-3.51,51,16,-12,0,2,-10,0,0,0,0,0,0,0,0,0,0,0,0,0,0,51,51,0,--,95.76,-5.98,32.64,762.48,0.45,21.89,2.41,1.36,2.81,279,3.97
5222,全訊,122,123,122,-1.5,-1.21,493,28.92,-108,3,-12,-117,101,200,-99,-0.19,-23,72,0,0,95,0.14,0.18,65,118,-53,351,199,152,64.89,90.82,370.88,45.94,894.21,0.22,53.97,0.82,2.87,9.35,2130,9.11
5223,安力-KY,24.15,24.2,24.15,0.05,0.21,25,50,6,0,0,6,0,0,0,0,0,0,0,0,0,0,0,0,0,0,25,25,0,--,177.75,9.35,-3.19,1949.75,-0.44,13.22,-0.9,0,2.74,305,4.45
5225,東科-KY,70,70.5,70.5,-0.3,-0.42,209,27.75,-4,0,-3,-7,0,0,0,0,0,0,0,0,0,0,0,30,53,-23,183,160,23,7.66,834.89,-14.91,-11.28,10564.66,1.54,14.89,3.66,10.23,8.02,1586,7.91
5227,立凱-KY,25.5,--,25.5,2.3,9.91,878,90.08,80,0,1,81,150,0,150,0.16,150,150,0,0,0,0.16,0,276,230,46,493,689,-196,--,5.13,-53.83,-86.43,223.93,-1.43,-70.7,-20.16,0,--,282,6.8
5228,鈺鎧,45.7,46,45.7,1.3,2.93,383,77.78,-3,0,-5,-8,112,111,1,0,112,112,0,0,0,0.3,0,53,72,-19,220,202,18,51.93,68.95,-15.15,62.03,626.78,0.99,37.35,7.11,0,9.39,893,3.81
5230,雷笛克光學,17,17.1,17,-0.2,-1.16,118,41.03,-8,0,0,-8,0,0,0,0,0,0,0,0,0,0,0,0,0,0,119,119,0,--,113.1,4.52,-4.74,1315.89,-0.28,25.81,-1.19,2.94,7.01,981,5.6
5234,達興材料,397,397.5,397.5,-7,-1.73,516,37.35,-140,2,-10,-148,219,317,-98,-0.18,-95,105,0,4,196,0.19,0.37,106,60,46,216,163,53,51.62,410.51,-3.08,2.18,4733.79,2.21,43.1,6.86,1.64,6.38,1637,10.27
5236,凌陽創新,179,--,179,16,9.82,1795,92.93,385,-2,5,388,1539,996,543,0.3,1539,1539,0,0,0,0.84,0,121,320,-199,182,527,-345,18.78,186.96,-20.34,28.06,2122.45,2.97,61.68,7.18,5.03,3.9,585,6
5243,乙盛-KY,114.5,--,114.5,10,9.57,5040,83.55,-353,0,224,-129,3862,2381,1481,0.29,3862,3862,0,0,0,0.75,0,435,938,-503,837,1815,-978,23.51,1045.71,-5.82,-9.45,11649.72,1.47,24.76,2.93,1.92,25.74,10846,16.85
5244,弘凱,37.55,37.75,37.55,-0.45,-1.18,275,36.16,2,0,0,2,0,0,0,0,0,0,0,0,0,0,0,0,30,-30,278,248,30,--,66.44,17.71,-9.74,817.23,-0.48,24.15,-1.83,1.07,18.45,3148,6.82
5245,智晶,26.35,26.45,26.45,0.7,2.72,128,62.5,36,0,0,36,0,0,0,0,0,0,0,0,0,0,0,0,0,0,130,130,0,--,71.64,25.81,-15.36,721.04,-0.79,2.13,-5.61,0,7.36,830,4.51
5251,天鉞電,26.5,26.8,26.5,-0.9,-3.28,98,20.62,-18,0,-1,-19,0,0,0,0,0,0,0,0,0,0,0,0,0,0,105,105,0,2650,24.83,-36.07,38.86,304.36,0.1,43.27,0.84,0,27.12,1772,3.37
5258,虹堡,59.9,60,60,1.2,2.04,4406,37.91,-874,0,-3,-877,598,1192,-594,-0.13,-667,194,55,99,817,0.06,0.21,767,759,8,3064,2478,586,18.07,721.05,6.82,22.41,8034.45,-0.61,31.99,-1.24,1.67,17.87,4931,11.04
5263,智崴,108,108.5,108.5,-3,-2.69,485,40.48,101,0,-4,97,117,177,-60,-0.12,-119,10,0,0,129,0.02,0.26,125,81,44,251,235,16,--,162.46,2.03,61.94,1484.75,0.67,50.65,1.26,0,29.05,5369,7.39
5269,祥碩,1380,1385,1380,-10,-0.72,1336,32.93,-144,-92,-7,-243,1365,1425,-60,-0.04,-1092,162,0,0,1254,0.11,0.86,15,11,4,86,30,56,17.04,958.73,-23.82,-17.55,14199.36,24.85,50.83,5.06,3.26,17.71,3311,7.42
5272,笙科,22.1,22.15,22.1,0.05,0.23,182,17.03,-73,0,0,-73,0,0,0,0,0,0,0,0,0,0,0,0,0,0,183,183,0,--,29.83,11.87,-21.69,317.02,-0.57,41.09,-3.68,0,6.93,957,5.53
5274,信驊,15920,15950,15925,-225,-1.39,412,39.21,142,-120,-2,20,424,438,-14,-0.03,-359,36,5,5,395,0.09,0.89,4,3,1,20,7,13,135.12,1279.04,3.53,81.59,10741.21,37.41,69.18,20.9,0.51,1.31,124,3.78
5276,達輝-KY,19.7,19.75,19.6,-0.1,-0.51,50,6,1,0,0,1,0,0,0,0,0,0,0,0,0,0,0,27,0,27,23,50,-27,14.31,94.04,7.74,76.16,966.88,0.57,19.73,4.28,4.08,--,0,3.95
5278,尚凡*,23.85,23.95,23.95,0.2,0.84,454,72.46,-26,0,0,-26,191,0,191,0.42,191,0,191,0,0,0.42,0,37,110,-73,228,346,-118,24.95,224.19,-8.18,18.23,2758.52,0.29,53.91,2.13,5.05,2.12,1588,3
5283,禾聯碩,51.9,52.1,51.9,-0.2,-0.38,89,34.83,-4,0,0,-4,29,0,29,0.32,0,0,0,0,0,0,0,19,12,7,43,79,-36,8.78,777.35,39.45,0.64,6431.3,0.16,28.91,0.28,2.31,0.51,111,8.76
5284,jpp-KY,367.5,368,368,-6.5,-1.74,1180,36.39,80,0,-26,54,600,686,-86,-0.07,-329,149,0,0,478,0.12,0.39,160,164,-4,452,362,90,27.46,394.53,-4.08,54.65,4259.98,4.13,37.51,5.69,1.36,37.35,4939,5.29
5285,界霖,75.7,76,76,0.2,0.26,2251,49.64,-148,0,4,-144,358,520,-162,-0.07,-227,161,20,199,209,0.08,0.18,479,548,-69,1434,1203,231,36.19,582.13,22.16,28.38,5499.06,1,18.68,3.44,1.97,19.74,5035,10.2
5287,數字,150,150.5,150,0,0,29,64.29,1,0,0,1,0,0,0,0,0,0,0,0,0,0,0,6,5,1,27,28,-1,10.75,193.67,-1.4,-4.36,2314.59,2.97,68.15,7.05,7.43,1.13,170,6.03
5288,豐祥-KY,145.5,146.5,146,-1.5,-1.02,136,34.09,12,0,0,12,7,51,-44,-0.32,-36,0,0,0,36,0,0.26,21,10,11,110,77,33,12.14,739.44,-11.46,24.84,7121.1,3.59,23.24,3.99,4.45,11.69,2037,6.97
5289,宜鼎,1730,1735,1730,-135,-7.24,5408,36.24,202,-17,-89,96,5516,5654,-138,-0.02,-5649,0,5,5,5649,0,0.98,41,40,1,214,78,136,23.26,6670.83,17.6,583.11,30519.42,57.49,59.1,46.03,0.99,19.2,4626,9.63
5291,邑昇,76.5,77,76.5,3.2,4.37,6292,57.79,741,0,-5,736,2338,1634,704,0.11,2338,2338,0,0,0,0.37,0,920,1190,-270,3067,3501,-434,159.38,151.9,30.37,69.46,1209.63,0.17,20.08,0.68,0,64.65,6447,3.99
5292,華懋,219,220,219,-7.5,-3.31,178,15.73,-37,-1,-14,-52,24,52,-28,-0.15,-52,0,0,0,52,0,0.27,10,51,-41,157,88,69,21.66,151.35,-43.34,-28.63,2706.17,2.58,27.9,5.83,2.97,13.26,1396,4.21
5299,杰力,98.3,99.1,98.8,1,1.02,313,23.45,-63,0,0,-63,50,61,-11,-0.03,-11,0,50,50,11,0.16,0.19,42,26,16,227,232,-5,20.46,143.58,0.84,-0.3,1463.37,1.65,34.47,2.62,3.7,4.85,435,5.09
5301,寶得利,7.02,7.29,7.23,-0.14,-1.9,33,75,0,0,0,0,0,0,0,0,0,0,0,0,0,0,0,0,0,0,34,34,0,--,12.84,-40.73,-44.67,228.25,-0.18,83.76,-2.39,0,--,0,6.59
5302,太欣,9.78,9.8,9.79,-0.18,-1.81,665,14.57,-322,0,0,-322,0,0,0,0,0,0,0,0,0,0,0,100,55,45,568,613,-45,--,1.72,-26.89,18.16,23.69,-0.04,26.25,-0.5,0,--,0,15.99
5306,桂盟,82.7,82.8,82.7,-0.8,-0.96,158,29.94,37,0,0,37,0,47,-47,-0.29,-35,0,0,0,35,0,0.22,29,28,1,133,87,46,13.04,497.01,3.92,7.18,4742.34,1.79,41.83,2.49,4.53,1.5,474,12.6
5309,系統電,64.7,64.8,64.7,-1.3,-1.97,4922,37.33,-547,30,-180,-697,1232,2004,-772,-0.16,-1459,194,0,0,1653,0.04,0.33,858,803,55,2882,2165,717,308.1,305.06,4.59,7.65,3405.5,0.09,24.86,0.08,0.77,32.25,15541,23.04
5310,天剛,21.9,24.5,24.55,0.75,3.15,3,100,0,0,0,0,0,0,0,0,0,0,0,0,0,0,0,0,0,0,3,3,0,350.71,0,-81.25,-98.41,0.66,0.06,10.48,0.59,0,--,0,2.89
5312,寶島科,94.1,94.6,94.3,-0.3,-0.32,87,24.14,-22,0,0,-22,0,0,0,0,0,0,0,0,0,0,0,0,28,-28,89,61,28,15.98,364.92,-11.72,13.95,4344.09,1.48,63.85,2.34,6.89,4.36,654,6.01
5314,世紀*,61.5,61.6,61.5,-3.7,-5.67,5973,26.49,597,4,-47,554,2164,2274,-110,-0.02,-2174,20,38,40,2192,0.01,0.37,753,1343,-590,3137,2437,700,11.94,493.74,9.76,138.62,4156.04,0.37,41.29,4.05,2.88,22.72,16586,1.46
5315,光聯,21.55,21.65,21.55,-0.15,-0.69,348,39.94,-196,0,0,-196,0,0,0,0,0,0,0,0,0,0,0,30,51,-21,319,298,21,12.31,163.95,0.07,-5.49,1960.6,0.44,18.63,2.76,7.42,10.37,2758,10.64
5321,美而快,29.3,--,29.3,2.65,9.94,1292,55.86,-89,0,-9,-98,139,136,3,0,51,139,0,88,0,0.11,0.07,187,97,90,985,1078,-93,--,177.29,4.11,-22.08,2639.84,-2.37,48.36,-16.51,0,8.93,1187,5.32
5324,士開,11.75,11.9,11.9,0.35,3.03,165,68.29,-11,0,0,-11,0,0,0,0,0,0,0,0,0,0,0,45,0,45,122,167,-45,--,56.98,-13.32,-48.01,1043.94,-0.11,51.32,-1.38,0,--,0,22.64
5328,華容,28.1,28.15,28.1,-0.65,-2.26,8687,41.11,1020,0,-75,945,2597,1938,659,0.08,-1615,42,125,58,1724,0.02,0.2,1040,1702,-662,5089,5086,3,62.44,93.87,7.83,13.38,921.51,0.11,22.94,1.03,1.25,14.77,6376,17.27
5340,建榮,101,101.5,101,-1,-0.98,2319,37.37,-603,0,-11,-614,725,1100,-375,-0.16,-62,344,108,225,289,0.19,0.22,359,378,-19,1286,893,393,73.19,225.44,0.73,9.69,2412.1,0.46,21.19,3.92,0.59,16.27,6749,19.49
5344,立衛,15.6,15.7,15.6,-0.1,-0.64,26,47.83,5,0,0,5,0,0,0,0,0,0,0,0,0,0,0,0,0,0,27,27,0,--,31.67,-5.33,10.72,362.42,0.02,12.49,0.39,0,--,0,7.94
5345,馥鴻,20.6,21,21,0.3,1.45,1,100,0,0,0,0,0,0,0,0,0,0,0,0,0,0,0,0,0,0,2,2,0,--,4.13,57.76,562.44,31.66,-0.05,36.77,-0.84,0,--,0,3.78
5347,世界,157,157.5,157.5,-1.5,-0.94,101912,53.29,-35062,14477,2399,-18186,85797,90462,-4665,-0.05,20642,55121,0,0,34479,0.54,0.34,6836,4446,2390,10049,7774,2275,37.95,4026.47,-18.5,9.58,49525.49,1.22,29.29,2.43,2.86,4.76,22215,186.74
5348,正能量智能,15.35,16.9,--,--,--,0,--,0,0,0,0,0,0,0,--,0,0,0,0,0,--,--,0,0,0,0,0,0,--,26.46,8.95,35.69,290.26,-0.23,30.34,-1.75,0,--,0,1.48
5351,鈺創,--,76.8,76.8,-8.5,-9.96,34477,26.85,-8847,0,-2,-8849,11703,24240,-12537,-0.36,-24240,0,0,0,24240,0,0.7,6155,3738,2417,16946,6826,10120,80,1333.1,20.91,417.06,7220.34,1.88,36.65,13.5,0,19.86,16306,32.85
5353,台林,25.65,25.75,25.75,0.05,0.19,123,55.28,-9,0,5,-4,48,0,48,0.39,48,48,0,0,0,0.39,0,0,21,-21,76,103,-27,19.22,142.58,-15.11,18.1,1833.2,0.5,25.42,2.7,3.88,7.81,1479,7.58
5355,佳總,6.04,6.33,6.4,0.06,0.95,38,52.63,0,0,0,0,0,0,0,0,0,0,0,0,0,0,0,0,0,0,38,38,0,--,50.19,10.1,2.52,465.06,-0.14,-9.99,-3.21,0,--,0,16.61
5356,協益,26,26.15,26.1,0,0,91,16.48,-23,0,0,-23,0,0,0,0,0,0,0,0,0,0,0,20,20,0,72,72,0,56.74,296.59,5.16,-1.25,3261.09,0.28,11.11,0.65,7.66,21.64,5575,10.3
5364,力麗店,9.1,9.14,9.1,-0.06,-0.66,97,13.4,7,0,0,7,0,0,0,0,0,0,0,0,0,0,0,0,0,0,97,97,0,--,5.74,-18.71,-77.69,280.56,-0.14,14.05,-1.2,0,12.93,1102,6.38
5371,中光電,68.4,68.5,68.4,-3.4,-4.74,4308,20.07,-782,-1037,-92,-1911,618,2266,-1648,-0.38,-2136,41,0,0,2177,0.01,0.5,783,621,162,2964,1479,1485,114,3171.17,-3.4,16.79,40920.48,-0.3,15.62,-0.43,0.73,20.84,20372,39.1
5381,光譜,25.3,25.55,25.3,0.1,0.4,1044,36.89,-33,0,0,-33,0,45,-45,-0.04,-45,0,0,0,45,0,0.04,182,143,39,884,878,6,38.33,249.32,99.04,11.32,2007.7,0.22,29.35,2.24,0,5.12,1661,20.78
5386,青雲,420,425,420,-25,-5.62,270,41.83,-60,0,7,-53,72,131,-59,-0.2,-113,7,3,6,117,0.03,0.43,62,64,-2,159,99,60,8.31,2535.4,-22.25,405.26,15284.26,43.05,27.1,92.57,1.55,30.37,2696,3.61
5388,中磊,79.5,79.6,79.5,1.9,2.45,8660,61.56,3204,-11,103,3296,6128,4175,1953,0.22,6128,6128,0,0,0,0.7,0,870,1562,-692,1708,2970,-1262,20.18,6860.55,-1.12,65.53,62005.45,1.01,13.66,1.91,3.14,9.34,7103,30.43
5392,能率,42.25,42.3,42.25,0,0,5287,49.63,-222,0,0,-222,2813,2858,-45,-0.01,-743,464,1151,1074,1284,0.3,0.44,344,433,-89,2148,2014,134,--,788.43,5.4,2.01,8751.82,-0.3,14.72,-0.74,0.95,19.01,8393,17.66
5398,慕康生醫,19.3,19.4,19.3,-0.2,-1.03,37,40.54,-3,0,0,-3,0,0,0,0,0,0,0,0,0,0,0,0,0,0,37,37,0,58.48,11.53,23.91,-46.7,223.05,-0.22,0.47,-2.11,0,27.87,3447,4.95
5403,中菲,85,85.2,85,-0.7,-0.82,110,23.64,-45,0,0,-45,0,0,0,0,0,0,0,0,0,0,0,12,21,-9,106,97,9,11.11,282.54,5.54,-7.78,3303.34,1.42,36.91,4.1,7.65,0.39,77,7.82
5410,國眾,37.3,37.45,37.45,-0.25,-0.66,889,39.26,-331,0,0,-331,487,282,205,0.23,-199,83,0,0,282,0.09,0.32,69,153,-84,338,459,-121,11.85,599.44,-22.98,122.27,4998.72,1.48,19.84,8.37,5.61,7.67,1770,9.24
5425,台半,85.6,--,85.6,7.7,9.88,25982,87.52,2007,214,506,2727,21748,16877,4871,0.19,20440,20530,1218,1308,0,0.83,0.05,1403,3483,-2080,3053,5845,-2792,40,1641.69,2.35,2.6,17885.63,0.7,31.29,2.78,2.34,17.64,11617,26.35
5426,振發,17.8,17.85,17.8,-0.2,-1.11,174,43.21,-25,0,0,-25,0,0,0,0,0,0,0,0,0,0,0,0,0,0,176,176,0,45.64,197.65,42.76,23.63,1815.55,0.28,21,1.73,1.69,7.84,2819,14.38
5432,新門,146.5,147,147,4.5,3.16,208,62.5,41,0,0,41,58,10,48,0.23,58,58,0,0,0,0.27,0,18,19,-1,135,182,-47,61,9.05,-51.78,-17.7,199.9,0.27,29.43,1.47,1.02,14.89,770,2.07
5434,崇越,394,394.5,394,-6.5,-1.62,613,25.65,92,-37,-2,53,324,451,-127,-0.2,-405,20,3,6,422,0.04,0.67,90,81,9,224,106,118,16.6,6776.03,-3.4,16.42,71316.25,6.86,13.58,6.73,3.43,1.29,625,19.37
5438,東友,18.5,18.65,18.5,-0.1,-0.54,59,18.64,3,0,0,3,0,0,0,0,0,0,0,0,0,0,0,0,0,0,60,60,0,185,67.66,13.85,-56.4,1075.97,-0.24,10.25,-0.61,4.05,5.22,1469,11.25
5439,高技,379,379.5,379,-2,-0.52,2711,39.06,-85,-20,-36,-141,1628,1686,-58,-0.02,-753,256,510,502,1017,0.27,0.54,329,332,-3,836,774,62,24.74,950.13,3.99,26.16,10954.08,3.51,20.33,7.95,1.9,30.28,7038,9.3
5443,均豪,119.5,120,119.5,-4,-3.24,4637,36.28,-389,0,-204,-593,2241,2646,-405,-0.09,-1798,323,0,0,2121,0.07,0.45,488,601,-113,1994,1477,517,52.41,422.23,4.24,24.44,4949.34,0.19,38.34,0.79,1.84,15.75,6486,16.47
5450,南良,12.6,12.65,12.7,-0.1,-0.78,26,15.38,0,0,0,0,0,0,0,0,0,0,0,0,0,0,0,0,0,0,26,26,0,66.84,246.98,4.26,9.12,2451.6,0.07,26.35,0.48,1.97,4.75,1454,12.24
5452,佶優,32.05,32.2,32.05,-0.3,-0.93,1227,39.21,-185,0,-16,-201,63,118,-55,-0.04,-54,31,0,0,85,0.03,0.07,218,145,73,958,976,-18,128.2,481.03,13.18,6.5,4687.4,0.01,12.02,-0.04,0.78,13.96,5192,14.88
5455,昇益,23.75,24,23.95,-0.55,-2.24,2,100,0,0,0,0,0,0,0,0,0,0,0,0,0,0,0,0,0,0,2,2,0,7.3,0.26,-96.17,-99.98,60.53,-0.15,36.46,-0.71,0,0.49,80,6.55
5457,宣德,28.1,28.2,28.1,-1.9,-6.33,2750,30.86,-392,-150,-45,-587,186,370,-184,-0.07,-370,0,0,0,370,0,0.13,112,698,-586,2488,1718,770,50.18,1961.58,3.75,-5.68,23966.95,-1,13.02,-0.4,5.34,8.74,4291,19.65
5460,同協,15.15,15.25,15.15,-0.1,-0.66,76,14.67,-11,0,0,-11,0,0,0,0,0,0,0,0,0,0,0,0,0,0,77,77,0,--,20.04,-27.04,-6.52,244.01,0.09,32.15,0.71,0,7.33,1077,5.88
5464,霖宏,62.2,62.5,62.5,5.2,9.08,835,83.82,328,0,0,328,485,339,146,0.18,155,364,0,0,209,0.46,0.26,161,191,-30,197,313,-116,--,124.14,2.82,42.5,1058.66,0.16,4.36,0.96,0,23.95,4256,7.11
5465,富驊,24.55,24.6,24.6,-0.2,-0.81,73,36.99,-22,0,0,-22,0,0,0,0,0,0,0,0,0,0,0,0,0,0,74,74,0,23.43,299.42,3.57,-52.81,4623.34,0.39,14.54,2.27,4.88,7.09,1458,14.77
5468,凱鈺,17,17.2,17,-0.5,-2.86,163,2.47,0,0,0,0,0,0,0,0,0,0,0,0,0,0,0,30,29,1,134,135,-1,--,11.7,-59.92,19.07,185.82,0.12,35.44,1.22,0,--,0,5.89
5469,瀚宇博,79.3,79.5,79.4,0.8,1.02,2450,38.62,-168,0,3,-165,885,916,-31,-0.01,885,885,0,0,0,0.36,0,409,398,11,1180,1161,19,13.86,5407.03,-3.33,6.05,62659.91,1.23,16.2,1.93,3.17,13.16,15993,48.62
5471,松翰,47.6,47.7,47.6,-2.8,-5.56,1678,34.03,-188,0,-40,-228,222,292,-70,-0.04,-292,0,0,0,292,0,0.17,172,233,-61,1304,1173,131,49.07,328.47,14.17,25.38,2889.35,0.48,42.56,2.27,1.68,9.39,3942,16.79
5474,聰泰,161,162.5,161.5,-3,-1.82,356,36.54,-27,0,16,-11,52,35,17,0.05,7,27,7,0,27,0.09,0.07,70,93,-23,243,238,5,31.98,104.64,28.34,-11.05,1456.21,0.6,40.31,1.23,2.48,16.18,1608,3.98
5475,德宏,291,292,292,-6.5,-2.18,1602,46.37,115,0,25,140,788,885,-97,-0.06,-452,157,74,87,596,0.14,0.4,299,349,-50,609,461,148,1269.57,158.74,14.52,120.59,1114.8,0.24,28.32,3.38,0,--,0,12.71
5478,智冠,99.2,99.3,99.2,1.3,1.33,200,51.53,34,0,-1,33,16,0,16,0.08,16,16,0,0,0,0.08,0,16,18,-2,171,185,-14,11.67,561.54,-13.11,10.74,6883.81,2.39,56.05,4,7.56,0.93,364,15.61
5481,新華,19.75,19.8,19.75,0,0,136,50.74,-45,0,0,-45,0,0,0,0,0,0,0,0,0,0,0,0,0,0,140,140,0,--,7.34,7.01,-0.76,94.07,-0.1,46.87,-0.58,0,33.23,5932,7.14
5483,中美晶,135.5,136,136,-3,-2.16,7021,33.6,561,39,-176,424,4342,5222,-880,-0.12,-4551,219,228,278,4720,0.06,0.7,820,699,121,2003,1244,759,19.32,6699.35,-9.12,-0.26,78162.05,1.83,23.24,2.2,2.57,5.96,9548,64.12
5484,慧友,40.1,40.15,40.1,-1.3,-3.14,859,39.28,100,-1,0,99,0,0,0,0,0,0,0,0,0,0,0,100,92,8,774,782,-8,108.38,53.82,29.15,16.83,608.23,0.33,16.43,4.42,0,--,0,6.68
5487,通泰,27.05,27.45,27.75,0.4,1.46,47,74.47,-4,0,0,-4,0,0,0,0,0,0,0,0,0,0,0,0,0,0,47,47,0,--,16.02,-2.05,-3.78,156.67,-0.06,34.95,-0.27,0,27.22,1648,2.42
5488,松普,10.65,10.7,10.7,0.4,3.88,1067,70.95,186,0,0,186,0,0,0,0,0,0,0,0,0,0,0,209,50,159,861,1020,-159,59.44,101.52,15.15,93.3,863.7,0.09,18.2,0.8,0.56,5.82,1332,9.16
5489,彩富,39.8,40,39.55,-0.65,-1.62,66,51.52,-6,0,0,-6,0,0,0,0,0,0,0,0,0,0,0,0,0,0,66,66,0,22.34,167.18,1.05,11.05,1748.71,0.29,31.03,1.23,3.79,3.2,821,10.27
5490,同亨,27.9,27.95,27.95,-0.25,-0.89,465,35.5,-181,0,0,-181,0,0,0,0,0,0,0,0,0,0,0,18,0,18,450,468,-18,17.47,139.8,0.2,32.93,1591.07,0.7,44.71,4.72,5.37,7.55,1816,9.62
5493,三聯,90.8,91,90.8,-3.5,-3.71,473,28.63,-10,0,-1,-11,13,42,-29,-0.06,-42,0,0,0,42,0,0.09,37,53,-16,432,387,45,22.04,498.2,-14.49,11.39,5716.87,1.26,12.89,3.96,2.97,20.15,2201,4.37
5498,凱崴,65.4,65.5,65.4,-3.3,-4.8,5737,32.25,-743,0,-25,-768,707,1869,-1162,-0.2,-1761,36,15,160,1652,0.01,0.31,845,1139,-294,4278,2822,1456,545,171.05,5.96,54.64,1613.77,0,13.33,0.04,0.38,19.11,8418,19.35
5508,永信建,48,48.1,48,-0.55,-1.13,304,31.41,-85,0,0,-85,0,22,-22,-0.07,0,0,0,0,0,0,0,31,0,31,284,293,-9,18.6,227.22,-36.88,42.68,2432.03,0.87,42.31,3.44,5.79,5.61,3051,21.74
5511,德昌,71.8,71.9,71.8,-0.2,-0.28,86,21.43,-23,0,0,-23,42,17,25,0.29,0,0,0,0,0,0,0,18,23,-5,27,47,-20,5.97,808.4,-8.04,4.49,11635.63,2.54,18.73,3.97,7.79,1.81,514,11.34
5512,力麒,6.82,6.86,6.82,0,0,653,33.02,-75,0,0,-75,0,0,0,0,0,0,0,0,0,0,0,0,0,0,662,662,0,48.71,422.67,-50.28,-31.15,6785.43,0.05,25.2,0.8,1.47,2.18,4172,76.63
5514,三豐,14.95,15.45,15.25,0,0,1,100,0,0,0,0,0,0,0,0,0,0,0,0,0,0,0,0,0,0,1,1,0,63.54,2.12,-99.6,359.87,672.49,0.32,18.42,2.29,0,0.1,59,23.61
5515,建國,39.75,39.8,39.8,0,0,691,53.94,-122,-7,-11,-140,91,48,43,0.06,91,91,0,0,0,0.13,0,95,135,-40,511,514,-3,6.67,631.97,-33.23,7.59,7703.73,1.96,19.41,7.2,8.29,3.42,1725,20.16
5516,雙喜,11.3,11.4,11.4,0.5,4.59,91,56.67,6,0,0,6,0,0,0,0,0,0,0,0,0,0,0,0,0,0,91,91,0,8.64,119.06,-33.35,-21.38,2337.81,0.55,10.47,6.23,0,--,92,5.15
5519,隆大,32.4,32.45,32.45,0.35,1.09,353,50.58,-36,0,0,-36,0,0,0,0,0,0,0,0,0,0,0,30,73,-43,327,284,43,6.5,117.53,-56.6,-23.13,5345.74,0.58,32.78,2.16,11.71,1.42,780,21.92
5520,力泰,81.1,81.8,--,--,--,0,--,0,0,0,0,0,0,0,--,0,0,0,0,0,--,--,0,0,0,0,0,0,8.13,315.13,3.54,-7.59,4110.85,2.48,24.82,4.78,8.56,0.05,7,6
5521,工信,10.25,10.3,10.25,0,0,2898,44.61,-375,0,-23,-398,350,516,-166,-0.06,-74,207,0,0,281,0.07,0.1,563,445,118,2014,1966,48,15.53,874.24,-33.82,-6.63,9435.62,0.13,5.28,1.12,1.46,12.36,15214,49.23
5522,遠雄,70.8,70.9,70.8,-1.4,-1.94,747,48.79,-186,129,10,-47,208,413,-205,-0.27,-413,0,0,0,413,0,0.55,188,135,53,357,205,152,7.48,229.1,-53.29,743.31,36387.93,1.76,36.85,2.81,7.77,0.49,960,78.16
5523,豐謙,30.05,30.2,30.2,0,0,116,81.03,-2,0,0,-2,48,50,-2,-0.02,-2,48,0,0,50,0.41,0.43,17,17,0,52,50,2,--,0.37,0,0.27,5.25,-0.04,88.3,-0.22,1.66,0.01,3,15.5
5525,順天,22.55,22.6,22.55,-0.05,-0.22,68,47.76,-7,0,4,-3,0,0,0,0,0,0,0,0,0,0,0,0,0,0,70,70,0,9.32,597.48,-31.03,1375.8,4426.04,1,32.74,5.33,5.32,0.48,384,31.81
5529,鉅陞,23.45,23.6,23.45,1.15,5.16,99,40.82,-13,0,1,-12,0,0,0,0,0,0,0,0,0,0,0,0,0,0,101,101,0,7.98,176.24,4414.27,3460.34,1441.58,0.67,35.79,4.51,1.66,10.23,1513,10.18
5530,龍巖,47.3,47.35,47.3,-0.45,-0.94,472,38.94,-186,0,0,-186,0,0,0,0,0,0,0,0,0,0,0,36,76,-40,440,400,40,17.01,393.18,-8.73,26.13,4033.48,0.95,62.02,1.4,0,3.23,3225,42.01
5531,鄉林,7.82,7.87,7.87,-0.12,-1.5,1084,23.61,113,0,18,131,0,0,0,0,0,0,0,0,0,0,0,0,203,-203,1088,885,203,157.4,44.63,9.88,-21.35,1078.25,0.07,6.51,0.07,0,1.12,2749,97.76
5533,皇鼎,13.8,13.85,13.85,0,0,179,10.06,-15,0,0,-15,0,0,0,0,0,0,0,0,0,0,0,0,50,-50,180,130,50,23.08,99.27,-51.14,-27.59,1122.9,0.16,28.63,0.47,4.33,1.03,734,28.52
5534,長虹,75.5,75.6,75.5,-0.8,-1.05,725,35.32,-440,0,10,-430,89,330,-241,-0.32,-330,0,0,0,330,0,0.44,146,201,-55,512,216,296,15.41,214.89,-35.55,13.56,8268.02,0.19,25.17,0.26,7.28,4.59,3622,31.53
5536,聖暉*,944,945,944,-41,-4.16,2556,39.83,39,28,-69,-2,1632,1967,-335,-0.13,-1888,42,0,2,1928,0.02,0.72,953,658,295,99,59,40,26.22,4088.05,-21.27,15.17,45067.55,12.76,25.38,9.41,2.12,4.31,1337,6.2
5538,東明-KY,35.6,36.45,35.6,2,5.95,73,70.83,7,0,3,10,0,0,0,0,0,0,0,0,0,0,0,0,0,0,75,75,0,10.32,1288.94,-0.6,11.29,12937.37,1.12,16.49,2.95,4.21,0.06,32,20.12
5543,桓鼎-KY,29.05,29.6,29,-0.4,-1.36,51,30,1,0,0,1,0,0,0,0,0,0,0,0,0,0,0,0,0,0,51,51,0,--,267.62,-2.4,4.03,3247.45,-0.75,14.14,2.07,0,--,0,4.67
5546,永固-KY,15.6,15.9,15.65,-0.15,-0.95,8,37.5,2,0,0,2,0,0,0,0,0,0,0,0,0,0,0,0,0,0,8,8,0,--,108.84,45.18,-57.85,1467.17,-0.28,-1.29,-1.42,6.39,0.08,17,8.24
5547,久舜,21.4,21.5,21.45,0.1,0.47,34,23.53,0,0,0,0,0,0,0,0,0,0,0,0,0,0,0,0,0,0,34,34,0,8.79,275.13,97.1,53.64,--,0.37,11.54,2.17,9.04,--,0,4.53
5548,安倉,23.7,23.75,23.65,-0.2,-0.84,74,68.92,-4,0,0,-4,46,46,0,0,0,0,46,46,0,0.62,0.62,0,0,0,28,28,0,11.59,189.35,-21.45,8.98,2586.14,0.42,9.51,2.14,8.03,0.42,61,5.78
5601,台聯櫃,35.05,35.5,35.1,0,0,17,82.35,-2,0,0,-2,0,0,0,0,0,0,0,0,0,0,0,0,0,0,17,17,0,83.57,7.91,4.17,0.64,93.76,0.1,60.1,0.46,1.08,0.01,1,6.48
5603,陸海,15.8,15.85,15.85,0,0,200,84.42,-18,0,0,-18,100,133,-33,-0.16,100,100,0,0,0,0.48,0,0,0,0,107,74,33,49.53,104.43,-15.67,-14.31,1348.13,0.07,14.62,0.44,3.15,17.54,4599,10.49
5604,中連,31.3,31.4,31.3,0,0,20,65,10,0,0,10,0,0,0,0,0,0,0,0,0,0,0,0,0,0,23,23,0,32.95,13.7,1.2,4.14,161.45,0.32,82.9,1.72,6.39,0.09,25,10.88
5607,遠雄港,47.9,48,47.95,-0.45,-0.93,283,26.02,6,0,0,6,0,31,-31,-0.11,-31,0,0,0,31,0,0.11,25,29,-4,263,228,35,14.75,434.94,0.3,35.13,4575.3,0.98,51.33,3.23,3.75,1.51,1401,37.06
5608,四維航,14.2,14.25,14.2,-0.05,-0.35,1043,40.54,75,0,0,75,0,303,-303,-0.29,0,0,0,0,0,0,0,332,220,112,718,527,191,61.74,264.87,-2.24,-1.07,3166.16,-0.11,11.52,-0.69,0,5.14,5003,38.93
5609,中菲行,79.5,79.6,79.5,-0.2,-0.25,76,55.26,-9,0,0,-9,16,0,16,0.2,16,16,0,0,0,0.2,0,10,0,10,54,80,-26,10.05,2840.18,7.53,12.01,29669.41,1.66,13.64,3.64,7.04,0.27,96,14.29
5701,劍湖山,3.27,3.38,3.36,-0.05,-1.47,54,9.26,0,0,0,0,0,0,0,0,0,0,0,0,0,0,0,0,0,0,57,57,0,--,38.9,-7.63,-12.72,523.05,-0.17,47.43,-4.73,0,--,0,14.3
5703,亞都,13.55,14.4,--,--,--,0,--,0,0,0,0,0,0,0,--,0,0,0,0,0,--,--,0,0,0,0,0,0,21.54,35.87,-20.02,7.72,470.41,0.27,48.92,3.56,0,--,0,7.02
5704,老爺知,21.25,21.3,21.25,-0.15,-0.7,58,18.97,-4,0,0,-4,0,0,0,0,0,0,0,0,0,0,0,0,0,0,59,59,0,44.27,0.91,7.57,-95.75,331.94,0.28,49.09,1.9,0,0.93,137,5.89
5706,鳳凰,49.55,49.6,49.6,-0.25,-0.5,330,31.61,-127,0,0,-127,27,72,-45,-0.13,-45,0,27,49,23,0.08,0.21,32,89,-57,285,182,103,14.13,279.5,36.16,-20.47,3058.9,0.62,14.96,2.79,9.07,4.5,956,8.49
5864,致和證,30.9,31,31,0,0,3438,39.1,-146,0,0,-146,768,870,-102,-0.03,13,318,0,0,305,0.09,0.09,600,758,-158,2083,1823,260,4.4,1843.01,413.15,2037.17,5484.84,3.4,98.93,17.27,5.16,9.16,10413,45.45
5871,中租-KY,109.5,110,110,0,0,6089,50.38,442,-9,8,441,5515,5294,221,0.04,3915,3915,0,0,0,0.64,0,199,285,-86,427,562,-135,9.47,7950.14,-5.52,-3.87,96539.36,3.26,66.62,2.95,5.45,1.35,5793,171.14
5876,上海商銀,40.55,40.6,40.55,0.75,1.88,16401,56.34,10744,-157,10,10597,15379,9500,5879,0.36,15379,15379,0,0,0,0.93,0,220,1927,-1707,864,5036,-4172,12.91,4216.56,-8.58,-7.14,53334.88,1.05,--,2.35,4.69,0.08,988,486.16
5878,台名,40.5,40.9,40.55,-0.15,-0.37,4,25,1,0,0,1,0,0,0,0,0,0,0,0,0,0,0,0,0,0,4,4,0,13.75,94.79,28.55,-3.86,881.4,0.43,17.14,2.11,5.92,--,0,2.5
5880,合庫金,22.8,22.85,22.8,0.1,0.44,20537,56.39,1880,579,417,2876,17355,15548,1807,0.09,16074,16181,0,0,107,0.78,0.01,841,1488,-647,2471,3631,-1160,16.76,6093.83,14,65.45,73191.52,0.33,--,7.87,4.61,0.05,2051,1568.09
5902,德記,37.7,37.85,37.85,0,0,20,81.25,0,0,0,0,0,0,0,0,0,0,0,0,0,0,0,0,0,0,20,20,0,17.52,174.06,-6.49,-17.51,2178.81,0.46,24.32,3.29,4.36,25.58,6044,9.45
5903,全家,188.5,189,189,0,0,26,24,-1,0,0,-1,8,0,8,0.27,0,0,0,0,0,0,0,8,12,-4,14,18,-4,27.16,9576.33,0.08,9.06,113311.59,1.23,34.69,2.82,3.44,0.03,15,22.32
5904,寶雅,553,558,553,17,3.17,396,45.24,-29,-16,7,-38,234,265,-31,-0.07,228,231,3,6,0,0.54,0.01,168,144,24,33,25,8,17.58,2247.88,-2.53,16.68,26439.89,9.3,45.13,13.66,4.61,0.78,207,10.64
5905,南仁湖,8.1,8.11,8.1,0.06,0.75,296,48.12,12,0,0,12,0,0,0,0,0,0,0,0,0,0,0,0,0,0,300,300,0,--,628.69,46.09,686.38,2022.48,-0.09,36.05,-0.94,0,--,2769,28.16
5906,台南-KY,44.75,45.5,--,--,--,0,--,0,0,0,0,0,0,0,--,0,0,0,0,0,--,--,0,0,0,0,0,0,64.51,136.77,37,12.68,1648.69,0.11,55.89,0.4,1.51,2.74,245,3.57
5907,大洋-KY,5,5.05,5,-0.05,-0.99,224,32.14,-4,0,0,-4,0,0,0,0,0,0,0,0,0,0,0,0,0,0,225,225,0,--,248.16,10.63,11.28,2665.9,-1.01,84.64,-5.19,0,11.52,5632,19.55
6005,群益證,30.6,30.65,30.65,0.1,0.33,8503,45.66,1283,-806,0,477,5059,5039,20,0,1289,3600,0,0,2311,0.42,0.27,765,1208,-443,2719,2296,423,8.56,4647.82,145.33,301.6,25849.39,1.34,75.56,6.02,5.58,0.97,5248,217.09
6015,宏遠證,14.5,14.55,14.5,-0.35,-2.36,2676,35.05,-623,0,0,-623,563,675,-112,-0.04,-121,359,0,0,480,0.13,0.18,451,928,-477,1672,1083,589,7.67,547.9,316.17,4229.16,2721.27,0.89,93.88,6.2,3.79,5.85,5750,39.32
6016,康和證,21.6,21.65,21.65,-0.15,-0.69,4759,36.28,-1126,0,0,-1126,1748,2366,-618,-0.13,-1342,478,161,373,1608,0.13,0.42,500,558,-58,2532,1856,676,5.13,2753.75,2057.36,1127.29,9273.87,1.65,89.99,9.55,6.51,6.95,11921,68.66
6020,大展證,21,21.3,21.3,0,0,20,25,1,0,0,1,0,0,0,0,0,0,0,0,0,0,0,0,0,0,21,21,0,20.29,433.25,2391.11,2338.32,911.41,0.49,92.32,2.52,1.27,0.32,200,25.24
6021,美好證,30.9,31,30.9,-0.25,-0.8,106,29.81,-29,0,0,-29,0,0,0,0,0,0,0,0,0,0,0,0,0,0,108,108,0,5.39,1136.39,329.38,5212.46,4031.28,0.83,84.54,2.64,6.47,0.87,682,31.22
6023,元大期,97.5,97.6,97.5,-0.4,-0.41,133,31.58,6,0,0,6,0,0,0,0,0,0,0,0,0,0,0,18,48,-30,121,91,30,11.39,328.32,-37.22,-15.84,3911.6,2.19,36.6,3.53,5.64,0.21,171,32
6024,群益期,56,56.1,56,0,0,160,34.18,-87,0,0,-87,0,19,-19,-0.12,0,0,0,0,0,0,0,0,37,-37,163,107,56,9.38,157.29,-61.84,-60.71,2638.3,1.76,41.08,4.11,6.2,0.27,171,24.99
6026,福邦證,15,15.05,15,-0.15,-0.99,2248,26.49,-1327,0,0,-1327,400,1011,-611,-0.27,-14,400,0,0,414,0.18,0.18,280,422,-142,1580,827,753,8.82,276.97,2217.74,461.7,1579.33,0.07,89.16,0.47,9.07,3.74,3709,39.62
6028,公勝保經,80.1,80.7,80,-0.8,-0.99,17,17.65,0,0,0,0,0,0,0,0,0,0,0,0,0,0,0,0,0,0,18,18,0,12.5,532.11,-12.05,46.37,--,2.48,12.26,7.61,7.5,--,0,2.5
6101,寬魚國際,38.6,38.7,38.65,0.05,0.13,42,70,-4,0,0,-4,0,0,0,0,0,0,0,0,0,0,0,0,0,0,43,43,0,56.01,83.35,-83.78,-37.78,1453.83,0.91,20.12,8.67,0,--,5665,11.47
6103,合邦,37.1,38.4,--,--,--,0,--,0,0,0,0,0,0,0,0,0,0,0,0,0,0,0,0,0,0,2,2,0,--,5.68,-32.66,9.59,91.26,-0.19,11.5,-1.72,0,0.55,14,1.36
6104,創惟,93,93.1,93,-2,-2.11,1335,23.36,-377,0,-30,-407,71,275,-204,-0.15,-225,11,0,0,236,0.01,0.17,144,328,-184,1147,758,389,20.31,362.53,0.62,-7.25,4027.24,1.34,44.52,5.66,4.84,26.2,5968,9.11
6108,競國,18.45,18.5,18.5,-0.05,-0.27,724,27.32,-120,0,2,-118,65,0,65,0.09,65,65,0,0,0,0.09,0,27,73,-46,636,655,-19,--,524.78,56.76,41.87,4374.28,-1.08,-5.79,-5.16,5.41,6.25,2413,15.45
6109,亞元,10.65,10.75,10.65,-0.2,-1.84,239,25.21,-68,0,1,-67,0,0,0,0,0,0,0,0,0,0,0,0,0,0,241,241,0,--,76.6,9.13,18.61,837.41,-0.24,23.1,-2.73,0,--,66,8.78
6111,光聚晶電,45.45,45.5,45.45,-2.65,-5.51,544,19.11,-99,0,-43,-142,0,0,0,0,0,0,0,0,0,0,0,35,65,-30,515,485,30,--,1078.43,7.68,149.45,10026.26,-0.19,26.38,-0.07,0,8.8,2399,10.91
6112,邁達特,41.65,41.75,41.75,-0.05,-0.12,436,37.39,-51,0,0,-51,0,26,-26,-0.06,-26,0,0,0,26,0,0.06,80,96,-16,366,324,42,16,2193.06,-1.71,26.91,23597.2,0.17,13.87,0.8,3.95,10.99,3361,18.84
6113,亞矽,24.25,24.3,24.25,-0.4,-1.62,363,53.46,0,0,0,0,0,0,0,0,0,0,0,0,0,0,0,0,0,0,367,367,0,--,78.01,-18.61,24.16,710.58,0.2,15.45,1.91,0,9.01,1183,5.25
6114,久威,29.95,30.1,30,-0.5,-1.64,21,9.52,-4,0,0,-4,0,0,0,0,0,0,0,0,0,0,0,0,0,0,22,22,0,71.43,82.88,19.71,-12.72,805.48,0.97,16.53,2.65,1.67,10.3,1131,4.39
6115,鎰勝,46.6,46.65,46.65,0,0,167,39.68,-20,0,0,-20,100,100,0,0,100,100,0,0,0,0.59,0,0,0,0,69,69,0,16.43,738.56,2.26,15.42,7678.93,0.71,14.63,2.41,6,0.12,57,18.77
6116,彩晶,10.1,10.15,10.15,-0.2,-1.93,39123,39.92,1028,0,-1079,-51,22004,20424,1580,0.04,-9296,4297,0,0,13593,0.11,0.35,3568,4432,-864,13627,14343,-716,--,1034.59,-6.17,2.84,11581.25,-0.06,-0.89,-0.54,0,4.54,32467,285.87
6117,迎廣,79.7,79.8,79.8,-0.1,-0.13,368,42.42,-8,0,-6,-14,43,0,43,0.12,43,0,43,0,0,0.12,0,30,73,-43,300,300,0,17.35,304.72,-15.3,6.25,3387.74,1.33,37.56,5.36,2.51,16.39,3792,9.26
6118,建達,17.2,17.25,17.2,-0.25,-1.43,671,37.29,-185,0,0,-185,0,0,0,0,0,0,0,0,0,0,0,50,36,14,625,639,-14,52.12,732.01,-12.12,-18.35,10159.49,-0.04,4.8,-0.29,0,11.4,2591,9.09
6120,達運,12.6,12.65,12.65,-0.1,-0.78,1970,44.17,42,75,13,130,104,0,104,0.05,104,104,0,0,0,0.05,0,110,381,-271,1769,1602,167,--,1339.84,-23.18,-24.3,16446.76,-0.15,3.57,-1.03,1.98,5.76,8622,59.9
6121,新普,374.5,375,374.5,9.5,2.6,768,42.97,278,-9,0,269,603,445,158,0.2,584,594,0,0,10,0.75,0.01,55,95,-40,135,253,-118,12.61,6908.84,0.62,4.4,82533.12,6.83,17.95,3.64,5.82,1.23,568,18.5
6122,擎邦,47.5,47.7,47.55,0.5,1.06,170,44.31,1,0,0,1,0,0,0,0,0,0,0,0,0,0,0,0,0,0,174,174,0,10.34,287.38,-17.67,-15.34,4059.48,1.03,15.03,4.38,7.15,6,1172,7.81
6123,上奇,44.2,44.3,44.25,-0.1,-0.23,31,50,7,0,0,7,0,0,0,0,0,0,0,0,0,0,0,0,0,0,32,32,0,15.8,361.55,-5.25,-5.97,4899.04,0.7,13.38,3.09,8.14,1.88,292,6.21
6124,業強,28.75,29.15,29,0.4,1.4,21,57.14,0,0,0,0,0,0,0,0,0,0,0,0,0,0,0,0,0,0,23,23,0,--,197.91,-1.16,-5.46,1890.96,0.17,14.49,1.03,0,0.94,428,18.25
6125,廣運,56.7,56.9,56.7,-1.3,-2.24,1682,31.64,-572,0,-37,-609,710,765,-55,-0.03,-741,0,0,0,741,0,0.44,221,291,-70,775,650,125,405,341.27,5.63,56.78,3648.3,0.16,25.09,-0.49,0.88,13.61,8811,25.9
6126,信音,33.6,33.7,33.65,-0.2,-0.59,1458,28.4,-386,0,-1,-387,47,217,-170,-0.12,-217,0,0,0,217,0,0.15,98,134,-36,1322,1116,206,41.54,509.88,1.06,48.32,4487.56,0.35,20.74,1.57,1.78,8.84,2867,12.98
6127,九豪,47.45,47.5,47.45,-1.75,-3.56,10594,39.4,-2213,0,-198,-2411,1979,3520,-1541,-0.14,-2324,300,0,0,2624,0.03,0.25,1337,1989,-652,7326,5134,2192,--,87.53,-4.66,-9.6,968.97,-0.51,5.99,-4.66,0,22.73,6142,10.81
6128,上福,19,19.05,19.05,0,0,140,42.86,-1,0,0,-1,0,0,0,0,0,0,0,0,0,0,0,0,27,-27,142,115,27,--,422.68,-13.03,-13.28,5171.67,0.28,39.92,1.3,2.62,0.36,116,12.76
6129,普誠,14.8,14.95,14.85,-0.15,-1,633,33.07,-199,0,-2,-201,0,0,0,0,0,0,0,0,0,0,0,0,40,-40,636,596,40,--,134.84,-6.21,28.76,1271.99,-0.17,33.71,-1.72,0,--,84,18.09
6130,上亞科技,22.1,22.2,22.1,-0.35,-1.56,232,24,-47,0,0,-47,0,0,0,0,0,0,0,0,0,0,0,0,30,-30,233,203,30,--,14.76,3.35,-6.04,153.14,-0.31,34.85,-2.58,0,41.86,3663,4.63
6133,金橋,22.6,--,22.6,2.05,9.98,3069,86.04,280,0,-1,279,1072,271,801,0.26,1072,1072,0,0,0,0.35,0,226,307,-81,1783,2503,-720,30.96,126.57,7.36,1.24,1438.72,0.13,23.97,0.93,4.42,11.34,3316,11.7
6134,萬旭,30.3,30.45,30.3,-0.7,-2.26,449,37,-74,0,3,-71,0,0,0,0,0,0,0,0,0,0,0,0,0,0,455,455,0,81.89,215.56,16.02,45.85,2167.19,0.15,21.45,1.27,0.66,22.82,4386,8.19
6136,富爾特,24.55,24.6,24.55,-0.35,-1.41,340,55.59,-79,0,0,-79,47,0,47,0.14,0,0,0,0,0,0,0,81,0,81,216,344,-128,29.23,50.37,-20.65,26.78,685.45,-0.03,30.09,-0.2,4.73,10.24,2959,11.55
6138,茂達,281.5,282,282,-14,-4.73,1525,29.3,-390,-3,-16,-409,609,887,-278,-0.18,-808,4,0,0,812,0,0.52,295,351,-56,667,333,334,20.69,682.72,1.18,13.83,7769.85,3.68,38.39,7.47,3.9,8.45,1598,7.56
6139,亞翔,738,739,738,17,2.36,7527,57.25,1444,200,55,1699,5917,5359,558,0.07,5570,5766,32,53,175,0.74,0.03,1831,2270,-439,108,227,-119,20.48,8535.66,2.32,70.59,88463.47,9.45,18.73,10.53,3.12,9.2,5420,23.56
6140,訊達,19.6,19.7,19.6,0.15,0.77,69,31.88,3,0,0,3,0,0,0,0,0,0,0,0,0,0,0,0,0,0,73,73,0,--,145.78,-11.67,-37.71,2135.79,0.37,9.73,3.91,0,--,1340,5.49
6141,柏承,34.15,--,34.15,3.1,9.98,4090,100,562,0,188,750,3457,2538,919,0.22,3457,3457,0,0,0,0.84,0,175,395,-220,491,1191,-700,--,195.71,0.17,19.58,1839.29,-0.58,6.96,-15.82,0,--,54,11.34
6142,友勁,7.84,7.85,7.84,-0.08,-1.01,656,29.01,-251,0,0,-251,0,0,0,0,0,0,0,0,0,0,0,0,0,0,659,659,0,--,137.17,-7.09,-22.98,1774.91,-0.18,6.48,-2.06,0,--,0,33.08
6143,振曜,94,94.1,94,-1,-1.05,626,34.58,-76,0,-35,-111,24,105,-81,-0.13,-71,0,0,0,71,0,0.11,86,149,-63,530,386,144,14.03,730.87,-0.84,14.2,9017.47,1.41,21.74,4.09,6.38,27.74,5968,8.61
6144,得利影,14.95,15.4,14.95,-0.7,-4.47,126,51.58,0,0,0,0,0,0,0,0,0,0,0,0,0,0,0,0,0,0,126,126,0,--,13.2,0.16,-3.45,166.2,-0.22,39.91,-2.74,0,--,0,3.83
6146,耕興,212.5,213.5,213,0.5,0.24,217,44.93,102,0,-4,98,74,79,-5,-0.02,18,39,9,0,30,0.22,0.13,48,33,15,101,111,-10,19.56,410.11,0,9.64,4601.53,2.97,46.58,4.87,5.63,2.25,572,10.19
6147,頎邦,202.5,203,202.5,-4.5,-2.17,79727,47.14,-9029,7525,-1536,-3040,63156,67358,-4202,-0.05,4226,28348,13372,14870,22624,0.52,0.47,5978,4547,1431,11065,8293,2772,59.21,2185.38,7.41,24.15,22492.31,0.59,23.46,0.93,1.38,30.17,56155,74.46
6148,驊宏資,28.15,28.2,28.15,-0.55,-1.92,139,39.57,-26,0,1,-25,0,0,0,0,0,0,0,0,0,0,0,0,19,-19,141,122,19,22.34,35.55,-41.4,-66.45,782.27,0.07,25.6,0.59,4.37,22.41,2611,4.66
6150,撼訊,67.4,67.7,67.5,0.6,0.9,658,47.17,-102,0,116,14,49,55,-6,-0.01,34,34,0,0,0,0.05,0,111,59,52,503,549,-46,16.71,235.23,-44.85,-68.97,6937.13,1.54,13.83,4.5,0.89,21.94,2652,4.83
6151,晉倫,43.25,43.3,43.3,-1.8,-3.99,1422,33.85,-356,0,-13,-369,52,112,-60,-0.04,-112,0,0,0,112,0,0.08,164,215,-51,1215,1104,111,27.94,203.57,25.35,28.35,1757.03,0.72,24.78,4.07,3.46,10.49,1449,5.53
6152,百一,15.15,15.2,15.15,-0.45,-2.88,1248,22.91,-242,0,0,-242,0,68,-68,-0.05,-68,0,0,0,68,0,0.05,200,131,69,1056,1057,-1,--,253.91,84.65,116.93,1662.74,-0.22,20.48,-2.94,0,--,0,16.77
6153,嘉聯益,17.7,17.75,17.7,0.4,2.31,3848,58.25,851,0,-31,820,717,320,397,0.1,717,717,0,0,0,0.19,0,820,663,157,2326,2880,-554,--,451.87,6.44,-14.43,5273.15,-0.56,-8.7,-4.03,0,6.45,8825,63.62
6154,順發,13.15,13.25,13.2,-0.1,-0.75,23,9.09,1,0,0,1,0,0,0,0,0,0,0,0,0,0,0,0,0,0,28,28,0,15.9,300.73,-13.59,0.08,3983.23,0.48,19.39,2.98,3.86,1.84,369,8.01
6155,鈞寶,50.8,50.9,50.9,-1.1,-2.12,2769,39.43,-373,0,4,-369,267,570,-303,-0.11,-536,0,0,21,515,0,0.19,506,495,11,2026,1734,292,101.8,67.09,3.68,15.38,648.74,0.18,26.78,0.99,1.57,14.51,3192,8.8
6156,松上,18.35,18.45,18.45,0,0,312,34.3,-99,0,0,-99,0,0,0,0,0,0,0,0,0,0,0,0,0,0,314,314,0,--,505.44,1.78,14.94,5017.62,-0.09,15.76,0.48,1.08,23.02,5288,10.79
6158,禾昌,17.8,17.85,17.85,-0.05,-0.28,24,41.67,2,0,0,2,0,0,0,0,0,0,0,0,0,0,0,0,0,0,25,25,0,--,159.08,-3.12,-8.6,1774.82,-1.11,8.86,-5.38,0,9.21,1283,5.57
6160,欣技,16,16.1,16.05,-0.1,-0.62,53,30.43,-2,0,0,-2,0,0,0,0,0,0,0,0,0,0,0,0,0,0,53,53,0,--,101.93,-10.75,7.24,1193.04,-0.29,34.9,-3.15,0,--,665,6.85
6161,捷波,52.6,52.7,52.7,3.15,6.36,3077,40.55,-484,0,0,-484,270,761,-491,-0.16,-322,43,227,592,0,0.09,0.19,610,666,-56,2224,1678,546,17.68,133.44,-5.52,18.39,1476.17,0.83,35.98,3.52,4.17,6.1,858,5.62
6163,華電網,51.1,51.2,51.1,-2.4,-4.49,2410,23.47,-156,0,-18,-174,264,783,-519,-0.21,-740,20,0,0,760,0.01,0.31,418,470,-52,1760,1189,571,89.65,334.25,-55,-18.59,6607,0.02,15.75,0.03,1.14,66.68,24744,14.84
6164,華興,11.65,11.75,11.65,-0.1,-0.85,319,20.38,-173,0,0,-173,0,0,0,0,0,0,0,0,0,0,0,100,47,53,222,275,-53,582.5,86.69,34.25,6.81,712.94,0.05,30.28,0.43,0,20.93,4186,8
6165,浪凡,47.75,47.9,47.75,-1.55,-3.14,475,15.43,-242,0,-1,-243,0,64,-64,-0.13,-64,0,0,0,64,0,0.13,15,50,-35,464,365,99,12.12,263.78,0.52,4.52,3284.56,1.09,29.91,5.59,10.47,45.47,8838,7.78
6166,凌華,113,113.5,113.5,0,0,4067,47.62,348,0,60,408,2529,2507,22,0.01,129,1315,0,0,1186,0.32,0.29,429,458,-29,1142,1135,7,31.44,1510.76,5.64,63.16,13154.72,1.57,37.55,5.95,1.06,8.54,4333,21.78
6167,久正,11.2,11.25,11.2,-0.3,-2.61,267,22.18,-70,0,0,-70,0,0,0,0,0,0,0,0,0,0,0,0,0,0,273,273,0,--,82.76,-25.86,-24.31,1248.74,-0.06,6.74,-0.5,0,8.6,3139,14.6
6168,宏齊,25.75,25.8,25.8,-0.15,-0.58,1682,40.08,218,0,0,218,0,0,0,0,0,0,0,0,0,0,0,174,216,-42,1514,1472,42,368.57,192.68,10.36,10.1,2123,0.02,23.72,0.22,0,8.2,4219,20.58
6169,昱泉,14.35,14.55,14.35,-0.55,-3.69,74,13.51,7,0,0,7,0,0,0,0,0,0,0,0,0,0,0,0,0,0,75,75,0,--,0.03,-57.69,-98.99,14.06,-0.68,-548.37,-6.97,0,2.77,131,2.34
6170,統振,50,50.2,50,-0.3,-0.6,128,35.16,-42,0,0,-42,0,0,0,0,0,0,0,0,0,0,0,20,47,-27,110,83,27,10.89,257.21,-8.92,-1.48,3189.15,1.09,31.12,5.31,8,11.17,2436,9.73
6171,大城地產,23.95,24.2,24.25,0,0,13,23.08,-7,0,0,-7,0,0,0,0,0,0,0,0,0,0,0,0,0,0,13,13,0,6.27,69.92,211785,211785,1265.45,0.08,49.23,0.32,8.25,1.2,299,10
6173,信昌電,160.5,161.5,160.5,-5.5,-3.31,2014,54.65,-88,0,108,20,1526,1512,14,0.01,-1476,0,0,0,1476,0,0.73,160,191,-31,385,368,17,43.03,419.11,13.04,20.36,4198.85,1.19,28.35,2.28,1.12,24.07,10351,17.12
6174,安碁,39.4,39.6,39.5,-1.45,-3.54,4002,45.06,-138,0,0,-138,159,351,-192,-0.05,92,124,0,0,32,0.03,0.01,381,414,-33,3478,3252,226,54.86,69.08,13.46,35.12,648.97,0.33,34.22,2.5,0.86,9.73,1216,5
6175,立敦,74.1,74.2,74.1,-0.6,-0.8,7901,43.11,-593,0,-26,-619,2184,2907,-723,-0.09,-2174,300,0,62,2412,0.04,0.31,1218,1552,-334,4553,3497,1056,27.65,458.21,8.99,15.86,4276.08,0.74,22.07,2.84,2.02,11.79,4425,15.01
6176,瑞儀,102,102.5,102,2.1,2.1,6545,60.73,65,-164,213,114,5150,4464,686,0.1,5150,5150,0,0,0,0.78,0,395,607,-212,1059,1532,-473,10.85,3705.98,-5.84,-8.5,48456.26,2.29,22.39,2.92,3.43,5.26,6113,46.5
6177,達麗,44.75,44.8,44.8,-0.6,-1.32,1243,23.48,-275,-200,36,-439,41,371,-330,-0.26,-310,0,0,0,310,0,0.25,183,221,-38,1038,670,368,5.99,529.48,3.76,264.83,14172.14,3.53,50.06,13.8,6.7,2.54,3000,47.19
6179,亞通,24.2,24.3,24.3,-0.3,-1.22,776,21.87,-114,0,-36,-150,0,0,0,0,0,0,0,0,0,0,0,169,94,75,615,690,-75,127.89,545.14,-17.5,69.36,4884.34,0.27,8.75,0.94,2.06,47.3,19491,17.73
6180,橘子,38.85,39,39,0.95,2.5,432,60.43,162,-3,0,159,30,0,30,0.07,30,30,0,0,0,0.07,0,78,15,63,332,425,-93,--,659,2.11,-15.72,8483.72,0.63,30.88,2.56,2.56,4.12,1809,17.55
6182,合晶,55.5,55.6,55.5,0.5,0.91,6358,60.18,688,0,55,743,2525,1692,833,0.14,864,830,1039,346,659,0.31,0.17,1127,1193,-66,2787,3553,-766,1387.5,865.03,-2.64,3,9991.04,0,19.03,0.08,0,24.71,35432,59.36
6183,關貿,91.8,92,91.6,-0.3,-0.33,5,0,1,0,0,1,0,0,0,0,0,0,0,0,0,0,0,0,0,0,7,7,0,22.62,217.24,-7.58,12.32,2817.04,1.07,45.16,5.5,3.88,0.03,13,15
6184,大豐電,46.35,46.45,46.55,0.55,1.2,27,69.23,8,0,0,8,0,0,0,0,0,0,0,0,0,0,0,0,0,0,30,30,0,20.42,186.92,-0.25,6.07,2181.61,0.71,54.22,2.37,6.44,1.18,480,16.21
6185,幃翔,13.85,13.9,13.85,-0.05,-0.36,76,32.89,-12,0,0,-12,0,0,0,0,0,0,0,0,0,0,0,0,0,0,82,82,0,230.83,68.19,33.28,18.23,565.62,-0.14,11.96,-0.99,2.82,2.98,1118,14.99
6186,新潤,39.8,39.85,39.8,0,0,869,43.4,90,0,0,90,59,36,23,0.03,23,59,0,0,36,0.07,0.04,146,162,-16,680,687,-7,4.94,316.86,-90.52,-84.1,8871.01,2.09,22.96,7.65,12.59,2.6,1268,19.49
6187,萬潤,1110,1115,1115,-20,-1.76,1465,45.24,-80,151,1,72,1483,1506,-23,-0.01,-1506,0,0,0,1506,0,0.98,4,3,1,50,27,23,74.23,613.35,15.5,26.14,5669.4,3.37,51.78,4.41,1.06,8.16,1996,9.82
6188,廣明,81.9,82,81.9,-3.5,-4.1,3074,28.86,-709,-581,-15,-1305,413,1618,-1205,-0.39,-1472,45,0,0,1517,0.01,0.49,525,486,39,2181,1015,1166,26.42,581.27,-27.5,-22.89,9149.07,0.45,24.53,1,3.91,12.93,8999,27.84
6189,豐藝,48.55,48.65,48.55,0.5,1.04,1250,48.35,285,-23,-16,246,53,49,4,0,53,53,0,0,0,0.04,0,275,156,119,947,1070,-123,18.46,2650.55,-5.17,-5.78,29063.96,1,9.16,4.33,5.56,3.28,2160,26.46
6190,萬泰科,77.9,78,77.9,-1,-1.27,7404,37.75,-1572,0,-370,-1942,1425,3323,-1898,-0.25,-1375,423,0,0,1798,0.06,0.24,1434,1210,224,4618,2945,1673,43.04,1017.39,9.26,39.66,9146.1,0.43,15.21,2.21,2.57,18.04,8462,18.77
6191,精成科,92.8,92.9,92.8,2.4,2.65,8015,47.98,-186,84,45,-57,3821,3725,96,0.01,3753,3755,66,68,0,0.47,0.01,1263,1117,146,3015,3257,-242,14.45,3207.1,-4.69,1.78,37944.82,1.59,16.47,2.95,2.8,19.18,23940,49.93
6192,巨路,123.5,124,124,-3,-2.36,284,25.36,15,0,1,16,31,109,-78,-0.27,-109,0,0,0,109,0,0.38,37,90,-53,222,91,131,12.69,871.2,21.13,33.19,7563.1,2.63,34.02,3.42,4.68,3.66,880,9.62
6194,育富,32.05,32.1,32.05,-0.1,-0.31,64,18.75,-32,0,0,-32,0,0,0,0,0,0,0,0,0,0,0,0,0,0,64,64,0,20.81,91.24,6.52,-34.88,1234.12,0.33,12.43,0.79,4.68,13.03,1563,4.8
6195,詩肯,25.6,25.8,25.6,-0.3,-1.16,63,19.05,6,0,5,11,0,0,0,0,0,0,0,0,0,0,0,0,0,0,65,65,0,14.3,165.17,-5.18,-3.51,2313.97,1.5,58.04,5.74,3.91,0.37,46,5.02
6196,帆宣,404,405,405,-5.5,-1.34,1747,34.63,-9,145,-42,94,1115,1064,51,0.03,-829,119,33,39,942,0.08,0.54,177,230,-53,515,513,2,25.8,6629.81,22.06,46.34,54714.57,5.08,13.57,6.55,1.6,3.42,1886,22.03
6197,佳必琪,215.5,216.5,216,-2.5,-1.14,2084,49.73,-117,0,48,-69,1037,1231,-194,-0.09,-1067,39,43,48,1101,0.04,0.54,293,263,30,799,636,163,21.07,807.36,12.35,5.26,7979.58,3.21,35.77,8.13,3.24,14.99,4574,12.21
6198,瑞築,21.45,21.65,21.65,-0.3,-1.37,25,8,0,0,0,0,0,0,0,0,0,0,0,0,0,0,0,0,0,0,25,25,0,--,0.02,0,0,0.26,-0.1,74.24,-0.38,0,--,0,17.14
6199,天品,100.5,101,101,0.5,0.5,360,49.11,-64,0,0,-64,140,91,49,0.14,52,91,0,0,39,0.25,0.11,75,86,-11,147,185,-38,59.06,61.92,-65.77,516.94,570.51,1.22,54.29,7.92,0,22.39,3457,6.18
6201,亞弘電,46.7,46.75,46.7,-0.45,-0.95,71,15.49,-20,0,0,-20,0,0,0,0,0,0,0,0,0,0,0,0,0,0,72,72,0,14.19,248.95,-15.65,-13.53,3185.39,0.64,23.47,2.12,6.64,0.13,30,8.92
6202,盛群,52.3,52.4,52.3,-0.4,-0.76,1382,44.31,-369,193,-16,-192,266,332,-66,-0.05,-332,0,0,0,332,0,0.24,235,307,-72,899,761,138,78.06,318.6,-0.05,6.88,3142.87,0.3,40.01,1.76,1.3,7.65,4324,23.04
6203,海韻電,68.2,68.3,68.3,-0.3,-0.44,179,57.14,-38,47,0,9,17,0,17,0.09,17,17,0,0,0,0.09,0,28,0,28,138,183,-45,13.52,179.46,38.24,-28.56,2573.24,1.37,31.3,3.56,5.86,3.63,747,8.24
6204,艾華,83.6,84,83.6,-3.1,-3.58,783,34.16,-109,0,0,-109,45,97,-52,-0.07,11,31,0,0,20,0.04,0.03,105,158,-53,640,535,105,85.31,41.18,32.43,7.09,385.3,0.1,34.74,0.62,0.6,14.08,813,2.31
6205,詮欣,73.8,73.9,73.8,-2.4,-3.15,1662,36.58,14,0,-4,10,209,323,-114,-0.07,-287,0,0,0,287,0,0.17,327,423,-96,1152,942,210,44.73,105.07,4.89,-20.42,1261.96,0.38,39.32,1.21,2.03,32.56,6693,8.22
6206,飛捷,129,129.5,129.5,-0.5,-0.38,1844,45.23,-23,-10,2,-31,1000,1026,-26,-0.01,498,636,237,203,172,0.47,0.2,262,333,-71,609,511,98,18.16,640.93,18.17,44.47,5379.1,2.51,45.63,6.52,4.25,6.7,2397,14.31
6207,雷科,83.9,84,83.9,-1,-1.18,43177,51.38,1194,0,-449,745,20171,22441,-2270,-0.05,15259,17955,0,0,2696,0.41,0.06,6402,6183,219,16913,14862,2051,133.17,126.66,-19.57,3.6,1111.84,0.06,32.04,0.24,0.83,38.66,7708,7.98
6208,日揚,103.5,104,103.5,8.9,9.41,6592,77.26,112,0,17,129,4475,4580,-105,-0.02,4372,4440,0,0,68,0.67,0.01,706,652,54,1492,1441,51,27.24,286.83,7.13,1.87,3668.79,1.9,33.59,4.94,1.93,7.8,1843,9.45
6209,今國光,71.7,71.8,71.8,3.8,5.59,35749,59.75,4191,0,412,4603,19054,17731,1323,0.04,18861,18974,0,0,113,0.53,0,4910,5822,-912,12017,12429,-412,41.5,414.77,-5.27,66.88,4193.84,0.81,30.93,4.37,0.7,36.29,16388,18.06
6210,慶生,21.2,21.25,21.15,0,0,9,11.11,0,0,0,0,0,0,0,0,0,0,0,0,0,0,0,0,0,0,9,9,0,--,32.04,-30.18,19.29,367.13,-0.41,-1.53,-4.07,0,0.6,53,3.5
6212,理銘,27.1,27.4,27.2,-0.6,-2.16,1,0,0,0,0,0,0,0,0,0,0,0,0,0,0,0,0,0,0,0,1,1,0,13.08,96.87,-5.04,-21.11,1028.86,0.4,37.57,1.08,0,0.05,12,10.2
6213,聯茂,240.5,241,240.5,-4.5,-1.84,8362,38.28,-1009,-6,-13,-1028,4600,5833,-1233,-0.14,-1453,1542,353,478,2870,0.22,0.39,895,802,93,3136,1993,1143,58.8,3513.47,4.27,13.78,35086.81,0.87,11.42,1.48,1.25,15,13635,36.36
6214,精誠,123.5,124,123.5,0,0,1162,58.01,389,0,5,394,692,437,255,0.21,671,671,0,0,0,0.57,0,170,215,-45,326,535,-209,12.95,4197.64,-9.28,28.33,47029.45,2.64,20.4,3.97,4.86,2.42,1645,27.22
6215,和椿,123,123.5,123.5,-3.5,-2.76,6121,41.83,125,0,-49,76,2863,3433,-570,-0.09,-2810,263,0,0,3073,0.04,0.49,839,843,-4,2511,1937,574,43.33,332.54,6.96,86.85,2936.92,1.14,29.92,5.84,0.81,32.47,6721,8.28
6216,居易,22.1,22.15,22.1,0.05,0.23,225,48.44,69,0,-2,67,0,0,0,0,0,0,0,0,0,0,0,0,0,0,227,227,0,368.33,51.52,11.77,-42.07,652.8,-0.12,42.08,-0.69,4.66,2.51,610,9.73
6217,中探針,--,265.5,265.5,-29,-9.85,8855,20.94,-1976,0,-246,-2222,5236,7580,-2344,-0.25,-7580,0,0,0,7580,0,0.82,1714,813,901,2348,904,1444,--,358.88,0.06,22.24,4052.67,0.11,23.3,0.47,0,64.25,18828,11.72
6218,豪勉,39.3,39.4,39.35,-1.55,-3.79,1846,36.4,-295,0,0,-295,0,233,-233,-0.12,-233,0,0,0,233,0,0.12,230,290,-60,1643,1350,293,--,109.24,-1.71,98.95,1420.81,0.35,19.59,2.6,0,15.7,2522,6.43
6219,富旺,12.2,12.25,12.2,0.25,2.09,283,40.28,-1,0,0,-1,0,0,0,0,0,0,0,0,0,0,0,50,0,50,236,286,-50,15.44,63.5,-77.01,21424.4,3975.36,0.74,24.63,4.51,0,22.98,7180,12.5
6220,岳豐,30,30.1,30.1,0,0,331,26.02,-85,0,1,-84,36,0,36,0.11,36,0,36,0,0,0.11,0,89,76,13,207,256,-49,38.1,824.6,34.04,12.1,8251.49,-0.32,28.03,-1.47,2.33,6.07,2223,14.65
6221,晉泰,22.8,22.85,22.8,0.25,1.11,82,55.56,8,0,0,8,0,0,0,0,0,0,0,0,0,0,0,0,0,0,86,86,0,10.75,278.25,-14.91,-42.12,4662.78,0.35,18.85,1.91,5.26,17.66,7445,16.86
6222,立軒,21,21.4,21,0,0,16,6.25,-9,0,0,-9,0,0,0,0,0,0,0,0,0,0,0,0,0,0,16,16,0,--,0.25,-56.11,6.44,2.6,-0.06,23.46,-0.47,0,0.85,36,9.57
6223,旺矽,5725,5740,5730,-405,-6.6,1616,35.26,259,-32,-60,167,1645,1678,-33,-0.02,-1340,65,208,207,1406,0.16,0.94,19,12,7,50,24,26,152.56,1485.96,7.02,52.6,14992.82,12.53,59.45,8.09,0.38,5.1,1249,9.8
6224,聚鼎,72.5,72.6,72.5,-0.9,-1.23,767,48.75,24,0,2,26,71,137,-66,-0.09,-137,0,0,0,137,0,0.18,160,173,-13,545,466,79,84.3,269.5,3.55,-4.84,2834.77,0.64,32.32,2.28,1.72,10.41,2229,8.56
6225,天瀚,28.7,28.8,28.8,-2.85,-9,48,48.94,7,0,0,7,0,0,0,0,0,0,0,0,0,0,0,0,0,0,49,49,0,--,1.41,-50.11,-80.36,45.49,-0.11,13.26,-3.62,0,--,0,2.78
6226,光鼎,11.95,12,11.95,-0.2,-1.65,782,39.69,54,0,-2,52,0,127,-127,-0.16,-127,0,0,0,127,0,0.16,151,48,103,638,614,24,--,64.02,15.33,17.33,612.77,0.01,30.15,0.1,0,--,0,11.55
6227,茂綸,115,115.5,115,-4,-3.36,2295,34.71,-298,0,3,-295,623,1109,-486,-0.21,-415,207,0,0,622,0.09,0.27,411,330,81,1286,881,405,13.19,2612.3,30.49,18.34,19297.43,3,10.48,7.76,3.91,12.14,2309,7.61
6228,全譜,21,22.15,22.3,0,0,15,13.33,0,0,0,0,0,0,0,0,0,0,0,0,0,0,0,0,0,0,15,15,0,--,2.91,-53.4,101.31,48.3,-0.07,38.99,-0.73,0,--,66,2.6
6229,研通,25.6,25.65,25.6,-0.7,-2.66,465,32.68,-28,0,0,-28,0,0,0,0,0,0,0,0,0,0,0,0,24,-24,467,443,24,284.44,318.15,-4.64,57.36,2468.31,0.14,9.07,0.8,2.34,13.8,1230,4.04
6230,尼得科超眾,129,129.5,129,0,0,112,44.14,-15,0,0,-15,19,15,4,0.03,19,9,10,0,0,0.17,0,22,48,-26,74,52,22,--,828.41,-1.35,11.99,9348.4,-0.91,17.82,-1.36,0,2.71,585,8.63
6231,系微,280,282,280,-5,-1.75,483,35.01,-67,0,-10,-77,154,221,-67,-0.13,-74,59,9,25,117,0.14,0.29,131,100,31,222,186,36,42.04,124.11,-40.75,14.51,1737.08,1.7,76.46,7.19,2.04,30.34,3463,4.57
6233,旺玖,24.85,24.9,24.9,-0.95,-3.68,472,25.86,-117,0,0,-117,40,84,-44,-0.09,-84,0,0,0,84,0,0.18,60,83,-23,374,307,67,--,34.81,5.33,-8.76,377.2,-0.03,43.38,-0.19,3.01,18.35,3717,8.1
6234,高僑,--,47.45,47.45,-5.25,-9.96,6866,32.34,-817,0,-77,-894,841,1672,-831,-0.12,-704,327,0,132,899,0.05,0.15,1052,1192,-140,5136,4164,972,527.22,40.84,-17.7,1.86,515.97,0.23,7.18,0.84,0.53,18.47,4634,10.04
6235,華孚,39.7,39.75,39.7,-0.8,-1.98,932,39.78,-291,0,4,-287,0,134,-134,-0.14,-104,0,0,0,104,0,0.11,56,218,-162,890,594,296,15.33,518.33,-5.74,-13.39,6720.86,0.3,24.43,1.22,3.02,9.48,4737,19.99
6236,中湛,--,18.5,--,--,--,0,--,0,0,0,0,0,0,0,--,0,0,0,0,0,--,--,0,0,0,0,0,0,1850,2.54,-15.47,-19.36,31.42,0,82.95,0.06,0,--,0,4.17
6237,驊訊,46.9,47,46.9,0.55,1.19,2558,49.59,-41,0,28,-13,173,108,65,0.03,173,173,0,0,0,0.07,0,228,199,29,2176,2270,-94,--,84.31,78.39,116.12,574.19,-0.24,40.46,-1.26,0.21,20.41,4064,7.96
6239,力成,227,227.5,227,-23,-9.2,33394,31.72,-6879,-1146,-1188,-9213,21519,28955,-7436,-0.22,-28955,0,0,0,28955,0,0.85,3818,1719,2099,8821,3484,5337,27.78,7575.24,2.76,32.49,82607.3,2.5,19.44,3.29,1.98,9.45,17929,75.91
6240,松崗,17.7,17.9,18.1,0.15,0.84,3,66.67,-1,0,0,-1,0,0,0,0,0,0,0,0,0,0,0,0,0,0,3,3,0,--,4.03,-1.85,24.71,53.29,-0.43,58.22,-2.47,0,10.55,603,2.29
6241,鑫永洋,10.5,10.55,10.5,-0.05,-0.47,151,58.5,-10,0,0,-10,0,0,0,0,0,0,0,0,0,0,0,0,0,0,154,154,0,42,55.94,-13.3,-9.17,645.75,0.46,18.4,6.1,0,--,0,4.87
6242,立康,37.5,37.9,37.7,0.2,0.53,6,20,0,0,0,0,0,0,0,0,0,0,0,0,0,0,0,0,0,0,7,7,0,15.45,54.12,1.13,-4.15,573.63,0.33,67.02,1.21,5.31,--,0,3.18
6243,迅杰,33.2,33.65,33.2,-1.25,-3.63,246,28.87,-26,0,4,-22,0,0,0,0,0,0,0,0,0,0,0,0,39,-39,249,210,39,--,27.29,-20.93,-59.19,512.96,-0.03,59.76,-0.19,0,14.72,1666,4.53
6244,茂迪,29,29.05,29,1.15,4.13,9936,52.84,1014,0,57,1071,1617,930,687,0.07,1581,1617,0,36,0,0.16,0,1754,1636,118,6600,7405,-805,322.22,308.45,9.74,19.34,3080.64,0.12,16.7,1.01,0.48,14.24,13782,38.7
6245,立端,80.9,81,80.9,-1.4,-1.7,559,33.57,21,-1,2,22,51,48,3,0.01,-48,0,0,0,48,0,0.08,118,109,9,400,412,-12,19.93,700.46,-3.02,31.46,7192.45,0.75,33.01,1.75,4.7,8.97,3287,14.66
6246,臺龍,14.65,15.05,14.65,-0.4,-2.66,125,59.2,10,0,0,10,0,0,0,0,0,0,0,0,0,0,0,0,0,0,127,127,0,17.24,133.81,47.01,-10.87,1500.38,-0.68,7.5,-6.1,0,13.98,524,3.79
6248,沛波,18.25,18.3,18.3,-0.15,-0.81,34,17.65,3,0,0,3,0,0,0,0,0,0,0,0,0,0,0,0,0,0,36,36,0,13.66,502.65,-6.21,-32.67,7008.3,0.28,5.85,1.23,6.39,2.94,734,10
6257,矽格,210.5,211,210.5,-8,-3.66,15727,40.04,-1515,-1942,22,-3435,9882,12437,-2555,-0.16,-8424,1827,0,0,10251,0.11,0.64,1578,1044,534,4512,2490,2022,31.8,1945.73,4.73,24.54,20579.51,2.1,31.66,4.54,2,8.96,10841,48.39
6259,百徽,22.35,22.4,22.4,-0.95,-4.07,543,23.95,-53,0,-8,-61,0,0,0,0,0,0,0,0,0,0,0,24,25,-1,524,523,1,27.32,58.01,-17.29,19.6,524.26,0.43,22.43,3.02,1.56,11.49,478,2.81
6261,久元,114.5,115,115,-0.5,-0.43,3303,40.5,200,0,-71,129,1703,1863,-160,-0.05,-1429,83,0,0,1512,0.02,0.45,357,430,-73,1292,1059,233,27.64,331.22,-13.96,0.18,4254.2,0.85,31.17,1.51,2.17,20.08,6452,12.85
6263,普萊德,172,172.5,172.5,0.5,0.29,172,69.78,-3,0,15,12,37,32,5,0.03,15,18,19,22,0,0.24,0.14,42,27,15,99,119,-20,20.73,187.65,7.03,13.4,1896.75,2.1,48.21,7.2,4.52,3.71,580,6.25
6264,富裔,5.99,6.09,6.09,0,0,14,78.57,0,0,0,0,0,0,0,0,0,0,0,0,0,0,0,0,0,0,14,14,0,--,20.41,316.26,539.45,119.77,-0.22,-12.69,-3.58,0,--,0,13.64
6265,方土昶,42.5,42.6,42.5,-3.25,-7.1,8302,32.5,-2322,0,-21,-2343,1110,2297,-1187,-0.14,-2297,0,0,0,2297,0,0.28,799,1979,-1180,6434,4067,2367,17.35,496.26,26.68,885.82,1986.34,1.67,35.98,12.87,0,27,7977,11.82
6266,泰詠,26.3,26.35,26.35,0.05,0.19,157,38.22,-21,0,0,-21,0,0,0,0,0,0,0,0,0,0,0,0,0,0,164,164,0,14.56,272.65,5.4,-9.22,3335.72,0.39,16.25,2.41,6.76,2.84,1092,15.39
6269,台郡,56.4,56.5,56.4,0.4,0.71,1833,42,-320,0,28,-292,285,621,-336,-0.18,76,247,0,58,113,0.13,0.09,420,271,149,1157,970,187,--,1982.51,1.72,0.46,22654.91,-2.6,-1.38,-3.59,0,7.53,6094,32.38
6270,倍微,25.6,25.7,25.7,-0.3,-1.15,260,37.69,28,0,0,28,0,0,0,0,0,0,0,0,0,0,0,23,20,3,239,242,-3,23.15,288.65,5.75,15.56,2781.84,0.24,9.76,0.71,3.89,12.64,2279,7.21
6271,同欣電,180.5,181,181,-4,-2.16,3966,39.33,-910,0,-161,-1071,1701,2441,-740,-0.18,-1412,259,0,0,1671,0.06,0.41,691,582,109,1653,1024,629,26.85,1035.21,4.01,0.92,11463.49,1.89,27.97,1.48,1.66,14.76,7712,20.91
6272,驊陞,31.8,31.9,31.8,-0.45,-1.4,314,27.06,-169,0,0,-169,0,0,0,0,0,0,0,0,0,0,0,72,75,-3,244,241,3,13.14,316.5,43.43,-25.22,3694.64,0.13,21.01,0.52,6.29,--,0,8.18
6274,台燿,1225,1230,1225,-35,-2.78,1403,47.74,326,-47,10,289,1418,1432,-14,-0.01,-388,494,62,62,882,0.38,0.65,9,6,3,39,28,11,88.51,4610.17,21.91,97.97,36312.76,4.36,25.15,6.87,0.61,13.8,10051,29.14
6275,元山,47,47.2,47.05,-0.3,-0.63,399,31.82,-101,0,2,-99,24,30,-6,-0.01,-30,0,0,0,30,0,0.07,20,51,-31,358,321,37,17.11,349.06,-13.39,-21.3,4327.11,0.48,17.6,2.27,4.25,11.73,2354,8.02
6276,安鈦克,28.1,28.25,28.1,-0.35,-1.23,54,30.19,2,0,0,2,0,0,0,0,0,0,0,0,0,0,0,0,0,0,54,54,0,--,57.24,1.36,-60.37,1187.26,-0.9,21.31,-8.99,0,14,432,2.2
6277,宏正,72.2,73,72.3,-1.3,-1.77,391,32.38,17,0,1,18,0,0,0,0,0,0,0,0,0,0,0,55,91,-36,342,306,36,22.25,439.79,-1.27,12.52,5057.69,1.08,60.23,2.74,4.84,1.41,420,11.95
6278,台表科,215,215.5,215.5,5.5,2.62,19392,52.58,-1281,1127,-153,-307,13556,14274,-718,-0.04,13268,13435,75,142,100,0.69,0.01,1738,1598,140,4315,3729,586,24.88,4505.78,6.91,3.91,50187.75,2.17,11.31,2.78,2.55,22.33,16321,29.24
6279,胡連,113,113.5,113.5,0,0,698,44.01,-168,-11,2,-177,200,407,-207,-0.29,-197,68,51,126,190,0.17,0.44,113,99,14,399,206,193,12.13,863,32.29,11.56,9708.67,1.6,26.65,2.09,4.85,11.97,3561,11.9
6281,全國電,50.4,50.9,50.7,0.1,0.2,63,29.03,-4,0,-4,-8,0,0,0,0,0,0,0,0,0,0,0,0,12,-12,65,52,13,13.59,1677.75,19.62,1.59,18855.23,1.13,21.25,4.02,6.51,0.42,103,9.92
6282,康舒,50.8,50.9,50.8,0,0,26630,46.84,2243,35,-55,2223,14928,14599,329,0.01,2421,9339,1042,1721,6239,0.39,0.3,3133,3831,-698,8755,8387,368,101.6,3152.13,0.19,34.61,33999.57,0.27,24.39,1.01,1.57,14.74,31539,85.6
6283,淳安,24.9,24.95,24.95,0,0,292,34.93,-91,0,16,-75,0,0,0,0,0,0,0,0,0,0,0,0,0,0,293,293,0,--,158.62,-21.41,24.89,1801.86,-0.07,10.61,-0.54,0,12.6,2600,14.9
6284,佳邦,85.1,85.3,85.1,0,0,1717,43.85,180,0,1,181,332,357,-25,-0.01,-97,68,0,0,165,0.04,0.1,425,402,23,977,975,2,27.63,626.53,11.27,-10.65,7356.29,0.51,19.98,0.94,2.23,12.34,4597,14.9
6285,啟碁,292,292.5,292,6,2.1,54545,54.11,1619,229,-529,1319,41663,43884,-2221,-0.04,37335,36884,4779,4328,0,0.75,0.08,7150,6192,958,6446,5184,1262,43.07,11401.01,5.11,15.65,112582.88,2.36,13.76,3.27,1.47,12.55,15179,48.37
6290,良維,269.5,270,269.5,4,1.51,2575,44.61,-122,3,1,-118,1352,1516,-164,-0.06,254,929,0,0,675,0.35,0.26,520,489,31,762,629,133,31.45,911.96,-0.9,3.68,10455.77,2.68,31.19,5.69,2.3,37.29,15803,16.95
6291,沛亨,471.5,472.5,472,-22,-4.45,1118,40.83,-11,8,-20,-23,486,678,-192,-0.16,-626,0,53,94,585,0.05,0.58,152,132,20,535,363,172,55.14,239.82,-3.48,42.11,2418.44,3,37.5,8.84,1.27,21.55,2263,4.2
6292,迅德,52.5,53,53,0.7,1.34,230,53.71,-28,0,-3,-31,0,0,0,0,0,0,0,0,0,0,0,25,23,2,209,211,-2,22.36,100.62,-6.65,27.62,1079.16,0.73,33.16,3.12,3.4,2.85,332,4.66
6294,智基,26.9,27.15,27,-0.3,-1.1,92,39.13,-2,0,0,-2,0,0,0,0,0,0,0,0,0,0,0,0,0,0,95,95,0,10.27,81.84,3.98,-15.23,922.66,-0.07,31.93,-0.34,11.11,1.12,73,2.6
6405,悅城,53.6,54,53.9,-0.1,-0.19,387,63.41,-9,0,0,-9,65,43,22,0.06,22,65,0,23,20,0.17,0.11,49,98,-49,278,251,27,--,0,-100,-100,0.53,-0.26,-12166.23,-0.63,0,37.58,6182,6.58
6409,旭隼,693,694,694,-14,-1.98,782,49.29,-294,3,-4,-295,498,680,-182,-0.22,-536,10,123,131,538,0.16,0.8,287,137,150,49,16,33,19.88,1764.49,24.85,-12.87,19470.58,4.46,26.1,3.94,5.33,9.56,2096,8.83
6411,晶焱,82.5,82.7,82.5,-0.5,-0.6,431,40,4,0,0,4,0,29,-29,-0.07,-16,0,0,0,16,0,0.04,87,41,46,353,370,-17,27.05,224.84,10.41,14.4,2559.19,0.54,34.15,0.81,2.69,5.14,1278,9.95
6412,群電,92.1,92.2,92.2,3.8,4.3,2958,60.91,-87,101,145,159,1037,664,373,0.12,1037,1037,0,0,0,0.35,0,626,585,41,1340,1754,-414,17.73,2635.95,-8.54,-11.89,33437.76,1.01,15.94,2.72,4.01,2.15,2158,40.08
6414,樺漢,327,328,328,7,2.18,3035,46.47,1317,40,-120,1237,2438,1924,514,0.17,2412,2412,0,0,0,0.78,0,240,451,-211,407,709,-302,15.25,14563.93,-3.87,22.14,148062.83,5.15,20.11,2.89,4.27,3.37,1230,14.6
6415,矽力*-KY,481.5,482,482,-32,-6.23,16683,53.41,724,460,-177,1007,13131,14425,-1294,-0.08,-499,5851,1694,1964,6080,0.45,0.48,2613,1590,1023,1172,901,271,64.87,2014.05,13.32,28.14,19980.05,1.98,48.22,1.93,0.53,5.17,5025,9.72
6416,瑞祺電通,87.4,87.7,87.4,-0.9,-1.02,435,34.73,6,0,0,6,20,73,-53,-0.12,-17,20,0,0,37,0.05,0.08,60,43,17,359,323,36,19.21,315.31,-31.58,-7.28,4233.34,1.35,25.67,2.66,3.2,18.66,3421,7.33
6417,韋僑,124,126,125.5,0,0,95,35.79,-12,0,0,-12,9,0,9,0.09,0,0,0,0,0,0,0,8,31,-23,79,65,14,24,172.82,8.93,22.98,1698.42,1.67,34.57,4.03,1.91,30.34,3206,4.23
6418,詠昇,29.25,29.4,29.4,-0.5,-1.67,170,14.71,-53,0,0,-53,0,0,0,0,0,0,0,0,0,0,0,0,0,0,172,172,0,52.5,86.59,40.08,-4.65,779.59,-0.15,17.57,-1.05,1.29,13.24,1143,3.45
6419,京晨科,--,158,158,-17.5,-9.97,242,0,-5,0,-1,-6,60,195,-135,-0.54,-195,0,0,0,195,0,0.78,59,21,38,132,35,97,12.57,126.98,5.43,328.69,687.39,4.55,22.22,12.27,0,22.77,749,1.32
6423,億而得,97.1,98.2,97.1,-2.8,-2.8,233,29.74,-37,0,0,-37,39,34,5,0.02,-24,0,10,0,34,0.04,0.15,11,30,-19,184,170,14,285.59,42.91,1840.71,32.56,235.67,0.28,99.64,1.71,1.03,9.85,764,3.1
6425,易發,88.5,88.8,88.8,4.1,4.84,3825,61.21,522,0,0,522,1032,583,449,0.12,1032,1032,0,0,0,0.27,0,711,818,-107,2120,2462,-342,--,116,-31.79,31.74,1552.67,0.17,27.72,0.66,1.13,30.86,3929,5.08
6426,統新,252.5,253,252.5,-16,-5.96,1837,30.16,-83,0,-1,-84,599,912,-313,-0.17,-838,0,74,193,719,0.04,0.49,466,418,48,803,537,266,485.58,69.83,6.34,76.49,573,0.74,39.46,3.1,0.2,53.46,5147,3.85
6431,光麗-KY,21,21.5,21,0.15,0.72,104,21.15,-11,0,1,-10,0,0,0,0,0,0,0,0,0,0,0,30,0,30,74,104,-30,--,41.7,60.45,31.22,368.18,-0.4,22.78,-6.72,0,--,0,8.61
6432,今展科,49.65,49.7,49.7,-2.9,-5.51,2306,39.59,140,0,0,140,273,252,21,0.01,-252,0,0,0,252,0,0.11,247,340,-93,1800,1728,72,68.08,113.85,6.87,5.41,1137.35,0.72,21.77,2.63,2.41,20.98,1802,3.44
6435,大中,220,220.5,220.5,-4.5,-2,898,45.98,257,0,2,259,460,415,45,0.05,-295,40,0,0,335,0.04,0.36,103,148,-45,358,357,1,20.45,310.31,1.25,13.49,3474.39,3.68,26.78,6.94,3.4,16.39,1535,3.75
6438,迅得,162.5,163,162.5,-3.5,-2.11,687,32.49,-58,0,-48,-106,179,231,-52,-0.07,-146,33,9,15,173,0.06,0.26,100,130,-30,443,362,81,29.76,638.37,-4.36,32.59,6814.1,1.76,26.41,2.52,3.08,23.59,4849,8.22
6441,廣錠,23.5,23.55,23.5,-0.75,-3.09,556,48.29,154,0,0,154,75,98,-23,-0.04,-98,0,0,0,98,0,0.18,85,91,-6,399,370,29,--,12.58,35.17,-55.37,166.57,-1.36,-113.66,-7.44,0,5.11,681,5.33
6442,光聖,1740,1745,1740,-75,-4.13,2383,36.52,-405,-35,-16,-456,2433,2534,-101,-0.04,-943,726,133,134,1668,0.33,0.7,20,11,9,128,36,92,65.81,886.44,-12.49,-16.21,10959.23,7.82,55.41,8.73,0.68,27.06,5347,8.05
6443,元晶,40.85,40.9,40.9,2.55,6.65,53873,64.65,5207,0,221,5428,29649,25521,4128,0.08,29649,29649,0,0,0,0.55,0,5041,7257,-2216,19517,21429,-1912,--,71.67,26.96,-15.58,1476.65,-0.2,-5.14,-2.8,0,--,22042,51.28
6446,藥華藥,796,797,796,-10,-1.24,3450,32.61,875,-701,23,197,2791,2862,-71,-0.02,-1704,235,743,704,1978,0.27,0.75,698,641,57,86,72,14,50.99,2064.18,6.39,68.35,18336.88,5.79,87.87,6.47,0.33,8.7,8263,37.99
6449,鈺邦,244.5,245,244.5,-26.5,-9.78,2016,50.92,253,-1,-89,163,1240,1293,-53,-0.03,-1047,0,246,274,1019,0.13,0.71,344,376,-32,487,401,86,32.13,463.59,14.74,26.3,4794.42,2.11,36.79,3.41,1.72,16.79,3858,9.19
6451,訊芯-KY,483.5,484,484,-36,-6.92,7015,44.53,367,-1,17,383,4472,5144,-672,-0.09,-4969,0,0,0,4969,0,0.69,1102,863,239,1603,1168,435,--,641.12,11.8,-2.79,7090.09,-1.45,11.96,-1.85,0.05,38.76,10869,11.22
6456,GIS-KY,68.1,68.3,68.1,0.9,1.34,9280,47.08,-66,0,39,-27,3244,3918,-674,-0.07,3143,3169,0,0,26,0.34,0,1738,1846,-108,4352,3570,782,--,3893.4,-21.39,-34.47,65627.1,-0.61,4.98,-0.68,0,17.79,15032,33.79
6461,益得,15.9,16.15,15.9,0.05,0.32,82,34.15,-17,0,1,-16,0,0,0,0,0,0,0,0,0,0,0,0,0,0,83,83,0,--,5.56,-35.52,43.68,119.18,-0.63,-240.05,-10.69,0,--,0,17.84
6462,神盾,131,131.5,131,-6.5,-4.73,6090,38.88,-205,20,-45,-230,3439,3777,-338,-0.06,1143,2343,0,0,1200,0.38,0.2,753,865,-112,1938,1488,450,--,372.85,-52.21,12.03,6564.16,-2.7,23.18,-2.54,0,20.99,4375,9.13
6464,台數科,78,78.1,78,0.2,0.26,16,28.57,-3,0,0,-3,0,0,0,0,0,0,0,0,0,0,0,0,0,0,17,17,0,19.16,390.3,13.7,11.29,4422.19,1.39,51.62,2.1,2.22,0,0,12.88
6465,威潤,46.7,46.9,46.7,-0.05,-0.11,474,46.41,-29,0,9,-20,0,0,0,0,0,0,0,0,0,0,0,49,21,28,426,454,-28,18.03,26.36,14.6,81.02,307.21,1.31,76.04,11.88,0.43,14.87,818,4.71
6469,大樹,70.2,70.4,70.2,-2.3,-3.17,464,15.62,-180,0,-3,-183,37,49,-12,-0.02,-49,0,0,0,49,0,0.1,20,146,-126,445,307,138,18.62,1502.81,-10.7,-1.23,19024.31,0.83,28.1,3.16,5.36,2.02,757,15.01
6470,宇智,46.9,47.2,47,-0.35,-0.74,19,31.58,-3,0,0,-3,0,0,0,0,0,0,0,0,0,0,0,0,0,0,19,19,0,15.36,72.36,-12.35,-58.73,1566.03,0.84,20.05,2.74,5.32,2.59,244,3.77
6472,保瑞,372,372.5,372,-16,-4.12,3088,37.94,-364,0,-5,-369,1576,2195,-619,-0.19,-1428,144,479,676,1375,0.19,0.64,384,345,39,1259,679,580,29.55,1484.24,-2.86,-27.47,18404.01,0.2,36.05,0.28,2.69,15,4790,12.8
6474,華豫寧,37.65,38.1,37.7,0.05,0.13,14,23.08,-1,0,0,-1,0,0,0,0,0,0,0,0,0,0,0,0,0,0,14,14,0,12.52,357.02,-14.77,1.9,3858.88,0.9,21.81,2.83,6.63,--,0,5.25
6477,安集,33.7,33.75,33.75,-0.35,-1.03,741,51.96,-56,0,0,-56,35,46,-11,-0.01,35,35,0,0,0,0.05,0,48,50,-2,660,647,13,375,81.84,-23.2,22.94,950.07,-0.02,24.77,-0.01,1.04,12.65,3914,12.38
6482,弘煜科,28.55,28.95,28.6,-0.8,-2.72,7,14.29,1,0,0,1,0,0,0,0,0,0,0,0,0,0,0,0,0,0,8,8,0,16.16,22.44,-22.94,-49.39,424.71,0.28,98.65,1.87,6.99,0.85,61,2.86
6485,點序,106.5,107,107,-1,-0.93,12256,65.3,1535,0,-62,1473,9195,7924,1271,0.1,4889,5306,3447,3438,426,0.71,0.31,863,1327,-464,2284,3091,-807,764.29,108.85,-8.74,-18.69,1390.53,0,57.17,0,0.47,51.28,5588,4.74
6486,互動,81,81.4,81,-0.2,-0.25,80,25.64,-31,0,0,-31,0,0,0,0,0,0,0,0,0,0,0,10,7,3,71,74,-3,15.2,110.26,-44.42,6.58,2743.51,0.59,32.8,1.52,7.41,1.78,227,5.09
6488,環球晶,665,666,665,-33,-4.73,4230,24.22,-1108,287,149,-672,3425,4004,-579,-0.15,-3793,0,211,287,3717,0.05,1,839,389,450,205,75,130,41.02,4747.93,-12.82,-10.13,58452.77,3.97,20.83,2.03,1.16,6.26,7483,47.81
6491,晶碩,305.5,306,305.5,12.5,4.27,1933,46.47,-240,0,24,-216,938,1153,-215,-0.11,932,938,0,6,0,0.47,0,390,339,51,670,506,164,14.79,674.35,0.77,19.9,7443.51,6.06,53.33,4.15,3.27,3.28,639,7.8
6492,生華科,44.9,45,44.95,-0.65,-1.43,245,51.95,60,0,-1,59,33,50,-17,-0.07,-17,0,33,50,0,0.13,0.2,12,15,-3,203,183,20,--,0.08,0,-3.61,1.06,-0.75,56.25,-9.17,0,--,156,8.99
6494,九齊,51.2,51.5,51.2,-2.7,-5.01,239,20.92,-106,0,0,-106,0,0,0,0,0,0,0,0,0,0,0,0,0,0,241,241,0,426.67,155.21,-9.14,33.37,1327.61,0.75,27.49,2.37,1.95,10,789,3.16
6496,科懋,23.8,24,23.95,-0.2,-0.83,3,33.33,0,0,0,0,0,0,0,0,0,0,0,0,0,0,0,0,0,0,5,5,0,--,85.33,29.29,28.88,925.54,-1.18,38.35,-7.06,0,0.4,47,4.74
6498,久禾光,106,106.5,106,-2,-1.85,887,45.88,-70,0,-1,-71,150,269,-119,-0.13,23,72,0,0,49,0.08,0.05,143,117,26,602,509,93,15.99,137.52,9.79,37.28,1362.06,1.75,45.71,5.49,4.25,4.13,487,4.72
6499,益安,92.2,92.3,92.2,3.6,4.06,1807,49.69,128,0,24,152,561,362,199,0.11,544,541,20,17,0,0.31,0.01,200,261,-61,1071,1209,-138,--,37.14,2.84,3.41,433.06,-1.26,15.23,-9.17,0,29.64,7184,9.69
6504,南六,38.6,38.85,38.75,0.25,0.65,14,42.86,-6,0,0,-6,0,0,0,0,0,0,0,0,0,0,0,0,0,0,17,17,0,--,594.83,-2.73,4.31,6560.33,0.1,13.78,0.21,2.58,0.59,107,7.26
6505,台塑化,51.3,51.4,51.3,0.1,0.2,5510,49.18,1993,124,2,2119,3514,3440,74,0.01,-714,940,1121,1136,1639,0.37,0.5,621,897,-276,1415,1214,201,18.39,61522.37,-2.84,33.02,630142.58,2.14,16.79,5.5,2.34,0.51,12197,952.6
6506,雙邦,19,19.05,19,-0.5,-2.56,350,28.86,-53,0,0,-53,0,0,0,0,0,0,0,0,0,0,0,50,0,50,303,353,-50,16.52,203.63,-12.41,6.72,1938,0.52,20.44,4.11,5.26,3.07,633,8.24
6508,惠光,23.7,23.8,23.75,0.3,1.28,64,59.68,17,0,0,17,0,0,0,0,0,0,0,0,0,0,0,0,0,0,68,68,0,107.95,188.49,-18.46,-18.49,1406.44,0.36,23.67,1.31,2.11,1.29,280,8.65
6509,聚和,46.95,47,46.95,-0.6,-1.26,4120,30.35,373,12,37,422,575,1551,-976,-0.24,-1369,0,160,182,1347,0.04,0.37,806,581,225,2760,2009,751,14.45,516.01,9.27,9.76,4993.04,1.19,36.08,4.46,2.98,8.89,4370,19.65
6510,精測,3460,3465,3460,-260,-6.99,633,41.14,-93,-16,-39,-148,639,670,-31,-0.05,-666,0,0,0,666,0,0.97,4,4,0,44,12,32,101.5,523.18,7.33,30.22,5132.42,10.43,56.77,3.65,0.44,7.98,656,3.29
6512,啟發電,19.05,19.2,19.2,0.05,0.26,10,50,0,0,0,0,0,0,0,0,0,0,0,0,0,0,0,0,0,0,18,18,0,--,5.76,-67.54,-78.26,146.83,-0.28,29.06,-2.05,0,--,0,2.53
6515,穎崴,9490,9560,9490,-750,-7.32,339,40,-36,39,-2,1,348,374,-26,-0.07,-356,7,0,0,363,0.02,0.95,7,2,5,30,8,22,194.47,989.53,-19.01,50.51,8872.38,19.54,43.01,10.8,0.53,3.53,318,3.61
6516,勤崴國際,55.7,56,55.9,-0.1,-0.18,51,45.1,-9,0,0,-9,0,0,0,0,0,0,0,0,0,0,0,0,0,0,52,52,0,31.06,48.66,-19.94,6,596.22,0.66,49.12,3.61,4.19,6.21,874,5.63
6517,保勝光學,60.3,60.4,60.4,-1.4,-2.27,740,47.96,-115,0,0,-115,61,55,6,0.01,18,35,0,0,17,0.05,0.02,66,71,-5,620,621,-1,45.07,30.47,-33.13,-18.67,458.86,0.52,33.19,2.42,2.48,22,1682,3.06
6523,達爾膚,99,99.7,99,-0.5,-0.5,15,33.33,0,0,0,0,0,0,0,0,0,0,0,0,0,0,0,0,6,-6,23,17,6,15.92,61.06,-23.47,-8.15,1092.17,1.88,67.24,6.28,10.1,0.48,54,4.5
6525,捷敏-KY,110,110.5,110,-0.5,-0.45,1292,44.24,140,-12,-7,121,703,622,81,0.06,-9,345,0,0,354,0.26,0.27,221,269,-48,381,413,-32,18.12,539.68,9.05,18.29,5552.28,1.62,26.14,4.6,4.55,3.59,1159,12.9
6526,達發,646,647,647,-42,-6.1,1844,38.95,215,-456,-12,-253,1143,1524,-381,-0.19,-1516,0,8,15,1509,0,0.78,715,379,336,97,51,46,37.14,2027.87,11.73,14.31,21413.03,4.47,52.73,3.56,2.09,4.46,1868,16.75
6527,明達醫,70,70.4,70.1,0,0,28,60.71,-3,0,0,-3,0,0,0,0,0,0,0,0,0,0,0,0,0,0,28,28,0,12.41,61.55,-11.19,-24.69,892.68,1.33,40.05,3.35,4.14,--,0,2.55
6530,創威,101,101.5,101.5,-4.5,-4.25,1093,30.57,48,0,-1,47,237,284,-47,-0.04,-244,0,10,22,232,0.01,0.23,199,306,-107,675,521,154,47.43,31.53,-2.31,18.13,345.81,0.65,46.21,4.39,1.97,38.33,3234,3.38
6531,愛普*,--,1025,1025,-110,-9.69,5816,29.33,-791,362,-38,-467,5886,5920,-34,-0.01,-5915,0,5,5,5915,0,0.99,9,15,-6,82,42,40,104.06,804.15,-1.32,92.88,7159.08,4.15,46.19,5.42,0.68,30.02,12222,8.14
6532,瑞耘,107.5,108,107.5,-3.5,-3.15,1788,38.03,-182,0,1,-181,436,783,-347,-0.19,-578,31,57,188,478,0.05,0.37,288,362,-74,1094,673,421,15.67,73.66,15.42,25.51,653.04,0.84,36.93,2.54,2.79,33.13,3101,3.74
6533,晶心科,214,214.5,214.5,-9,-4.03,734,39.45,-77,13,-5,-69,270,359,-89,-0.12,-359,0,0,0,359,0,0.47,97,133,-36,394,268,126,--,106.86,-19.98,22.87,1553.17,-3.28,99.89,-3.75,0,18.26,2312,5.07
6535,順藥,128.5,129.5,129.5,3,2.37,126,54.76,24,0,0,24,36,40,-4,-0.03,36,36,0,0,0,0.28,0,36,20,16,57,69,-12,--,0.08,-84.49,-83.37,32.29,-0.72,40.55,-8.26,0,--,0,16.78
6538,倉和,97.9,98.2,97.9,0.3,0.31,2286,46.19,-161,-1,69,-93,636,695,-59,-0.03,587,589,35,11,26,0.27,0.02,452,405,47,1215,1203,12,97.9,130.09,4.8,-19.42,1310.45,0.9,38.53,1.77,1.53,11.03,1050,3.81
6541,泰福-KY,38.3,38.45,38.3,-0.4,-1.03,271,16.79,-44,0,4,-40,0,0,0,0,0,0,0,0,0,0,0,0,0,0,274,274,0,--,86.79,-6.13,914.89,562.18,-1.47,-200.66,-7.03,0,5.31,3519,26.5
6542,隆中,46.1,47.2,47,0.95,2.06,3,66.67,1,0,0,1,0,0,0,0,0,0,0,0,0,0,0,0,0,0,4,4,0,1175,80.84,-10.52,14.44,940.92,0.04,79.6,0.09,0.04,2.55,268,4.2
6546,正基,71,71.5,71,4.3,6.45,2575,61.7,115,0,28,143,874,718,156,0.06,874,874,0,0,0,0.34,0,284,353,-69,1437,1523,-86,26.69,200.93,0.05,-7.59,2226.28,0.9,27.33,3.04,3.52,21.24,3549,6.68
6547,高端疫苗,48.25,48.35,48.25,-0.55,-1.13,1944,28.36,-696,0,-4,-700,215,578,-363,-0.19,-447,83,0,0,530,0.04,0.27,234,374,-140,1512,1009,503,--,38.72,-11.04,-7.87,600.37,-0.09,74.74,-0.81,0,11.17,9177,32.87
6548,長科*,48.45,48.5,48.5,-0.35,-0.72,2713,38.78,356,-76,-133,147,472,870,-398,-0.15,-848,0,0,69,779,0,0.31,341,447,-106,1936,1432,504,29.57,1384.07,4.28,24.51,14192.1,0.51,21.71,4.18,2.78,3.9,9264,3.8
6550,北極星藥業-KY,16.15,16.2,16.2,0.05,0.31,1215,47.29,-364,0,3,-361,0,397,-397,-0.33,0,0,0,0,0,0,0,284,233,51,935,589,346,--,1.67,5.7,-57.12,66.19,-0.64,-123.91,-10.97,0,--,0,85.99
6552,易華電,28,28.25,28,-0.65,-2.27,170,31.36,-27,0,-1,-28,0,0,0,0,0,0,0,0,0,0,0,0,0,0,174,174,0,--,103.02,-1.56,-33.81,1238.15,-0.65,-8.87,-3.2,0,7.27,1508,8.3
6556,勝品,69.7,70.4,69.9,-0.1,-0.14,6,0,0,0,0,0,0,0,0,0,0,0,0,0,0,0,0,0,0,0,6,6,0,10.74,148.12,7.07,29.48,1439.47,1.72,30.55,3.23,5.01,--,0,2.88
6558,興能高,30.25,30.3,30.25,-0.1,-0.33,566,37.94,-47,0,0,-47,41,0,41,0.07,41,0,41,0,0,0.07,0,20,20,0,510,551,-41,--,103.96,-10.55,0.65,1032.71,-0.35,12.79,-2.37,0,18.46,3991,9.38
6560,欣普羅,37.5,37.75,37.5,0.05,0.13,28,32.14,-1,0,0,-1,0,0,0,0,0,0,0,0,0,0,0,0,0,0,29,29,0,468.75,26.56,7.5,95.97,220.06,0.37,35.76,1.86,0,5.44,352,3.25
6561,是方,343.5,344.5,343.5,5.5,1.63,150,44.97,72,8,1,81,88,71,17,0.11,88,88,0,0,0,0.57,0,24,26,-2,43,58,-15,21.67,349.84,0.65,-1.34,3968.03,3.69,48.94,8.68,4.13,1.34,261,7.8
6568,宏觀,210.5,211,211,3.5,1.69,756,48.74,-132,0,-1,-133,180,211,-31,-0.04,166,175,0,0,9,0.23,0.01,125,157,-32,466,403,63,52.36,120.85,-18.51,31.74,1241.94,1.34,36.41,2.67,0.95,17.24,1328,3.08
6569,醫揚,97.3,97.7,97.3,-2.4,-2.41,135,42.96,8,0,0,8,0,52,-52,-0.38,-34,0,0,0,34,0,0.25,14,22,-8,123,63,60,26.23,96.61,-50.27,-8.28,1372,1.03,36.13,2.54,3.08,3.28,320,3.91
6570,維田,43.7,44.15,43.8,-0.7,-1.57,138,33.33,-38,0,0,-38,0,0,0,0,0,0,0,0,0,0,0,20,20,0,120,120,0,26.71,91.27,-10.05,9.7,960.19,0.57,38.03,2.65,2.51,4.39,407,3.71
6573,虹揚-KY,13.4,13.6,13.4,-0.7,-4.96,226,8.44,-87,0,4,-83,0,0,0,0,0,0,0,0,0,0,0,0,0,0,228,228,0,10.23,63.88,-7.03,-19.64,764.04,-0.4,11.07,-4.51,0,--,0,8.05
6574,霈方,106,107.5,107,-2,-1.83,49,44.9,6,0,0,6,0,14,-14,-0.27,-14,0,0,0,14,0,0.27,15,0,15,36,37,-1,12.2,72.85,7.8,27.1,681.77,3.29,57.37,8.08,2.8,--,0,2.2
6576,逸達,80.5,81.2,81.2,-0.6,-0.73,163,45.28,-19,0,0,-19,31,14,17,0.1,-14,0,0,0,14,0,0.08,15,7,8,119,144,-25,--,52.22,29.12,-11.25,394.51,2.59,50.49,35.01,0,--,0,15.75
6577,勁豐,77,77.4,77.5,0.4,0.52,5,20,1,0,0,1,0,0,0,0,0,0,0,0,0,0,0,0,0,0,6,6,0,13.16,164.64,-17.24,-0.23,2080.97,1.67,34.56,6.49,6.45,0.69,104,6.01
6578,達邦蛋白,16,16.2,16,0.05,0.31,92,23.08,0,0,0,0,0,0,0,0,0,0,0,0,0,0,0,0,0,0,92,92,0,--,36.37,7.05,-0.95,322.48,0.08,21.91,0.56,0,5.51,716,7.19
6579,研揚,148.5,149,149,5,3.47,1182,48.84,1,0,1,2,383,363,20,0.02,383,383,0,0,0,0.32,0,178,263,-85,637,572,65,27.29,756.5,-20.63,6.76,9125.09,3.81,34.83,4.28,2.52,2.4,1015,16.95
6581,鋼聯,107,108,107.5,0.5,0.47,3,0,-2,0,0,-2,0,0,0,0,0,0,0,0,0,0,0,0,0,0,3,3,0,17.74,372.83,186.65,53.89,2283.62,1.17,53.05,3.06,4.93,0.05,14,11.13
6582,申豐,30.4,30.55,30.5,0,0,63,56.45,9,0,2,11,0,0,0,0,0,0,0,0,0,0,0,0,19,-19,69,50,19,--,45.72,37.21,-35.77,590.44,-0.26,-12.56,-0.43,0,1.4,372,10.62
6584,南俊國際,655,658,657,21,3.3,520,48.02,58,0,-7,51,343,307,36,0.07,40,8,335,303,0,0.63,0.55,181,219,-38,23,20,3,85.99,277.78,-11.01,35.13,2872.49,3.37,41.55,7.01,0.38,7.64,1355,7.09
6585,鼎基,93.3,94.1,94,1,1.08,83,58.23,8,0,0,8,0,0,0,0,0,0,0,0,0,0,0,18,6,12,67,79,-12,19.18,324.91,24.65,27.46,2792.6,1.86,34.68,3.54,4.79,11.17,2015,7.21
6588,東典光電,127,127.5,127,-7,-5.22,1008,34.58,-145,0,-1,-146,269,395,-126,-0.12,-346,16,0,17,345,0.02,0.35,94,210,-116,657,415,242,--,27.14,-5.75,155.82,249.94,-0.08,21.22,-0.31,0,31.69,2749,3.47
6589,台康生技,43.25,43.9,43.9,-0.5,-1.13,1249,50.44,-604,0,3,-601,175,190,-15,-0.01,-190,0,0,0,190,0,0.15,134,330,-196,948,737,211,--,82.21,-28.34,-15.77,1116.28,-0.47,21.06,-1.72,0,5.52,3474,30.82
6590,普鴻,66.8,67,66.8,-0.4,-0.6,20,15,1,0,0,1,0,0,0,0,0,0,0,0,0,0,0,0,8,-8,21,13,8,13.18,60.47,-0.47,19.92,674.35,0.84,43.85,2.83,6.44,--,0,2.5
6591,動力-KY,51.8,52,52,-0.5,-0.95,184,36.07,-44,0,3,-41,0,0,0,0,0,0,0,0,0,0,0,31,45,-14,157,143,14,12.12,90.42,-15.82,-52.82,1540.67,0.75,24.42,1.38,7.69,23.54,2420,4.11
6592,和潤企業,61,61.2,61.1,0.4,0.66,490,54.34,302,0,1,303,251,37,214,0.43,251,251,0,0,0,0.5,0,99,157,-58,151,307,-156,10.7,1974.05,1.47,-2.98,23363.38,0.76,61.82,2.15,5.4,0.42,661,62.32
6593,台灣銘板,34.8,35.05,35.05,0,0,50,70,-6,0,0,-6,0,0,0,0,0,0,0,0,0,0,0,0,0,0,56,56,0,--,41.34,-11.69,68.06,406.64,-0.6,30.74,-2.14,0,14.46,1043,3.19
6596,寬宏藝術,96.8,96.9,96.8,0.1,0.1,95,24.47,-4,0,1,-3,0,0,0,0,0,0,0,0,0,0,0,0,13,-13,101,88,13,5.66,270.94,89.06,1704.82,3486.08,2.08,22.2,5.87,19.32,9.15,869,3.8
6597,立誠,73.2,73.4,72.9,-3.8,-4.95,34,18.18,-3,0,-2,-5,0,0,0,0,0,0,0,0,0,0,0,0,0,0,35,35,0,83.79,47.25,-26.35,-7.98,713.53,-0.45,20.27,-1.66,1.37,--,0,3
6598,ABC-KY,24.6,24.8,24.65,0.15,0.61,185,20.54,5,0,-1,4,0,0,0,0,0,0,0,0,0,0,0,0,0,0,187,187,0,--,60.98,-7.64,41.84,591.83,0.2,64.57,3.18,0,--,0,10.28
6603,富強鑫,21.65,21.7,21.65,-0.5,-2.26,837,19.23,-297,0,-1,-298,50,98,-48,-0.06,-98,0,0,0,98,0,0.12,48,165,-117,742,577,165,35.49,406.05,-0.78,12.32,5146.52,0.03,24.63,0.2,1.85,15.34,6421,16.74
6605,帝寶,130,130.5,130,0,0,285,37.68,26,0,4,30,109,119,-10,-0.03,-66,29,14,10,99,0.15,0.37,53,36,17,129,136,-7,9.75,1708.06,8.54,-1.48,19167.53,4.41,33.5,3.53,5,5.24,2172,16.58
6606,建德工業,24.55,24.6,24.55,-0.25,-1.01,40,35,7,0,0,7,0,0,0,0,0,0,0,0,0,0,0,0,0,0,40,40,0,22.52,106.77,18.78,21.43,853.26,0.26,40.83,1.79,4.2,2.02,556,11.03
6609,瀧澤科,42.1,42.3,42.2,-0.35,-0.82,580,32.37,-116,0,0,-116,95,0,95,0.16,0,0,0,0,0,0,0,41,104,-63,448,480,-32,--,231.51,26.02,17.34,1977.49,-0.16,14.76,-0.49,0,10.26,1858,7.25
6612,奈米醫材,67.1,67.5,67.4,0.7,1.05,28,35.71,-6,0,0,-6,0,0,0,0,0,0,0,0,0,0,0,0,0,0,29,29,0,75.73,113.4,2.96,16.23,1146.71,0.81,55.79,1.2,1.93,3.87,460,4.75
6613,朋億*,248,248.5,248.5,0,0,347,35.67,37,-1,1,37,100,113,-13,-0.04,-59,12,37,35,73,0.14,0.3,56,57,-1,205,192,13,17.46,711.11,-33.53,30.82,9274.94,3.84,32.09,5.07,4.02,5.39,1049,3.89
6614,資拓宏宇,39.35,39.5,39.35,-0.1,-0.25,89,48.31,14,0,-26,-12,0,0,0,0,0,0,0,0,0,0,0,0,16,-16,91,75,16,15.8,340.4,-8.09,7.76,5453.49,0.16,11.15,0.83,4.19,--,0,8.07
6615,慧智,32.5,32.85,32.5,-0.3,-0.91,10,30,-2,0,0,-2,0,0,0,0,0,0,0,0,0,0,0,0,0,0,13,13,0,83.33,30.16,-12.24,-9.13,380.64,0.67,28.63,2.28,0,0.41,22,2.16
6616,特昇-KY,9.7,9.76,9.82,0.13,1.34,23,73.91,-2,0,0,-2,0,0,0,0,0,0,0,0,0,0,0,0,0,0,23,23,0,--,44.86,-29.63,-37.52,913.42,-0.52,6.11,-4.14,0,14.32,1270,3.55
6617,共信-KY,64.5,64.6,64.6,-0.4,-0.62,151,68,-21,0,0,-21,0,0,0,0,0,0,0,0,0,0,0,9,12,-3,146,143,3,--,3.75,21.2,7.6,38.27,-0.32,67.99,-1.69,0,0.87,276,12.75
6620,漢達,76.9,77.6,76.9,4.4,6.07,1057,61.1,78,0,30,108,153,70,83,0.08,153,153,0,0,0,0.14,0,154,129,25,763,870,-107,16.75,62.07,-21.15,-88.94,1258.81,0.46,81.2,1.39,2.6,--,0,17
6624,萬年清,45.25,47.9,47,0.4,0.86,14,71.43,0,0,0,0,0,0,0,0,0,0,0,0,0,0,0,0,0,0,14,14,0,104.44,40.6,205.12,-34.81,542.65,0.05,23.65,0.27,0.62,3.33,188,2.26
6625,必應,72.4,72.5,72.5,0.8,1.12,138,55.56,18,0,-1,17,0,0,0,0,0,0,0,0,0,0,0,0,8,-8,142,134,8,7.23,351.16,-15.09,15.65,4707.35,1.42,19.98,4.56,6.9,7.08,1026,5.8
6629,泰金-KY,123,123.5,123,-3,-2.38,91,19.78,9,0,1,10,21,31,-10,-0.11,-31,0,0,0,31,0,0.34,26,16,10,44,44,0,16.76,265.35,0.24,140.47,2191.43,3.58,21.59,8.19,5.04,11.58,1111,3.84
6637,醫影,66.4,66.5,66.2,-0.2,-0.3,15,6.67,-1,0,0,-1,0,0,0,0,0,0,0,0,0,0,0,10,0,10,5,15,-10,9.82,45.12,-14.45,-24.18,1214.82,1.01,31.56,2.39,6.8,1.19,80,2.68
6640,均華,1285,1290,1290,-15,-1.15,257,49.21,55,-1,-5,49,261,265,-4,-0.01,-208,24,8,8,232,0.11,0.85,1,3,-2,19,14,5,80.12,333.6,11.36,142.34,3286.72,5.19,44.9,5.16,1.16,8.26,589,2.85
6641,基士德-KY,18.4,18.45,18.45,0.2,1.1,14,53.85,-3,0,2,-1,0,0,0,0,0,0,0,0,0,0,0,0,0,0,14,14,0,38.44,193.19,32.1,41.97,1794.28,0.02,30.91,-0.22,2.17,1.92,175,3.65
6642,富致,84.3,--,84.3,7.6,9.91,2859,76.22,6,0,-14,-8,1204,1679,-475,-0.16,1187,1184,20,17,0,0.4,0.01,376,503,-127,1468,866,602,33.72,58.58,4.39,5.04,548.14,0.74,48.59,2.65,2.14,12.93,1209,3.74
6643,M31,562,565,562,-50,-8.17,1240,33.28,135,-12,-63,60,697,888,-191,-0.14,-888,0,0,0,888,0,0.66,556,400,156,89,54,35,14050,168.69,40.45,30.74,1782.05,-1.18,100,-2.66,0.21,21.82,2280,4.21
6649,台生材,39,39.4,39.45,0.15,0.38,56,41.07,-5,0,0,-5,0,0,0,0,0,0,0,0,0,0,0,0,0,0,56,56,0,63.63,11.5,-0.29,29.93,181.81,0,60.77,0.02,2.53,12.6,1323,4.2
6651,全宇昕,116.5,117,117,0.5,0.43,269,36.9,-15,0,0,-15,10,60,-50,-0.18,1,10,0,0,9,0.04,0.03,80,44,36,183,169,14,17.28,157.73,3.74,8.04,1523.28,2.47,37.83,6.84,3.42,21.27,1840,3.46
6654,天正國際,96.2,96.7,96.5,2.5,2.66,59,47.37,-7,0,0,-7,0,11,-11,-0.19,-11,0,0,11,0,0,0.19,10,10,0,49,38,11,260.81,60.23,46.53,157.91,436.78,-0.2,21.75,-0.81,0,33.65,2798,3.73
6655,科定,132,132.5,132,-1,-0.75,16,62.5,0,0,0,0,0,0,0,0,0,0,0,0,0,0,0,10,0,10,6,16,-10,33.33,280.7,2.66,29.6,2806.99,0.95,49.51,2.87,4.55,0,1,8.06
6657,華安,39.55,39.9,39.65,0.65,1.67,172,48.84,14,0,1,15,0,0,0,0,0,0,0,0,0,0,0,0,0,0,173,173,0,--,0.81,10.82,89.91,8.24,-0.53,74.91,-5.31,0,10.73,2383,8.88
6658,聯策,--,183,183,-20,-9.85,3862,32.95,-617,0,-9,-626,1851,2251,-400,-0.1,-1883,54,0,0,1937,0.01,0.49,687,714,-27,1379,952,427,70.11,239.8,10.51,-20.64,2152.01,1.63,24,3.86,0.66,27.56,2506,3.64
6661,威健生技,17.2,17.45,17.45,0.1,0.58,16,75,0,0,0,0,0,0,0,0,0,0,0,0,0,0,0,0,0,0,16,16,0,--,30.8,7.08,25.55,388.08,-0.27,43.63,-2.15,0,--,0,2.33
6662,樂斯科,29.1,29.4,29.4,-0.6,-2,1,0,-1,0,0,-1,0,0,0,0,0,0,0,0,0,0,0,0,0,0,1,1,0,17.4,22.27,-14.96,-9.26,261.54,0.21,33.04,1.22,5.27,--,0,2.56
6664,群翊,403.5,405.5,404,-16,-3.81,905,31.15,-54,17,-71,-108,362,458,-96,-0.1,-432,0,26,104,354,0.03,0.47,137,162,-25,470,348,122,27.77,237.44,0.41,9.66,2691.19,3.73,48.23,5.58,2.52,13.12,1996,6.08
6666,羅麗芬-KY,40.6,40.8,41,0.8,1.99,76,93.42,-3,0,0,-3,33,60,-27,-0.35,33,33,0,0,0,0.43,0,28,0,28,16,17,-1,18.98,114.47,12.5,12.25,1104.81,0.32,64.52,0.6,4.88,2,237,4.74
6667,信紘科,252,252.5,252,3,1.2,179,40.45,-19,0,2,-17,38,51,-13,-0.07,38,33,5,0,0,0.2,0,56,53,3,96,86,10,18.3,477.83,-29.1,-2.14,6516.09,3.63,23.98,7.07,4.65,12.48,1538,4.93
6668,中揚光,38.4,38.55,38.4,-0.85,-2.17,1472,45.86,80,0,0,80,57,70,-13,-0.01,24,57,0,0,33,0.04,0.02,113,70,43,1309,1339,-30,--,101.54,29.19,10.19,1217.26,-0.62,11.27,-3.08,0,16.12,3217,10.71
6669,緯穎,4885,4890,4890,-200,-3.93,1482,46.57,42,-137,-7,-102,1524,1597,-73,-0.04,-1584,0,13,13,1584,0.01,0.97,26,16,10,98,36,62,16.39,82731,-16.14,29.67,1075444.13,75.95,7.55,10.66,3.37,4.95,2298,18.58
6670,復盛應用,262.5,263.5,262.5,0.5,0.19,329,48.01,-23,-13,0,-36,205,158,47,0.14,205,205,0,0,0,0.61,0,67,89,-22,63,88,-25,12.74,2761.45,-4.44,28.92,30459.71,6.96,24,5.3,6.1,1.39,485,13.94
6671,三能-KY,27.5,28,28,-0.85,-2.95,61,62.3,5,0,7,12,0,0,0,0,0,0,0,0,0,0,0,0,26,-26,64,38,26,12.39,186.29,39.19,7.17,1940.65,0.26,38.66,0.89,4.29,0.45,68,6.08
6672,騰輝電子-KY,178.5,179,179,-1.5,-0.83,2347,45.87,-109,-1,-20,-130,1042,1259,-217,-0.09,-617,206,69,149,743,0.11,0.37,411,453,-42,945,686,259,32.37,510,6.1,36.93,4624.64,1.73,34.02,3.39,1.87,31.09,5779,7.46
6674,鋐寶科技,16.8,17.05,16.85,-0.1,-0.59,34,17.65,-4,0,0,-4,0,0,0,0,0,0,0,0,0,0,0,0,0,0,34,34,0,--,42.96,-40.73,8.59,543.68,-1.04,15.29,-7.97,0,1.78,306,6.86
6679,鈺太,306,306.5,306.5,-6,-1.92,350,36.31,-78,10,-14,-82,165,172,-7,-0.02,-20,11,137,155,13,0.41,0.47,80,102,-22,116,88,28,37.38,187.76,0.23,15.7,2008.97,3.7,51.94,3.58,2.12,23.19,3187,5.5
6680,鑫創電子,51.3,53,53.2,0,0,4,0,0,0,0,0,0,0,0,0,0,0,0,0,0,0,0,0,0,0,4,4,0,--,46.44,-14.37,36.42,602.75,0.08,32.39,0.35,0.56,--,0,2.4
6683,雍智科技,--,1620,1620,-180,-10,392,26.98,2,0,6,8,396,418,-22,-0.06,-419,0,0,1,418,0,1.05,9,10,-1,35,12,23,91.78,217.57,-1.23,20.97,2384.08,6.23,48.8,6.04,0.56,26.45,1822,2.76
6684,安格,44.25,44.55,44.3,-0.25,-0.56,294,27.15,-89,0,1,-88,0,0,0,0,0,0,0,0,0,0,0,20,12,8,279,287,-8,--,26.09,-22.88,-15.29,306.9,0.01,60.23,0.05,0,12.27,1367,4.46
6689,伊雲谷,64.6,64.9,64.6,-0.9,-1.37,100,17,-13,0,0,-13,0,0,0,0,0,0,0,0,0,0,0,0,0,0,103,103,0,28.58,1023.84,-0.91,-11.23,12146,0.53,9.88,1.07,3.1,9.74,1656,6.8
6690,安碁資訊,167.5,168,168.5,0.5,0.3,49,51.06,7,0,0,7,0,0,0,0,0,0,0,0,0,0,0,6,19,-13,46,33,13,15.87,211.71,-17.76,14.37,2567.03,2.27,37.48,2.24,5.34,1.15,86,3
6691,洋基工程,620,621,620,-3,-0.48,277,37.5,-13,-18,3,-28,139,192,-53,-0.18,-106,32,0,0,138,0.11,0.47,138,88,50,15,12,3,23.14,2858.88,1.81,66.7,26526.84,7.19,18.39,12.8,3.55,5.01,1523,12.15
6692,進能服,28.8,29,29,0.1,0.35,21,33.33,-1,0,0,-1,0,0,0,0,0,0,0,0,0,0,0,0,0,0,23,23,0,--,54.87,-8.42,-24.04,820.67,-0.92,-22.44,-5.13,0.69,2.73,401,5.88
6693,廣閎科,136.5,137,136.5,-4.5,-3.19,602,40.9,108,0,1,109,198,267,-69,-0.11,-267,0,0,0,267,0,0.43,133,115,18,284,233,51,101.87,204.37,5.68,85.7,1709.36,1.17,28.75,4.76,0.44,31.04,3548,4.57
6695,芯鼎,49.35,49.45,49.35,-1.65,-3.24,2246,43.86,84,0,0,84,288,550,-262,-0.12,-488,0,0,0,488,0,0.22,296,495,-199,1674,1213,461,--,76.3,-12.56,-24.96,1111.04,-0.68,37.88,-4.26,0,13.81,2985,10.65
6697,東捷資訊,41.1,42,41.1,-0.65,-1.56,74,22.97,5,0,0,5,0,0,0,0,0,0,0,0,0,0,0,0,0,0,74,74,0,13.84,98.69,-4.98,-7.05,1373.89,0.79,12.94,3.64,6.33,1.83,125,2.73
6698,旭暉應材,30.85,30.9,30.9,-0.7,-2.22,249,20.48,-33,0,0,-33,0,0,0,0,0,0,0,0,0,0,0,18,21,-3,235,232,3,--,45.75,-10.36,-44.63,1101.69,-0.35,20.56,-1.32,1.62,11.57,1920,6.64
6703,軒郁,112.5,114,113.5,0.5,0.44,27,40.74,0,0,0,0,0,0,0,0,0,0,0,0,0,0,0,0,0,0,31,31,0,11.15,347.47,12.69,20.26,3409.58,1.87,63.05,4.58,7.75,0.86,71,3.3
6706,惠特,172.5,173,173,-1,-0.57,16457,51.35,-988,0,-111,-1099,10172,11154,-982,-0.06,6481,8404,0,0,1923,0.51,0.12,2631,2284,347,3772,3138,634,--,53.99,-2.72,-41.84,597.12,-0.96,-2.01,-1.98,0,52.89,10386,7.85
6708,天擎,39.75,40,40,-1.1,-2.68,47,17.02,0,0,0,0,0,0,0,0,0,0,0,0,0,0,0,0,0,0,47,47,0,--,22.54,12,-19.99,264.9,-0.2,50.94,-1.51,0,--,0,2.9
6712,長聖,133.5,134,133.5,0.5,0.38,235,33.48,-106,0,-1,-107,108,78,30,0.12,-8,45,0,0,53,0.19,0.22,29,52,-23,104,111,-7,28.71,85.23,21.58,26.19,1057.08,1.39,80.24,6.06,3,3.85,933,10.18
6715,嘉基,484,485,484,-42,-7.98,1830,42.84,148,-1,-16,131,966,1122,-156,-0.08,-422,274,83,100,679,0.19,0.42,552,464,88,348,280,68,228.3,164.42,-14.91,-11.58,1734.39,1.02,40.01,1.64,0.41,30.84,5245,6.8
6716,應廣,90.8,91.4,90.8,-3.1,-3.3,442,32.1,-5,0,0,-5,19,31,-12,-0.03,-31,0,0,0,31,0,0.07,87,85,2,338,328,10,25.94,175.54,29.21,41.03,1282.73,1.59,35.86,6.28,1.76,11.71,886,3.02
6719,力智,210.5,211,211,-9,-4.09,4189,40.77,-859,-5,-6,-870,1567,2552,-985,-0.23,-457,675,0,0,1132,0.16,0.27,570,540,30,2136,1182,954,23.52,383.02,9.27,-12.14,4528.48,2.1,41.67,1.56,2.18,9.74,2058,10.55
6720,久昌,157.5,158,158,0.5,0.32,154,70.75,-18,0,0,-18,85,60,25,0.16,25,18,57,50,0,0.48,0.32,15,15,0,55,80,-25,57.66,37.5,18.56,-19.64,382,0.51,39.8,1.69,2.22,18.71,1414,3.02
6721,信實,57.9,58.5,58.5,0.6,1.04,2,100,0,0,0,0,0,0,0,0,0,0,0,0,0,0,0,0,0,0,2,2,0,12.26,308.76,0.8,4.78,3695.95,1.48,6.16,4.92,5.64,--,0,2.25
6722,輝創,37.1,37.7,37.3,0.1,0.27,62,11.29,-1,0,0,-1,0,0,0,0,0,0,0,0,0,0,0,20,0,20,43,63,-20,15.1,410.16,-7.94,-7.6,--,0.34,20.58,1.22,5.36,--,0,8.84
6725,矽科宏晟,290,291,290,-8,-2.68,240,28.75,14,0,-2,12,39,96,-57,-0.23,-89,0,0,0,89,0,0.35,86,63,23,128,94,34,24.37,310.19,-7.07,-14.34,3997.26,2.59,23.31,3.86,2.41,--,0,3.71
6727,亞泰金屬,517,518,518,-1,-0.19,2986,53.49,66,0,-8,58,2013,2118,-105,-0.03,716,1343,0,0,627,0.44,0.21,981,874,107,27,29,-2,60.94,161.08,-15.81,51.15,2118.47,2.94,25.42,5.46,0.87,77.53,5211,2.69
6728,上洋,110,110.5,110,-0.5,-0.45,32,21.87,-1,0,0,-1,0,0,0,0,0,0,0,0,0,0,0,0,23,-23,34,11,23,12.15,584.56,26.14,-4.65,4787.88,1.97,36.94,2.92,5.91,1.94,146,3.01
6730,常廣,37.4,38,38,0.7,1.88,4,50,0,0,0,0,0,0,0,0,0,0,0,0,0,0,0,0,0,0,4,4,0,20.32,39.18,4.37,-5.19,484.36,0.44,47.97,2.13,3.95,--,0,3.63
6732,昇佳電子,162.5,163.5,162.5,-3.5,-2.11,192,32.29,-7,-8,-1,-16,7,40,-33,-0.17,-32,0,0,0,32,0,0.16,49,55,-6,142,103,39,25.63,356.39,-1.9,-3.14,4431.65,2.19,22.02,2.58,3.38,4.96,607,4.89
6733,博晟生醫,27.85,28,27.85,-0.35,-1.24,280,38.57,-83,0,0,-83,0,0,0,0,0,0,0,0,0,0,0,30,51,-21,251,230,21,--,19.6,18.03,0.92,229.99,-0.13,72.37,-1.9,0,--,0,13.43
6735,美達科技,106,106.5,106,-8,-7.02,1487,35.91,320,0,0,320,500,606,-106,-0.07,-606,0,0,0,606,0,0.4,251,279,-28,755,621,134,189.29,34.97,-20.27,74.13,387.74,0.29,48.4,1.39,0.66,6.56,757,4.62
6739,竹陞科技,1215,1225,1215,-40,-3.19,248,40.82,50,0,-1,49,249,254,-5,-0.02,-144,40,30,30,184,0.26,0.79,2,2,0,21,15,6,63.65,110.24,10.13,100.21,997.24,5.76,68.38,14.31,1.07,19.55,1143,2.34
6741,91APP*-KY,61.5,61.6,61.6,0.4,0.65,264,71.86,9,-2,0,7,64,28,36,0.13,64,64,0,0,0,0.24,0,34,10,24,169,229,-60,14.7,173.44,-7.79,31.91,1977.79,1.15,74.2,4.23,3.25,5.24,1580,6.03
6742,澤米,52.2,--,52.2,4.7,9.89,6051,60.54,-436,0,11,-425,1683,1237,446,0.07,1683,1683,0,0,0,0.28,0,790,932,-142,3621,3926,-305,--,30.7,6.7,-49.51,441.16,-0.35,-8.87,-1.96,0,14.35,2557,7.13
6743,安普新,28.3,28.35,28.35,0.15,0.53,247,34.41,-16,0,1,-15,0,0,0,0,0,0,0,0,0,0,0,0,0,0,249,249,0,35,454.14,11.27,11.82,5506.17,-0.19,18.69,-1.03,10.58,1.86,699,15
6751,智聯服務,46,46.8,46.65,1.05,2.3,13,76.92,-2,0,0,-2,0,0,0,0,0,0,0,0,0,0,0,0,0,0,14,14,0,8.99,108.28,-52.25,-39.19,1650.42,0.3,10.81,0.82,6.43,1.98,110,2.22
6752,叡揚,99.8,101,100.5,-0.5,-0.5,59,43.86,-23,0,0,-23,0,0,0,0,0,0,0,0,0,0,0,7,0,7,54,61,-7,13.47,160.48,-1.81,-4.97,2037.87,1.39,46.36,3.79,4.78,5.16,479,3.71
6753,龍德造船,124,124.5,124,-2,-1.59,736,34.67,-327,0,4,-323,194,402,-208,-0.28,-379,0,23,80,322,0.03,0.53,141,134,7,420,219,201,17.44,488.02,4.16,49.52,5495.92,2.7,33.1,6.53,1.01,18.03,5286,11.73
6754,匯僑設計,43.5,43.8,43.65,-0.3,-0.68,17,31.25,-4,0,0,-4,0,0,0,0,0,0,0,0,0,0,0,0,0,0,18,18,0,13.47,260.62,4.07,-19.57,3351.39,0.12,22.86,0.37,8.02,0.76,126,6.6
6756,威鋒電子,93.9,94,94,-3.6,-3.69,349,33.14,-11,0,0,-11,0,14,-14,-0.04,-14,0,0,0,14,0,0.04,29,36,-7,325,304,21,61.84,168.38,15.27,10.48,1590.89,0.64,44.61,1.3,0.96,3.68,644,7
6757,台灣虎航,52.4,52.5,52.4,0.9,1.75,527,53.92,100,0,19,119,78,0,78,0.14,78,78,0,0,0,0.14,0,120,77,43,353,474,-121,8.42,1651.86,-7.69,26.46,18153.77,2.91,40.68,17.97,4.62,3.11,3577,45.95
6761,穩得,180,182.5,180,-4.5,-2.44,348,21.9,-6,0,-15,-21,103,149,-46,-0.13,-141,0,0,0,141,0,0.39,60,71,-11,198,141,57,26.16,177.26,6.37,-0.37,1893.04,1.6,38.3,3.25,3.33,40.09,3503,3.5
6762,達亞,180,188,--,--,--,0,--,0,0,0,0,0,0,0,--,0,0,0,0,0,--,--,0,0,0,0,0,0,--,60.15,15.64,-14.15,656.39,-0.38,15.53,-1.04,0.54,--,0,3.52
6763,綠界科技*,44.55,44.6,44.6,-0.35,-0.78,293,32.87,-59,0,-2,-61,0,45,-45,-0.15,0,0,0,0,0,0,0,39,26,13,263,231,32,10.75,154.11,-10.88,10,1811.94,0.55,41.94,3.3,6.73,4.27,1964,1.84
6767,台微醫,26.35,27,27,0,0,10,100,0,0,0,0,0,0,0,0,0,0,0,0,0,0,0,0,0,0,10,10,0,--,28.56,-9.62,13.94,315.93,0.09,79.15,0.59,0,--,0,3.92
6768,志強-KY,85.4,85.5,85.4,1,1.18,960,50.99,-139,-12,-1,-152,74,105,-31,-0.03,74,74,0,0,0,0.08,0,192,166,26,705,700,5,16.17,2124.9,-13.18,5.92,19841.94,1.2,16.54,1.57,6.04,3.37,1688,20.01
6770,力積電,58.5,58.6,58.5,-3.5,-5.65,142590,32.51,-31836,5,-169,-32000,75528,108262,-32734,-0.23,-102755,1424,2846,2718,104307,0.03,0.75,24667,13613,11054,43626,21946,21680,32.87,5045.88,6.64,32.46,50422.73,3.36,10.23,15.94,0,12.09,129374,427.99
6776,展碁國際,56.8,56.9,56.8,-0.2,-0.35,130,41.09,-34,0,2,-32,0,0,0,0,0,0,0,0,0,0,0,10,22,-12,123,111,12,14.13,3059.65,10.48,45.95,31551,1.14,6.26,3.58,5.28,4.7,1075,9.16
6781,AES-KY,1125,1130,1125,-60,-5.06,870,29.09,-70,0,-50,-120,882,899,-17,-0.02,-899,0,0,0,899,0,0.96,5,9,-4,49,28,21,28.75,1522.54,1.13,16.56,17308.63,10.64,36.1,5.21,1.7,15.27,3260,8.54
6782,視陽,193,193.5,193,2.5,1.31,564,45.8,-107,50,0,-57,148,172,-24,-0.04,148,148,0,0,0,0.26,0,161,145,16,265,257,8,13.02,371.28,-21.64,-7.87,4466.64,3.82,45.82,5.55,4.35,3.59,566,6.3
6785,昱展新藥,126,126.5,126.5,2.5,2.02,108,61.68,-25,0,0,-25,31,20,11,0.1,31,31,0,0,0,0.28,0,14,17,-3,65,73,-8,--,0,-100,--,3,-0.53,100,-1.47,0.08,6.56,1095,6.68
6788,華景電,404,406,404,0.5,0.12,553,34.38,-75,1,9,-65,163,226,-63,-0.11,132,158,0,0,26,0.27,0.04,89,86,3,329,269,60,21.85,231.19,11.72,1.32,2667.56,4.49,60.33,6.6,3.71,29.51,2858,3.87
6789,采鈺,519,520,519,-30,-5.46,6814,35.56,981,-80,-43,858,5115,5669,-554,-0.08,-5667,0,2,2,5667,0,0.79,1832,1398,434,264,144,120,111.61,774.04,-5.89,-0.62,9107.16,1.5,32.24,2.55,0.58,12.23,9728,31.83
6790,永豐實,39.75,39.85,39.8,0.45,1.14,174,61.68,11,0,0,11,0,0,0,0,0,0,0,0,0,0,0,26,0,26,150,176,-26,12.96,967.87,1.69,8.38,10648.74,0.83,28.55,3.74,6.66,0.48,318,26.71
6791,虎門科技,112.5,114.5,112.5,-7.5,-6.25,42,2.38,-6,0,0,-6,0,0,0,0,0,0,0,0,0,0,0,0,0,0,43,43,0,23.01,68.84,-8.17,8.92,831.7,1.64,41.69,6.71,3.11,7.58,395,2.08
6792,詠業,63,63.1,63,-0.5,-0.79,201,34.01,-3,0,0,-3,0,0,0,0,0,0,0,0,0,0,0,0,0,0,204,204,0,28.51,123.13,0.38,-0.43,1330.21,0.53,32.24,1.67,3.97,2.43,291,4.79
6794,向榮生技,79.5,81.3,80.2,-0.4,-0.5,40,15,-11,0,1,-10,0,0,0,0,0,0,0,0,0,0,0,0,8,-8,40,32,8,--,1.89,1.34,-65.53,22.94,-0.36,62.77,-2.7,0,1.85,224,6.37
6796,晉弘,62.2,62.5,62.5,2.1,3.48,123,63.93,51,0,0,51,23,30,-7,-0.06,23,23,0,0,0,0.19,0,0,10,-10,101,84,17,--,53.97,-10.56,24.4,685.74,-0.32,36.54,-1.57,0.4,3.06,308,4.02
6799,來頡,91.9,92.1,92.1,-3.4,-3.56,653,29.53,-300,0,1,-299,39,104,-65,-0.1,-89,0,15,0,104,0.02,0.16,56,84,-28,566,473,93,25.51,92.89,-0.45,8.85,970.72,1.14,46.82,3.03,2.71,17.66,1930,4.37
6803,崑鼎,287,288,288,0,0,39,18.42,-15,0,0,-15,5,8,-3,-0.07,-8,0,0,0,8,0,0.18,17,13,4,22,23,-1,15.63,716.32,-8.69,2.56,9718.91,4.54,19.82,4.87,5.49,0.13,24,7.28
6804,明係,15.4,15.45,15.55,0.15,0.97,40,70.97,-1,0,8,7,0,0,0,0,0,0,0,0,0,0,0,0,0,0,40,40,0,--,118.49,-22.7,34.25,1448.68,0.17,8.21,0.63,3.22,3.53,419,4.75
6805,富世達,1770,1775,1770,35,2.02,1086,47.06,-64,105,13,54,1097,1102,-5,0,937,1007,0,0,70,0.89,0.06,4,7,-3,29,22,7,45.18,1353.13,-15.44,59.05,14848.45,13.38,32.31,12.55,0.71,16.79,2877,6.86
6806,森崴能源,--,12.65,12.65,-1.4,-9.96,121,0,26,0,0,26,0,89,-89,-0.7,-89,0,0,0,89,0,0.7,0,0,0,128,39,89,--,1052.47,-63.83,-23.04,23685.83,-6.73,44.85,152.74,0,--,1493,27.46
6807,峰源-KY,33.3,33.45,33.45,-0.15,-0.45,8,87.5,-1,0,0,-1,0,0,0,0,0,0,0,0,0,0,0,0,0,0,8,8,0,9.81,295.73,5.03,-26.8,3806.28,0.63,17.27,1.32,7.47,0.99,133,5.4
6811,宏碁資訊,205,205.5,205,0,0,136,46.67,52,0,0,52,47,87,-40,-0.29,16,21,0,0,5,0.15,0.04,20,14,6,72,38,34,13.54,884.4,-11.91,24.26,10252.83,4.8,12.37,8.86,5.12,2.78,288,4.14
6821,聯寶,50.8,50.9,50.9,0,0,739,51.92,63,0,0,63,20,43,-23,-0.03,-3,20,0,0,23,0.03,0.03,134,136,-2,589,564,25,47.13,59.11,34.02,-21.64,549.76,0.32,36.42,1.54,2.14,20.22,1661,3.26
6823,濾能,79.5,79.6,79.5,-0.4,-0.5,230,25.11,-62,0,0,-62,50,15,35,0.15,-15,0,0,0,15,0,0.06,25,57,-32,157,160,-3,--,63.26,-7.34,51.37,669.07,-2.46,-13.63,-14.13,0,13.79,957,3.05
6829,千附精密,185.5,186,186,3.5,1.92,203,79.37,15,0,-1,14,51,30,21,0.1,13,0,43,18,12,0.2,0.14,79,81,-2,86,105,-19,44.39,170.18,-39.44,28.16,2036.64,1.63,26.19,4.86,1.88,8.71,1289,5.92
6830,汎銓,712,713,712,-25,-3.39,1597,45.56,-8,8,-12,-12,942,1099,-157,-0.09,-988,0,111,99,1000,0.07,0.65,669,548,121,69,33,36,--,211.78,-5.55,20.24,2328.32,-0.61,21.58,-1.02,0.14,34.49,4608,5.34
6831,邁科,730,733,733,1,0.14,553,71.32,158,104,-5,257,473,397,76,0.13,105,252,44,40,151,0.52,0.33,87,157,-70,14,20,-6,148.98,213.12,-32.15,-24.33,3922.17,0.66,18.2,1.62,0.41,--,0,6.75
6834,天二科技,55,55.1,55.1,2.4,4.55,9760,57.63,99,0,-11,88,3809,3743,66,0.01,3674,3674,0,0,0,0.38,0,1211,1611,-400,4785,4452,333,90.33,179.4,8.18,32.25,1543.68,0.45,23.04,2.74,0.73,16.52,3654,8.85
6835,圓裕,37.85,38,37.85,-0.2,-0.53,568,28.72,-89,0,0,-89,219,180,39,0.07,-120,30,0,0,150,0.05,0.26,156,82,74,193,306,-113,291.15,222.74,4.69,-4.9,2345.65,0.05,16.58,0.19,2.64,4.81,796,6.62
6838,台新藥,26,26.1,26.05,0.1,0.39,94,36.26,-22,0,0,-22,0,0,0,0,0,0,0,0,0,0,0,0,0,0,95,95,0,--,0,-100,--,54.32,-0.1,86.94,-1.05,0,--,2841,15.1
6840,東研信超,62.5,62.6,62.5,-0.9,-1.42,76,29.73,-20,0,0,-20,0,0,0,0,0,0,0,0,0,0,0,0,0,0,76,76,0,41.67,87.66,6.53,10.46,933.92,0.12,40.2,0.34,1.6,5.11,393,3.08
6841,長佳智能,59.3,59.6,59.4,0,0,118,39.32,6,0,0,6,0,0,0,0,0,0,0,0,0,0,0,23,14,9,97,106,-9,62.53,33.02,9.84,17.61,376.87,0.26,70.05,0.98,1.68,8.15,1939,9.52
6843,進典,41.6,42.65,41.5,-2,-4.6,25,20,4,0,0,4,0,0,0,0,0,0,0,0,0,0,0,0,0,0,25,25,0,20.34,65.28,3.94,9.95,843.2,0.4,39.5,1.32,4.82,1.09,91,3.33
6844,諾貝兒,64,65.4,65.3,0,0,21,42.86,-1,0,0,-1,0,0,0,0,0,0,0,0,0,0,0,0,0,0,21,21,0,25.12,273.16,-3.6,-0.14,3423.65,1.57,34.64,1.87,6.13,--,0,3.74
6846,綠茵,68.9,69.4,70,0.5,0.72,2,100,0,0,0,0,0,0,0,0,0,0,0,0,0,0,0,0,0,0,2,2,0,14.31,64.25,-35.35,-0.08,880.6,1.15,48.69,3.31,5.63,--,0,2.71
6855,數泓科,104,106,102.5,-1.5,-1.44,6,50,1,0,0,1,0,0,0,0,0,0,0,0,0,0,0,0,0,0,6,6,0,14.75,51.07,8.76,15,597.04,2.03,48.75,5.41,5.37,--,0,2.32
6856,鑫傳,47.15,50.7,51,2.05,4.19,3,100,0,0,0,0,0,0,0,0,0,0,0,0,0,0,0,0,0,0,3,3,0,18.75,63.68,19.55,0.01,767.86,0.56,67.84,1.57,5.88,--,0,2.82
6859,伯特光,117.5,119,118.5,2.5,2.16,213,45.07,39,0,0,39,11,59,-48,-0.22,11,11,0,0,0,0.05,0,38,20,18,166,136,30,60.15,57.09,-4.49,-39.03,754.79,1.01,27.61,1.97,1.69,7.01,729,4.16
6861,睿生光電,--,409.5,409.5,-45.5,-10,396,25.07,-45,0,28,-17,138,268,-130,-0.33,-135,58,8,16,185,0.17,0.51,78,65,13,209,91,118,83.23,262.16,-4.43,39.71,2622.59,2.12,26.26,5.86,0.49,32.38,3367,4.16
6862,三集瑞-KY,161.5,162,161.5,-7,-4.15,435,20.05,-121,0,-6,-127,37,100,-63,-0.14,-74,10,0,8,76,0.02,0.19,48,106,-58,363,242,121,26.48,141.44,-21.78,-49.12,1990.02,1,32.55,1.64,3.1,9.7,1213,5
6863,永道-KY,106,106.5,106,-4,-3.64,91,30,13,0,0,13,0,11,-11,-0.11,-11,0,0,0,11,0,0.11,5,13,-8,91,72,19,97.25,522.6,18.58,45.6,4128.65,0.61,19.32,0.76,1.42,5.65,1057,7.49
6865,偉康科技,28,28.3,27.8,-0.4,-1.42,35,41.18,-4,0,0,-4,0,0,0,0,0,0,0,0,0,0,0,0,0,0,35,35,0,163.53,20.04,48.89,-24.73,358.77,-1.12,35.28,-4.75,5.04,8.51,337,1.58
6869,雲豹能源,77.2,77.3,77.2,-1.6,-2.03,663,22.5,-105,0,1,-104,38,85,-47,-0.07,-85,0,0,0,85,0,0.12,114,167,-53,533,433,100,--,537.32,-28,-61.48,7280.25,-0.99,19.49,-1.92,2.59,9.39,3235,13.78
6870,騰雲,194,196,195,5,2.63,153,43.92,-16,0,0,-16,45,0,45,0.28,45,28,17,0,0,0.28,0,37,30,7,76,128,-52,25.9,85.89,5.11,81.46,897.84,1.1,66.29,1.88,2.69,11.28,659,2.34
6872,浩宇生醫,18.1,18.3,18.1,0.05,0.28,27,22.22,0,0,0,0,0,0,0,0,0,0,0,0,0,0,0,0,0,0,28,28,0,--,1.3,-92.3,226.32,28.51,-0.41,56,-5.06,0,--,0,7.08
6873,泓德能源,82.7,82.8,82.7,-1.8,-2.13,492,43.27,-166,0,-3,-169,80,116,-36,-0.07,-116,0,0,0,116,0,0.23,74,74,0,347,311,36,25.76,430.74,-45.36,-35.55,8505.48,0.25,40.47,0.28,3.02,11.08,3833,14.26
6874,倍力,79.4,80.6,79.5,-2,-2.45,34,26.47,-6,0,0,-6,0,0,0,0,0,0,0,0,0,0,0,0,0,0,35,35,0,20.08,98.29,-44.86,45.69,1826.41,1.95,9.56,8.57,5.03,4.78,263,2.2
6875,國邑*,37.15,37.6,37.15,-0.2,-0.54,118,62.38,12,0,1,13,0,0,0,0,0,0,0,0,0,0,0,15,0,15,103,118,-15,--,0,-100,--,69.06,-0.73,18.42,-6.23,0,--,0,6.46
6877,鏵友益,146,147,147,-9,-5.77,527,28.26,41,0,-2,39,183,223,-40,-0.07,-223,0,0,0,223,0,0.42,87,90,-3,264,221,43,--,24.12,18.21,33.31,397.29,-0.65,47.74,-3.44,0.34,79.96,8020,4.7
6881,潤德,266.5,271.5,--,--,--,0,--,0,0,0,0,0,0,0,--,0,0,0,0,0,--,--,0,0,0,0,0,0,13.1,215.94,0.38,7.9,2548.82,5.23,21.09,8.33,6.8,--,0,1.5
6884,海柏特,33.15,33.45,33.45,0,0,7,100,0,0,0,0,0,0,0,0,0,0,0,0,0,0,0,0,0,0,7,7,0,17.89,114.29,10.89,32.71,1258.99,0.42,19.74,2.37,4.48,--,0,1.84
6885,全福生技,21.9,21.95,21.9,-0.8,-3.52,265,27.17,-81,0,10,-71,0,0,0,0,0,0,0,0,0,0,0,0,0,0,266,266,0,--,0.77,-36.38,2152.94,8.95,-0.5,-11.34,-4.43,0,7.19,2391,13.3
6887,寶綠特-KY,35.6,36,--,--,--,0,--,0,0,0,0,0,0,0,--,0,0,0,0,0,--,--,0,0,0,0,0,0,14.94,298.28,-17.62,-13.11,4165.54,-0.62,23.81,-1.56,6.84,6.25,1158,7.42
6890,來億-KY,167,167.5,167,3,1.83,1151,42.94,70,0,-1,69,492,476,16,0.01,492,492,0,0,0,0.42,0,243,216,27,434,477,-43,16.52,4211.25,51.51,-9.23,36561.41,0.75,11.65,0.66,5.39,3.43,2141,24.94
6894,衛司特,336.5,337,336.5,4.5,1.36,104,46.15,2,0,2,4,24,12,12,0.11,21,21,0,0,0,0.19,0,29,39,-10,55,57,-2,26.13,191.6,-19.35,88.37,1662.14,4.5,35.82,6.43,2.53,9.53,567,2.38
6895,宏碩系統,154.5,155,154.5,2.5,1.64,38,36.84,-6,0,0,-6,0,0,0,0,0,0,0,0,0,0,0,0,0,0,38,38,0,47.69,28.32,-10.46,-47.95,816.77,0,24.37,-0.01,1.88,12.52,1067,3.41
6899,創為精密,58.4,58.7,58.5,-0.4,-0.68,89,35.37,5,0,6,11,0,0,0,0,0,0,0,0,0,0,0,0,0,0,90,90,0,16.25,92.61,5.13,-14.22,1165.8,1.08,41.57,2.44,4.79,1.83,194,4.24
6901,鑽石投資,13.6,13.7,13.65,0,0,924,43.51,-36,0,17,-19,0,0,0,0,0,0,0,0,0,0,0,0,92,-92,928,836,92,--,566.25,766.97,331.08,-51.89,-0.42,--,-3.94,0,1.47,3140,85.29
6902,GOGOLOOK,127,127.5,127,5,4.1,1397,53.56,30,0,2,32,419,512,-93,-0.07,269,287,132,150,0,0.3,0.11,289,289,0,710,617,93,43.34,98.84,-8.37,21.15,1129.1,1.64,89.08,7.97,0,6.27,554,3.55
6903,巨漢,380,380.5,380,-10,-2.56,952,50.37,86,2,-5,83,474,565,-91,-0.09,-526,19,14,30,529,0.03,0.57,122,125,-3,391,297,94,23.43,697.78,-4.99,297.05,5632.09,6.72,31.43,12.68,2.24,12.02,2004,6.67
6904,伯鑫,112.5,113.5,113,-4,-3.42,2,0,0,0,0,0,0,0,0,0,0,0,0,0,0,0,0,0,0,0,2,2,0,18.68,63.56,-23.66,-3.02,842.34,1.83,29.49,3.22,4.42,--,0,1.85
6906,現觀科,63.4,63.5,63.5,-0.2,-0.31,63,42.86,-4,0,0,-4,0,0,0,0,0,0,0,0,0,0,0,0,0,0,63,63,0,33.25,21.89,-26.45,1.69,348.83,0.6,86.23,2.63,2.83,6.87,576,3.35
6907,雅特力-KY,111,111.5,111,-6,-5.13,641,21.61,-56,0,2,-54,34,165,-131,-0.2,-113,21,0,0,134,0.03,0.2,128,136,-8,495,356,139,43.19,286.72,10.52,121.66,2102.7,1.16,35.11,5.35,0.9,--,0,6.25
6909,創控,50.5,50.7,50.5,-1.6,-3.07,813,30.74,157,0,-1,156,74,23,51,0.06,-23,0,0,0,23,0,0.03,152,174,-22,599,628,-29,62.35,36.78,-25.64,54.78,535.13,0.07,57.49,0.46,1.98,15.04,2527,6.72
6910,德鴻,26.4,26.8,26.4,-0.1,-0.38,22,63.64,6,0,0,6,0,0,0,0,0,0,0,0,0,0,0,0,0,0,23,23,0,15,33.16,-12.28,8.29,--,0.27,52.79,1.8,6.63,--,0,3.05
6913,鴻呈,132,132.5,132.5,-8.5,-6.03,762,29.81,-144,9,-33,-168,129,314,-185,-0.24,-314,0,0,0,314,0,0.4,158,125,33,491,339,152,27.49,302.96,26.96,25.45,2827.87,1.58,29.19,4.28,1.89,16.04,1758,4.38
6914,阜爾運通,142,142.5,142.5,0,0,61,44.07,8,0,-1,7,14,10,4,0.06,4,14,0,0,10,0.22,0.16,5,24,-19,45,30,15,14.57,476.23,-3.9,6.82,5830.16,2.34,21.98,4.34,5.61,2.17,360,6.62
6916,華凌,17.05,17.15,17.05,0.1,0.59,26,53.85,-1,0,0,-1,0,0,0,0,0,0,0,0,0,0,0,0,0,0,27,27,0,--,198.89,0.31,8.1,2034.91,-0.49,20.12,-3.13,0,3.14,530,6.75
6918,愛派司,73.8,74.2,73.6,-0.1,-0.14,38,15.79,-25,0,1,-24,0,0,0,0,0,0,0,0,0,0,0,9,0,9,30,39,-9,14.69,84.87,15.07,11.86,867.89,1.39,66.23,3.96,6.79,0.62,54,3.46
6919,康霈*,104,--,104,9.1,9.59,5467,98.45,405,0,74,479,5323,3924,1399,0.25,5234,5233,90,89,0,0.96,0.02,90,829,-739,153,812,-659,--,3.57,178200,-70.8,29.39,-0.07,50,-1.15,0,--,0,7.79
6922,宸曜,181.5,182.5,182.5,-4.5,-2.41,224,33.93,19,0,-5,14,53,48,5,0.02,-48,0,0,0,48,0,0.21,48,84,-36,130,100,30,25.81,180.14,-10.27,26.99,1774.82,2.6,40.3,6.9,2.65,2.52,171,2.72
6923,中台,77.3,77.4,77.3,0.4,0.52,147,54.23,-3,0,0,-3,17,0,17,0.11,17,0,17,0,0,0.11,0,7,10,-3,124,138,-14,25.18,118.84,15.87,31.98,1196.63,0.84,30.85,2.88,3.88,8.62,1971,9.15
6925,意藍,60,60.4,60,-0.8,-1.32,21,9.52,-11,0,0,-11,0,0,0,0,0,0,0,0,0,0,0,0,0,0,22,22,0,21.05,16.77,5.81,6.88,213.97,0.39,75.45,1.98,3.33,3.38,169,2
6928,攸泰科技,45.7,46,45.8,-0.45,-0.97,46,23.91,-16,0,0,-16,0,0,0,0,0,0,0,0,0,0,0,0,0,0,47,47,0,--,130.53,-24.77,-20.37,1870.06,-0.04,27.99,-0.16,0,3.96,852,8.6
6929,佑全,22.75,23.15,23.15,0,0,5,60,0,0,0,0,0,0,0,0,0,0,0,0,0,0,0,0,0,0,6,6,0,--,262.34,-3.55,-0.78,3218.76,-0.21,33.17,-0.93,0,--,0,4.51
6931,青松健康,40.6,41.2,41.2,-0.7,-1.67,92,23.6,-35,0,0,-35,0,0,0,0,0,0,0,0,0,0,0,0,0,0,93,93,0,21.35,105.74,-3.7,12.72,1180.21,0.49,15.24,2.86,1.17,0.89,147,6.62
6933,AMAX-KY,155,155.5,155,-5.5,-3.43,145,24.48,13,0,-2,11,11,40,-29,-0.19,-30,0,0,0,30,0,0.2,9,11,-2,131,100,31,26.01,665.14,-13.87,50.74,7083.29,1.1,13.68,1.99,1.61,7,742,4.24
6934,心誠鎂,71.5,72.5,71.5,-1.3,-1.79,57,29.82,0,0,0,0,0,0,0,0,0,0,0,0,0,0,0,11,16,-5,47,42,5,--,4.51,24.3,546.63,--,-1.43,-446.32,-11.66,0,--,0,3.6
6936,永鴻生技,33.3,33.45,33.25,0.05,0.15,33,27.27,-7,0,0,-7,0,0,0,0,0,0,0,0,0,0,0,0,0,0,33,33,0,17.59,132.26,-0.02,27.2,1472.07,0.6,37.31,3.18,4.54,1.41,256,7.28
6937,天虹,280.5,281,281,-5,-1.75,334,31.93,-47,0,-9,-56,66,100,-34,-0.1,-55,4,22,22,59,0.08,0.23,93,94,-1,187,153,34,87,153.21,-46.61,22.43,2393.97,0.96,41.77,1.77,0.5,14.01,2370,6.77
6944,兆聯實業,898,900,898,-26,-2.81,707,38.23,-177,0,-25,-202,359,520,-161,-0.21,-397,65,0,0,462,0.09,0.61,355,210,145,41,26,15,25.27,1517.41,0.28,32.08,18948.56,10.08,27.15,9.16,2.23,6.46,1239,7.67
6952,大武山,36.7,37,36.95,0.05,0.14,9,77.78,-2,0,0,-2,0,0,0,0,0,0,0,0,0,0,0,0,0,0,9,9,0,48.62,200.19,3.24,53.76,2166.74,0.32,20.66,1.1,0,0.15,26,6.83
6953,家碩,241,242,241,-9,-3.6,141,41.13,-21,0,1,-20,29,40,-11,-0.07,-12,0,24,17,19,0.16,0.24,29,22,7,89,84,5,31.26,115.25,32.57,13.75,1356.77,1.26,46.74,2.41,2.49,5.53,415,3
6957,裕慶-KY,159.5,160.5,160,0.5,0.31,134,65.12,58,0,1,59,30,0,30,0.22,30,30,0,0,0,0.22,0,17,39,-22,89,97,-8,15.34,368.41,-26.61,53.31,4176.73,1.51,30.22,3.03,5.63,7.49,1040,5.55
6958,日盛台駿,16.7,16.8,16.7,0.25,1.52,12,9.09,-2,0,0,-2,0,0,0,0,0,0,0,0,0,0,0,0,0,0,12,12,0,--,829.68,-6.98,-12.86,10400.95,0.2,28.35,0.79,2.99,0.09,93,40.33
6961,旅天下,58.5,58.6,58.5,-0.1,-0.17,26,7.69,1,0,0,1,0,0,0,0,0,0,0,0,0,0,0,0,0,0,26,26,0,20.53,333.98,-15.85,10.62,--,1.9,16.24,5.3,8.55,--,0,2.68
6962,奕力-KY,35.95,36,35.95,-0.35,-0.96,2318,29.03,-712,13,-15,-714,283,577,-294,-0.13,-549,0,28,108,469,0.01,0.25,393,526,-133,1654,1227,427,24.62,1660.22,20.45,-3.91,18360.03,0.58,27.33,1.38,2.78,7.92,9748,49.24
6965,中傑-KY,75.6,76,76,-0.6,-0.78,35,31.43,-10,0,-1,-11,0,0,0,0,0,0,0,0,0,0,0,0,0,0,36,36,0,47.2,1746.05,-2.19,-0.62,20329.56,-0.64,10.05,-0.76,6.58,0.11,44,15.63
6967,汎瑋材料,71.5,71.7,71.5,-1.5,-2.05,95,21.05,-29,0,0,-29,0,0,0,0,0,0,0,0,0,0,0,0,15,-15,96,81,15,16.29,129.27,-18.65,9.6,1510.92,1.07,26.72,3.26,5.17,4,249,2.49
6968,萬達寵物,43.2,43.55,43.3,-0.15,-0.35,29,37.93,-7,0,0,-7,0,0,0,0,0,0,0,0,0,0,0,0,0,0,30,30,0,17.6,295.29,-1.49,13.72,3383.28,0.96,41.15,3.59,3.46,2.57,286,4.94
6971,惠民實業,27.2,27.55,27.4,-0.2,-0.72,13,38.46,-1,0,0,-1,0,0,0,0,0,0,0,0,0,0,0,0,0,0,13,13,0,12.4,149.31,-18.48,-6.06,2341.81,0.16,8.83,0.44,5.47,0.33,32,3.87
6982,大井泵浦,51.5,51.8,51.6,0.1,0.19,34,55.88,-5,0,0,-5,0,0,0,0,0,0,0,0,0,0,0,0,0,0,35,35,0,--,161.21,-14.8,10.4,1686.42,0.1,24.08,0.42,3.1,2.48,253,4.07
6994,富威電力,52.3,52.4,52.3,1.3,2.55,823,43.6,19,0,-3,16,0,49,-49,-0.06,0,0,0,0,0,0,0,181,79,102,654,707,-53,8.55,196.47,-42.68,41.16,5474.9,0.48,19.19,1.26,5.74,15.59,2891,7.42
6996,力領科技,183.5,185,185,3.5,1.93,84,54.76,34,0,0,34,6,0,6,0.07,6,6,0,0,0,0.07,0,19,21,-2,62,66,-4,14.33,285.6,6.25,13.29,2819.47,3.27,40.83,5.24,5.41,2.24,235,4.2
6997,博弘,67,67.5,67,-1.3,-1.9,5,0,0,0,0,0,0,0,0,0,0,0,0,0,0,0,0,0,0,0,5,5,0,49.26,552.32,38.26,56.58,4723.54,-2.31,9.04,-8.52,6.87,--,0,2.21
7402,邑錡,93.7,94,93.7,-0.5,-0.53,600,30.96,-52,-205,1,-256,0,99,-99,-0.16,-99,0,0,27,72,0,0.16,39,126,-87,571,385,186,--,45.24,-2.13,3.53,498.1,-0.4,25.71,-2.2,0.53,46.52,4103,3.53
7547,碩網,--,64.6,64.6,-7.1,-9.9,2616,52.03,128,0,2,130,1049,1157,-108,-0.04,63,737,0,0,674,0.28,0.26,221,325,-104,1354,1142,212,26.15,24.47,-30.85,3.14,381.96,0.42,41.23,1.42,2.79,3.98,335,3.37
7556,意德士,260,261,260,-7,-2.62,150,23.49,-30,0,-2,-32,38,28,10,0.06,-20,4,0,0,24,0.03,0.15,38,65,-27,81,64,17,34.3,71.08,-5.64,12.88,776.61,2.52,39.22,5.06,1.77,6.03,416,2.76
7584,樂意,27.7,28.5,27.75,-0.8,-2.8,4,0,1,0,0,1,0,0,0,0,0,0,0,0,0,0,0,0,0,0,4,4,0,--,69.71,11.88,-7.84,879.84,-1.23,33.1,-4.46,1.44,0.68,28,1.65
7642,昶瑞機電,66.6,68.4,67.8,-2.5,-3.56,12,8.33,0,0,0,0,0,0,0,0,0,0,0,0,0,0,0,0,0,0,13,13,0,29.35,49.63,35.37,-31.06,679.12,0.5,28.38,1.55,4.42,1.14,86,3.02
7703,銳澤,208,209.5,208,-7,-3.26,152,14.57,-42,0,0,-42,30,56,-26,-0.17,-56,0,0,0,56,0,0.36,23,39,-16,102,60,42,26.53,257.35,71.9,23.54,2653.32,1.08,20.59,1.76,3.37,6.21,539,3.47
7704,明遠精密,63,63.5,63.4,-2.6,-3.94,393,38.27,-73,0,0,-73,0,17,-17,-0.04,-17,0,0,0,17,0,0.04,31,27,4,366,353,13,27.81,59.8,-9.48,0.14,686.36,0.7,34.76,2.03,2.84,5.4,456,3.38
7705,三商餐飲,30.4,30.45,30.45,0.1,0.33,49,50,2,0,0,2,0,0,0,0,0,0,0,0,0,0,0,0,0,0,50,50,0,13.65,488.43,-7.72,1.86,6635.95,0.35,34.58,1.5,5.25,0.56,93,6.61
7708,全家餐飲,91.9,92,92,0,0,6,33.33,0,0,0,0,0,0,0,0,0,0,0,0,0,0,0,0,0,0,6,6,0,13.47,238.51,3.43,15.78,2831.16,1.92,47.64,4.94,5.98,--,0,2.55
7709,榮田,92.1,--,92.1,8.3,9.9,468,98.18,34,0,5,39,316,141,175,0.37,316,316,0,0,0,0.66,0,57,49,8,106,289,-183,45.59,152.69,75.91,62.9,1073.38,0.37,21.68,0.87,1.63,3.91,382,3.91
7711,永擎,370,371,370.5,-4.5,-1.2,475,35.02,-96,0,-7,-103,184,241,-57,-0.11,-230,0,11,16,225,0.02,0.48,78,64,14,244,200,44,23.17,1638.02,-53.84,-44.22,27835.61,7.68,12.39,11.24,2.43,--,0,7.17
7712,博盛半導體,152,153,152.5,-2.5,-1.61,841,33.78,-16,0,-5,-21,177,210,-33,-0.04,-210,0,0,0,210,0,0.25,128,188,-60,553,460,93,27.68,131.15,14.02,2.93,1334.58,1.42,35.3,2.4,2.62,16.19,1318,3.26
7713,威力德生醫,67.2,67.6,67.8,-0.2,-0.29,4,50,0,0,0,0,0,0,0,0,0,0,0,0,0,0,0,0,0,0,4,4,0,13.98,114.96,12.34,38.8,1175.25,1.17,34.51,4.44,6.05,--,0,4.55
7714,創泓科技,123.5,124,123.5,0.5,0.41,51,46.94,17,0,0,17,0,0,0,0,0,0,0,0,0,0,0,23,5,18,31,49,-18,17.98,144.21,-9.14,-10.1,1813.07,1.58,19.23,6.08,4.05,5.24,275,2.1
7715,裕山,28.45,28.5,28.45,-0.05,-0.18,39,10.26,-1,0,0,-1,0,0,0,0,0,0,0,0,0,0,0,0,0,0,40,40,0,11.85,102.16,30.14,16.92,1007.21,0.64,28.16,2.3,6.33,4.02,329,3.27
7716,昱臺國際,24.5,24.65,24.5,0.1,0.41,27,0,0,0,0,0,0,0,0,0,0,0,0,0,0,0,0,0,0,0,27,27,0,19.14,164.91,7.78,-7.78,--,0.17,21.26,0.79,6.94,--,0,2.25
7717,萊德光電-KY,682,689,683,17,2.55,1031,42.71,-32,0,-4,-36,425,574,-149,-0.14,61,156,269,364,0,0.39,0.34,608,473,135,47,34,13,115.37,94.54,17.61,-21.37,889.07,1.57,57.52,3.72,0.48,--,0,2.48
7718,友鋮,48.4,48.55,48.15,-0.45,-0.93,1,0,0,0,0,0,0,0,0,0,0,0,0,0,0,0,0,0,0,0,1,1,0,11.46,172.08,-20.42,-6.35,2466.7,1.5,20.16,4.32,5.19,0.28,33,4.64
7721,微程式,71.6,72,72,-1.2,-1.64,321,35.03,-21,0,0,-21,0,0,0,0,0,0,0,0,0,0,0,29,38,-9,296,287,9,110.77,61.28,22.62,49.59,552.16,0.21,64.17,0.9,1.39,4.18,526,5.54
7722,LINEPAY,252.5,254.5,253,-3.5,-1.36,141,39.29,17,0,0,17,24,33,-9,-0.06,-22,5,0,0,27,0.03,0.17,42,49,-7,90,74,16,35.89,657.15,-6.2,11.43,8221,1.97,23.2,1.24,0.79,2.12,361,6.8
7723,築間,24.9,25.2,24.9,-0.6,-2.35,108,21.15,-47,0,0,-47,0,0,0,0,0,0,0,0,0,0,0,20,0,20,91,111,-20,--,309.91,-3.7,-16.87,4621.03,-0.9,44.69,-5.62,0,1.35,167,4.96
7728,光焱科技,694,699,694,-2,-0.29,98,31.96,-34,0,0,-34,27,36,-9,-0.09,4,19,2,2,15,0.21,0.17,71,62,9,3,3,0,129.24,20.14,-36.36,-24.04,365.61,1.53,67.03,2.9,0.73,16.89,585,1.39
7732,金興精密,34.75,35.2,35,0.25,0.72,8,62.5,-2,0,0,-2,0,0,0,0,0,0,0,0,0,0,0,0,0,0,8,8,0,20.47,70.69,-45.56,-35.57,1020.64,0.82,28.75,2.9,4.29,0.28,46,6.47
7734,印能科技,--,3335,3335,-370,-9.99,255,23.02,-10,0,-10,-20,257,262,-5,-0.02,-145,37,43,42,183,0.28,0.79,2,7,-5,25,16,9,84.92,393.47,34.97,58.9,2843.31,14.68,65.25,6.23,0.6,8.16,571,2.8
7736,虎山,71.3,71.6,71.9,0.1,0.14,17,35.29,3,0,0,3,0,0,0,0,0,0,0,0,0,0,0,0,0,0,18,18,0,15.8,85.04,-28.35,-41.09,1542.57,1.18,28.8,2.53,5.29,0.15,29,7.6
7738,東聯互動,166.5,167,167,-2.5,-1.47,26,30.77,-7,0,0,-7,0,0,0,0,0,0,0,0,0,0,0,9,4,5,19,24,-5,12.01,49.5,-0.41,13.87,593.96,2.8,54.5,4,5.99,0.12,8,2.74
7743,金利食安,19.55,20,19.85,0.05,0.25,1,100,0,0,0,0,0,0,0,0,0,0,0,0,0,0,0,0,0,0,1,1,0,40.51,80.1,33.13,-4.41,712.83,0.05,22.58,0.23,2.52,--,0,3.65
7744,崴寶,516,517,517,-25,-4.61,124,29.27,1,0,-2,-1,80,59,21,0.16,-59,0,0,0,59,0,0.45,45,65,-20,7,7,0,30.68,354.32,5.4,80.51,--,5.66,36.13,7.14,1.35,--,0,3.2
7747,昕奇雲端,122,126,126,-1,-0.79,9,33.33,0,0,0,0,0,0,0,0,0,0,0,0,0,0,0,0,0,0,9,9,0,31.03,134.07,-14.42,1.97,1577.3,1.39,15.19,4.07,3.17,--,0,2.74
7749,意騰-KY,482,483,482,-29,-5.68,641,24.92,-213,0,-16,-229,157,305,-148,-0.22,-285,3,11,51,248,0.02,0.44,228,168,60,291,202,89,38.68,191.11,2.75,39.5,1866.66,3.56,70.18,4.31,1.87,12.42,1443,4.65
7750,新代,2340,2360,2350,-190,-7.48,1066,52.45,632,0,-4,628,1073,1084,-11,-0.01,-1082,0,2,2,1082,0,0.97,4,9,-5,42,26,16,58.71,2920.38,30,94.87,16991.73,15.38,48.77,9.42,0.68,2.46,441,7.18
7751,竑騰,--,1610,1610,-175,-9.8,182,10.2,-10,0,-12,-22,188,213,-25,-0.11,-17,97,0,0,114,0.43,0.5,8,5,3,31,10,21,71.08,241.05,9.39,67.2,2217.63,7,55.7,8.12,1.12,--,0,2.69
7753,星亞,41.15,41.95,41.55,0.3,0.73,11,80,0,0,0,0,0,0,0,0,0,0,0,0,0,0,0,0,0,0,11,11,0,10.06,76.18,21.35,8.63,873.36,1.08,37.36,4.79,3.61,0.98,61,2.5
7757,金色三麥,103.5,105,105.5,2.5,2.43,20,70,-2,0,0,-2,0,0,0,0,0,0,0,0,0,0,0,0,5,-5,21,16,5,12.5,163.72,-10.35,1.34,2320.68,1.64,54.36,3.59,7.35,0.03,2,2.41
7760,享溫馨,34,34.1,34.05,-0.2,-0.58,34,23.53,-2,0,-9,-11,0,0,0,0,0,0,0,0,0,0,0,15,0,15,20,35,-15,52.38,82.15,-20.05,-7.04,--,0.7,42.87,2.14,6.46,--,0,6.6
7765,中華資安,243.5,247.5,245,-3,-1.21,60,45,-11,0,-2,-13,4,5,-1,-0.02,4,4,0,0,0,0.06,0,13,14,-1,47,45,2,22.09,245.8,10.11,75.03,2232.3,3.38,49.03,6.47,3.95,3.46,352,4.07
7767,仁大資訊,43.9,44.25,43.85,-0.3,-0.68,3,0,0,0,0,0,0,0,0,0,0,0,0,0,0,0,0,0,0,0,3,3,0,12.05,231.63,26.31,33.3,2371.54,0.72,14.07,2.43,6.84,--,0,3.01
7768,頌勝科技,360,363.5,363.5,13.5,3.86,311,46.3,22,0,0,22,160,135,25,0.08,91,115,45,69,0,0.5,0.21,50,46,4,112,141,-29,113.59,174.67,-8.13,-11.05,--,1.62,55.77,5.41,1.08,--,0,7.01
7769,鴻勁,6600,6610,6600,-55,-0.83,372,49.71,50,9,-12,47,387,401,-14,-0.03,138,185,161,167,41,0.82,0.5,10,8,2,23,11,12,82.37,4362.65,1.73,111.83,--,25.7,56.24,7.66,0.98,--,0,17.99
7770,君曜,42.25,43.8,43,-0.15,-0.35,20,15,1,0,-1,0,0,0,0,0,0,0,0,0,0,0,0,0,0,0,20,20,0,20.57,26.13,41.19,-37.48,--,0.1,29.01,0.51,4.65,--,0,3.01
7772,耀穎,158,--,158,14,9.72,501,83.06,101,0,28,129,275,261,14,0.03,267,263,12,8,0,0.53,0.02,63,50,13,179,206,-27,181.61,38.92,3.03,-11.93,--,0.35,31.7,1.21,0.95,--,0,2.65
7777,能率亞洲,34.65,34.7,34.65,0,0,8252,40.96,-303,0,-22,-325,549,1853,-1304,-0.16,-49,478,0,465,62,0.06,0.06,1428,1841,-413,6407,4691,1716,54.14,112.45,205.62,1298.03,262.41,-0.25,--,-2.16,0.75,--,0,18.25
7780,大研生醫*,18.4,18.45,18.45,0.2,1.1,1809,73.61,-116,0,3,-113,811,119,692,0.38,811,811,0,0,0,0.45,0,193,332,-139,818,1371,-553,43.93,171.84,-9.44,40.46,2073.65,0.13,60.09,1.9,3.79,--,0,8.1
7782,光速火箭,26.45,26.95,26.95,0.2,0.75,23,45.45,-2,0,-1,-3,0,0,0,0,0,0,0,0,0,0,0,0,0,0,24,24,0,16.23,50.69,-10.49,6.01,699.76,0.55,66.14,2.56,7.46,0.09,5,2.32
7786,東方風能,117,118,117,-2,-1.68,192,14.14,-41,0,5,-36,63,32,31,0.16,-32,0,0,0,32,0,0.16,16,54,-38,119,112,7,11.91,1288.91,15.95,52.31,11573.24,1.2,19.81,2.12,4.79,--,0,17.6
7788,松川精密,207,207.5,207.5,-9,-4.16,1045,40.91,218,0,-1,217,325,502,-177,-0.16,-502,0,0,18,484,0,0.47,185,149,36,564,423,141,54.89,698.72,5.47,16.38,6769.23,2.22,26.94,2.97,0.96,6.22,1240,7.97
7791,皇家可口,62.8,62.9,62.8,-0.3,-0.48,66,10.61,-25,0,0,-25,0,0,0,0,0,0,0,0,0,0,0,10,0,10,57,67,-10,13.71,210.28,23.44,-7.47,2512.77,1.87,35.86,4.09,6.07,0.04,7,8
7792,安葆,264,265,264.5,-17.5,-6.21,268,35.91,33,0,-16,17,38,66,-28,-0.1,-60,0,0,0,60,0,0.21,69,87,-18,182,137,45,33.65,336.64,-44.55,-25.86,--,1.71,15.13,2.75,3.02,--,0,4.67
7794,宏碁智新,28.9,29.05,29,0,0,25,25,0,0,-2,-2,0,0,0,0,0,0,0,0,0,0,0,0,0,0,26,26,0,12.34,100.27,10.9,14.49,--,0.53,19.62,3.77,5.52,--,0,2.8
7795,長廣,343.5,344,343.5,2,0.59,238,29.36,-95,0,0,-95,98,106,-8,-0.03,22,74,0,0,52,0.29,0.21,26,54,-28,128,92,36,156.14,160.64,25.22,13.53,--,0.21,39.4,0.73,0.63,--,0,7.88
7799,禾榮科,302.5,303,303,-7.5,-2.42,277,21.74,-37,0,0,-37,66,111,-45,-0.15,-111,0,0,0,111,0,0.38,78,113,-35,148,69,79,--,0,-100,-100,12.2,-0.37,-0.59,-0.5,0,1.08,426,15.8
7805,威聯通,704,707,705,-9,-1.26,84,29.76,-9,0,-3,-12,36,44,-8,-0.09,-39,0,0,0,39,0,0.43,48,40,8,6,6,0,16.34,625.03,6.57,9.99,6457.61,12.96,61.29,5.75,5.67,--,0,3.31
7810,捷創科技,241.5,242,242,-16.5,-6.38,333,17.36,-89,0,-10,-99,36,86,-50,-0.14,-76,0,0,0,76,0,0.22,44,72,-28,265,187,78,39.22,83.82,38,82.69,682.86,1.83,50.24,3.85,2.07,--,0,2.03
7811,民盛,78.3,79,78.4,-0.5,-0.63,25,56,0,0,-13,-13,0,0,0,0,0,0,0,0,0,0,0,0,8,-8,25,17,8,15.81,237.8,-3.26,11.18,--,1.09,19.1,1.66,7.95,--,0,3.34
7818,溢泰實業,67,67.2,67,3.2,5.02,958,54.95,72,0,0,72,115,159,-44,-0.05,115,115,0,0,0,0.12,0,135,169,-34,723,645,78,16.03,1057.32,3.76,-13.67,--,0.88,28.97,1.64,3.34,--,0,16.79
7820,立盈,133.5,135,133.5,-4,-2.91,39,21.05,-1,0,0,-1,0,0,0,0,0,0,0,0,0,0,0,0,0,0,46,46,0,70.26,33.51,-0.62,57.76,--,0.79,56.24,3.55,1.12,--,0,3.78
7821,神數,43.4,43.45,43.4,0.3,0.7,150,49.66,-6,0,-3,-9,0,0,0,0,0,0,0,0,0,0,0,0,0,0,154,154,0,14.86,707.69,-17.99,24.24,--,0.87,21.81,4.51,4.61,--,0,12.19
7822,倍利科,1070,1075,1075,-95,-8.12,387,30.81,66,0,-12,54,393,427,-34,-0.07,-424,0,3,4,423,0.01,0.92,3,7,-4,68,29,39,71.71,238.74,3.43,77.97,--,4.93,59.17,5.77,0.65,--,0,4.56
7828,創新服務,1100,1110,1100,-85,-7.17,222,24.09,-3,0,10,7,227,244,-17,-0.06,-242,0,0,0,242,0,0.86,4,16,-12,53,23,30,179.45,130.04,104.16,32086.9,--,1.02,80.18,3.32,0.45,--,0,4.05
7842,天能綠電,102,104,102,0,0,30,41.38,-1,0,1,0,0,0,0,0,0,0,0,0,0,0,0,0,0,0,31,31,0,28.1,278.16,-6.09,52.85,2716.91,1.33,5.48,4.63,3.14,--,0,1.83
8011,台通,17.8,17.9,17.85,-0.35,-1.92,1298,42.52,-201,0,0,-201,381,431,-50,-0.04,381,381,0,0,0,0.29,0,67,35,32,855,837,18,21,103.25,-31.18,-15.53,2010.35,0.02,17.06,0.24,3.92,9.19,3810,16.59
8016,矽創,280,280.5,280.5,5.5,2,3108,54.65,27,718,60,805,2294,1910,384,0.12,2151,2237,0,0,86,0.71,0.03,295,524,-229,582,737,-155,17.99,2107.52,-3.26,37.26,20570.42,4.6,31.33,4.28,4.1,5.52,1657,12.01
8021,尖點,391.5,392,392,-8.5,-2.12,16464,46.93,826,-389,-83,354,11518,12979,-1461,-0.09,-12378,89,417,653,12231,0.03,0.76,1541,1259,282,3919,2740,1179,112.32,524.98,10.97,63.18,5065.55,1.17,36.59,3.31,0.51,33.88,12343,14.57
8024,佑華,12,12.05,12.05,0,0,98,15.31,2,0,0,2,0,0,0,0,0,0,0,0,0,0,0,0,0,0,98,98,0,--,23.8,37.39,32.92,150.74,-0.55,29.69,-6.01,0,--,167,4.52
8027,鈦昇,266,266.5,266,-5.5,-2.03,4492,58,-216,0,-62,-278,2364,3081,-717,-0.2,494,1513,0,0,1019,0.43,0.29,928,740,188,1429,900,529,--,157.19,8.03,24.85,1908.07,-0.22,29.75,-0.88,0,41.1,11303,11
8028,昇陽半導體,261.5,262,262,-16.5,-5.92,17391,39.25,-639,343,-230,-526,11671,14078,-2407,-0.14,-14078,0,0,0,14078,0,0.8,2489,1641,848,3497,1938,1559,56.59,465.23,-2.05,31.15,4841.03,1.61,37.58,5.43,1.07,27.72,12450,17.97
8032,光菱,41.4,41.6,41.4,-0.65,-1.55,126,36.8,5,0,0,5,0,0,0,0,0,0,0,0,0,0,0,0,0,0,127,127,0,15.68,430.13,-12.19,44.33,4121.93,0.94,13.19,2.24,2.9,7.34,951,5.18
8033,雷虎,132.5,133,132.5,-5,-3.64,4361,28.26,-1124,0,-507,-1631,1487,3426,-1939,-0.43,-3394,0,0,0,3394,0,0.76,834,386,448,2170,679,1491,213.71,109.43,-9.19,6.43,1470.12,0.34,38.21,2.43,0,19.93,7223,16.46
8034,榮群,23.75,23.85,23.75,-0.05,-0.21,252,28.8,-69,0,0,-69,0,0,0,0,0,0,0,0,0,0,0,0,0,0,256,256,0,16.73,47.55,448.51,106.45,524.25,0.01,53.57,0.06,5.05,24.42,3455,5.66
8038,長園科,40.5,40.95,40.95,0.25,0.61,228,25.55,-23,0,-1,-24,0,25,-25,-0.11,-25,0,0,25,0,0,0.11,18,32,-14,212,173,39,30.56,60.93,3.06,15.3,732.23,0.24,33.89,3.15,0,--,0,6.23
8039,台虹,133,133.5,133.5,-7,-4.98,13154,33.6,-2285,-95,-657,-3037,6972,10069,-3097,-0.23,-8677,423,0,0,9100,0.03,0.68,1783,1229,554,4619,2066,2553,56.33,946.53,5.01,-1.36,10784.91,0.65,22.03,1.62,1.5,23.92,15770,26.37
8040,九暘,89.8,89.9,89.8,-3.1,-3.34,6507,47.27,152,0,-16,136,1935,2609,-674,-0.1,700,1272,0,0,572,0.19,0.09,1101,1159,-58,3509,2777,732,--,70.14,-4.78,26.19,709.09,0.13,42.97,0.5,0,14.67,2525,9.64
8042,金山電,108,108.5,108.5,1,0.93,1399,27.95,-141,0,-20,-161,745,880,-135,-0.1,-53,471,40,45,519,0.39,0.43,233,232,1,458,324,134,34.66,430,14.99,32.83,4134.33,2.17,21.97,6.94,1.11,18.92,6123,12.95
8043,蜜望實,113.5,114,113.5,-8.5,-6.97,18980,42.83,-153,0,-165,-318,9946,11973,-2027,-0.11,-11020,0,953,1438,10535,0.05,0.63,2498,2310,188,6721,4881,1840,34.08,525.13,-47.92,26.8,6387.4,1.35,7.11,3.87,0.79,38.16,7622,7.99
8044,網家,26.85,--,26.85,2.4,9.82,3275,63.19,-23,0,25,2,987,691,296,0.09,987,987,0,0,0,0.3,0,325,361,-36,1982,2243,-261,--,2999.64,-5.62,10.35,37787.29,-0.39,15.41,-0.22,0,8.28,2787,20.48
8045,達運光電,71.3,71.9,71.9,-0.6,-0.83,142,33.1,-57,0,-1,-58,0,0,0,0,0,0,0,0,0,0,0,10,27,-17,135,118,17,102.71,234.1,34.71,95.94,1468.7,0.11,27.07,0.54,1.39,20.41,4850,9.5
8046,南電,797,798,798,7,0.88,9609,50.77,-130,174,-21,23,7438,7769,-331,-0.03,5045,5506,1687,1831,317,0.73,0.22,2281,2008,273,162,105,57,169.07,4450.86,3.73,39.47,44151.71,2.03,15.85,2.82,0.25,5.76,9310,64.62
8047,星雲,45.3,45.35,45.35,-4.95,-9.84,107,25.23,-21,0,0,-21,0,0,0,0,0,0,0,0,0,0,0,11,0,11,97,108,-11,--,39.28,55.39,-7.8,436.93,-0.29,31.02,-3.06,0,--,5,4.17
8048,德勝,60.5,60.6,60.6,-2.9,-4.57,426,14.49,-200,0,-7,-207,20,21,-1,-0,-21,0,0,0,21,0,0.05,11,77,-66,403,336,67,23.58,122.07,15.46,32.83,1061.1,0.57,33.69,2.77,3.8,20.83,3005,5.77
8049,晶采,25.75,25.85,25.8,-0.1,-0.39,126,42.62,2,0,0,2,0,0,0,0,0,0,0,0,0,0,0,0,0,0,129,129,0,15.18,133.44,20.72,10.52,1283.75,0.44,31.67,2.24,5.43,0.96,283,11.83
8050,廣積,49.3,49.5,49.3,0.9,1.86,1834,46.74,-139,-1,2,-138,176,181,-5,-0,176,176,0,0,0,0.09,0,205,278,-73,1473,1395,78,49.3,577.42,16.6,3.73,5061.88,1.07,23.3,1.47,4.42,5.96,3058,20.52
8054,安國,105.5,106,105.5,4.5,4.46,4962,61.42,135,-5,10,140,2995,2233,762,0.15,2995,2995,0,0,0,0.6,0,590,717,-127,1416,2051,-635,--,231.12,-55.46,47.7,4277.42,-0.01,15.72,-0.17,0,42.43,8351,10.62
8059,凱碩,18.1,18.2,18.1,-0.5,-2.69,277,15.94,-103,0,1,-102,0,0,0,0,0,0,0,0,0,0,0,0,37,-37,279,242,37,--,829.64,-29.37,228.65,10140.55,-0.07,17.53,0.66,0,--,0,19.4
8064,東捷,136,137,137,5,3.79,5582,49.07,-479,0,4,-475,2373,2962,-589,-0.14,1983,2227,29,81,192,0.52,0.06,1043,1033,10,2300,1720,580,64.93,193.11,-23.21,31.54,3072.18,0.35,24.66,1.61,0.8,25.64,10566,18.48
8066,來思達,16.1,16.2,16.05,0.1,0.63,62,79.03,-2,0,0,-2,0,0,0,0,0,0,0,0,0,0,0,0,0,0,68,68,0,--,361.56,28.76,-13.24,4157.2,-0.91,7.84,-4.85,0,6.53,596,3.66
8067,志旭,12.35,13.6,13.6,0.95,7.51,6,83.33,0,0,0,0,0,0,0,0,0,0,0,0,0,0,0,0,0,0,8,8,0,--,7.72,-3.79,-15.74,94.4,-0.62,50.44,-9.39,0,--,0,2.07
8068,全達,20.05,20.1,20.1,-0.45,-2.19,264,31.06,-52,0,0,-52,0,0,0,0,0,0,0,0,0,0,0,0,0,0,266,266,0,18.96,103.18,-7.44,17.05,1004.32,-0.12,14.7,-0.95,0,10.13,2046,8.08
8069,元太,221.5,222,222,3,1.37,7145,77.3,1061,1086,-31,2116,6425,5661,764,0.12,179,752,4546,3927,1192,0.8,0.77,295,575,-280,569,1054,-485,23.08,2894.68,-10.92,-12.55,36274.28,2.41,59.65,4.12,2.66,2.14,5866,115.42
8070,長華*,42.65,42.7,42.65,-0.9,-2.07,3680,28.63,-2055,-81,-79,-2215,526,1891,-1365,-0.37,-1797,31,0,0,1828,0.01,0.49,598,613,-15,2591,1210,1381,41.41,2049.01,0.11,28.15,20720.36,0.51,18.52,2.66,3.26,2.98,5401,7.26
8071,能率網通,20.95,21,21,1,5,7503,46.9,-685,0,0,-685,684,1479,-795,-0.11,262,383,301,422,0,0.09,0.06,951,1015,-64,5902,5043,859,--,205.24,12.62,14.29,2028.88,-0.39,14.79,-2.42,0,17.22,2587,6.01
8072,陞泰,26.55,26.85,26.8,-0.2,-0.74,195,43.08,-46,0,0,-46,0,44,-44,-0.22,-44,0,0,0,44,0,0.22,39,0,39,160,155,5,26.27,126.71,-4.72,2.88,1379.88,0.29,16.21,1.17,3.73,9.61,1921,8
8074,鉅橡,74.2,74.3,74.3,-0.7,-0.93,1802,45.93,-75,0,-43,-118,408,429,-21,-0.01,-286,46,0,17,315,0.03,0.18,263,365,-102,1156,1034,122,48.88,143.86,-2.99,26.34,1401.19,0.52,26.28,2.73,1.48,24.92,5044,8.7
8076,伍豐,23.45,23.5,23.45,0.1,0.43,892,37.54,-45,0,16,-29,110,100,10,0.01,110,110,0,0,0,0.12,0,104,0,104,687,801,-114,86.85,260.81,21.7,45.76,2276.98,0.16,35.02,1.2,2.99,13.11,9579,29.22
8077,洛碁,41.2,43.4,41.05,-2.35,-5.41,4,50,0,0,0,0,0,0,0,0,0,0,0,0,0,0,0,0,0,0,5,5,0,6.29,88.33,-11.04,0.79,1089.98,1.95,30.7,8.21,4.87,--,0,2.19
8080,泰霖,27.3,27.6,27.3,0.05,0.18,32,34.37,1,0,0,1,0,0,0,0,0,0,0,0,0,0,0,0,0,0,33,33,0,1365,5.3,7.05,-67.1,157.78,0.02,50.7,0.21,0,--,0,6.72
8081,致新,264,264.5,264,-6,-2.22,3929,32.06,-1429,-10,2,-1437,1740,2837,-1097,-0.27,-855,505,578,965,973,0.27,0.48,954,520,434,1329,667,662,15.11,745.58,2.75,-4.47,8584.17,4.62,39.61,4.44,6.06,5.85,1260,8.62
8083,瑞穎,168,169,169,-1,-0.59,44,56.1,-18,0,0,-18,12,0,12,0.27,0,0,0,0,0,0,0,7,12,-5,26,33,-7,15.87,140.11,3.59,-5.31,1487.56,2.74,42.3,7.57,5.92,0.36,32,3.51
8084,巨虹,43.45,43.5,43.45,0.05,0.12,45,28.89,-12,0,0,-12,0,0,0,0,0,0,0,0,0,0,0,17,0,17,28,45,-17,--,33.91,-33.19,-5.27,550.78,0.33,47.94,4.44,0,--,0,6.95
8085,福華,11.1,11.3,11.1,-0.55,-4.72,522,20.69,37,0,0,37,0,0,0,0,0,0,0,0,0,0,0,50,89,-39,475,436,39,--,50.18,3.58,-0.77,675.81,-0.16,3.74,-1.79,0,--,1218,14
8086,宏捷科,141.5,142,141.5,-6,-4.07,4276,29.6,-1195,0,-296,-1491,1741,3023,-1282,-0.29,-2708,76,141,329,2596,0.05,0.67,673,419,254,1944,917,1027,31.8,447.98,3.7,49.39,4715.19,1.51,34.63,3.61,1.19,21.26,8053,19.65
8087,麗升能源,34.3,34.45,34.3,0.05,0.15,77,19.48,8,0,0,8,0,0,0,0,0,0,0,0,0,0,0,0,0,0,78,78,0,--,142.62,8.16,2881.23,572.86,0.86,19.31,4.3,0,0.74,72,3.87
8088,品安,52,52.2,52.2,-1.3,-2.43,1538,27.55,-192,0,0,-192,105,264,-159,-0.1,-264,0,0,0,264,0,0.17,301,344,-43,1154,952,202,20.08,97.13,-48.54,2.13,1890.3,1.04,19.77,5.52,2.87,34.07,5189,6.09
8089,康全電訊,19.75,19.8,19.75,-0.35,-1.74,210,15.79,-36,0,0,-36,0,0,0,0,0,0,0,0,0,0,0,41,47,-6,172,166,6,--,63.49,14.89,17.47,540.57,-0.96,22.54,-5.91,0,11.32,1868,6.6
8091,翔名,263.5,264,263.5,3,1.15,5054,38.95,-193,0,2,-191,3161,3484,-323,-0.06,-535,1260,258,320,1733,0.3,0.4,760,773,-13,1200,864,336,37.64,272.52,6.75,35.26,2389.14,2.56,40.59,3.55,1.71,16.78,2249,5.36
8092,建暐,19.05,--,19.05,1.7,9.8,317,95.36,171,0,0,171,202,0,202,0.63,202,202,0,0,0,0.63,0,0,0,0,117,319,-202,272.14,40.71,132.41,21.14,360.15,-0.28,6.56,-2.94,0,--,0,5.72
8093,保銳,18.45,18.7,18.6,-0.4,-2.11,12,58.33,0,0,0,0,0,0,0,0,0,0,0,0,0,0,0,0,0,0,12,12,0,--,14.7,29.85,-57.71,198.97,-0.42,16.81,-5.98,0,--,0,5.66
8096,擎亞,105.5,106,105.5,0.5,0.48,39829,48.85,-994,0,66,-928,27398,29229,-1831,-0.05,15607,19579,0,0,3972,0.49,0.1,4899,4148,751,7725,6645,1080,61.7,4356.94,-5.82,21.36,31108.85,1.9,6.16,10.22,0.47,73.86,27576,14.93
8097,常珵,54.8,55.4,55.4,-0.9,-1.6,39,39.47,-6,0,0,-6,0,0,0,0,0,0,0,0,0,0,0,0,0,0,40,40,0,--,38.2,8.89,-34.23,224.53,-0.72,2.93,-3.94,0,77.34,10015,6.38
8099,大世科,60.5,60.6,60.6,-0.7,-1.14,89,61.36,-28,0,0,-28,20,20,0,0,20,20,0,0,0,0.22,0,15,0,15,55,70,-15,20.75,360.46,-28.04,14.37,5311.86,0.79,25.27,4.58,3.47,46.18,11553,10.01
8101,華冠,12.75,13.15,13.1,-0.1,-0.76,10,20,0,0,0,0,0,0,0,0,0,0,0,0,0,0,0,0,0,0,11,11,0,--,30.41,32.06,-20.7,385.64,-0.95,1,-18.05,0,--,0,5.37
8102,傑霖科技,60.3,61.8,60.2,-0.1,-0.17,9,33.33,-1,0,0,-1,0,0,0,0,0,0,0,0,0,0,0,0,0,0,9,9,0,40.13,32.57,-40.08,-16.34,419.8,0.4,36.24,2.27,3.16,--,0,2.34
8103,瀚荃,104,104.5,104,2,1.96,1739,47.57,-101,0,51,-50,752,876,-124,-0.07,752,752,0,0,0,0.43,0,338,300,38,664,578,86,22.51,371.88,11.76,21.59,3593.34,1.17,37.97,2.36,2.69,24.47,4799,7.84
8104,錸寶,33.55,33.6,33.55,-0.7,-2.04,543,26.15,-116,0,0,-116,0,60,-60,-0.11,-60,0,0,0,60,0,0.11,43,41,2,505,447,58,--,283.43,16.28,-24.45,3192.99,-0.39,18.77,-1.59,0,16.36,4255,10.41
8105,凌巨,15.7,15.75,15.7,-0.05,-0.32,6515,42.86,159,0,9,168,1034,788,246,0.04,701,802,0,0,101,0.12,0.02,656,1184,-528,4841,4558,283,523.33,688.14,-6.43,-4.56,8642.47,0.43,8.66,2.39,0,10.07,7262,44.15
8107,大億金茂,11.55,11.6,11.6,0,0,40,74.36,-1,0,0,-1,0,0,0,0,0,0,0,0,0,0,0,0,0,0,40,40,0,--,33.19,-57.25,-56.34,845.23,0.03,19.61,0.15,0,9.23,1730,7.5
8109,博大,115,116,115,2,1.77,310,65.05,-2,100,-2,96,174,81,93,0.3,174,174,0,0,0,0.55,0,23,82,-59,117,151,-34,18.14,183.74,1.07,20.65,1854.94,1.75,50.11,4.82,3.91,2,411,8.22
8110,華東,47.35,47.4,47.35,-2.1,-4.25,7813,28.14,-2320,0,-8,-2328,1497,3242,-1745,-0.22,-3242,0,0,0,3242,0,0.41,1177,1221,-44,5206,3418,1788,17.54,638.71,-3.03,14.99,7575.65,0.49,10.04,1.98,3.17,17.04,22056,51.77
8111,立碁,61.4,61.6,61.5,-1.2,-1.91,1146,33.99,-257,0,-25,-282,85,233,-148,-0.13,-233,0,0,0,233,0,0.2,188,323,-135,893,610,283,180.88,66.16,2.86,-7.76,843.81,0.17,30.78,1.42,0.98,42.75,11661,10.91
8112,至上,83.5,83.6,83.6,-0.5,-0.59,17572,41.86,1536,-31,-1308,197,9293,10885,-1592,-0.09,-7755,1826,0,0,9581,0.1,0.54,2372,2140,232,6076,4716,1360,9.59,35061.1,-34.24,55.96,302955.27,3.91,3.85,10.6,4.55,14.68,19284,52.53
8114,振樺電,215.5,216,215.5,1.5,0.7,628,40.46,-51,0,14,-37,312,322,-10,-0.02,228,256,56,84,0,0.5,0.14,70,105,-35,265,220,45,10.2,1713.78,31.98,-28,15102.59,2.75,47,3.42,5.32,24.54,4693,7.65
8121,越峰,32,32.1,32,-1.6,-4.76,1022,25.9,-70,0,-14,-84,35,36,-1,-0,-36,0,0,0,36,0,0.03,69,208,-139,930,790,140,--,304.57,-3.4,38.36,3287.13,0.1,19.43,0.47,0,--,0,21.3
8131,福懋科,60.2,60.3,60.2,-3.1,-4.9,4296,26.79,-1180,0,-115,-1295,601,1809,-1208,-0.28,-1809,0,0,0,1809,0,0.41,608,859,-251,3175,1716,1459,30.4,998.35,-3.3,40.54,10923.59,0.96,19.55,3.43,1.66,6.7,7408,44.22
8147,正淩,181,182,181.5,-9,-4.72,1278,36.61,218,0,-1,217,667,713,-46,-0.03,-529,39,84,67,585,0.09,0.49,235,264,-29,424,350,74,56.02,210.28,26.94,19.54,1760.66,0.9,40.28,2.47,1.67,11,1147,4.17
8150,南茂,77.6,77.7,77.6,-4.7,-5.71,17174,34.25,-3062,0,-528,-3590,6617,11151,-4534,-0.26,-10896,0,256,843,10309,0.01,0.64,2067,1896,171,8776,4412,4364,66.32,2460.49,-1.64,32.23,25935.9,0.72,13.78,2.08,1.59,8.34,14683,70.45
8155,博智,399.5,401.5,399.5,-11.5,-2.8,1350,43.95,-29,0,-59,-88,670,814,-144,-0.1,-677,32,61,120,650,0.07,0.55,169,191,-22,563,396,167,47.9,538.3,0.71,29.3,5487.82,3.29,24.05,5.45,1.33,22.8,3511,6.16
8163,達方,32.85,32.9,32.85,-0.5,-1.5,3270,37.55,368,0,5,373,276,333,-57,-0.02,-208,50,0,0,258,0.02,0.08,459,401,58,2568,2569,-1,65.7,2591.6,8.87,9.52,25848.57,0.2,17.99,0.26,1.52,3.52,2466,28
8171,天宇,23.5,23.6,23.5,-0.45,-1.88,164,26.42,-53,0,0,-53,0,0,0,0,0,0,0,0,0,0,0,0,22,-22,164,142,22,--,52.64,95.78,269.89,360.6,-0.2,1.8,-1.44,0,43.33,8433,11.29
8176,智捷,10,10.05,10.05,-0.1,-0.99,240,36.4,-1,0,0,-1,0,0,0,0,0,0,0,0,0,0,0,0,57,-57,250,193,57,77.31,27.32,200.91,41.6,319.74,-0.1,40.2,-1.22,0,--,0,7.17
8182,加高,35.75,35.85,35.75,-0.85,-2.32,1328,41.96,-78,0,-3,-81,0,0,0,0,0,0,0,0,0,0,0,29,128,-99,1311,1212,99,595.83,257.16,3.89,14.12,2879.96,0.14,14.64,0.43,0.7,8.01,2143,10.7
8183,精星,30.1,30.3,30.15,0.3,1.01,323,48.45,23,0,0,23,45,50,-5,-0.02,45,45,0,0,0,0.14,0,0,19,-19,281,257,24,11.82,716.3,2.69,12.86,7606.82,0.3,12.02,0.96,2.65,7.38,2238,12.13
8201,無敵,12.1,12.2,12.15,-0.05,-0.41,73,34.78,8,0,0,8,0,0,0,0,0,0,0,0,0,0,0,0,0,0,73,73,0,--,39.76,-9.78,9.84,485.14,-0.11,23.68,-1.48,0,--,0,6.24
8210,勤誠,1325,1330,1325,-55,-3.99,1169,27.42,21,-53,-65,-97,1189,1199,-10,-0.01,-1040,67,24,24,1107,0.07,0.91,5,12,-7,49,33,16,39.28,2066.29,-17.57,4.63,25046.35,10.73,32.83,11.42,1.06,7.02,2200,12.53
8213,志超,36.75,36.8,36.75,-0.4,-1.08,669,29,-267,0,0,-267,40,72,-32,-0.05,-72,0,0,0,72,0,0.11,56,77,-21,576,523,53,19.04,1804.87,13.04,3.66,18772.96,0.3,10.59,0.46,3.1,7.19,4878,27.12
8215,明基材,26.95,27,27,-0.05,-0.18,1779,45.57,73,14,-163,-76,505,301,204,0.11,-260,0,41,40,261,0.02,0.17,106,234,-128,1179,1256,-77,--,1675.05,4.32,7.19,17924.13,-0.64,11.89,-2.64,1.11,4.99,3997,32.07
8222,寶一,35.2,35.25,35.2,-0.5,-1.4,249,35.22,-21,0,4,-17,0,32,-32,-0.13,-32,0,0,0,32,0,0.13,24,35,-11,227,184,43,57.7,99.95,10.59,26.02,962.72,0.37,25.27,2.79,0.99,22.97,3937,6.86
8227,巨有科技,195,195.5,195,-13,-6.25,689,37.74,-36,-36,-45,-117,72,287,-215,-0.32,-282,5,0,0,287,0.01,0.43,140,148,-8,510,287,223,78,272.52,79.74,207.02,1706.43,0.64,18.88,2.18,0.87,32.65,3227,3.95
8234,新漢,67.2,67.5,67.2,-2.7,-3.86,1056,28.1,-148,-82,-14,-244,81,174,-93,-0.09,-135,0,39,18,156,0.04,0.16,92,215,-123,898,682,216,--,474.45,14.75,2.41,5210.28,-0.44,22.59,-2.08,0.6,13.38,4724,14.12
8240,華宏,64.5,64.6,64.5,1.3,2.06,2188,53.58,60,0,-3,57,335,272,63,0.03,335,335,0,0,0,0.15,0,349,319,30,1522,1615,-93,35.25,559.93,-5.58,-11.61,6790.14,0.4,14.78,0.84,2.02,11.32,2829,10
8249,菱光,53.5,53.6,53.5,0.8,1.52,7730,36.71,-971,0,-12,-983,1254,2809,-1555,-0.2,1254,1254,0,0,0,0.16,0,1522,1444,78,5007,3530,1477,19.81,395.76,12,42.77,3753.09,0.37,16.75,0.59,3.93,16.33,4667,13.78
8255,朋程,154,154.5,154,11,7.69,3999,62.31,469,0,53,522,2264,1856,408,0.1,2264,2264,0,0,0,0.55,0,471,601,-130,1357,1633,-276,27.02,678.3,-6.57,-11.78,7936.14,1.7,26.94,1.37,2.27,8.65,2201,10.18
8261,富鼎,135.5,136,135.5,-3,-2.17,5845,43.26,245,18,-68,195,3153,3996,-843,-0.14,-3007,241,447,718,2977,0.12,0.62,906,664,242,1865,1264,601,16.38,283.91,5.04,5.26,3184,1.57,38.07,3.1,3.69,33.66,7059,11.89
8271,宇瞻,221,221.5,221.5,-14.5,-6.14,4501,31.33,-220,2,-23,-241,2232,2889,-657,-0.14,-2834,28,0,0,2862,0.01,0.62,427,492,-65,1963,1241,722,10.28,3739.79,21.81,360.82,19044.84,14.54,49.27,32.33,2.03,13.86,4231,12.96
8272,全景軟體,70.7,70.9,70.8,-1.1,-1.53,6,0,-1,0,0,-1,0,0,0,0,0,0,0,0,0,0,0,0,0,0,6,6,0,14.75,33.12,12.6,23.69,487.89,0.39,74.98,1.2,3.95,--,0,1.9
8277,商丞,6.92,6.98,6.98,0.28,4.18,149,73.83,-5,0,0,-5,0,0,0,0,0,0,0,0,0,0,0,0,0,0,152,152,0,--,8.63,-0.21,-58.95,204.13,-0.09,33.77,-1.85,0,--,0,9.16
8279,生展,96.8,97.8,96.7,0.5,0.52,10,10,1,0,0,1,0,0,0,0,0,0,0,0,0,0,0,0,0,0,10,10,0,10.74,234.35,57.17,-0.85,2065.23,1.23,32.97,1.44,5.17,1.55,105,2.71
8284,三竹,63.2,63.5,63.9,0.9,1.43,10,90,0,0,0,0,0,0,0,0,0,0,0,0,0,0,0,0,0,0,11,11,0,14.26,260.38,-2.24,15.77,3053.35,1.28,24.19,4.23,6.26,0.12,14,4.73
8289,泰藝,53.9,54,53.9,-2.2,-3.92,2491,24.32,-567,0,0,-567,358,535,-177,-0.07,-488,0,0,0,488,0,0.19,267,429,-162,1899,1560,339,215.6,167.3,3.56,-5.73,1729.21,0.28,23.82,1.2,0.28,30.26,5170,6.83
8291,尚茂,68.6,--,68.6,6.2,9.94,162,100,0,0,0,0,41,90,-49,-0.29,41,41,0,0,0,0.25,0,29,30,-1,97,47,50,--,0.9,78.64,345.27,4.3,-0.49,-234.52,-12.32,0,--,0,1.75
8299,群聯,--,2465,2465,-270,-9.87,7914,22.02,-2656,-96,-164,-2916,8535,8859,-324,-0.04,-8851,0,8,8,8851,0,0.98,154,70,84,339,100,239,23.93,20207.49,10.32,236.63,113997.14,68.8,61.82,22.61,0.94,27.81,15373,22.11
8341,日友,76.2,76.3,76.2,0.1,0.13,172,55.35,79,0,0,79,15,0,15,0.08,15,0,15,0,0,0.08,0,28,30,-2,139,152,-13,16.21,372.91,2.43,26.66,4198.38,1.51,49.32,3.97,5.25,1.02,331,13
8342,益張,90,91.1,91.2,1.4,1.56,2,100,0,0,0,0,0,0,0,0,0,0,0,0,0,0,0,0,0,0,2,2,0,15.67,148.9,9.33,5.85,1655.37,1.45,25.97,4.39,5.48,0.01,1,3.35
8349,恒耀,41.45,41.55,41.45,0.15,0.36,93,54.35,-27,0,0,-27,0,0,0,0,0,0,0,0,0,0,0,0,0,0,95,95,0,20.12,1006.39,-4.56,2.38,11483.85,0.61,21.19,1.52,3.62,3.74,1954,20.88
8354,冠好,16,16.1,16.05,-0.55,-3.31,92,17.95,-9,0,0,-9,0,0,0,0,0,0,0,0,0,0,0,0,0,0,94,94,0,41.15,65.8,-11.44,16.48,664.06,0.3,17.01,1.13,0.69,21.41,4204,7.85
8358,金居,429,429.5,429,1,0.23,2671,65.89,1106,-20,-81,1005,2443,2182,261,0.1,-1026,71,1017,854,1260,0.4,0.78,93,190,-97,214,377,-163,82.18,900.77,4.66,35.81,8921.54,2.06,28.71,6.64,0.47,35.51,22422,25.26
8367,建新國際,41.75,41.8,41.8,0.05,0.12,33,54.55,-5,0,0,-5,0,0,0,0,0,0,0,0,0,0,0,0,0,0,33,33,0,11.88,285.57,-1.73,16.67,3283.85,0.67,27.9,1.9,6.82,0.13,29,9.22
8374,羅昇,102,102.5,102,-11,-9.73,8369,39.2,-206,0,-107,-313,3362,5504,-2142,-0.25,-5504,0,0,0,5504,0,0.65,1323,939,384,3761,2003,1758,--,590.87,6.73,62.73,4973.38,0.43,24.97,2.83,0.2,10.59,2363,11.23
8383,千附,54.8,55,55,0.8,1.48,1054,57.39,-201,0,1,-200,130,228,-98,-0.09,130,130,0,0,0,0.12,0,276,257,19,656,577,79,14.78,353.17,-16.6,38.31,3648.26,1.04,26.17,3.34,4.55,9.44,2686,11.38
8390,金益鼎,114.5,115,114.5,-4.5,-3.78,2232,34.17,191,0,-291,-100,1047,1206,-159,-0.07,-1005,110,0,11,1104,0.05,0.49,404,315,89,821,752,69,13.88,594.82,11.21,31.88,5326.03,2.87,28.76,7.37,3.32,7.96,1912,9.61
8401,白紗科,23.3,23.35,23.2,-0.5,-2.11,133,18.8,-11,0,0,-11,0,0,0,0,0,0,0,0,0,0,0,0,0,0,136,136,0,8.69,137.15,-2.18,7,1570.25,0.46,30.14,2.73,5.17,1.87,331,7.07
8403,盛弘,19.7,19.75,19.75,0.1,0.51,224,62.62,23,0,0,23,0,0,0,0,0,0,0,0,0,0,0,29,43,-14,206,192,14,21.24,385.05,-2.74,8.59,4414.79,0.13,13.78,0.26,3.04,1.66,572,13.76
8404,百和興業-KY,16.4,16.5,16.4,-0.2,-1.2,318,42.31,15,0,2,17,0,0,0,0,0,0,0,0,0,0,0,0,37,-37,322,285,37,15.05,681.93,-7.34,1.96,7553.26,0.17,33.86,1.01,3.05,3.57,3749,41.99
8409,商之器,19.1,19.5,19.1,0,0,7,42.86,0,0,0,0,0,0,0,0,0,0,0,0,0,0,0,0,0,0,7,7,0,19.49,8.46,-47.66,-19.32,279.44,-0.05,80.67,-0.48,0,--,0,3.2
8410,森田,34,34.35,34.65,0.05,0.14,54,38.89,-4,0,0,-4,0,0,0,0,0,0,0,0,0,0,0,0,0,0,54,54,0,12.69,80.02,11.04,-22.94,1051.48,0.57,31.31,1.11,4.62,16.15,1477,3.66
8411,福貞-KY,11.95,12,12,0,0,47,72.09,5,0,0,5,0,0,0,0,0,0,0,0,0,0,0,0,0,0,55,55,0,120,760.09,-8.01,27.88,9878.09,0.19,8.82,0.68,0.83,0.04,24,21.84
8415,大國鋼,35.9,35.95,35.9,0.45,1.27,1120,62.31,551,0,-58,493,440,259,181,0.16,440,440,0,0,0,0.39,0,278,123,155,407,743,-336,10.85,2493.46,4.15,18.57,24277.18,1.03,39.07,3.48,4.18,0.4,1027,103.15
8416,實威,171,172.5,171.5,-1,-0.58,7,28.57,-1,0,0,-1,0,0,0,0,0,0,0,0,0,0,0,0,0,0,7,7,0,12.25,145.36,-18.16,15.2,1732.75,3.36,55.3,5.51,4.96,--,0,2.82
8421,旭源,13.55,13.6,13.6,0,0,49,16.33,0,0,0,0,0,0,0,0,0,0,0,0,0,0,0,0,0,0,51,51,0,--,124.39,11.45,29.28,1207.74,0.02,19.87,0.67,0,2.53,347,5.48
8422,可寧衛*,25.55,25.6,25.55,-0.15,-0.58,7687,38.84,-577,-314,-46,-937,2676,3695,-1019,-0.13,-1432,799,737,1621,1347,0.2,0.38,1036,1165,-129,4093,2945,1148,22.41,388.57,-22.15,-11.49,4392.13,0.21,48.21,2.33,4.7,9.47,32148,13.58
8423,保綠-KY,17.75,17.8,17.85,0.1,0.56,12,33.33,2,0,0,2,0,0,0,0,0,0,0,0,0,0,0,0,0,0,14,14,0,21,40.16,8.99,3.77,381.29,0.26,29.16,1.71,3.92,4.59,479,4.17
8424,惠普,73.2,73.7,73.2,0,0,4,0,0,0,0,0,0,0,0,0,0,0,0,0,0,0,0,0,0,0,4,4,0,12.49,93.93,-3.69,0.69,1074.6,1.47,31.11,4.44,6.83,0.02,2,3.61
8426,紅木-KY,23.1,--,23.1,2.1,10,256,92.58,92,0,0,92,84,0,84,0.32,84,84,0,0,0,0.32,0,0,0,0,175,259,-84,11.11,193.1,19.54,10.09,2772.71,-0.42,21,-1.67,3.46,7.4,929,5.02
8429,金麗-KY,6.03,6.07,6.07,0.01,0.17,169,46.15,39,0,0,39,0,0,0,0,0,0,0,0,0,0,0,0,0,0,176,176,0,55.18,14.3,32.87,-2.47,142.01,0.02,14.59,0.05,0,28.34,13158,18.57
8431,匯鑽科,58.6,58.8,58.6,0.6,1.03,820,46.86,59,0,-2,57,75,77,-2,-0,54,75,0,21,0,0.09,0.03,102,136,-34,655,619,36,--,71.82,-14.17,-24.03,1040.96,-1.04,9.27,-5.84,0,31.89,3889,4.88
8432,東生華,50.5,50.7,50.8,1,2.01,43,76.74,1,0,0,1,0,0,0,0,0,0,0,0,0,0,0,0,0,0,45,45,0,13.23,108.36,-0.41,27.37,1366.33,1.01,54.76,2.43,5.14,1.76,169,3.84
8433,弘帆,52.4,52.6,52.5,-0.4,-0.76,17,6.25,2,0,0,2,0,0,0,0,0,0,0,0,0,0,0,0,0,0,17,17,0,18.29,256.53,3.05,34.71,3615.92,1.37,22.67,3.19,8,1.16,158,5.45
8435,鉅邁,55.8,55.9,56,0.4,0.72,4,75,0,0,0,0,0,0,0,0,0,0,0,0,0,0,0,0,0,0,4,4,0,15.64,52.51,-7.32,9.12,630.26,0.83,50.78,3.28,5.71,0.2,16,3.52
8436,大江,120,120.5,120,3,2.56,612,57.02,247,-18,9,238,373,240,133,0.22,337,337,0,0,0,0.55,0,86,103,-17,159,275,-116,13.73,605.52,-0.9,14.01,7117.84,1.92,45.41,2.59,5,4.28,1261,11.77
8437,大地-KY,11.45,11.5,11.5,0.1,0.88,34,50,15,0,0,15,0,0,0,0,0,0,0,0,0,0,0,0,0,0,38,38,0,--,14.18,-54.9,-5.34,198.02,-0.4,33.97,-0.79,0,4.25,500,4.7
8438,昶昕,84.9,85,84.9,-6.2,-6.81,1159,33.77,-174,0,-5,-179,167,237,-70,-0.06,-237,0,0,0,237,0,0.2,205,195,10,800,740,60,32.28,436.04,11.88,36.37,4258.67,1.02,14.32,3.64,1.53,40.06,7005,6.99
8440,綠電,22.8,23,22.8,0.2,0.88,683,35.61,-76,0,0,-76,0,0,0,0,0,0,0,0,0,0,0,52,53,-1,638,637,1,42.22,83.35,26.19,5.43,854.27,0.22,17.54,1.67,0.88,8.9,1118,5.03
8442,威宏-KY,40.85,41,41,0.2,0.49,108,42.59,-6,0,0,-6,0,0,0,0,0,0,0,0,0,0,0,0,0,0,110,110,0,22.91,739.83,6.56,9.25,8177.79,0.03,15.61,0.06,7.32,4.04,709,7.02
8443,阿瘦,11.45,11.5,11.45,0,0,5,20,0,0,0,0,0,0,0,0,0,0,0,0,0,0,0,0,0,0,7,7,0,--,79.55,-6.02,1.42,1103.99,-0.37,54.88,-3.77,0,--,34,6.68
8444,綠河-KY,--,7.31,7.31,-0.81,-9.98,13,38.46,0,0,0,0,0,0,0,0,0,0,0,0,0,0,0,0,0,0,14,14,0,--,140.81,26.94,-56.78,2448.07,-3.3,-33.67,-226.09,0,--,269,11.12
8446,華研,84.7,85,84.8,-0.3,-0.35,53,24.53,6,0,0,6,0,0,0,0,0,0,0,0,0,0,0,0,0,0,56,56,0,9.68,108.42,45.99,2.5,1078.75,1.78,72.59,4.54,9.43,1.94,256,5.29
8450,霹靂,15.7,15.95,15.7,-0.1,-0.63,31,54.84,0,0,0,0,0,0,0,0,0,0,0,0,0,0,0,0,0,0,33,33,0,--,18.05,-80.25,4.54,307.42,0.32,34.72,3.86,0,--,111,5.13
8454,富邦媒,199,199.5,199.5,8,4.18,1358,51.41,278,-1,-7,270,825,579,246,0.17,825,825,0,0,0,0.58,0,184,199,-15,420,651,-231,19.04,8280.85,-9.42,1.32,108962.39,2.43,9.05,6.38,5.01,1.63,1080,26.5
8455,大拓-KY,39.7,--,39.7,3.6,9.97,64,100,10,0,-9,1,0,0,0,0,0,0,0,0,0,0,0,23,0,23,43,66,-23,73.52,112.74,-16.51,-6.69,1187.56,0.19,12.8,0.33,0,--,0,2.52
8462,柏文,139,140,139.5,0,0,67,34.37,-32,0,0,-32,10,34,-24,-0.32,-4,0,10,14,0,0.14,0.19,9,8,1,55,32,23,15.03,581.13,0.23,20.72,6438.52,2.42,33.57,7.55,5.29,5.16,1037,8.04
8463,潤泰材,21.65,21.7,21.7,0.2,0.93,47,48.94,1,0,0,1,0,0,0,0,0,0,0,0,0,0,0,0,0,0,47,47,0,10.24,629.04,5.65,6,7265.23,0.42,12.48,3.74,3.69,0.39,148,15
8464,億豐,316.5,317,317,1,0.32,1680,46.54,521,-48,-7,466,1484,1536,-52,-0.03,-371,348,483,501,701,0.49,0.71,104,76,28,99,76,23,14.36,2625.17,-8.97,-5.29,29854.9,5.62,59.09,5.95,5.05,0.24,175,29.3
8466,美吉吉-KY,14.45,--,14.45,1.3,9.89,536,93.35,9,0,0,9,0,0,0,0,0,0,0,0,0,0,0,227,232,-5,311,306,5,--,208.19,77.56,-30.61,2811.07,-0.89,8.25,-2.33,2.08,3.33,665,7.98
8467,波力-KY,128.5,129,129,-1.5,-1.15,6,16.67,-2,0,0,-2,0,0,0,0,0,0,0,0,0,0,0,0,0,0,6,6,0,14.98,234.22,30.18,40.54,2458.58,0.83,37.02,1.47,5.47,2.6,315,4.84
8472,夠麻吉,70.2,70.3,70.3,0.3,0.43,12,58.33,3,0,0,3,0,0,0,0,0,0,0,0,0,0,0,0,0,0,12,12,0,--,39.83,-15.78,-11.84,515.45,-0.26,33.78,-1.74,0,3.14,139,1.77
8473,山林水,36.15,36.25,36.15,0.3,0.84,582,55.79,56,0,0,56,0,0,0,0,0,0,0,0,0,0,0,112,100,12,476,488,-12,12.68,343.71,-47.02,19.78,5301.97,1.23,32.87,2.93,5.2,4.03,1716,18.12
8476,台境*,15.7,15.75,15.75,-0.1,-0.63,290,54.14,41,0,5,46,0,0,0,0,0,0,0,0,0,0,0,0,0,0,293,293,0,39.38,96.69,-1.32,-37.44,1248.86,0,12.3,0.07,1.27,22.96,9541,8.31
8477,創業家,15.8,15.9,15.85,0.15,0.96,72,62.5,5,0,0,5,0,0,0,0,0,0,0,0,0,0,0,0,0,0,73,73,0,--,61.67,98.88,46.88,377.4,-0.03,20.17,-0.86,0,--,0,6.42
8478,東哥遊艇,152,153,152,-1.5,-0.98,143,39.13,-57,0,-3,-60,0,51,-51,-0.34,-37,0,0,12,25,0,0.25,24,28,-4,125,70,55,9.26,458.89,-24.05,-25.1,5561.13,3.8,42.63,3.84,4.28,4.36,1025,9.4
8481,政伸,39.9,40,39.95,0,0,28,76.92,3,0,0,3,0,0,0,0,0,0,0,0,0,0,0,0,0,0,28,28,0,13.1,101.08,-3.47,-0.68,1152.97,0.77,47,3.01,6.88,0.04,7,6.66
8482,商億-KY,48.15,49.25,49,0.4,0.82,3,66.67,0,0,0,0,0,0,0,0,0,0,0,0,0,0,0,0,0,0,3,3,0,21.3,279.32,-10.4,16.34,3511.35,0.66,32.74,2.07,4,0.71,190,10.74
8488,吉源-KY,10.1,10.15,10.1,-0.75,-6.91,455,36.45,-127,0,0,-127,0,0,0,0,0,0,0,0,0,0,0,0,0,0,456,456,0,--,329.47,-17.07,67.99,3576.98,-0.19,3.81,-0.59,0,0.11,21,7.35
8489,三貝德,25.45,25.5,25.45,-1.35,-5.04,336,27.51,-81,0,4,-77,73,0,73,0.21,0,0,0,0,0,0,0,27,34,-7,243,309,-66,--,162.1,-9.37,57.79,1681.11,0.38,54.59,2.72,0,28.43,2910,5.99
8499,鼎炫-KY,265,266.5,265.5,-11.5,-4.15,95,17.89,-50,6,-2,-46,0,15,-15,-0.15,-15,0,0,0,15,0,0.15,23,40,-17,78,46,32,26.6,333.11,19.39,95.5,3471.62,2.61,44.52,1.3,3.01,6.18,636,4.12
8905,裕國,29.55,30.3,30.2,0.65,2.2,5,20,0,0,0,0,0,0,0,0,0,0,0,0,0,0,0,0,0,0,6,6,0,54.91,199.3,3.75,18.64,2144.61,0.15,11.05,0.62,2.35,0.07,21,11.94
8906,花王,25,25.1,25.1,0.15,0.6,42,21.43,-8,0,0,-8,0,0,0,0,0,0,0,0,0,0,0,21,0,21,23,44,-21,--,13.77,-13.76,-22.99,206.64,-0.28,9.97,-2.54,0,0.74,81,4.4
8908,欣雄,40.55,40.6,40.55,0.05,0.12,74,44.59,42,0,0,42,0,0,0,0,0,0,0,0,0,0,0,16,0,16,61,77,-16,19.22,918.7,-5.29,-1.22,10125.33,0.46,10.04,3.29,4.44,0.24,192,31.53
8916,光隆,46.6,46.8,46.6,-0.05,-0.11,23,13.04,-6,0,0,-6,0,0,0,0,0,0,0,0,0,0,0,0,0,0,24,24,0,19.91,615.83,4.2,-26.52,8093.17,0.17,11.78,0.5,6.44,0.34,128,15.04
8917,欣泰,51.4,51.8,51.5,-1.1,-2.09,51,78.43,22,0,0,22,0,20,-20,-0.38,-20,0,0,0,20,0,0.38,28,10,18,25,23,2,22.29,281.11,-5.3,-0.79,3069.96,0.62,17.48,3.62,4.08,0.05,22,16.27
8921,沈氏,17.05,18.25,--,--,--,0,--,0,0,0,0,0,0,0,--,0,0,0,0,0,--,--,0,0,0,0,0,0,--,52.53,1.21,7.27,634.93,-0.26,7.03,-1.73,1.46,--,0,4.66
8923,時報,19,19.65,--,--,--,0,--,0,0,0,0,0,0,0,--,0,0,0,0,0,--,--,0,0,0,0,0,0,29.69,36.7,31.17,40.87,436.79,0.18,43.53,1.16,4.66,5.82,442,3.04
8924,大田,63.9,64,64,0.1,0.16,91,35.16,-20,0,0,-20,0,0,0,0,0,0,0,0,0,0,0,8,8,0,85,85,0,12.77,402.36,2.5,30.06,4860.77,0.05,11.5,0.11,6.72,2.21,464,8.38
8926,台汽電,56.9,57,57,-0.5,-0.87,8090,44.22,1825,57,10,1892,3624,4066,-442,-0.05,-3176,355,95,99,3527,0.06,0.44,1325,1540,-215,3222,2565,657,15.88,6786.81,28.77,532.81,25066.19,2.11,8.52,8.06,4.23,1.96,3577,83.03
8927,北基,19.7,19.8,19.75,0.7,3.67,404,57.33,69,0,0,69,101,0,101,0.25,101,101,0,0,0,0.25,0,27,30,-3,282,380,-98,39.5,1357.7,-14.16,50.68,11946.79,0.18,16.24,0.93,1.52,3.29,3485,42.35
8928,鉅明,21.8,22.05,21.85,-0.1,-0.46,9,0,-2,0,0,-2,0,0,0,0,0,0,0,0,0,0,0,0,0,0,9,9,0,38.33,185.11,-35.57,-41.75,3006.02,0.66,12.73,3.09,3.66,4.89,622,5.09
8929,富堡,14.55,14.65,14.6,-0.1,-0.68,14,15.38,-6,0,0,-6,0,0,0,0,0,0,0,0,0,0,0,0,0,0,18,18,0,--,64.95,-5.03,6.51,717.42,-0.06,24.06,-0.36,0,1.85,234,5.06
8930,青鋼,28.35,28.4,28.4,-0.1,-0.35,41,19.51,4,0,0,4,0,0,0,0,0,0,0,0,0,0,0,0,0,0,42,42,0,12.14,119.91,-12.88,-14.97,1397.76,0.62,26.19,3.54,7.75,3.37,690,8.18
8931,大汽電,42.1,42.2,42.2,0.05,0.12,44,44.12,-15,0,0,-15,0,0,0,0,0,0,0,0,0,0,0,0,0,0,44,44,0,27.76,223.25,-3.7,18.8,2511.5,0.38,16.86,2.27,3.79,18.56,5673,12.23
8932,智通*,102,102.5,102,2,2,3283,55.29,393,0,222,615,2250,1709,541,0.16,1648,1832,0,0,184,0.55,0.06,400,678,-278,662,925,-263,52.04,253.62,7.62,27.19,2410.64,0.53,61.19,8.43,1.18,58.48,52331,8.95
8933,愛地雅,--,4.86,4.86,-0.54,-10,2014,3.77,-158,0,0,-158,270,0,270,0.13,0,0,0,0,0,0,0,142,635,-493,1703,1480,223,--,203.6,7.86,-21.61,1881.6,-0.3,0.06,-5.91,0,--,0,32.67
8935,邦泰,20,20.05,20.05,0,0,589,44.22,-11,0,0,-11,0,0,0,0,0,0,0,0,0,0,0,30,65,-35,564,529,35,--,40.02,-45.77,-9.04,519.31,-0.09,17.49,-1.22,0,--,0,11.35
8936,國統,49.45,49.5,49.45,-0.3,-0.6,1628,27.08,-764,-20,58,-726,208,633,-425,-0.26,-613,20,0,0,633,0.01,0.38,255,316,-61,1184,698,486,11.39,556.46,-15.74,9.32,6718.87,0.99,22.58,3.01,6.07,16.31,10118,24.81
8937,合騏*,30.8,30.9,30.8,-0.35,-1.12,127,14.17,22,0,-6,16,0,37,-37,-0.29,-37,0,0,0,37,0,0.29,20,0,20,108,91,17,--,104.77,26.32,1247.13,313.21,-0.07,25.39,-1.05,0,29.78,21581,10.79
8938,明安,54.4,54.5,54.5,0.1,0.18,152,53.95,-32,0,0,-32,40,40,0,0,40,40,0,0,0,0.26,0,18,17,1,97,98,-1,17.41,1085.33,-16.54,-17.96,14718.9,1.33,13.86,2.61,7.34,2.01,788,15.7
8940,新天地,16.9,17.05,17.05,-0.15,-0.87,60,20.34,-9,0,0,-9,0,0,0,0,0,0,0,0,0,0,0,0,0,0,63,63,0,27.06,84.35,-43.78,5.42,1616.12,1.34,53.28,10.83,0,0.34,58,6.75
8941,關中,43.65,44.1,44.5,0,0,1,100,0,0,0,0,0,0,0,0,0,0,0,0,0,0,0,0,0,0,1,1,0,47.85,248.16,-11.77,-8.01,3001.77,1.36,29.43,4.49,2.25,0.19,17,3.5
8942,森鉅,42.05,42.15,42.05,-0.05,-0.12,327,55.27,-16,0,0,-16,76,80,-4,-0.01,21,51,0,0,30,0.15,0.09,12,13,-1,242,237,5,24.17,250.44,-16.55,-45.6,2509.96,1.05,13.24,1.7,2.38,1.14,567,19.88
8996,高力,1040,1045,1040,-5,-0.48,1362,42.15,284,-9,-30,245,1376,1376,0,0,606,670,640,638,66,0.94,0.5,5,4,1,20,22,-2,73.86,948.79,-25.48,86.03,9428.5,6.54,29.02,13.73,0.44,19.81,4630,9.35
9802,鈺齊-KY,77,77.1,77,1.6,2.12,915,48.74,33,0,-5,28,224,205,19,0.02,224,224,0,0,0,0.24,0,215,248,-33,482,468,14,13.58,1635.43,36.99,9.68,17446.03,0.89,15.85,1.3,6.62,4.71,2366,20.1
9902,台火,13.75,13.8,13.75,-0.05,-0.36,167,25.75,8,0,-2,6,0,0,0,0,0,0,0,0,0,0,0,0,0,0,168,168,0,--,9.55,-34.5,1.09,338.17,0.17,31.74,1.4,0,14.27,3497,9.8
9904,寶成,26.1,26.15,26.1,-0.25,-0.95,14633,33.87,-704,-1627,-118,-2449,10217,12132,-1915,-0.13,-5095,2316,0,0,7411,0.16,0.51,1368,958,410,3078,1574,1504,7.19,22344.46,15.28,3.85,248284,0.76,22.14,1.34,4.98,2.54,18725,294.68
9905,大華,20.8,20.85,20.85,0.1,0.48,81,45.21,5,0,1,6,0,0,0,0,0,0,0,0,0,0,0,0,0,0,82,82,0,14.79,834.92,24,18.32,8607.41,0.35,10.07,1.26,5.28,0.35,265,30.5
9906,欣巴巴,31.95,32.1,31.95,-0.2,-0.62,240,36.55,91,0,11,102,0,66,-66,-0.27,-66,0,0,0,66,0,0.27,49,0,49,195,178,17,12.01,139.4,-58.25,995636,2170.72,1.57,37.52,10.01,0.25,1.49,336,9.04
9907,統一實,16,16.05,16,0.1,0.63,3582,47.89,-959,-225,0,-1184,1158,2130,-972,-0.27,956,977,181,202,0,0.32,0.06,562,726,-164,1879,743,1136,14.41,3516.54,-8.82,-20.05,43744.03,0.17,10.71,1.07,7.38,0.94,3713,157.91
9908,大台北,29.2,29.3,29.25,0.15,0.52,283,57.51,163,0,0,163,83,0,83,0.29,83,83,0,0,0,0.29,0,40,45,-5,162,240,-78,17.01,284.31,-9.36,-0.91,3364.19,0.33,21.44,1.06,4.1,0.16,206,51.64
9910,豐泰,69.4,69.5,69.4,-1,-1.42,1862,37.08,-510,-6,-27,-543,955,1161,-206,-0.11,-1146,0,0,0,1146,0,0.61,231,329,-98,703,399,304,15.02,6819.94,3.37,-6.17,81575.65,0.68,17.39,2.37,5.91,1.44,3544,98.75
9911,櫻花,82.2,83,82.3,0.1,0.12,160,44.94,5,-20,-2,-17,20,16,4,0.02,4,20,0,16,0,0.12,0.1,14,17,-3,134,135,-1,13.06,854.89,-10.02,6.43,10476.88,1.87,35.66,6.09,6.08,0.61,340,22.24
9912,偉聯,12.35,12.45,12.45,0.1,0.81,30,39.29,-1,0,-3,-4,0,0,0,0,0,0,0,0,0,0,0,0,0,0,31,31,0,--,38.82,6.66,-18.28,494.78,-0.19,44.34,-3.22,0,--,0,5.42
9914,美利達,68.5,68.6,68.5,0.1,0.15,2424,39.95,211,0,12,223,1022,820,202,0.08,646,797,89,108,132,0.36,0.1,359,417,-58,1069,1213,-144,18.51,2189.33,-8.99,-14.32,24290.48,1.09,16.6,1.63,4.09,3.95,2954,29.9
9917,中保科,113,113.5,113,2,1.8,469,68.03,55,79,9,143,366,204,162,0.34,366,366,0,0,0,0.76,0,54,107,-53,60,169,-109,16.92,1589.95,0.12,2.82,19093.69,1.6,33.9,4.99,5.49,0.05,55,45.12
9918,欣天然,43.15,43.25,43.25,0.25,0.58,47,39.13,17,0,0,17,0,0,0,0,0,0,0,0,0,0,0,0,0,0,48,48,0,25.9,196.7,-7.35,1.84,1994.6,0.63,30.74,3.44,3.47,0.27,124,18.05
9919,康那香,14.35,14.4,14.35,0.05,0.35,549,57.59,-31,0,1,-30,0,0,0,0,0,0,0,0,0,0,0,0,0,0,553,553,0,--,215.68,-4.55,8.52,2682.72,-0.52,9.64,-4.89,0,17.23,8413,19.54
9921,巨大,71.6,72,72,-0.3,-0.41,2120,44.1,-83,0,15,-68,938,994,-56,-0.03,-380,270,0,0,650,0.13,0.3,354,428,-74,856,726,130,180,5547.23,-0.91,-3.15,55751.95,-0.51,19.63,-0.4,2.5,2.15,2104,39.21
9924,福興,42,42.2,42,0,0,99,27.37,-41,-2,-3,-46,0,0,0,0,0,0,0,0,0,0,0,0,19,-19,103,84,19,15.22,602.74,22.26,3.13,7115.38,0.54,19.92,1.19,5.95,1.85,696,15.08
9925,新保,40.15,40.2,40.2,0.05,0.12,195,26.04,-50,0,4,-46,0,47,-47,-0.24,0,0,0,0,0,0,0,0,65,-65,198,86,112,16.82,670.42,-7.96,1.03,8277.67,0.47,32.17,1.31,4.98,0.01,7,38.75
9926,新海,49,49.2,49.1,0,0,57,35.29,-2,0,0,-2,34,36,-2,-0.04,0,0,0,0,0,0,0,0,0,0,23,21,2,17.99,208.86,-12.6,-1.62,2459.13,0.68,26.18,2.82,4.28,0.04,16,17.95
9927,泰銘,66.6,66.8,66.6,-0.1,-0.15,136,25.74,-34,0,0,-34,38,0,38,0.27,0,0,0,0,0,0,0,20,48,-28,82,92,-10,13.59,815.65,-6.03,18.75,8275.76,1.12,9.02,2.48,7.51,0.15,46,12
9928,中視,17.6,17.7,17.7,0,0,19,5.26,0,0,0,0,0,0,0,0,0,0,0,0,0,0,0,0,0,0,19,19,0,--,60.74,-6.39,0.02,896.32,-0.51,-1.42,-1.68,0,1.91,295,7.07
9929,秋雨,11.3,11.65,11.65,0.2,1.75,23,43.48,2,0,-1,1,0,0,0,0,0,0,0,0,0,0,0,0,0,0,24,24,0,43.15,62.45,9.12,41.74,664.25,0.22,24.78,3,0,--,0,10.13
9930,中聯資源,67.8,67.9,67.9,0.3,0.44,158,55.77,-2,0,-6,-8,49,0,49,0.31,0,0,0,0,0,0,0,11,49,-38,100,111,-11,14.36,1135.59,-5.76,-11.47,13669.22,1.1,15.01,3.99,5.89,0.02,13,24.85
9931,欣高,33.85,33.95,33.9,0.15,0.44,92,55.56,9,0,1,10,0,0,0,0,0,0,0,0,0,0,0,15,37,-22,77,55,22,14.24,141.69,-1.69,-4.5,1570.3,0.69,16.69,2.48,5.31,0.37,112,12.04
9933,中鼎,37.35,37.4,37.35,0.55,1.49,3122,50.58,1208,137,-3,1342,1471,733,738,0.23,1471,1471,0,0,0,0.47,0,473,482,-9,1206,1936,-730,8.85,6328.54,-4.61,-24.2,84735.26,1,13.05,4.45,2.68,1.96,4414,94.55
9934,成霖,9.7,9.71,9.7,0.06,0.62,332,47.29,63,0,0,63,0,0,0,0,0,0,0,0,0,0,0,0,0,0,334,334,0,--,1566.85,-8.31,3.17,17715.02,0.28,34.21,1.84,1.03,4.45,4577,41.1
9935,慶豐富,18.45,18.5,18.45,0.1,0.54,237,55.27,85,0,-1,84,0,0,0,0,0,0,0,0,0,0,0,0,40,-40,239,199,40,11.39,412.41,2.65,9.36,4995.56,0.51,27.29,3.42,6.5,2.56,1139,17.78
9937,全國,56.1,56.4,56.4,0.2,0.36,23,50,-4,0,0,-4,0,0,0,0,0,0,0,0,0,0,0,10,0,10,13,23,-10,22.65,2069.47,1.51,7.67,22294.71,0.66,13.34,3.43,3.9,0.19,149,30.9
9938,百和,43.95,44,44,0.35,0.8,1258,55.74,-35,-22,1,-56,268,449,-181,-0.14,268,268,0,0,0,0.21,0,325,185,140,672,631,41,12.79,1334.02,-11.09,-4.12,15508.6,0.87,31.81,1.76,6.82,4.69,3492,29.8
9939,宏全,125,125.5,125.5,3,2.45,2702,56.06,720,-77,26,669,2180,1533,647,0.24,2180,2180,0,0,0,0.79,0,207,400,-193,367,820,-453,13.91,2786.6,8.85,13.55,28789.02,2.25,22.34,3.38,4.94,1.6,1185,29.58
9940,信義,18.8,18.85,18.8,0.5,2.73,552,62.02,154,0,-15,139,0,0,0,0,0,0,0,0,0,0,0,28,27,1,530,531,-1,50.81,942.25,-18.3,22.12,12292.5,0.22,23.12,1.23,3.19,0.52,960,73.68
9941,裕融,73.6,73.7,73.6,-0.7,-0.94,1129,46.26,-233,-13,7,-239,345,466,-121,-0.11,-168,129,0,0,297,0.11,0.26,190,271,-81,614,412,202,9.19,3313.42,4.08,-4.67,39292.2,1.82,43.67,2.6,6.22,0.82,1177,57.56
9942,茂順,116.5,117,116.5,0,0,44,46.51,8,0,0,8,0,0,0,0,0,0,0,0,0,0,0,7,6,1,38,39,-1,14.19,410.26,2.86,13.99,4192.61,2.22,39.96,4.18,6.01,0.38,80,8.32
9943,好樂迪,55.5,55.6,55.1,-0.3,-0.54,48,35.56,-3,0,0,-3,0,0,0,0,0,0,0,0,0,0,0,0,0,0,53,53,0,15.31,171.97,1.81,-6.9,2340.94,1.88,53.23,4.21,6.35,0.31,97,12.52
9944,新麗,16.9,16.95,16.9,-0.1,-0.59,177,53.85,1,0,2,3,68,68,0,0,68,68,0,0,0,0.38,0,41,41,0,71,71,0,338,239.65,-12.15,0.89,2345.92,0.65,34.63,2.11,1.78,20.8,5506,10.59
9945,潤泰新,23.95,24,23.95,0.25,1.05,7971,50.91,-675,-28,35,-668,3570,3916,-346,-0.04,3570,3570,0,0,0,0.44,0,1087,1115,-28,3381,3007,374,6.78,3938.61,40.21,58.78,42051.03,0.99,24.74,2.81,4.59,3.08,21908,284.42
9946,三發地產,16.65,16.7,16.7,-0.1,-0.6,388,49.61,36,0,1,37,0,67,-67,-0.17,-67,0,0,0,67,0,0.17,38,0,38,352,323,29,4.03,250.85,-53.41,7453.42,4291.09,2.56,53.82,12.01,8.2,2,1633,32.66
9949,琉園,23.55,23.9,23.55,-0.45,-1.88,32,37.5,1,0,4,5,0,0,0,0,0,0,0,0,0,0,0,0,0,0,42,42,0,4.24,11.17,24.88,26.57,141.69,0.03,66,0.22,9.34,76.16,8541,4.49
9950,萬國通,11.2,11.3,11.3,-0.65,-5.44,174,16.23,6,0,0,6,0,0,0,0,0,0,0,0,0,0,0,0,0,0,174,174,0,--,148.45,-26.31,-2.74,2123.59,-0.03,22.15,-0.32,0,--,0,16.77
9951,皇田,52.9,53.1,52.9,-0.4,-0.75,39,35.9,-22,0,0,-22,0,0,0,0,0,0,0,0,0,0,0,15,0,15,25,40,-15,10.67,505.14,-12.99,0.52,6573,1.46,22.84,2.8,6.09,1.56,285,7.33
9955,佳龍,28.4,28.6,28.4,-0.1,-0.35,296,41.07,-9,0,0,-9,45,50,-5,-0.02,-50,0,0,0,50,0,0.17,20,0,20,236,251,-15,40,136.84,-25.13,7.13,1688.39,0.05,13.61,0.41,0,5.25,1371,10.44
9958,世紀鋼,104,104.5,104,-1.5,-1.42,2607,44.45,-604,-52,19,-637,1156,1733,-577,-0.22,49,848,0,0,799,0.32,0.3,478,297,181,1005,609,396,13.27,1766.1,11.71,32.12,15545.07,2.63,33.19,4.49,4.33,14.19,8759,24.69
9960,邁達康,31.1,32.1,31.4,-2.15,-6.41,75,21.33,-9,0,1,-8,0,0,0,0,0,0,0,0,0,0,0,20,0,20,58,78,-20,16.79,73.75,3.74,49.32,708.96,0.53,36.38,2.7,4.94,4.98,418,3.36
9962,有益,9.4,9.5,9.48,-0.05,-0.52,64,34.37,-16,0,0,-16,0,0,0,0,0,0,0,0,0,0,0,0,0,0,64,64,0,--,198.48,95.88,-8.39,1625.1,0.05,7.63,0.47,0,1.37,309,9.02
