代碼,商品,買進,賣出,成交,漲跌,漲幅%,總量,內外盤比%,外資買賣超,投信買賣超,自營商買賣超,法人買賣超,控盤者買進,控盤者賣出,控盤者買賣超,控盤者買賣超比,控盤者主動買賣超,控盤者拉高買盤,控盤者作多買盤,控盤者偏空賣盤,控盤者殺低賣盤,控盤者主動買力,控盤者主動賣力,實戶買進,實戶賣出,實戶買賣超,散戶買進,散戶賣出,散戶買賣超,PE(市盈率),營收,營收期增率%,營收年增率%,營收(12),盈餘,毛利率%,ROE%,殖利率%,融資使用率%,融資餘額,股本
1101,台泥,23.85,23.9,23.85,-0.55,-2.25,51615,45.07,-28957,230,-1262,-29989,39965,44529,-4564,-0.09,-42379,0,2150,1687,42842,0.04,0.86,2505,2292,213,9390,5039,4351,--,12213.2,-1.61,-3.69,148481.34,0.1,18.72,0.4,3.35,1.81,34031,752.32
1102,亞泥,33.75,33.8,33.75,-0.65,-1.89,17773,39.51,-8409,90,46,-8273,14114,16428,-2314,-0.13,-3410,0,13018,14644,1784,0.73,0.92,1060,483,577,2636,899,1737,11.33,5694.46,6.45,-9.27,68693.16,0.56,12.96,0.89,6.81,0.28,2459,354.66
1103,嘉泥,13.2,13.25,13.2,-0.4,-2.94,407,48.88,86,0,-10,76,0,100,-100,-0.24,-100,0,0,0,100,0,0.24,50,46,4,369,273,96,20,207.62,-14.46,-23.55,2887.3,0.08,21.15,0.27,4.17,2.05,4041,83.29
1104,環泥,28.9,28.95,28.9,-0.5,-1.7,1749,33.33,-528,0,55,-473,706,661,45,0.03,45,0,706,661,0,0.4,0.37,269,409,-140,788,693,95,11.29,635.96,9.5,-8.98,7689.7,0.41,27.95,1.14,6.4,0.85,1453,68.67
1108,幸福,13.6,13.65,13.6,-0.2,-1.45,352,41.4,-43,0,4,-39,0,0,0,0,0,0,0,0,0,0,0,0,0,0,355,355,0,6.73,335.1,3.79,-13.76,4077.49,0.17,16.14,1.23,7.35,0.59,600,40.47
1109,信大,14.55,14.6,14.6,-0.25,-1.68,141,34.53,-33,0,0,-33,0,0,0,0,0,0,0,0,0,0,0,0,0,0,151,151,0,18.48,340.19,8.34,-21.62,4203.15,0.01,6.23,-0.15,6.16,0.35,298,34.12
1110,東泥,15.3,15.4,15.4,-0.6,-3.75,399,72.51,-83,0,0,-83,118,100,18,0.04,-100,0,0,0,100,0,0.25,0,39,-39,282,261,21,48.13,237.55,5.8,-10.21,2666.66,0.05,14.33,0.26,1.95,1.88,2689,57.2
1201,味全,12.3,12.35,12.3,-0.15,-1.2,444,47.79,102,0,0,102,0,0,0,0,0,0,0,0,0,0,0,0,0,0,454,454,0,31.54,1793.56,6.46,-3.42,21564.35,0.2,27.41,1.32,1.71,1.22,1549,50.61
1203,味王,42.15,42.45,42.35,-0.5,-1.17,9,77.78,-5,0,3,-2,0,0,0,0,0,0,0,0,0,0,0,0,0,0,10,10,0,24.91,437.7,-5.83,-12.21,5340.21,0.49,34.47,2.41,2.36,0,2,24
1210,大成,54,54.1,54,-0.4,-0.74,9405,66.37,-3955,4974,21,1040,7739,7069,670,0.07,1589,2568,4143,3906,1216,0.71,0.54,571,874,-303,1135,1502,-367,13.67,9098.46,-1.21,4.32,103978.56,0.94,14.07,2.77,5.56,0.46,1018,89.48
1213,大飲,8.21,8.43,8.43,0,0,2,100,0,0,0,0,0,0,0,0,0,0,0,0,0,0,0,0,0,0,2,2,0,--,22.83,-10.1,14.3,311.41,-0.37,-2,-3.29,0,--,0,5.66
1215,卜蜂,115,115.5,115,-4,-3.36,4218,25.39,827,-1700,2,-871,3006,3722,-716,-0.17,-3475,0,247,286,3436,0.06,0.86,259,156,103,1039,427,612,12.39,2316.77,-7.75,-2.92,28841.27,1.26,17.75,3.12,6.09,0.64,470,29.48
1216,統一,72.9,73,72.9,-0.9,-1.22,12715,39.24,217,144,324,685,11364,10721,643,0.05,-3807,229,6556,5782,4810,0.53,0.83,404,672,-268,1029,1403,-374,19.7,57480.11,0.18,2.26,679885.44,1.15,33.78,4.5,4.12,0.08,1135,568.2
1217,愛之味,9.86,9.88,9.86,-0.06,-0.6,874,50.71,110,0,-1,109,0,0,0,0,0,0,0,0,0,0,0,61,0,61,822,883,-61,20.54,396.67,3.15,5.27,5036.36,-0.13,26.35,-0.76,2.54,1.01,1251,49.45
1218,泰山,19.35,19.4,19.4,0.05,0.26,1503,58.33,458,0,19,477,276,0,276,0.18,276,276,0,0,0,0.18,0,273,518,-245,968,999,-31,12.93,844.39,-3.2,6.37,10321.74,0.32,17.14,1.24,6.8,1.16,1456,50
1219,福壽,12.4,12.45,12.45,-0.05,-0.4,714,53.41,7,0,3,10,210,100,110,0.15,110,0,210,100,0,0.29,0.14,0,51,-51,509,568,-59,26.49,1221.79,-6.3,1.21,14422.57,0.11,7.81,-0.08,4.02,0.7,599,34.12
1220,台榮,11.7,11.75,11.75,-0.2,-1.67,79,13.33,-22,0,0,-22,0,0,0,0,0,0,0,0,0,0,0,0,0,0,107,107,0,587.5,299.35,21.09,12.32,3387.14,-0.17,7.79,-0.98,1.7,2.56,1135,17.71
1225,福懋油,30.2,30.35,30.35,0.85,2.88,782,50.64,-8,0,43,35,424,387,37,0.05,424,424,0,0,0,0.54,0,23,95,-72,338,303,35,17.75,1110.18,2.92,8.99,12346.23,0.44,9.3,2.82,3.29,12.13,7344,24.23
1227,佳格,28.3,28.35,28.3,-0.55,-1.91,3860,43.28,1175,0,14,1189,1835,2683,-848,-0.22,-2588,0,95,77,2606,0.02,0.69,584,496,88,1460,700,760,19.52,1931.5,-8.11,-4.84,28668.11,0.52,23.44,2.51,4.73,0.6,1368,91.51
1229,聯華,40.95,41,40.95,-1.05,-2.5,3433,49.19,471,-6,41,506,1216,1386,-170,-0.05,-204,0,1182,1276,110,0.34,0.39,501,559,-58,1796,1567,229,15.81,604.37,-35.18,-45.4,13275.29,0.55,23.32,1.33,4.88,0.82,3674,179.6
1231,聯華食,86.7,86.8,86.7,-2.3,-2.58,441,36.34,-58,0,9,-49,33,136,-103,-0.22,-136,0,0,0,136,0,0.29,56,59,-3,377,271,106,19.7,1007.99,3.52,1,13099.76,1,21.66,4,2.88,0.38,282,29.85
1232,大統益,148,148.5,148,-1.5,-1,209,39.32,-40,0,-3,-43,61,90,-29,-0.13,-37,0,53,35,55,0.24,0.41,54,53,1,102,74,28,17.11,1890.2,-6.41,3.12,22067.12,2.33,13.69,6.17,4.86,0.02,6,16
1233,天仁,27.4,27.5,27.4,-0.3,-1.08,26,29.17,-6,0,1,-5,0,0,0,0,0,0,0,0,0,0,0,0,0,0,28,28,0,33.41,188.91,9.04,-3.79,2184.92,0.34,61.08,2.21,0.73,0.24,54,9.06
1234,黑松,34.5,34.7,34.5,-0.65,-1.85,265,44.49,-10,0,-3,-13,29,50,-21,-0.08,-50,0,0,0,50,0,0.19,0,47,-47,241,173,68,20.54,685.65,-5.88,-14.24,9495.82,0.29,23.95,0.62,4.78,0.02,21,40.19
1235,興泰,37.6,39.6,37.6,-1.1,-2.84,55,11.11,-16,0,3,-13,0,0,0,0,0,0,0,0,0,0,0,22,22,0,33,33,0,--,14.86,-22.83,3.02,206.9,-0.54,28.55,-4.06,2.66,2.09,983,18.86
1236,宏亞,25.3,25.6,25.6,0.1,0.39,53,81.13,-5,0,-2,-7,0,0,0,0,0,0,0,0,0,0,0,0,0,0,55,55,0,--,122.25,18.38,-2.44,1839.97,0.23,28.09,0.8,6.45,0.59,128,8.67
1240,茂生農經,57.1,57.2,57.3,0,0,13,33.33,-4,0,0,-4,0,0,0,0,0,0,0,0,0,0,0,0,0,0,14,14,0,12.27,236.45,-11.88,11.59,2774.69,0.89,12.79,2.4,6.11,0.2,22,4.42
1256,鮮活果汁-KY,176.5,177.5,176.5,-4.5,-2.49,200,37.63,-2,0,5,3,6,50,-44,-0.21,-44,0,6,44,6,0.03,0.24,55,64,-9,146,93,53,13.33,475.68,4.42,23.65,4775.69,3.24,30.39,2.85,3.74,4.63,414,3.58
1259,安心,57,58.1,58,-0.6,-1.02,5,40,-2,0,0,-2,0,0,0,0,0,0,0,0,0,0,0,0,0,0,6,6,0,25.89,488.5,-5.66,1.96,6125.47,0.06,22.76,0.07,2.07,0.53,43,3.24
1264,德麥,267,269.5,267.5,-3.5,-1.29,46,32.61,8,0,0,8,4,16,-12,-0.23,-16,0,0,0,16,0,0.3,13,18,-5,36,19,17,12.88,555.51,-11.87,2.72,6862.9,5.5,33.22,5.4,5.61,0.01,1,3.71
1268,漢來美食,167,167.5,167.5,-3,-1.76,25,56,3,0,0,3,0,0,0,0,0,0,0,0,0,0,0,0,3,-3,26,23,3,14.44,514.78,-11.85,25.42,6584.17,5.87,48.89,10.21,4.78,0.21,22,4.22
1294,漢田生技,77.5,77.9,77.5,-1.3,-1.65,41,35.9,0,0,0,0,0,0,0,0,0,0,0,0,0,0,0,0,7,-7,41,34,7,15.85,76.65,0.71,5.99,836.25,1.41,36.8,5.01,6.45,2.26,173,3.06
1295,生合,47.9,48,47.95,-2.05,-4.1,86,24.69,-26,0,0,-26,0,0,0,0,0,0,0,0,0,0,0,0,0,0,86,86,0,11.02,80.33,-23.05,-23.38,983.05,0.39,47.44,1.03,6.26,1.91,165,3.45
1301,台塑,45.8,45.85,45.85,-3.05,-6.24,32540,44.32,-13071,-2,-307,-13380,18028,27585,-9557,-0.29,-17314,0,10271,15058,12527,0.31,0.84,3856,1602,2254,10960,3659,7301,--,14951.42,-18.42,0.67,172447.04,0.51,3.7,0.87,1.09,1.05,16663,636.57
1303,南亞,97.4,97.5,97.5,-7,-6.7,55143,45.13,4638,1851,-1474,5015,39546,43168,-3622,-0.07,-11173,0,31995,34400,8768,0.58,0.78,4536,4136,400,11583,8362,3221,42.21,28830.98,4.15,31.35,274333.84,1.8,11.94,3.8,0.82,1.69,33491,793.08
1304,台聚,12.75,12.8,12.8,-0.6,-4.48,5338,46.8,95,0,-51,44,1467,1519,-52,-0.01,-681,0,838,523,996,0.16,0.28,1092,1486,-394,2797,2351,446,--,3720.86,-15.68,-1.43,43235.49,-0.41,2.86,-2.76,1.17,4.29,12740,118.88
1305,華夏,12.6,12.65,12.6,-0.6,-4.55,3185,47.44,28,0,0,28,600,340,260,0.08,46,0,386,340,0,0.12,0.11,830,903,-73,1817,2004,-187,--,973.04,-18.39,20.69,9959.75,-0.21,1.97,-1.65,0.79,4.9,7112,58.11
1307,三芳,34.5,34.55,34.55,0.25,0.73,2041,58.98,560,-15,110,655,357,170,187,0.09,187,76,281,170,0,0.17,0.08,352,462,-110,1341,1418,-77,12.61,876.39,-10.69,9.15,10987.41,0.97,32.59,3.89,6.37,1.52,1511,39.78
1308,亞聚,13.4,13.45,13.4,-0.45,-3.25,2211,46.89,544,0,16,560,351,84,267,0.12,267,0,351,84,0,0.16,0.04,425,471,-46,1448,1669,-221,--,521.63,1.87,10.42,5632.56,-0.2,5.66,-1.13,1.49,5.15,7640,59.37
1309,台達化,15.25,15.3,15.25,-1.1,-6.73,6157,43.92,261,0,-8,253,1582,1898,-316,-0.05,-444,0,1454,1898,0,0.24,0.31,925,1429,-504,3680,2860,820,--,974.08,-22.85,-20.62,13221.14,-0.53,-1.76,-3.69,0.98,8.44,8392,39.76
1310,台苯,8.73,8.74,8.74,-0.21,-2.35,3182,51.12,130,0,56,186,140,150,-10,0,-10,0,140,150,0,0.04,0.05,139,82,57,2919,2966,-47,--,891.39,4.31,5.29,8608.64,-0.94,8.94,-6.61,0,9.41,12417,52.79
1312,國喬,13.65,13.7,13.65,-0.75,-5.21,17819,40.25,-24,0,-74,-98,5977,8315,-2338,-0.13,-3506,0,4809,7519,796,0.27,0.47,3168,2654,514,8722,6897,1825,--,2489.49,-19.98,-5.46,24371.95,-1.17,-1.73,-4.14,0,5.52,15281,110.66
1313,聯成,10.9,10.95,10.9,-0.35,-3.11,5441,52.26,458,0,83,541,2212,2117,95,0.02,-5,0,2112,1994,123,0.39,0.39,1247,1183,64,1996,2154,-158,--,5371.03,-8.64,4.71,60660.52,0.08,6.21,0.35,0.92,3.49,11784,133.08
1314,中石化,7.94,7.95,7.94,-0.15,-1.85,36484,46.69,3764,0,99,3863,12129,10281,1848,0.05,1093,0,11374,9929,352,0.31,0.28,5723,6748,-1025,18695,19517,-822,--,1556.46,10.83,-10.37,16626.02,-0.07,-7.12,-0.34,0,4.89,46235,378.49
1315,達新,61.1,61.6,61.2,-0.3,-0.49,83,70.13,-15,0,-1,-16,32,30,2,0.02,32,32,0,0,0,0.38,0,14,0,14,38,54,-16,41.35,131.51,3.46,-14.17,2120.3,0.15,11,0.14,7.35,0.02,6,9.91
1316,上曜,10.4,10.45,10.45,-0.15,-1.42,2486,49.48,777,0,7,784,226,165,61,0.02,61,0,226,165,0,0.09,0.07,767,366,401,1500,1962,-462,--,683.94,4.3,115.49,5968.9,-0.19,32.15,0.3,0,11.51,10816,40.16
1319,東陽,97.2,97.8,97.8,-0.1,-0.1,8639,58.8,-996,3354,-57,2301,5897,5064,833,0.1,754,0,5818,5010,54,0.67,0.58,755,1052,-297,2052,2589,-537,17.56,1847.63,-8.03,2.54,23148.68,1.62,32.51,3.22,5.11,3.27,4838,59.15
1321,大洋,28.95,29,29,-0.7,-2.36,219,39.34,-75,0,-1,-76,0,0,0,0,0,0,0,0,0,0,0,26,0,26,193,219,-26,--,352.11,-5.51,10.96,3493.27,0.16,11.97,0.61,0,12.49,7094,22.72
1323,永裕,19.85,19.9,19.85,-0.3,-1.49,70,26.47,-15,0,3,-12,0,0,0,0,0,0,0,0,0,0,0,0,0,0,72,72,0,35.45,186.58,-8.1,5.09,2034.03,0.36,18.63,1.26,4.53,1.16,265,9.13
1324,地球,10.4,10.45,10.4,-0.3,-2.8,36,11.43,1,0,0,1,0,0,0,0,0,0,0,0,0,0,0,0,0,0,46,46,0,--,51.22,-29.76,-24.22,702.64,-0.06,16.15,-0.5,0,7.34,1379,7.51
1325,恆大,26.35,26.4,26.35,-0.3,-1.13,829,45.22,274,0,0,274,140,221,-81,-0.1,-131,0,90,154,67,0.11,0.27,66,73,-7,625,537,88,--,24.47,35.3,-13.39,262.13,-0.08,-20.01,-0.29,0,10.62,2264,8.53
1326,台化,48.7,48.75,48.75,-4.05,-7.67,29533,38.39,-11603,-1,-881,-12485,13032,21798,-8766,-0.29,-21375,0,423,230,21568,0.01,0.73,3743,2597,1146,12998,5378,7620,325,27386.9,-14.69,15.45,300607.44,1.07,7.74,1.65,1.23,0.87,12770,586.12
1336,台翰,13.65,13.75,13.7,-0.65,-4.53,132,46.83,16,0,0,16,0,0,0,0,0,0,0,0,0,0,0,0,0,0,133,133,0,37.03,203.81,-4.85,-8.9,2411.46,0.1,12.26,0.4,1.9,13.52,2623,7.76
1337,再生-KY,5.02,5.03,5.02,-0.04,-0.79,550,53.6,-2,0,0,-2,0,0,0,0,0,0,0,0,0,0,0,0,0,0,558,558,0,--,42.07,-32.04,-31.33,615.05,-0.43,-8.67,-3.14,0,31.58,21235,26.9
1338,廣華-KY,16.5,16.6,16.55,-0.9,-5.16,376,22.85,-6,0,-5,-11,128,138,-10,-0.03,-138,0,0,0,138,0,0.37,43,51,-8,207,189,18,--,458.16,0.86,12.11,5200.28,-1.15,25.08,-1.37,1.81,14.85,3113,8.38
1339,昭輝,42.65,42.7,42.7,-0.8,-1.84,209,50.75,47,0,-2,45,29,49,-20,-0.1,-20,0,29,49,0,0.14,0.23,12,0,12,169,161,8,10.09,141.13,0.81,-10.02,1543.54,2.78,24.62,5.41,5.85,3.34,619,7.41
1340,勝悅-KY,5.54,5.56,5.56,-0.39,-6.55,478,29.03,-32,0,0,-32,0,0,0,0,0,0,0,0,0,0,0,0,100,-100,495,395,100,--,5.28,53.49,-81.22,82.69,-0.3,-181.27,-1.74,0,2.74,1046,15.29
1341,富林-KY,61.6,62.8,62.7,-0.8,-1.26,6,50,-1,0,0,-1,0,0,0,0,0,0,0,0,0,0,0,0,0,0,6,6,0,15.37,265.86,-13.78,18.06,2598.18,1.62,25.06,6.92,6.38,--,0,5.29
1342,八貫,112,112.5,112,8,7.69,5779,54.42,-478,0,6,-472,2755,2809,-54,-0.01,2641,2623,94,40,36,0.46,0.01,966,967,-1,2148,2093,55,18.82,337.47,-3.38,37.2,3199.56,2.08,27.2,7.23,5.36,4.78,932,7.8
1402,遠東新,26.75,26.8,26.75,-0.8,-2.9,67852,47.37,-35828,25058,-778,-11548,59107,60445,-1338,-0.02,-8187,0,52258,51039,9406,0.77,0.89,2703,2900,-197,6112,4576,1536,16.61,22888.48,7.02,14.34,254108.68,0.61,21.9,1.74,4.67,0.86,11574,535.29
1409,新纖,24.8,24.85,24.8,-1.35,-5.16,25003,41.95,-163,-6,-29,-198,10041,12995,-2954,-0.12,-9137,0,3857,5028,7966,0.15,0.52,3228,3082,146,11888,9081,2807,18.65,4079.33,3.4,25.05,39654.34,0.39,24.36,1.68,3.63,5.52,22341,161.84
1410,南染,25.75,25.9,25.75,-0.1,-0.39,36,30.56,-14,0,0,-14,0,0,0,0,0,0,0,0,0,0,0,0,0,0,36,36,0,47.69,23.11,-0.38,12.78,191.66,0.03,31.62,0.04,0.78,2.04,316,6.2
1413,宏洲,9.39,9.56,9.39,-0.11,-1.16,21,15,-6,0,3,-3,0,0,0,0,0,0,0,0,0,0,0,0,0,0,21,21,0,17.07,224.01,19.53,-0.58,1955.63,-0.13,-0.87,-1.51,0,--,0,13.21
1414,東和,17.3,17.4,17.35,0.45,2.66,383,48.23,37,0,0,37,0,0,0,0,0,0,0,0,0,0,0,0,35,-35,387,352,35,59.83,45.98,-0.51,11.12,451.54,0.06,11.1,0.38,1.15,1.86,923,19.8
1416,廣豐,11.65,11.7,11.65,-0.05,-0.43,587,62.29,155,0,0,155,0,0,0,0,0,0,0,0,0,0,0,151,65,86,442,528,-86,13.55,33.56,-4.63,26.52,391.28,0.18,34.96,0.8,4.89,9.24,4282,18.53
1417,嘉裕,8.41,8.45,8.45,-0.09,-1.05,327,43.75,-117,0,0,-117,0,0,0,0,0,0,0,0,0,0,0,70,71,-1,262,261,1,18.78,21.31,-3.18,-10.25,420.53,-0.22,66.83,-1.81,2.96,3.48,1652,18.99
1418,東華,18.65,18.85,18.85,0.2,1.07,55,69.09,-13,0,0,-13,0,0,0,0,0,0,0,0,0,0,0,0,0,0,56,56,0,--,0.55,3158.82,59.2,3.34,-0.75,-8.18,-3.38,0,6.36,745,5.68
1419,新紡,65.1,65.4,65.1,-2,-2.98,118,39.29,-15,0,0,-15,26,22,4,0.03,-22,0,0,0,22,0,0.18,0,0,0,94,98,-4,4.96,402.04,-28.64,39.74,5236.81,9.37,25.86,14.78,2.76,1.68,1257,30
1423,利華,43.65,43.8,43.65,-0.1,-0.23,1405,47.9,6,0,0,6,737,778,-41,-0.03,25,112,625,712,0,0.52,0.51,207,264,-57,462,364,98,11.58,4.17,-47.9,-33.97,86.09,0.15,25.08,0.42,8.25,0.22,54,9.96
1432,大魯閣,17.1,17.15,17.15,-0.05,-0.29,564,55.24,-112,0,2,-110,73,0,73,0.13,0,0,0,0,0,0,0,96,0,96,407,576,-169,2.62,66.52,10.86,-39.79,1140.71,-0.54,16.5,-3.46,11.66,0.92,207,10.8
1434,福懋,16.15,16.2,16.15,-0.45,-2.71,3350,48.97,-232,-1,9,-224,1358,1409,-51,-0.02,-51,0,1358,1409,0,0.4,0.42,370,519,-149,1636,1436,200,26.92,2497.99,-3.35,5.63,26878.71,0.2,11.18,0.77,3.1,0.66,2775,168.47
1436,華友聯,45,45.1,45,-0.7,-1.53,276,50.76,66,0,5,71,0,32,-32,-0.11,-32,0,0,32,0,0,0.11,45,35,10,238,216,22,10.44,110.85,106.27,44.62,3668.32,-0.31,49.22,-0.95,11.22,1.85,898,19.42
1437,勤益控,28.5,28.55,28.55,-0.6,-2.06,102,45.36,-48,0,0,-48,0,0,0,0,0,0,0,0,0,0,0,23,0,23,81,104,-23,10.31,61.7,8.14,-0.61,898.13,0.68,61.41,1.67,3.36,3.89,1962,20.19
1438,三地開發,20,20.05,20.05,-0.55,-2.67,69,19.64,-13,0,0,-13,0,0,0,0,0,0,0,0,0,0,0,0,0,0,70,70,0,7.26,11.99,-93.93,--,1648.35,0.65,39.56,2.26,4.99,0.36,81,11.12
1439,雋揚,24.7,24.85,24.8,-0.7,-2.75,63,55.56,-12,0,-1,-13,0,0,0,0,0,0,0,0,0,0,0,27,27,0,36,36,0,8.05,5.53,-91.66,20.82,753.54,0.59,30.12,1.68,2.02,4.58,1053,9.2
1440,南紡,13.4,13.45,13.4,-0.85,-5.96,7344,47.21,1413,-1,62,1474,2849,3199,-350,-0.05,-546,0,2653,2749,450,0.36,0.43,1320,1623,-303,3199,2545,654,--,1117.88,8.88,-13.43,13227.71,-0.05,8.73,-0.26,2.24,1.26,5237,165.68
1441,大東,9.17,9.36,9.18,-0.32,-3.37,50,22.92,1,0,0,1,0,0,0,0,0,0,0,0,0,0,0,0,0,0,64,64,0,--,131.68,14.93,1.87,1404.49,-0.62,1.42,-10.07,0,--,0,7.17
1442,名軒,26.65,26.7,26.65,-0.65,-2.38,686,50.23,60,0,1,61,103,236,-133,-0.19,-133,0,103,236,0,0.15,0.34,78,78,0,510,377,133,13.6,74.34,-6.36,-76.32,2016.31,0.23,49.87,1.07,9.01,3.42,3128,36.62
1443,立益物流,26.35,26.55,26.45,-0.55,-2.04,36,79.41,-4,0,1,-3,0,0,0,0,0,0,0,0,0,0,0,0,0,0,36,36,0,24.05,79.13,-1.68,-2.27,949.33,0.52,47.69,3.95,0,0.09,31,13.53
1444,力麗,7.08,7.1,7.1,0.25,3.65,3382,45.48,-417,0,-17,-434,0,142,-142,-0.04,0,0,0,0,0,0,0,322,300,22,3088,2968,120,--,623.27,-34.41,9.21,7376.57,0.07,5.47,0.58,0,--,892,99.56
1445,大宇,11.3,11.35,11.35,-0.3,-2.58,62,63.93,-15,0,0,-15,0,0,0,0,0,0,0,0,0,0,0,0,0,0,62,62,0,--,56.55,132.01,-12.21,689.26,0.03,24.65,0.19,4.41,4.03,1315,13.07
1446,宏和,16.3,16.45,16.3,-0.3,-1.81,217,32.51,16,0,0,16,0,0,0,0,0,0,0,0,0,0,0,0,0,0,218,218,0,9.59,62.95,-35.66,-83.63,584.94,0.5,39.1,2.44,9.2,6.01,2070,13.77
1447,力鵬,6.75,6.76,6.75,0.34,5.3,4304,56.21,-5,0,-22,-27,0,0,0,0,0,0,0,0,0,0,0,89,273,-184,4235,4051,184,--,3258.89,-15.82,27.79,29701.74,0.1,2.66,1.09,0,--,1765,91.01
1449,佳和,14.9,--,14.9,1.35,9.96,6564,87.95,1195,0,39,1234,4191,2015,2176,0.33,4191,4191,0,0,0,0.64,0,412,868,-456,1995,3716,-1721,--,377.32,34.69,75.49,3008.72,-0.23,10.06,-0.95,0.67,11.66,3706,12.71
1451,年興,16.5,16.6,16.5,-0.3,-1.79,212,45.45,-69,0,1,-68,0,0,0,0,0,0,0,0,0,0,0,0,0,0,226,226,0,18.54,525.25,2.31,-18.98,6293.58,0.47,16.45,1.26,6.06,1.4,693,19.8
1452,宏益,10.8,11.05,11.05,0,0,76,27.4,-39,0,-2,-41,0,0,0,0,0,0,0,0,0,0,0,0,0,0,77,77,0,--,121.12,-17.9,14.96,1366.03,-0.09,3.3,-0.43,1.81,0.32,107,13.26
1453,大將,11.15,11.25,11.15,-0.25,-2.19,96,13.68,-33,0,1,-32,0,0,0,0,0,0,0,0,0,0,0,0,0,0,114,114,0,101.36,0.13,-0.79,0.81,1.48,-0.05,63.93,-0.36,2.69,4.4,1247,11.32
1454,台富,12.7,12.85,12.75,-0.3,-2.3,46,34.09,-17,0,-2,-19,0,0,0,0,0,0,0,0,0,0,0,0,0,0,62,62,0,--,126.2,1.55,7.83,1402.93,-0.2,3.8,-1.77,0.78,6.74,2187,12.98
1455,集盛,10,--,10,0.9,9.89,4882,80.48,542,0,307,849,1608,115,1493,0.3,1608,1608,0,0,0,0.33,0,308,437,-129,3001,4365,-1364,--,543.39,-8.72,-4.87,5561.64,-0.05,2.13,-0.46,1.6,2.38,3157,53.17
1456,怡華,13.95,14.05,14.05,-0.4,-2.77,85,69.88,-14,0,0,-14,0,0,0,0,0,0,0,0,0,0,0,0,0,0,86,86,0,4.07,64.1,14.38,23.71,896.39,-0.43,39.68,-2.12,0,2.19,514,9.37
1457,宜進,14.75,14.9,14.9,-0.6,-3.87,630,37.38,-58,0,2,-56,0,0,0,0,0,0,0,0,0,0,0,100,116,-16,532,516,16,22.24,249.33,-15.62,-8.69,2742.99,0.2,5.92,0.36,6.71,0.92,732,31.67
1459,聯發,11.6,11.65,11.6,-0.15,-1.28,180,23.43,-22,0,0,-22,115,0,115,0.63,115,0,115,0,0,0.63,0,0,0,0,67,182,-115,8.47,82.21,-12.87,-3.48,1056.17,0.03,18.88,0.27,1.72,0.42,373,35.86
1460,宏遠,7.04,7.1,7.04,-0.38,-5.12,773,33.33,-36,0,0,-36,0,0,0,0,0,0,0,0,0,0,0,0,0,0,776,776,0,--,426.2,-27.21,-27.61,6853.27,0.02,17.68,0.23,0,--,0,69.46
1463,強盛新,17.65,17.7,17.65,-0.05,-0.28,70,52.86,-9,0,-1,-10,0,0,0,0,0,0,0,0,0,0,0,0,0,0,72,72,0,--,20.9,-17.1,34.51,226.01,-0.01,17.06,-0.09,0.74,0.83,361,17.33
1464,得力,10.35,10.4,10.4,-0.2,-1.89,696,44.33,163,0,24,187,0,0,0,0,0,0,0,0,0,0,0,0,50,-50,704,654,50,65,990.95,-12.28,4.57,12144.19,0.3,20.88,2.07,2.4,2.07,2203,42.56
1465,偉全,12.35,12.4,12.4,-0.05,-0.4,100,85.42,-8,0,0,-8,0,0,0,0,0,0,0,0,0,0,0,0,0,0,105,105,0,--,36.32,5.25,-12.07,367.29,0.27,2.36,1.79,2.42,12.92,3346,10.36
1466,聚隆,14.4,14.45,14.4,-0.1,-0.69,226,32.59,-38,0,0,-38,0,0,0,0,0,0,0,0,0,0,0,0,0,0,227,227,0,--,187.41,-3.06,-17.51,2427.43,0.17,12.64,1.29,1.39,16.64,4625,11.12
1467,南緯,7.92,7.94,7.94,0.23,2.98,1000,44.58,-162,0,0,-162,0,0,0,0,0,0,0,0,0,0,0,85,0,85,921,1006,-85,--,413.81,-10.62,27.49,5178.56,0.11,19.76,0.93,0,12.57,5284,23.36
1468,昶和,11.65,11.75,11.85,-0.2,-1.66,46,65.22,-14,0,2,-12,0,0,0,0,0,0,0,0,0,0,0,0,0,0,46,46,0,98.75,44.43,4.71,-37.47,645.71,0.17,25.9,1.81,0,--,0,16.04
1470,大統新創,22.6,23,22.6,0.2,0.89,3,66.67,0,0,1,1,0,0,0,0,0,0,0,0,0,0,0,0,0,0,3,3,0,25.98,50.9,-26.3,-20.52,767.93,0.31,26.99,2.67,2.88,0.03,6,8.58
1471,首利,11.05,11.1,11.05,-0.4,-3.49,621,47.91,-6,0,4,-2,0,0,0,0,0,0,0,0,0,0,0,83,90,-7,540,533,7,--,8,4.94,-52.38,148.74,-0.03,-20.25,-0.25,0,--,0,15.04
1472,三洋實業,89,89.4,89.1,-1,-1.11,7,57.14,-4,0,0,-4,0,0,0,0,0,0,0,0,0,0,0,0,0,0,8,8,0,13.86,307.21,35.42,-8.15,3619.14,1.78,14.67,3.94,6.73,46.13,4035,5.25
1473,台南,20.8,21,21,-0.3,-1.41,81,36.25,-21,0,0,-21,0,0,0,0,0,0,0,0,0,0,0,0,0,0,85,85,0,--,378.67,-31.82,-13.6,6080.36,0.69,18.38,2.59,2.38,2.35,859,14.62
1474,弘裕,10.25,10.4,10.3,-0.25,-2.37,100,32.32,-2,0,3,1,0,0,0,0,0,0,0,0,0,0,0,0,0,0,106,106,0,42.92,252.11,-16.74,-6,2848.01,0.09,10.9,0.46,2.43,10.17,3303,12.99
1475,業旺,25.5,25.65,25.5,-0.45,-1.73,62,16.13,-16,0,0,-16,0,0,0,0,0,0,0,0,0,0,0,20,0,20,42,62,-20,10,125.36,0.3,5.82,1427.98,0.88,17.89,3.77,5.88,2.58,425,6.6
1476,儒鴻,337.5,338,337.5,-18,-5.06,1375,49.06,-495,-31,-27,-553,852,1145,-293,-0.2,-1096,0,49,30,1115,0.03,0.8,169,119,50,410,168,242,16.33,3059.19,-6.28,0.69,38130.19,6.69,32.17,6.42,4.44,1.18,812,27.44
1477,聚陽,224.5,225,225,-3,-1.32,3152,42.72,1118,-2,-115,1001,2516,2403,113,0.04,81,0,2484,2339,64,0.78,0.75,191,243,-52,491,551,-60,16.25,2708.74,3.94,8.84,33863.02,4.35,26.14,7.91,6.67,2.47,1521,24.67
1503,士電,229.5,230,230,-11.5,-4.76,10629,52.8,574,-4,-506,64,6922,7182,-260,-0.02,-858,0,6324,6513,669,0.58,0.66,973,1037,-64,3036,2710,326,34.23,3404.4,-19.52,32.53,39277.5,2.79,23.77,3.99,2.17,3.01,3926,52.1
1504,東元,71.6,71.7,71.6,-6.8,-8.67,35519,44.4,-10496,322,-1087,-11261,19020,26351,-7331,-0.2,-9366,0,16985,24376,1975,0.47,0.73,4770,3108,1662,12326,6656,5670,32.25,5685.65,1.05,10.55,60781.92,0.51,23.47,1.31,2.79,6.4,38018,237.64
1506,正道,10,10.05,10.05,-0.15,-1.47,555,32.52,12,0,0,12,0,0,0,0,0,0,0,0,0,0,0,0,76,-76,555,479,76,83.75,105.8,3.05,9.01,1121.24,0.02,17.44,0.18,0,--,0,30.04
1512,瑞利,6.81,6.99,6.81,-0.27,-3.81,99,23.47,-5,0,0,-5,0,0,0,0,0,0,0,0,0,0,0,0,0,0,102,102,0,24.32,76.63,5.19,-9.81,1169.36,0.09,31.8,1.28,0,--,0,9.82
1513,中興電,169,169.5,169.5,-1,-0.59,18131,54.14,1653,-13,-220,1420,12386,12697,-311,-0.02,-926,0,11771,12050,647,0.64,0.69,1715,1715,0,4389,4078,311,20.98,2307.7,-6.87,5.86,27617.58,1.94,25.98,4.49,3.54,9.21,11585,50.31
1514,亞力,124.5,125,125,-10,-7.41,7021,32.29,-351,0,-258,-609,4371,5320,-949,-0.13,-3529,0,1792,2161,3160,0.25,0.73,803,548,255,2114,1421,693,36.66,858.23,7.89,40.12,11319.11,0.73,17.54,3.08,1.76,8.71,5947,27.31
1515,力山,23.85,24,23.85,-2.45,-9.32,1949,38.04,-204,0,17,-187,156,128,28,0.01,28,0,156,128,0,0.08,0.07,171,461,-290,1637,1375,262,24.34,325.36,4.41,-19.27,5377.47,0.07,14.74,0.29,2.52,4.79,2174,18.15
1516,川飛,20.55,20.9,20.6,-0.4,-1.9,4,25,-1,0,0,-1,0,0,0,0,0,0,0,0,0,0,0,0,0,0,5,5,0,1030,7.47,-21.35,--,90.65,-0.05,6.11,-1.02,0,--,2,4
1517,利奇,10.15,10.25,10.25,-0.2,-1.91,246,35.62,-31,0,-1,-32,0,0,0,0,0,0,0,0,0,0,0,0,0,0,260,260,0,--,172.84,8.14,-15.62,1874.46,-0.19,1.13,-1.05,1.95,3.19,1757,22
1519,華城,815,816,815,-36,-4.23,4198,48.32,-426,21,-84,-489,2954,3322,-368,-0.08,-690,0,2632,2912,410,0.59,0.74,1303,1110,193,242,67,175,55.98,2248.96,10.43,6.38,24893.28,3.29,43.61,10.54,1.47,5.03,3975,31.59
1521,大億,26.45,26.6,26.45,-1.25,-4.51,41,38.46,-17,0,2,-15,0,0,0,0,0,0,0,0,0,0,0,0,0,0,42,42,0,37.25,350.41,0.37,18.3,3799.65,0.44,15.05,1.8,2.84,2.45,467,7.62
1522,堤維西,30.35,30.4,30.35,-1.75,-5.45,1344,47.98,211,0,12,223,36,129,-93,-0.07,-129,0,0,0,129,0,0.09,203,192,11,1121,1039,82,89.26,2205.38,-11.61,53.32,26984.65,-0.19,15.48,-0.23,3.95,5.74,4493,31.29
1524,耿鼎,30,30.05,30.05,-2.25,-6.97,1431,48.92,353,0,9,362,239,281,-42,-0.03,-42,0,239,281,0,0.17,0.19,198,232,-34,1011,935,76,20.03,188.07,-14.48,18.84,2473.59,0.53,30.28,2.95,4.66,11.42,4719,16.53
1525,江申,66.5,66.9,66.5,0,0,39,15.79,-7,0,-2,-9,0,0,0,0,0,0,0,0,0,0,0,0,0,0,39,39,0,41.56,107.2,1.34,4.35,1254.94,-0.82,14.43,-1.18,4.21,1.34,245,7.34
1526,日馳,14.55,14.6,14.55,-0.7,-4.59,177,32.72,-40,0,0,-40,0,0,0,0,0,0,0,0,0,0,0,0,0,0,178,178,0,--,52.12,-21.79,-22.19,717.56,-0.44,12.58,-1.96,0,4.11,616,6
1527,鑽全,33,33.1,33.05,-0.35,-1.05,288,47.25,129,0,0,129,70,31,39,0.13,39,0,70,31,0,0.24,0.11,0,0,0,221,260,-39,36.32,236.84,-2.84,-2.66,2703.38,0.32,18.41,0.92,4.54,1.83,633,13.86
1528,恩德,26,26.05,26,-1.8,-6.47,5078,47.24,242,0,5,247,691,747,-56,-0.01,-56,0,691,666,81,0.13,0.15,824,961,-137,3610,3418,192,--,241.07,-12.98,1.23,2946.99,-0.15,30.47,-1.33,0,15.74,7528,19.13
1529,樂事綠能,22.1,22.15,22.1,-0.95,-4.12,1123,43.96,345,0,-2,343,65,196,-131,-0.12,-131,0,65,196,0,0.06,0.17,107,131,-24,958,803,155,19.39,35.57,7.69,-71.99,816.05,0.16,16.08,1.5,4.52,8.42,3264,15.51
1530,亞崴,31.95,32.1,32,-0.05,-0.16,182,50,23,0,7,30,0,0,0,0,0,0,0,0,0,0,0,0,0,0,188,188,0,27.83,213.32,23.55,68.97,1906,0.18,12.79,0.43,3.13,1.08,256,9.46
1531,高林股,12.9,13,12.9,-0.25,-1.9,290,49.61,-34,0,-2,-36,0,0,0,0,0,0,0,0,0,0,0,45,0,45,250,295,-45,--,125.32,-1.78,-2.87,1424.6,0.03,14.69,0.15,7.75,3.94,1792,18.21
1532,勤美,21.95,22,22,-0.4,-1.79,1134,54.66,-236,0,57,-179,231,46,185,0.16,11,0,57,0,46,0.05,0.04,80,346,-266,826,745,81,19.13,1098.43,-11.22,5.47,15748.84,-0.09,21.6,-0.12,3.64,2.31,2442,42.26
1533,車王電,37.8,37.85,37.8,-2.1,-5.26,473,42.99,-29,0,-7,-36,0,30,-30,-0.06,-30,0,0,0,30,0,0.06,44,20,24,437,431,6,23.19,482.81,1.25,54.89,4872.12,0.84,27.81,4.77,0,3.14,774,9.85
1535,中宇,49.55,49.85,49.55,-1.55,-3.03,233,30.04,15,0,0,15,50,63,-13,-0.05,-13,0,50,63,0,0.21,0.26,23,14,9,165,161,4,12.74,581.51,-3.76,-45.64,10398.34,0.77,11.64,2.44,6.05,0.19,60,12.37
1536,和大,48.6,48.65,48.65,-1.85,-3.66,2596,49.35,-651,0,-29,-680,294,612,-318,-0.12,-368,0,244,534,78,0.09,0.23,516,421,95,1814,1591,223,--,405.21,-18.03,-4.8,4701.53,-0.52,6.52,-1.91,0,12.81,8931,27.9
1537,廣隆,125.5,126.5,126,-2.5,-1.95,171,57.62,15,0,0,15,58,33,25,0.14,25,0,58,33,0,0.33,0.19,33,63,-30,84,79,5,16.58,577.62,0.36,8.81,6586.33,2.11,20.29,3.84,5.71,0.23,47,8.21
1538,正峰,11.15,11.85,11.15,-0.85,-7.08,4,25,0,0,0,0,0,0,0,0,0,0,0,0,0,0,0,0,0,0,5,5,0,--,3.52,-61.78,-65.38,89.74,-1.11,15.69,-26.91,0,--,0,3.23
1539,巨庭,15.85,15.9,15.9,-0.45,-2.75,115,46.81,-14,0,-2,-16,0,0,0,0,0,0,0,0,0,0,0,0,0,0,116,116,0,397.5,105.86,0.84,-14.81,1147.89,0.08,8.51,0.33,0,8.06,1317,6.54
1540,喬福,21.95,22.15,21.95,-0.65,-2.88,404,47.77,74,0,0,74,0,0,0,0,0,0,0,0,0,0,0,0,0,0,406,406,0,23.6,35.52,25.24,-24.12,440.55,0.32,24.28,1.81,4.56,8.4,1794,8.55
1541,錩泰,21,21.25,21,-1.35,-6.04,84,48.19,-3,0,0,-3,0,0,0,0,0,0,0,0,0,0,0,0,0,0,84,84,0,9.25,200.94,25.95,-43.66,3224.75,0.48,18.74,1.77,0,0.59,117,7.88
1558,伸興,90,90.2,90,-1.8,-1.96,109,18.52,-25,0,0,-25,0,0,0,0,0,0,0,0,0,0,0,14,37,-23,99,76,23,16.01,701.46,0.3,11.2,8056.46,1.23,24.2,1.78,5.56,1.66,268,6.45
1560,中砂,648,649,649,-49,-7.02,1418,46.77,-42,4,-72,-110,1088,1216,-128,-0.08,-288,0,928,1015,201,0.61,0.8,346,271,75,92,38,54,63.26,829.27,-0.13,17.78,8927.84,2.94,35,5.18,0.77,4.21,1576,15.01
1563,巧新,60.4,60.5,60.5,-4.8,-7.35,1409,21.96,-175,0,53,-122,487,708,-221,-0.16,-494,0,214,227,481,0.15,0.51,303,209,94,633,505,128,144.05,635.26,6.7,18.74,7063.62,0.6,22.01,1.54,3.31,5.67,3196,22.56
1565,精華,94.7,95,95,-0.6,-0.63,227,51.81,70,0,-3,67,20,50,-30,-0.13,-30,0,20,37,13,0.09,0.21,26,6,20,187,177,10,13.59,303.81,-0.43,-16.62,3844.85,1.39,20.32,1.09,6.11,8.7,1096,5.04
1568,倉佑,--,39.45,39.45,-4.35,-9.93,330,0,1,0,0,1,99,300,-201,-0.67,-300,0,0,0,300,0,1,56,0,56,181,36,145,29.44,109.32,-0.6,32.75,1045.45,0.51,37,2.6,2.53,24.33,6269,10.31
1569,濱川,49.45,49.6,49.45,-1.65,-3.23,1160,44.11,42,0,-25,17,82,132,-50,-0.04,-132,0,0,110,22,0,0.11,102,138,-36,984,898,86,--,266.77,-28.54,-10.79,3214.15,-0.73,7.14,-3.1,0,45.22,13729,14.42
1570,力肯,--,43.8,43.8,-4.85,-9.97,716,16.69,-202,0,-4,-206,139,382,-243,-0.34,-382,0,0,30,352,0,0.53,78,136,-58,502,201,301,112.31,55.52,6.43,17.38,500.17,0.23,22.61,1.18,2.28,18.24,2348,5.15
1580,新麥,126,126.5,126.5,-0.5,-0.39,168,38.06,-9,0,0,-9,116,57,59,0.34,-27,9,21,10,47,0.17,0.33,18,25,-7,40,91,-51,10.04,359.01,-14,-10.99,4797.64,2.73,43.36,4.36,6.72,0.31,38,4.93
1582,信錦,98.7,98.9,98.7,-4.8,-4.64,3915,38.54,125,0,-107,18,1250,1589,-339,-0.09,-846,0,743,560,1029,0.19,0.4,742,580,162,1986,1808,178,35.89,610.79,-20.77,-10.76,8469.09,0.35,19.97,0.71,3.04,18.4,6635,14.43
1583,程泰,52,52.2,52,-3.2,-5.8,73,26.39,-18,0,1,-17,0,0,0,0,0,0,0,0,0,0,0,0,0,0,74,74,0,18.64,440.43,6.28,40.74,4083.25,0.18,18.03,0.39,1.92,0.24,66,10.94
1584,精剛,19.65,19.7,19.7,-0.3,-1.5,1222,52.28,-67,0,-110,-177,135,140,-5,0,-65,0,75,140,0,0.06,0.11,232,260,-28,861,828,33,75.77,182.56,-5.98,-20.94,2344.75,0.09,10.8,0.41,1.32,11.88,6903,23.25
1586,和勤,21.4,21.45,21.45,0,0,226,71.66,12,0,0,12,0,0,0,0,0,0,0,0,0,0,0,26,0,26,200,226,-26,178.75,206.36,12.02,-4.54,2293.11,0.17,17.74,0.9,0,69.15,15013,10.68
1587,吉茂,28.45,28.5,28.5,-1.8,-5.94,1369,45.5,499,0,-7,492,324,769,-445,-0.32,-769,0,0,86,683,0,0.56,161,85,76,892,523,369,69.51,214.38,8.29,4.43,2829.93,0.04,16.81,0.2,0,11.11,2223,8.01
1590,亞德客-KY,1280,1285,1280,-40,-3.03,458,40.95,30,0,-10,20,459,466,-7,-0.01,-119,0,347,352,114,0.74,0.99,2,1,1,11,5,6,28.02,3909.47,-9.97,40.39,38246.79,13.35,47.97,5.16,2.27,0.36,181,20
1591,駿吉-KY,--,36.9,36.9,-4.1,-10,134,0,3,0,0,3,0,47,-47,-0.34,-47,0,0,0,47,0,0.34,39,36,3,98,54,44,--,47.51,-5.03,510.67,283.85,-0.08,31.69,-0.66,0,--,1320,3.8
1593,祺驊,31.4,31.75,31.7,-0.35,-1.09,28,60,1,0,0,1,0,0,0,0,0,0,0,0,0,0,0,0,0,0,29,29,0,13.55,122.18,19.06,18.49,1303.22,0.58,30.71,2.18,6.31,1.48,147,3.98
1595,川寶,75,75.2,75.2,-0.8,-1.05,1515,50.83,172,0,-13,159,387,318,69,0.05,-59,33,212,145,159,0.16,0.2,240,271,-31,906,943,-37,--,90,56.15,173.85,712.76,-0.74,14.17,-1.49,0.66,45.25,6157,5.5
1597,直得,155.5,156,155.5,-12,-7.16,2122,53.91,590,0,-43,547,1479,1364,115,0.05,-318,0,1046,848,516,0.47,0.62,145,292,-147,586,556,30,134.05,153.9,27.72,70.97,1283.24,0.43,41.76,1.58,0.45,22.75,5076,8.93
1598,岱宇,20.95,21,21,-0.3,-1.41,462,44.52,131,0,1,132,0,0,0,0,0,0,0,0,0,0,0,67,46,21,400,421,-21,--,452.73,-32.76,-16.34,5799.07,0.25,42.12,0.77,2.38,4.75,2127,17.91
1599,宏佳騰,23.65,23.7,23.7,-0.45,-1.86,48,31.11,2,0,0,2,0,0,0,0,0,0,0,0,0,0,0,0,0,0,53,53,0,--,158.21,-35.72,8,2017.6,0.28,22.02,0.62,2.11,1.98,362,7.3
1603,華電,31.45,31.5,31.45,-1.45,-4.41,386,40.67,-25,0,4,-21,0,0,0,0,0,0,0,0,0,0,0,64,67,-3,325,322,3,14.1,575.32,7.1,17.88,5488.31,0.29,8.83,0.6,6.36,4.55,2180,19.17
1604,聲寶,23.4,23.45,23.45,-0.05,-0.21,504,50.94,-53,0,-19,-72,67,0,67,0.13,67,0,67,0,0,0.13,0,108,45,63,332,462,-130,15.03,815.21,4.35,2.93,8984.92,0.51,20.15,2.13,6.4,0.24,227,38.42
1605,華新,35.75,35.8,35.8,-3.75,-9.48,93136,22.74,4036,148,-2008,2176,69708,80247,-10539,-0.11,-58516,0,21732,26313,53935,0.23,0.86,8468,3948,4520,15387,9368,6019,26.13,17459.11,12.42,11.13,170075.87,0.81,7.77,2,1.4,6.79,75218,443.13
1608,華榮,33.65,33.7,33.7,-2.4,-6.65,5306,34.76,-1192,-14,-137,-1343,1409,2768,-1359,-0.25,-1449,0,1319,2606,162,0.25,0.52,648,702,-54,3293,1879,1414,9.13,1041.76,-19.13,8.04,12037.16,0.37,14.01,1.88,5.93,5.22,8253,63.28
1609,大亞,36.9,36.95,36.95,-2.15,-5.5,12282,47.23,1190,0,-136,1054,4820,5716,-896,-0.07,-1137,0,4579,5517,199,0.37,0.46,1677,1814,-137,5905,4872,1033,15.46,3124.83,1.17,16.23,32938.44,0.66,18.85,3.02,1.89,6.88,13510,78.53
1611,中電,13.5,13.6,13.5,-0.6,-4.26,2748,46.39,133,0,62,195,230,332,-102,-0.04,-102,0,230,332,0,0.08,0.12,176,246,-70,2359,2187,172,337.5,86.95,1.36,-4.36,1021.33,0.13,38.27,1.04,5.93,4.24,3423,32.27
1612,宏泰,37.75,37.8,37.75,-1.75,-4.43,2565,45.56,-284,-13,-38,-335,197,516,-319,-0.12,-319,0,197,516,0,0.08,0.2,449,511,-62,1942,1561,381,12.58,661.95,-1.69,-13.63,7586.64,0.82,17.4,3.14,6.62,2.36,1867,31.61
1614,三洋電,31.75,31.85,31.75,-1.2,-3.64,67,30.51,-36,0,0,-36,0,0,0,0,0,0,0,0,0,0,0,0,0,0,70,70,0,25,439.23,-9.97,-19.34,5129.26,0.47,18.47,2.16,3.06,0.5,339,26.91
1615,大山,44.7,45,44.7,-0.95,-2.08,191,40.43,13,0,2,15,0,0,0,0,0,0,0,0,0,0,0,0,0,0,193,193,0,9.43,479.6,-3.67,14.85,5643.13,0.94,23.41,3.98,5.82,0.46,225,19.67
1616,億泰,22.4,22.45,22.4,-0.85,-3.66,1157,46.27,-59,0,3,-56,50,0,50,0.04,0,0,0,0,0,0,0,66,171,-105,1053,998,55,18.67,475.29,8.23,-5.28,5318.86,0.28,9.86,2.38,6.07,7.31,3550,19.41
1617,榮星,16.05,16.1,16.1,-0.6,-3.59,189,34.15,-8,0,-12,-20,0,0,0,0,0,0,0,0,0,0,0,0,0,0,196,196,0,18.3,389.13,-3.39,23.66,3579.22,0.08,8.27,0.55,3.73,2.89,1225,16.95
1618,合機,40.85,40.95,40.85,-1.15,-2.74,1502,46.93,351,0,-37,314,64,98,-34,-0.02,-34,0,64,30,68,0.04,0.06,326,241,85,1128,1178,-50,8.98,615.76,233.39,153.16,4649.66,1.57,33.74,4.64,4.16,8.31,4001,19.27
1623,大東電,220,221,220.5,-8.5,-3.71,253,38.26,2,0,0,2,88,110,-22,-0.08,-43,0,67,92,18,0.25,0.42,29,37,-8,148,118,30,15.94,477.37,-26.15,-8.68,--,4.33,21.93,8.07,3.63,--,0,6.6
1626,艾美特-KY,10.05,10.1,10.05,0,0,180,30.36,4,0,1,5,0,0,0,0,0,0,0,0,0,0,0,65,0,65,122,187,-65,--,960.28,8.03,-10.14,7512.41,-1.11,13.37,-6.08,0,6.88,2577,14.98
1702,南僑,30.8,31,30.85,-0.55,-1.75,427,44.44,1,0,0,1,0,0,0,0,0,0,0,0,0,0,0,17,26,-9,417,408,9,50.57,1966.99,-4.78,-3.17,23058.81,0.12,24.11,0.59,5.19,0.52,384,29.41
1707,葡萄王,100,100.5,100.5,-1,-0.99,457,46.35,-28,0,17,-11,156,264,-108,-0.23,-199,0,65,48,216,0.14,0.56,66,40,26,246,164,82,12.56,806.39,-5.98,-6.01,10225.67,1.18,69.67,2.4,5.97,0.67,247,14.81
1708,東鹼,--,44.2,44.2,-4.9,-9.98,14127,26.44,-4646,0,-243,-4889,3642,9096,-5454,-0.38,-8167,0,929,1560,7536,0.07,0.64,2046,1561,485,8621,3651,4970,13.12,538.7,-22.68,18.38,6481.36,1.11,30.57,3.75,3.62,13.15,8187,24.9
1709,和益,19.95,20,20,-0.2,-0.99,1402,51.72,667,0,42,709,52,0,52,0.04,52,0,52,0,0,0.04,0,265,269,-4,1092,1140,-48,14.39,756.07,-17.44,3.29,8836.78,0.55,20.33,2.91,5,1.51,1805,47.7
1710,東聯,14.7,14.75,14.7,-1,-6.37,9003,45.33,666,0,-806,-140,3337,3370,-33,0,-3370,0,0,0,3370,0,0.37,1309,1738,-429,4381,3919,462,--,2424.13,8.71,12.9,21743.21,-0.15,1.66,-1.71,0,2.85,6308,88.57
1711,永光,44.45,44.5,44.45,-3,-6.32,15260,42.52,-216,0,7,-209,8176,8791,-615,-0.04,-3523,0,5268,4845,3946,0.34,0.57,1801,1642,159,5404,4947,457,--,719.16,-0.35,9.42,7724.95,0.09,21.52,0.59,0,15.6,21357,54.78
1712,興農,39.3,39.35,39.3,0,0,993,37.41,-124,0,51,-73,98,169,-71,-0.07,98,44,54,0,0,0.1,0,238,246,-8,665,586,79,15.85,1913.83,2.07,9.4,18671.7,0.67,30.67,3.46,6.36,0.43,454,42.05
1713,國化,48.6,48.65,48.65,-0.9,-1.82,173,38.46,-22,0,-6,-28,42,36,6,0.03,-36,0,0,0,36,0,0.21,0,0,0,132,138,-6,10.86,46.49,14.41,12.17,477.93,1.36,10.27,5.24,6.37,7.49,2825,15.1
1714,和桐,12.65,--,12.65,1.15,10,19028,100,-719,0,2034,1315,18334,7581,10753,0.57,18334,18334,0,0,0,0.97,0,340,5061,-4721,461,6492,-6031,19.77,3477.94,9.24,84.85,28917.1,0.23,11.24,2.29,1.42,5.5,13633,99.18
1717,長興,71.2,71.3,71.3,-6.1,-7.88,24154,30.59,-7879,-1,-870,-8750,12131,17754,-5623,-0.23,-10557,0,7197,9783,7971,0.29,0.73,3787,1825,1962,8551,4874,3677,48.18,4233.39,8.08,12.99,41353.84,0.37,22.16,1.48,1.4,9.53,27926,117.22
1718,中纖,9.99,10,10,0.15,1.52,31840,48.39,-751,0,-149,-900,7021,10263,-3242,-0.1,3510,5248,0,118,1620,0.16,0.05,1955,4575,-2620,23144,17283,5861,52.63,4445.46,40.6,4.23,45780.37,0.17,46.05,2.21,0,3.24,13636,168.59
1720,生達,62.9,63,62.9,-0.2,-0.32,551,50.67,294,0,-9,285,65,0,65,0.12,65,0,65,0,0,0.12,0,203,161,42,288,395,-107,11.65,677.31,18.78,3.8,7058.44,1.3,43.62,3.25,4.77,0.82,367,17.87
1721,三晃,25.15,25.2,25.15,-1.65,-6.16,2102,45.99,375,0,4,379,197,105,92,0.04,-8,0,97,53,52,0.05,0.05,246,374,-128,1683,1647,36,--,118.88,-22.43,5.22,1679.85,-0.36,-5.63,-4.05,0,--,127,18.49
1722,台肥,47.65,47.7,47.7,-0.55,-1.14,4734,44.08,755,-4,3,754,2500,2065,435,0.09,174,0,2239,1729,336,0.47,0.43,666,813,-147,1591,1879,-288,45.87,962.35,-21.28,-1.02,12589.89,0.19,6.99,0.34,4.19,1.48,3622,98
1723,中碳,84.2,84.4,84.3,-1,-1.17,1058,49.8,421,18,-82,357,153,126,27,0.03,27,0,153,113,13,0.14,0.12,243,201,42,678,747,-69,34.69,636.66,-12.94,58.44,5891.22,0.77,24.93,2.25,2.19,1.38,816,23.69
1725,元禎,31.75,32.05,31.75,-1.8,-5.37,90,36.78,-9,0,4,-5,0,0,0,0,0,0,0,0,0,0,0,0,0,0,91,91,0,19.6,773.48,-26.41,18.1,8509.28,0.23,4.81,0.62,3.37,0.44,201,18.18
1726,永記,77.9,78.4,78,-1.1,-1.39,47,23.81,-15,0,-2,-17,0,0,0,0,0,0,0,0,0,0,0,0,0,0,48,48,0,13.15,950.56,-8.37,16.23,10025.09,2.03,29.03,3.08,4.74,0.06,26,16.2
1727,中華化,92.8,92.9,92.8,-0.2,-0.22,8727,51.35,270,0,-3,267,2210,2475,-265,-0.03,953,1294,674,731,284,0.22,0.12,1557,1651,-94,5060,4702,358,250.81,186.54,-19.36,12.07,2056.88,0.28,17.95,1.71,0.16,30.49,9758,12.8
1730,花仙子,52.5,52.8,52.5,-0.3,-0.57,66,30.36,-15,0,0,-15,0,0,0,0,0,0,0,0,0,0,0,18,20,-2,50,48,2,11.34,194.23,9.59,8.67,2411.99,1.48,50.64,4.58,5.71,0.08,13,6.32
1731,美吾華,21.45,21.5,21.45,-0.25,-1.15,107,41.41,-31,0,0,-31,0,0,0,0,0,0,0,0,0,0,0,0,0,0,109,109,0,15.32,137.15,3.01,13.15,1638.38,0.43,62.29,2.63,5.69,1,332,13.29
1732,毛寶,26.2,26.25,26.2,-0.3,-1.13,195,48.82,35,0,0,35,0,0,0,0,0,0,0,0,0,0,0,0,0,0,195,195,0,29.11,63.84,6.97,9.62,693.49,0.35,41.83,3.02,2.29,4.98,528,4.24
1733,五鼎,29.85,29.9,29.9,-0.9,-2.92,462,62.34,-94,0,0,-94,46,80,-34,-0.07,-34,0,46,80,0,0.1,0.17,69,88,-19,350,297,53,16.43,145.66,-3.56,-18.09,1837.49,0.81,33.8,4.41,4.35,10.67,2665,10
1734,杏輝,31.3,31.35,31.35,-0.1,-0.32,381,46.3,83,0,0,83,0,0,0,0,0,0,0,0,0,0,0,87,68,19,301,320,-19,18.23,291.46,-8.11,7.56,3412.14,0.39,43.85,1.81,5.1,1.03,488,19.02
1735,日勝化,23.85,24,23.9,-1.35,-5.35,591,55.36,182,0,10,192,0,62,-62,-0.1,-62,0,0,62,0,0,0.1,39,70,-31,555,462,93,29.51,266.01,1.29,29.22,2337.09,0.2,19.26,1.25,2.72,3.63,902,9.94
1736,喬山,108,108.5,108.5,-2,-1.81,1143,48.93,276,76,-1,351,546,628,-82,-0.07,-92,0,536,554,74,0.46,0.54,241,227,14,368,299,69,13.18,4061.05,1.57,1.64,55804.58,0.08,51.33,0.17,4.15,2.42,1838,30.34
1737,臺鹽,31.6,31.65,31.6,-0.15,-0.47,167,43.12,31,0,0,31,39,0,39,0.23,39,0,39,0,0,0.23,0,18,37,-19,114,134,-20,15.88,249.35,-5.29,-21.14,3216.84,0.47,40.4,1.38,4.43,0.07,34,20
1742,台蠟,15.35,15.5,15.5,-0.6,-3.73,32,58.62,0,0,0,0,0,0,0,0,0,0,0,0,0,0,0,0,0,0,32,32,0,--,8.62,18.48,-29.31,84.91,-0.13,6.78,-0.97,0,29.93,3488,9.27
1752,南光,32.7,32.75,32.7,-1,-2.97,103,28,-74,0,0,-74,0,0,0,0,0,0,0,0,0,0,0,20,18,2,84,86,-2,16.11,196.74,21.61,10.15,2130.5,0.32,35.4,1.32,4.89,1.39,351,10.1
1760,寶齡富錦,60.8,61,60.8,-0.5,-0.82,263,34.88,1,0,0,1,83,45,38,0.14,38,0,83,45,0,0.31,0.17,0,23,-23,184,199,-15,24.42,144.63,-3.47,6.98,2110.59,0.6,51.87,2.73,3.29,4.91,1053,8.57
1762,中化生,40.3,40.4,40.3,-2,-4.73,849,34.17,-30,0,-24,-54,0,0,0,0,0,0,0,0,0,0,0,37,61,-24,821,797,24,--,130.98,-0.35,75.98,1029.7,1.64,41.69,2.89,0,4.62,889,7.69
1773,勝一,171.5,172,172,-3,-1.71,850,45.27,-49,0,-17,-66,321,324,-3,0,-35,0,289,316,8,0.33,0.37,173,163,10,393,400,-7,23.72,1171.78,-1.17,28.39,12337.84,2.02,37.55,5.18,2.33,1.67,1252,30
1776,展宇,18.15,18.2,18.15,-0.35,-1.89,260,32.64,-44,0,2,-42,0,0,0,0,0,0,0,0,0,0,0,0,0,0,260,260,0,37.04,98.79,-23.11,9,1038.8,0.35,23.08,2.48,3.31,7.77,1167,6.01
1777,生泰,71.1,71.3,71.2,-0.7,-0.97,39,23.08,4,0,0,4,0,0,0,0,0,0,0,0,0,0,0,10,10,0,30,30,0,12.32,109.25,7.86,-6.73,1243.94,1.61,40.35,2.82,5.62,0.41,46,4.46
1781,合世,11.9,11.95,12,0.05,0.42,57,42.86,-8,0,0,-8,0,0,0,0,0,0,0,0,0,0,0,0,0,0,57,57,0,--,22.16,-19.34,-3.23,372.19,-0.19,12.52,-2.81,0,--,0,4.74
1783,和康生,39,39.2,39,-1,-2.5,77,25.33,-19,0,-5,-24,0,0,0,0,0,0,0,0,0,0,0,0,13,-13,78,65,13,12.91,73.6,20.13,-4.44,830.21,0.59,70.5,3.34,5.13,3.3,668,8.97
1784,訊聯,67.5,67.9,67.8,0.6,0.89,213,50.94,65,0,0,65,0,0,0,0,0,0,0,0,0,0,0,10,0,10,206,216,-10,73.7,116.5,-8.39,13.51,1274.36,0.25,53.81,-0.05,1.28,12.53,1664,5.31
1785,光洋科,130.5,131,130.5,-6,-4.4,12330,44.72,1807,0,-123,1684,7771,7748,23,0,-1623,0,6125,5524,2224,0.49,0.62,1531,1575,-44,3273,3253,20,25.74,5595.66,-6.05,49.08,47715.89,2.54,18.23,9.87,1.53,26.96,40174,59.6
1786,科妍,60.6,--,60.6,5.5,9.98,1613,66.58,85,0,32,117,484,62,422,0.26,464,464,0,0,0,0.28,0,321,194,127,831,1380,-549,35.65,63.23,-15.5,0.12,887.69,0.29,70.72,1.14,3.15,30.05,5621,7.48
1788,杏昌,134,135,134,-1,-0.74,36,35.29,0,0,0,0,0,0,0,0,0,0,0,0,0,0,0,5,14,-9,32,23,9,15.37,369.64,-5.7,2.56,4382.15,2.34,28.53,3.36,5.22,0,0,4.45
1789,神隆,20.25,20.3,20.25,0.15,0.75,734,50.42,107,0,-4,103,56,105,-49,-0.07,4,56,0,52,0,0.08,0.07,53,30,23,630,604,26,144.64,255,-21.6,12.51,3165.13,0.02,33.58,0.16,1.43,1.5,2959,79.07
1795,美時,195.5,196,195.5,-3,-1.51,2093,49.46,429,1,-41,389,1039,997,42,0.02,-18,0,979,871,126,0.46,0.47,361,462,-101,747,688,59,13.55,3085.76,-29.13,19.91,24928.34,2.18,50.73,2.37,1.38,13.58,9057,26.69
1796,金穎生技,35.2,35.55,35.2,-1.2,-3.3,10,40,-2,0,0,-2,0,0,0,0,0,0,0,0,0,0,0,0,0,0,10,10,0,92.63,46.91,-8.76,-8.89,651.85,-0.16,18.32,-0.84,1.99,3.2,332,4.15
1799,易威,32.4,32.45,32.4,-1.6,-4.71,91,33.33,3,0,0,3,0,0,0,0,0,0,0,0,0,0,0,0,0,0,92,92,0,--,88.54,-11.57,240.44,745.09,0.16,52.16,3.06,0,--,0,12.47
1802,台玻,62,62.1,62,-5.6,-8.28,47161,41.32,-10986,-1,-1145,-12132,23658,33485,-9827,-0.2,-13292,0,20193,29216,4269,0.42,0.7,8131,4864,3267,16268,9707,6561,476.92,3930.04,-5.03,6.46,42455.07,0.2,19.23,1.14,0,8.6,62547,290.81
1805,寶徠,10.2,10.25,10.2,-0.85,-7.69,334,38.1,-12,0,6,-6,0,0,0,0,0,0,0,0,0,0,0,50,52,-2,289,287,2,78.46,0.12,0.88,0.88,292.04,0.14,35.31,1.12,0,4.04,1364,13.5
1806,冠軍,8.07,8.13,8.07,-0.13,-1.59,357,24.78,-73,0,0,-73,0,0,0,0,0,0,0,0,0,0,0,0,0,0,365,365,0,57.64,280.41,10.16,-10.18,3031.51,-0.1,16.13,-0.75,1.86,3.06,2982,39.04
1808,潤隆,30.65,30.7,30.65,-0.95,-3.01,1445,45.88,4,0,0,4,213,166,47,0.03,47,0,213,166,0,0.15,0.11,269,273,-4,980,1023,-43,11.44,2246.36,2.02,6493.74,14069.45,1.06,27.35,7.1,4.89,2.67,5961,89.3
1809,中釉,--,53.7,53.7,-5.9,-9.9,8571,20.03,-1429,0,0,-1429,2673,4727,-2054,-0.24,-3467,0,1260,2340,2387,0.15,0.55,1716,1242,474,4275,2696,1579,282.63,215.79,13.66,-10.68,2488.36,0.05,19.37,-0.01,0.47,21.88,9139,16.7
1810,和成,22,22.05,22,-0.6,-2.65,15962,40.62,367,0,-93,274,4294,6593,-2299,-0.14,-3940,0,2653,2950,3643,0.17,0.41,2704,2098,606,8997,7305,1692,5.82,370.5,1.38,-6.22,4458.49,3.64,17.36,14.54,0.91,27.19,20550,30.23
1813,寶利徠,11.7,11.75,11.75,-0.4,-3.29,24,16.67,-2,0,0,-2,0,0,0,0,0,0,0,0,0,0,0,0,0,0,36,36,0,--,26.64,-0.39,-0.29,294.32,0.11,-10.09,0.32,0,0.42,49,4.66
1815,富喬,96.9,97,96.9,-5.1,-5,19405,40.9,918,0,-589,329,9316,10761,-1445,-0.07,-4703,0,6058,6629,4132,0.31,0.54,2741,2679,62,7828,6445,1383,49.69,733.78,7.72,53.16,6728.3,0.79,35.97,3.55,1.03,41.85,61265,58.55
1817,凱撒衛,39.1,39.35,39.15,-0.45,-1.14,51,35.42,-19,0,0,-19,0,0,0,0,0,0,0,0,0,0,0,0,0,0,53,53,0,9.34,223.25,-1.98,-2.21,2607.96,1.21,38.82,3.77,5.62,0.09,17,7.26
1903,士紙,47.8,47.85,47.8,-1.1,-2.25,287,31.6,4,0,-10,-6,0,22,-22,-0.07,-22,0,0,0,22,0,0.07,20,24,-4,275,249,26,37.05,12.33,-8.56,-7.38,152.73,-0.07,65.99,-0.35,0,4.51,2935,26
1904,正隆,21.7,21.75,21.7,-0.2,-0.91,5942,44.47,420,-1,285,704,1364,1295,69,0.01,-126,0,1169,895,400,0.2,0.22,1407,1111,296,3214,3579,-365,17.79,3958.96,-4.57,16.52,43679.67,0.56,20.63,2.06,2.07,1.43,3955,110.83
1905,華紙,12.7,12.75,12.7,-0.35,-2.68,6489,47.38,638,0,33,671,1076,1021,55,0.01,55,0,1076,1021,0,0.17,0.16,1454,1310,144,3984,4181,-197,--,1584.51,-13.76,-5.45,18240.22,-0.16,5.24,-0.95,0,4.28,11801,110.28
1906,寶隆,11.55,11.6,11.55,-1,-7.97,918,28.35,24,0,-15,9,120,173,-53,-0.06,-173,0,0,0,173,0,0.18,97,65,32,731,710,21,--,224.8,-8.48,3.25,3069.52,-0.03,8.01,-0.14,0,20.54,7754,15.1
1907,永豐餘,25.3,25.35,25.35,-0.7,-2.69,1705,42.49,98,-1,-46,51,328,437,-109,-0.06,-109,0,328,437,0,0.19,0.25,367,370,-3,1029,917,112,18.11,6791.2,-3.42,8.24,74050.87,0.13,13.5,0.27,3.94,5.98,24835,166.04
1909,榮成,9.56,9.57,9.56,-0.18,-1.85,3561,46.18,751,0,16,767,225,110,115,0.03,1,0,111,110,0,0.03,0.03,430,390,40,2916,3071,-155,--,4390.75,0.91,12.68,46025.43,-0.02,10.31,-0.14,0,2.92,9684,132.77
2002,中鋼,18.65,18.7,18.65,-0.65,-3.37,112672,47.2,-32274,311,-581,-32544,80048,97488,-17440,-0.15,-32538,0,64950,77094,20394,0.57,0.86,12076,5302,6774,21061,10394,10667,--,30891.43,7.93,2.15,313796.66,-0.16,3.33,-0.56,0.8,1.24,48623,1573.49
2006,東和鋼鐵,65.4,65.5,65.4,-1.6,-2.39,2926,53.65,438,-33,58,463,1705,1836,-131,-0.04,-177,0,1659,1671,165,0.56,0.62,465,484,-19,792,643,149,9.86,5419.14,0.53,4.57,57148.28,1.66,14.74,3.64,6.57,0.66,1209,73.02
2007,燁興,7.42,7.5,7.42,-0.33,-4.26,408,48.75,-14,0,5,-9,0,0,0,0,0,0,0,0,0,0,0,0,0,0,409,409,0,--,397.41,7.56,-21.69,4621.87,-0.45,-8.42,-5.87,0,--,5,53.07
2008,高興昌,29.05,29.15,29.05,-1.25,-4.13,86,25.88,7,0,0,7,0,38,-38,-0.44,-38,0,0,0,38,0,0.44,30,20,10,56,28,28,38.73,150.29,16.2,-21.9,1668.42,0.13,17.22,0.64,3.44,0.31,150,19.09
2009,第一銅,39.6,39.65,39.6,-2.4,-5.71,3581,37.66,-827,0,-38,-865,765,1031,-266,-0.07,-266,0,765,1002,29,0.21,0.28,470,617,-147,2405,1992,413,69.47,292.48,7.82,12.72,3120.64,0.21,11.23,0.85,1.01,7.82,7032,35.96
2010,春源,23.7,23.75,23.7,-0.55,-2.27,1511,45.74,-57,0,0,-57,77,382,-305,-0.2,-305,0,77,382,0,0.05,0.25,264,319,-55,1176,816,360,10.17,2142.7,-9.86,0.5,25090.17,0.57,10.61,2.9,8.44,1.07,1727,64.77
2012,春雨,14.15,14.3,14.2,-0.4,-2.74,70,24.29,-27,0,0,-27,0,0,0,0,0,0,0,0,0,0,0,0,0,0,76,76,0,--,700.36,18.21,-0.28,8005.85,-0.12,11.33,-0.61,2.11,0.11,84,30.22
2013,中鋼構,42.3,42.35,42.35,-1,-2.31,152,25.9,-67,0,-5,-72,50,41,9,0.06,9,0,50,41,0,0.32,0.26,0,12,-12,106,103,3,13.11,1683.48,-9.34,-6.07,20104.86,0.66,4.88,2.31,5.67,2.86,1429,20
2014,中鴻,17.65,17.7,17.65,-1.1,-5.87,9236,32.85,-3541,0,73,-3468,2588,5812,-3224,-0.35,-3395,0,2417,5443,369,0.26,0.63,1726,978,748,4961,2486,2475,--,1948.46,-3.99,4.26,17629.96,-0.1,-0.95,-1.22,0,--,2012,143.55
2015,豐興,60.9,61,60.9,-1.1,-1.77,629,25.61,14,0,1,15,137,320,-183,-0.29,-301,0,19,0,320,0.03,0.51,238,125,113,256,186,70,15.34,2662.95,9.77,-8.29,27484.46,0.91,12.81,2.4,5.42,0.03,38,58.16
2017,官田鋼,9.24,9.3,9.3,-0.33,-3.43,674,32.62,-126,0,24,-102,0,0,0,0,0,0,0,0,0,0,0,0,58,-58,679,621,58,--,253.48,13.63,6.85,2688.85,-0.14,2.64,-1.26,0,6.47,7223,44.69
2020,美亞,21.55,21.6,21.6,0,0,757,51.37,-27,0,0,-27,212,50,162,0.21,0,0,0,0,0,0,0,28,141,-113,523,572,-49,11.13,408.76,16.04,1.39,4677.91,0.4,22.31,2.49,8.33,1.31,877,26.7
2022,聚亨,7.85,7.87,7.85,-0.17,-2.12,770,40.73,-95,0,-3,-98,0,0,0,0,0,0,0,0,0,0,0,0,0,0,783,783,0,--,1131.64,-8.67,58.73,11031.04,-0.09,6.34,-0.32,0,1.4,1182,33.72
2023,燁輝,13.7,13.75,13.75,-0.2,-1.43,2809,54.82,63,-1,112,174,1426,721,705,0.25,507,0,1228,622,99,0.44,0.26,467,823,-356,925,1274,-349,--,5990.26,-3.04,-6.91,64861.28,-0.4,8.54,-2.57,0,0.84,3960,184.12
2024,志聯,14,14.2,14.3,0.3,2.14,45,53.33,-7,0,1,-6,0,0,0,0,0,0,0,0,0,0,0,0,0,0,45,45,0,204.29,92.04,-4.4,0.86,969.39,0.16,8.37,1.39,0,0.24,58,9.75
2025,千興,14.7,--,14.7,1.3,9.7,3518,77.34,30,0,4,34,695,456,239,0.07,695,695,0,0,0,0.2,0,672,517,155,2196,2590,-394,91.88,237.73,18.39,562.38,1312.72,0.47,22.21,5.24,0,--,0,17.27
2027,大成鋼,41.75,41.8,41.8,-2,-4.57,35031,31.86,6927,-8947,-395,-2415,24665,28179,-3514,-0.1,-17754,0,10424,9972,18206,0.3,0.8,2687,2063,624,7796,4905,2891,13.44,11666.07,-5.96,42.53,113879.04,1.17,27.32,3.86,3.59,5.31,34280,258.43
2028,威致,16.6,16.65,16.6,-0.4,-2.35,163,28.76,-37,0,0,-37,0,0,0,0,0,0,0,0,0,0,0,0,0,0,165,165,0,47.43,598.84,-39.94,-31.99,8383.04,0.15,5.05,1.02,1.2,1.48,1207,32.57
2029,盛餘,20.35,20.4,20.35,-0.55,-2.63,477,13.26,-71,0,-2,-73,0,0,0,0,0,0,0,0,0,0,0,56,64,-8,422,414,8,32.82,1242.29,-0.44,2.14,12610.36,0.42,14.15,1.39,2.95,0.62,496,32.12
2030,彰源,18.75,18.8,18.8,0.3,1.62,2748,56.4,588,0,5,593,195,0,195,0.07,195,195,0,0,0,0.07,0,415,489,-74,2151,2271,-120,28.92,1192.32,18.26,37.91,10524.07,0.61,15.07,3.4,2.66,3.14,2201,28.05
2031,新光鋼,41.45,41.55,41.45,-1.9,-4.38,2536,38,-1138,-11,0,-1149,680,654,26,0.01,26,0,680,589,65,0.27,0.26,497,678,-181,1366,1211,155,9.07,1701.79,-4.73,-10.72,16142.04,0.22,12.37,0.67,6.03,1.63,1311,32.11
2032,新鋼,17.8,17.9,17.9,-0.4,-2.19,751,41.34,-35,0,-1,-36,0,0,0,0,0,0,0,0,0,0,0,80,112,-32,674,642,32,20.81,287.42,-8.31,28.67,3155.87,0.49,11.9,3.65,2.79,9.27,3026,13.05
2033,佳大,15.45,15.95,15.95,0.35,2.24,185,35.62,-10,0,0,-10,0,0,0,0,0,0,0,0,0,0,0,0,0,0,186,186,0,48.33,57.57,-9.65,-1.94,703.98,0.09,15.54,0.7,0,12.83,2589,8.07
2034,允強,20,20.05,20.05,-0.45,-2.2,2288,44.29,-242,0,9,-233,230,430,-200,-0.09,-200,0,230,220,210,0.1,0.19,459,610,-151,1613,1262,351,--,1149.33,5.87,-9.2,11651.77,0,8.41,0.02,4.99,3.55,4698,52.9
2035,唐榮,27.55,28.3,28.3,0.35,1.25,2,100,0,0,0,0,0,0,0,0,0,0,0,0,0,0,0,0,0,0,2,2,0,--,984.71,-12.68,26.59,9726.19,0.33,4.23,4.89,0,--,0,35
2038,海光,13.55,13.6,13.6,-0.5,-3.55,871,43.87,95,0,9,104,0,158,-158,-0.18,-158,0,0,0,158,0,0.18,81,236,-155,793,480,313,--,734.05,-5.85,-14.72,8214.17,0.16,1.9,0.67,0,10.52,5108,19.41
2049,上銀,329,329.5,329.5,-15.5,-4.49,5194,53.97,312,0,-57,255,3924,4046,-122,-0.02,-440,0,3606,3756,290,0.67,0.75,507,521,-14,945,808,137,71.79,2480.2,0.24,28.17,25772.42,1.64,31.94,1.46,0.61,5.63,4978,35.38
2059,川湖,6180,--,6180,560,9.96,502,98.81,-50,34,59,43,565,547,18,0.03,565,565,0,0,0,1,0,1,10,-9,0,10,-10,54.47,3791.3,46.05,172.05,22540.95,36.58,77.74,11.71,0.83,2.71,646,9.53
2061,風青,--,35.85,35.85,-3.95,-9.92,683,2.84,-7,0,0,-7,290,306,-16,-0.02,-306,0,0,39,267,0,0.45,97,133,-36,304,252,52,--,115.94,-1.99,15.73,1248.38,0.3,12.58,2.77,0,25.12,3603,5.74
2062,橋椿,18.95,19,18.95,-0.3,-1.56,510,52.9,141,0,0,141,0,0,0,0,0,0,0,0,0,0,0,28,0,28,483,511,-28,90.24,594.57,-4.12,13.19,6580.25,0,10.6,0,5.28,3.29,1643,20
2063,世鎧,25,25.15,25,-0.15,-0.6,12,25,1,0,1,2,0,0,0,0,0,0,0,0,0,0,0,0,0,0,12,12,0,16.56,80.85,-6.92,-4.31,945.11,0.33,21,1.71,6,0.83,100,4.81
2064,晉椿,14.45,14.65,14.45,-0.2,-1.37,96,46.87,-5,0,0,-5,0,0,0,0,0,0,0,0,0,0,0,0,0,0,97,97,0,--,161.94,-6.07,24.74,1678.07,0,6.19,-0.02,0,0.13,22,6.93
2065,世豐,33.7,33.9,33.7,-0.6,-1.75,70,27.94,7,0,0,7,0,0,0,0,0,0,0,0,0,0,0,0,0,0,73,73,0,27.62,181.62,-2.45,18.56,2083.22,0.92,18.1,3.3,4.45,0.55,88,6.35
2066,世德,59.5,59.9,59.9,0.9,1.53,91,70.45,5,0,0,5,0,0,0,0,0,0,0,0,0,0,0,9,20,-11,83,72,11,47.92,231.74,-8.82,8.61,2595.86,1.96,35.94,4.01,3.59,34.16,3796,4.44
2067,嘉鋼,6.23,6.29,6.28,-0.25,-3.83,48,26.83,0,0,0,0,0,0,0,0,0,0,0,0,0,0,0,0,0,0,48,48,0,--,77.7,0.88,-17,974.27,-0.68,4.57,-12.85,0,--,0,4.51
2069,運錩,20,20.05,20,-0.35,-1.72,488,46.49,77,0,13,90,0,0,0,0,0,0,0,0,0,0,0,36,0,36,455,491,-36,10.87,916.91,6.83,10.66,9667.67,0.64,12.06,2.49,5,1.04,432,16.64
2070,精湛,60.2,60.3,60.3,-4.1,-6.37,429,47.17,120,0,0,120,46,0,46,0.11,25,0,25,0,0,0.06,0,39,41,-2,352,396,-44,32.77,50.37,-27.78,-10.59,726.99,0.28,46.63,1,2.49,17.33,1810,4.18
2072,世紀風電,189,190,189,-6,-3.08,890,64.93,235,0,0,235,422,406,16,0.02,-23,0,383,353,53,0.42,0.45,177,167,10,310,336,-26,14.46,1542.25,-5.81,81.09,--,5.26,30.92,4.2,3.75,--,0,19.2
2073,雄順,24.85,26,--,--,--,0,--,0,0,0,0,0,0,0,--,0,0,0,0,0,--,--,0,0,0,0,0,0,--,66.34,39.16,35.97,541.43,-0.28,5.76,-1.89,1.15,--,0,2.75
2101,南港,31.5,31.6,31.6,-0.3,-0.94,2122,56.91,841,0,-13,828,404,112,292,0.14,292,0,404,79,33,0.19,0.05,594,627,-33,1143,1402,-259,10.36,2151.55,4.5,158.75,14345.35,1.86,41.26,10.29,2.22,13.63,25012,73.39
2102,泰豐,17.8,17.9,17.9,-0.25,-1.38,239,43.88,0,0,0,0,0,0,0,0,0,0,0,0,0,0,0,0,0,0,244,244,0,2.85,16.44,24.88,-20.43,221.28,0.01,15.08,0.06,0,3.38,4003,47.33
2103,台橡,21.1,21.15,21.15,-0.55,-2.53,6285,49.5,1178,0,-247,931,2828,2464,364,0.06,-1172,0,1292,917,1547,0.21,0.39,644,1303,-659,2827,2532,295,31.57,4060.76,3.93,32.96,38056.83,0.53,12.25,2.3,1.28,5.58,11520,82.57
2104,國際中橡,10.55,10.6,10.55,-0.35,-3.21,2610,47.49,-140,0,11,-129,123,235,-112,-0.04,-235,0,0,0,235,0,0.09,336,670,-334,2163,1716,447,--,1409.92,42.3,-15.6,14407.12,-0.81,-16.88,-3.93,0,8.75,21530,98.47
2105,正新,33.45,33.5,33.5,-0.6,-1.76,31046,66.75,-16525,14011,1204,-1310,24388,24757,-369,-0.01,-14563,0,10194,9003,15754,0.33,0.8,1595,2011,-416,5106,4321,785,20.68,7820.45,-9.48,1.22,91904.05,0.57,24.84,2.15,5.37,1.04,8409,324.14
2106,建大,17.5,17.6,17.5,-0.55,-3.05,933,48.53,61,-1,4,64,133,143,-10,-0.01,-10,0,133,143,0,0.14,0.15,129,218,-89,680,581,99,97.22,3379.61,-2.86,8.93,34121.42,0.12,19.75,0.57,3.71,1.23,2944,95.49
2107,厚生,25.45,25.5,25.5,-0.5,-1.92,385,66.76,18,0,0,18,77,59,18,0.05,18,0,77,59,0,0.2,0.15,51,35,16,260,294,-34,17.71,107.02,-16.35,3.48,1383.13,0.23,33.26,0.52,5.49,0.17,126,30.36
2108,南帝,29.3,29.35,29.3,-2.85,-8.86,4104,30.93,-389,0,26,-363,548,1018,-470,-0.11,-620,0,398,476,542,0.1,0.25,603,762,-159,2986,2357,629,33.68,1084.55,-17.2,15.92,10440.49,0.34,27.24,1.7,3.41,2.59,3189,49.24
2109,華豐,14.2,14.3,14.2,-0.35,-2.41,178,12.79,-65,0,2,-63,0,0,0,0,0,0,0,0,0,0,0,0,0,0,180,180,0,11.83,408.82,10.93,7.43,4411.28,0.41,22.76,2.81,7.04,1.06,743,27.93
2114,鑫永銓,93.2,93.4,93.4,-0.1,-0.11,242,51.93,-50,0,-1,-51,12,0,12,0.05,12,0,12,0,0,0.05,0,60,39,21,174,207,-33,16.24,140.87,0.54,7.23,1647.5,1.41,40.27,3.42,5.35,0.17,33,7.8
2115,六暉-KY,21.75,21.8,21.75,-0.25,-1.14,196,67.36,-28,0,-2,-30,66,60,6,0.03,6,0,66,60,0,0.34,0.3,0,31,-31,131,106,25,17.13,311.58,-7.6,32.47,3093.41,0.27,18.4,0.84,6.9,3.03,791,10.44
2201,裕隆,27.35,27.4,27.4,-1.3,-4.53,3714,45.93,-1285,-7,21,-1271,935,1772,-837,-0.22,-1772,0,0,0,1772,0,0.47,705,944,-239,2110,1035,1075,32.24,5824.01,-2.54,3.93,72273.24,0.35,32.99,1.11,2.04,3.91,10471,107
2204,中華,54.7,54.8,54.8,-1.8,-3.18,1172,41.28,-401,-9,16,-394,325,420,-95,-0.08,-278,0,142,97,323,0.12,0.35,167,246,-79,696,522,174,10.11,2819.36,-11.43,-5.23,33402.85,1.18,13.91,1.5,6.57,1.22,1684,55.36
2206,三陽工業,63.3,63.4,63.3,0,0,3516,39.88,-839,-1,18,-822,3149,2701,448,0.13,1341,1415,0,0,74,0.4,0.02,164,279,-115,219,552,-333,11.34,5248.21,-5.81,-8.9,62054.67,1.37,21.2,2.57,4.74,2.97,5825,77.37
2207,和泰車,473,474.5,473,-22,-4.44,1576,63.49,-735,-1,11,-725,1166,1417,-251,-0.16,-316,0,1101,1355,62,0.68,0.88,149,80,69,293,111,182,13.62,30160.25,25.01,30.03,282974.93,7.95,19.18,4.38,4.23,0.07,99,55.71
2208,台船,17.5,17.55,17.5,-0.85,-4.63,6235,48.39,-2825,0,-16,-2841,1434,4241,-2807,-0.45,-3459,0,782,1541,2700,0.12,0.68,591,747,-156,4255,1292,2963,--,1937.45,45.87,132.19,23724.74,0.07,0.05,1.19,0,--,0,127.45
2211,長榮鋼,92.5,92.6,92.5,-1.3,-1.39,970,49.27,236,-5,-8,223,368,377,-9,-0.01,-9,0,368,362,15,0.38,0.39,230,207,23,377,391,-14,11.31,1295.22,-2.85,-7.13,14663.08,1.07,23.15,1.68,7.03,0.46,483,41.71
2221,大甲,43.75,43.8,43.75,-3.05,-6.52,1253,32.1,-164,0,-9,-173,53,185,-132,-0.1,-185,0,0,0,185,0,0.15,113,163,-50,1096,914,182,18.62,140.43,7.03,17.06,1431.16,0.69,19.48,2.63,3.43,6.63,702,4.23
2227,裕日車,48.9,49.7,49,-0.95,-1.9,44,11.63,-34,0,2,-32,0,0,0,0,0,0,0,0,0,0,0,0,0,0,46,46,0,52.69,1232.36,3.67,4.58,13792.95,-0.89,11.08,-1.46,1.71,--,0,30
2228,劍麟,83.7,84.1,84,-2.3,-2.67,183,37.74,-29,0,0,-29,19,0,19,0.1,0,0,0,0,0,0,0,9,19,-10,160,169,-9,19.67,408.23,-8.38,-7.66,4861.3,0.87,22.39,1.35,5.36,9.43,1880,7.98
2230,泰茂,26.9,27.1,26.9,-1.35,-4.78,343,46.77,9,0,-3,6,0,0,0,0,0,0,0,0,0,0,0,0,34,-34,348,314,34,--,131.75,-27.3,62.62,2437.23,-1.21,-1.69,-7.13,2.23,21.58,3670,6.8
2231,為升,95.1,95.2,95.1,-5.4,-5.37,717,43.57,222,0,1,223,104,255,-151,-0.21,-178,0,77,55,200,0.11,0.35,135,79,56,486,391,95,--,218.18,-20.27,-24.07,3490.17,0.4,36.71,0.38,0.53,10.41,3539,13.59
2233,宇隆,295,295.5,295,-16,-5.14,1196,47.71,154,0,-37,117,608,645,-37,-0.03,-128,0,517,484,161,0.42,0.52,283,275,8,340,312,28,47.05,297.58,-1.76,8.32,3232.25,1.59,27.59,2.69,1.36,44.11,6648,6.03
2235,謚源,29.2,30.5,30.1,-0.35,-1.15,2,50,0,0,0,0,0,0,0,0,0,0,0,0,0,0,0,0,0,0,2,2,0,43,52.53,-2.98,61.88,577,0.27,14.51,0.79,4.98,0.4,36,3.59
2236,百達-KY,133.5,135,135,-5,-3.57,617,56.76,-210,0,-80,-290,355,329,26,0.04,9,0,338,321,8,0.55,0.53,107,171,-64,157,119,38,--,954.69,-0.39,5.2,9824.04,0.19,13.57,0.37,0.48,77.86,12093,6.33
2239,英利-KY,23.1,23.3,23.15,-1.2,-4.93,59,43.1,-18,0,3,-15,0,0,0,0,0,0,0,0,0,0,0,0,0,0,61,61,0,--,1715.53,49.14,-6.66,18535.55,-1.68,8.41,-1.45,0,5.17,1522,11.77
2241,艾姆勒,38.9,--,38.9,3.5,9.89,9159,72.29,1428,0,25,1453,3484,2897,587,0.06,3137,3232,142,64,173,0.37,0.03,1152,1092,60,4551,5198,-647,--,62.16,-34.89,40.22,880.29,-0.15,11.2,-0.7,0,22.57,5902,10.46
2243,宏旭-KY,27.75,27.9,27.75,-0.3,-1.07,1970,43.72,101,0,1,102,623,936,-313,-0.16,-809,0,127,282,654,0.06,0.47,176,117,59,1176,922,254,11.14,91.03,-0.88,16.98,2123.87,0.66,15.46,5.43,0,4.81,834,6.94
2247,汎德永業,227,228,228,-3.5,-1.51,111,52.25,20,0,0,20,0,15,-15,-0.13,-15,0,0,10,5,0,0.13,53,23,30,64,80,-16,14.36,3606.35,26.45,-29.1,45771.77,2.35,11.96,1.5,6.36,0.73,147,8.07
2248,華勝-KY,55.2,55.5,55.5,-2,-3.48,94,64.84,5,0,0,5,0,0,0,0,0,0,0,0,0,0,0,20,17,3,74,77,-3,9.38,232.85,-9.09,58.99,2288.99,1.87,31.84,5.16,5.55,2.48,295,4.76
2250,IKKA-KY,61.3,61.6,61.3,-3.2,-4.96,110,27.36,3,0,0,3,0,0,0,0,0,0,0,0,0,0,0,0,0,0,113,113,0,18.19,230.88,-17.42,-15.38,3232.26,0.64,17.07,1.09,4.89,14.44,1314,3.64
2301,光寶科,218.5,219,218.5,-11.5,-5,22477,49.01,-74,169,-624,-529,16714,17998,-1284,-0.06,-4390,0,13608,14669,3329,0.59,0.78,1807,1555,252,4701,3668,1033,32.76,16694.76,1.28,24.51,176366.21,1.66,21.66,4.24,2.29,2.99,17341,231.61
2302,麗正,31.55,31.6,31.6,-2.2,-6.51,1521,25.94,253,0,100,353,413,81,332,0.24,182,0,263,81,0,0.19,0.06,193,249,-56,929,1205,-276,40,98.38,36.62,26.94,889.47,0.25,32.72,2.31,1.11,8.84,3675,16.63
2303,聯電,121,121.5,121,-10.5,-7.98,315421,39.04,30017,-60035,-2869,-32887,301965,303468,-1503,0,-170903,0,132565,132905,170563,0.42,0.95,10246,8107,2139,6469,7101,-632,30.4,22943.76,1.23,17.78,246405.26,1.29,29.19,4.1,2.15,4.91,154409,1257.7
2305,全友,22.55,22.6,22.6,0.1,0.44,4267,45.77,429,0,-157,272,1113,996,117,0.03,-736,0,211,108,839,0.05,0.22,439,677,-238,2729,2608,121,83.7,119.66,33.74,81.07,881.35,0.16,42.21,2.04,0,15.18,7805,20.57
2308,台達電,2250,2255,2255,-45,-1.96,13559,52.21,-923,186,-131,-868,14213,14718,-505,-0.03,-2552,0,12166,12671,2047,0.82,0.99,218,51,167,487,149,338,83.15,58691.65,-1.82,43.92,613227.9,7.91,37,6.98,0.51,0.82,5319,259.75
2312,金寶,--,35.4,35.4,-3.9,-9.92,37931,19.05,-2752,18,-1201,-3935,23494,27104,-3610,-0.09,-21877,0,5227,7309,19795,0.14,0.71,6048,4390,1658,8718,6766,1952,33.71,12122.63,2.58,-3.49,156398.58,0.35,6.87,1.94,1.69,12.27,46208,150.58
2313,華通,252,252.5,252,-7,-2.7,47180,52.49,-1207,-609,-224,-2040,35715,38075,-2360,-0.05,-7051,0,31024,33056,5019,0.64,0.79,5468,4224,1244,7396,6279,1117,44.44,6761.66,7.07,13.02,79406.87,1.26,17.98,3.18,1.11,15.03,44793,119.18
2314,台揚,15.45,15.55,15.5,-0.3,-1.9,350,16.58,2,0,0,2,0,0,0,0,0,0,0,0,0,0,0,43,40,3,313,316,-3,--,195.16,22.96,89.93,1905.78,-0.97,14.44,-107.17,0,--,0,10.61
2316,楠梓電,166,166.5,166.5,-0.5,-0.3,5906,51.49,595,0,-30,565,3747,3409,338,0.06,-52,173,3033,2516,742,0.54,0.55,654,702,-48,1582,1872,-290,10.86,429.72,6.39,74.29,4079.15,3.53,6.2,4.86,1.2,10.51,4801,18.27
2317,鴻海,269,269.5,269.5,-15,-5.27,112804,56.23,-5183,643,-1462,-6002,103414,106876,-3462,-0.03,-14739,0,92137,95482,11394,0.79,0.91,8910,6364,2546,4841,3923,918,19.14,859409.33,3.28,39.57,9021624.65,3.56,6.18,2.88,2.67,1.34,46904,1402.86
2321,東訊,13.05,14.25,--,--,--,0,--,0,0,0,0,0,0,0,0,0,0,0,0,0,0,0,0,0,0,1,1,0,--,64.86,9.01,-2.53,732.97,-0.12,32.7,0.46,0,--,0,3.03
2323,中環,10.9,10.95,10.95,-0.95,-7.98,17928,35.27,-4543,34,-1276,-5785,7047,11259,-4212,-0.24,-7897,0,3362,2551,8708,0.19,0.63,2556,2255,301,8357,4446,3911,5.02,601.76,-8.19,-1.53,7451.56,-0.41,26.38,-2.31,1.83,10.59,28838,108.93
2324,仁寶,38.55,38.6,38.6,-2.8,-6.76,151383,45.47,-27265,197,649,-26419,112297,119029,-6732,-0.04,-50553,0,68476,74561,44468,0.45,0.78,11973,9660,2313,28049,23629,4420,29.24,71979.26,-19.3,15.54,769399.37,0.45,5.26,1.63,2.85,5.62,61961,440.71
2327,國巨*,750,751,751,-18,-2.34,23916,32.97,-6604,419,-776,-6961,22088,24416,-2328,-0.11,-7622,0,16794,19076,5340,0.77,1.13,3069,1434,1635,1064,366,698,59.6,15058.22,7.26,47.46,147374.39,3.9,38.1,4.69,0.8,11.01,57022,51.79
2328,廣宇,51,51.1,51,-5,-8.93,9413,37.2,-345,15,-721,-1051,3654,5247,-1593,-0.17,-2155,0,3092,4460,787,0.33,0.55,1570,1261,309,4290,3007,1283,52.04,1701.75,-1.96,1.03,19984.38,-0.16,7.79,-0.62,1.76,15.16,19642,51.83
2329,華泰,52,52.1,52.1,-4.2,-7.46,12474,46.24,-3078,6,-1654,-4726,4609,8896,-4287,-0.34,-4870,0,4026,8190,706,0.32,0.7,1867,969,898,6157,2768,3389,23.57,1857.9,3.44,3.7,20614.98,0.33,12.79,2.08,1.92,10.75,17717,65.89
2330,台積電,2295,2300,2295,-70,-2.96,44473,48.02,-20465,730,-214,-19949,51867,51932,-65,0,-4689,0,47243,47308,4624,0.9,0.99,263,129,134,138,145,-7,30.86,410725.12,-1.08,17.5,4165062.23,22.08,66.25,10.06,0.96,0.43,27603,2593.24
2331,精英,21.5,21.55,21.5,-1.2,-5.29,3399,45.94,101,-17,-86,-2,374,429,-55,-0.02,-55,0,374,429,0,0.11,0.13,401,408,-7,2642,2579,63,43,1554.78,-19.25,-16.79,21469.03,0.11,8.69,0.58,0,6.9,9610,55.74
2332,友訊,15.4,15.45,15.4,-0.9,-5.52,5738,43.9,-587,0,-55,-642,1657,2397,-740,-0.13,-1033,0,1364,1667,730,0.24,0.42,995,1062,-67,3113,2306,807,--,1205.41,-0.77,18.53,13660.91,-0.05,25.27,-0.18,0,13,19576,60.22
2337,旺宏,143,143.5,143.5,-6.5,-4.33,33316,36.76,1717,-217,-1517,-17,25446,28239,-2793,-0.1,-10034,0,18205,20570,7669,0.63,0.98,4169,3006,1163,4946,3316,1630,--,6255.65,5.8,175.8,40781.03,0.9,40.8,3.69,0,18.21,90190,198.18
2338,光罩,--,46.3,46.3,-5.1,-9.92,6527,20.51,-3551,0,-113,-3664,1731,4487,-2756,-0.42,-3954,0,533,1415,3072,0.08,0.68,1256,593,663,3649,1557,2092,--,517.71,6.28,-7.54,5872.2,0.52,17.55,3.01,0,9.97,7563,36.68
2340,台亞,32.65,32.7,32.7,-2.95,-8.27,4762,38.38,-552,0,-121,-673,1078,1755,-677,-0.14,-931,0,824,703,1052,0.17,0.36,694,762,-68,3040,2295,745,--,407.47,27.78,5.66,4304.32,-0.49,-3.96,-3.44,0,10.45,9895,43.86
2342,茂矽,38.9,38.95,38.9,-2.5,-6.04,4236,47.08,-38,0,3,-35,528,738,-210,-0.05,-210,0,528,590,148,0.12,0.17,480,597,-117,3257,2930,327,--,171.63,4.06,-3.46,1966.46,-0.11,15.86,-0.72,0,12.48,4916,15.75
2344,華邦電,154,154.5,154,-8,-4.94,177582,47.45,30419,-9361,-1421,19637,159767,161054,-1287,-0.01,-27064,0,133990,134699,26355,0.74,0.9,10136,8886,1250,10062,9921,141,45.7,20001.44,3.93,181.97,133000.49,2.25,53.37,8.54,0.32,10.41,117122,450
2345,智邦,2415,2420,2420,-70,-2.81,3090,56.77,216,-361,-18,-163,3126,3171,-45,-0.01,-269,0,2902,2947,224,0.91,0.99,7,7,0,74,28,46,45.95,28622.86,4.61,56.58,295565.02,14.92,19.55,13.55,0.62,1.09,1532,56.11
2347,聯強,85.2,85.3,85.3,-3,-3.4,15682,50.54,-6685,7707,799,1821,13283,13548,-265,-0.02,-8767,0,4781,4543,9005,0.3,0.86,934,975,-41,1518,1212,306,14.83,67818.92,18.28,129.27,509570.34,1.77,4.3,3.75,4.92,0.57,2374,166.79
2348,海悅,70.8,70.9,70.9,-1.5,-2.07,681,54.5,323,0,0,323,122,216,-94,-0.14,-94,0,122,216,0,0.18,0.31,123,109,14,448,368,80,14.29,170.12,21.86,-55.01,6194.8,0.16,28.12,0.15,7.76,5.05,1917,15.19
2349,錸德,13.3,13.35,13.3,-0.7,-5,7095,44.43,-719,0,9,-710,1410,2549,-1139,-0.16,-1744,0,805,2005,544,0.11,0.36,1198,1215,-17,4508,3352,1156,--,755.28,10.11,-1.15,7416.8,0.02,21.21,-0.2,0,--,0,69.37
2351,順德,182.5,183,183,-17.5,-8.73,4792,28.23,753,-444,-29,280,3758,3558,200,0.04,-1886,0,1673,1502,2057,0.34,0.73,398,478,-80,732,851,-119,80.97,1175.36,11.12,23.77,10760.17,1.22,19.12,3.13,0.6,64.5,29372,19.28
2352,佳世達,30.05,30.1,30.1,-1,-3.22,15828,50.9,1989,117,-395,1711,7375,6556,819,0.05,297,0,6853,6282,274,0.43,0.41,2182,2563,-381,6397,6836,-439,48.55,17244.92,2.56,-1.73,209378.72,0.2,16.67,0.62,3.32,3.63,14325,158.05
2353,宏碁,35.3,35.35,35.3,-3.1,-8.07,70313,43.38,-4130,-166,-667,-4963,43076,46823,-3747,-0.05,-17278,0,29545,32306,14517,0.42,0.66,6565,7124,-559,21186,16881,4305,27.15,31311.75,4.74,68.39,299368.61,0.23,11.16,1.37,3.68,4.94,37620,304.79
2354,鴻準,56.3,56.4,56.4,-4.2,-6.93,13189,39.52,-2427,2,-493,-2918,6001,9181,-3180,-0.24,-3931,0,5250,8588,593,0.39,0.69,1779,1451,328,5596,2745,2851,26.73,8757.71,34.17,-40.64,139123.01,0.47,4.84,0.61,2.66,7.15,25291,141.45
2355,敬鵬,52.6,52.7,52.7,-2.7,-4.87,11255,49.01,1329,0,-406,923,4688,4919,-231,-0.02,-531,0,4388,3956,963,0.39,0.43,1690,1915,-225,5033,4549,484,31.18,1390.75,-1.34,-3.09,15901.33,0.62,12.08,1.41,1.9,16.82,16712,39.75
2356,英業達,--,69.2,69.2,-7.6,-9.9,16344,0,-3853,194,-565,-4224,14188,15181,-993,-0.06,-15181,0,0,45,15136,0,0.88,2243,1271,972,1099,1079,20,26.31,82807.87,-2.33,35.3,778737.32,0.68,5.08,3.24,2.89,3.74,33581,358.75
2357,華碩,844,845,844,-56,-6.22,7024,42.46,1495,-1066,87,516,6124,6314,-190,-0.03,-737,0,5577,5754,560,0.76,0.87,987,867,120,195,126,69,15.08,81915.5,-4.84,45.71,825285.63,13.19,14.86,3.63,4.98,1,1865,74.28
2359,所羅門,131.5,132,131.5,-10.5,-7.39,2890,43.48,246,0,-340,-94,1104,1398,-294,-0.1,-351,0,1047,1109,289,0.35,0.47,478,477,1,1420,1127,293,67.78,525.76,47.2,66.8,4184.17,0.78,21.44,2.29,0.76,14.56,6242,17.15
2360,致茂,2450,2460,2450,-115,-4.48,3062,50.88,-46,150,7,111,3088,3111,-23,-0.01,-325,0,2786,2809,302,0.89,0.99,7,11,-4,46,19,27,77.56,4549.61,-6.5,133.09,38643.26,9.12,62.6,12.93,0.8,0.9,953,42.52
2362,藍天,44.85,44.9,44.85,-2.1,-4.47,2216,44.19,169,0,-11,158,352,246,106,0.05,77,0,323,218,28,0.14,0.11,302,475,-173,1582,1515,67,21.56,2405.77,27.12,9.59,21598.52,0.61,20.88,0.8,4.46,1.94,3025,62.23
2363,矽統,57.1,57.2,57.1,-5.4,-8.64,8508,31.75,-505,0,-250,-755,3723,4840,-1117,-0.13,-2527,0,2313,2202,2638,0.27,0.56,1307,1247,60,3636,2579,1057,33.59,345.12,36.07,87.15,3562.19,0.17,28.79,0.45,1.05,17.05,21952,51.5
2364,倫飛,70.2,70.8,70.8,-5.3,-6.96,739,36.8,90,0,-30,60,38,212,-174,-0.23,-194,0,18,22,190,0.02,0.28,173,117,56,538,420,118,18.11,175.64,35.69,51.41,1527.35,0.83,38.46,5.64,4.24,6.63,868,5.24
2365,昆盈,34.5,34.55,34.55,-1.45,-4.03,2579,52.3,400,0,-73,327,326,272,54,0.02,-44,0,228,116,156,0.09,0.1,401,410,-9,1873,1918,-45,88.59,79.16,-10.1,25.63,997.3,0.14,39.26,0.98,0.87,19.33,10705,22.15
2367,燿華,60.4,60.5,60.5,-2.6,-4.12,21000,45.26,2369,0,-497,1872,9609,10265,-656,-0.03,-1684,0,8581,8255,2010,0.4,0.48,2974,3118,-144,8692,7893,799,--,1201.61,-8.29,-22.5,15458.2,-0.4,5.77,-2.23,0.33,22.57,39851,70.63
2368,金像電,1355,1360,1360,45,3.42,5666,60.26,-395,436,-65,-24,5786,5758,28,0,3376,3586,1994,1998,206,0.95,0.37,11,25,-14,91,106,-15,62.02,8773.23,20.35,87.3,73891.12,6.87,34.81,10.19,0.72,3.06,3970,52.11
2369,菱生,--,31.45,31.45,-3.45,-9.89,11566,26.08,-4604,0,-117,-4721,3671,7769,-4098,-0.35,-6146,0,1623,3397,4372,0.14,0.67,1933,957,976,6081,2958,3123,--,571.77,-4.03,30.2,6170.05,0.1,7.25,0.68,0,13.12,12471,38.01
2371,大同,28.85,28.9,28.85,-1.45,-4.79,23444,40.98,-1517,110,-976,-2383,9299,13273,-3974,-0.17,-4417,0,8856,12689,584,0.38,0.56,3867,3458,409,10438,6873,3565,--,4138.89,-2.87,-3.5,51166.81,-0.05,16.44,-0.14,0,10.93,58798,215.08
2373,震旦行,56.8,57.1,56.8,-1.5,-2.57,59,27.59,-18,0,1,-17,0,0,0,0,0,0,0,0,0,0,0,0,0,0,60,60,0,15.39,946.78,17.83,-1.83,10592.77,0.72,45.13,1.92,6.51,0.08,45,23.62
2374,佳能,72.6,72.7,72.6,-7.1,-8.91,9171,30.49,-1072,0,-509,-1581,3161,5629,-2468,-0.26,-3293,0,2337,3565,2065,0.25,0.6,1724,1189,535,4475,2541,1934,26.12,1005.8,-6.99,27.82,11706.56,0.73,24.32,2.72,2.75,26.13,21986,33.8
2375,凱美,149.5,150,150,-6,-3.85,2641,36.5,-32,0,-12,-44,1092,1235,-143,-0.07,-629,0,606,502,733,0.28,0.58,558,478,80,1087,1025,62,45.59,496.78,-6.11,2.04,5699.86,0.78,16.96,0.86,0.8,25.87,7029,10.87
2376,技嘉,345,345.5,345,-24,-6.5,14813,43.48,2112,6,-904,1214,12414,12895,-481,-0.03,-1401,0,11494,12040,855,0.76,0.85,858,784,74,1931,1524,407,16.11,49053.47,-6.15,4.98,400745.27,7.86,12.01,8.8,3.48,5.92,9914,66.99
2377,微星,131.5,132,132,-9.5,-6.71,28364,50.19,24,37,-411,-350,20702,22869,-2167,-0.08,-3852,0,19017,20807,2062,0.66,0.79,3587,2512,1075,4574,3482,1092,13.79,16358.37,-8.33,-22.26,228229.99,4.04,15,6.24,3.18,8.98,18962,84.49
2379,瑞昱,595,596,596,-47,-7.31,8275,56.25,-2708,2655,-61,-114,7371,7768,-397,-0.05,-1412,0,6356,6638,1130,0.75,0.92,938,620,318,128,50,78,21.45,12523.52,-1.54,21.87,127642.53,8.44,49.66,8.89,4.19,2.21,2852,51.55
2380,虹光,5.69,5.7,5.7,0,0,279,41.73,-8,0,0,-8,0,0,0,0,0,0,0,0,0,0,0,0,0,0,283,283,0,19,302.56,6.04,32.56,3095.39,0.4,38.61,4.35,0,--,0,21.69
2382,廣達,376,376.5,376.5,-14,-3.59,62353,55.28,-16265,17760,147,1642,55644,57123,-1479,-0.02,-3725,0,53398,54981,2142,0.84,0.9,3012,2535,477,4773,3771,1002,18.97,311481.02,-8.37,94.38,2784387.64,5.5,4.78,8.97,4.14,1.24,12007,386.26
2383,台光電,4765,4770,4770,-115,-2.35,2507,51.12,7,-7,13,13,2549,2622,-73,-0.03,-361,0,2261,2334,288,0.85,0.98,19,14,5,99,32,67,103.47,15618.57,12.17,114.63,120698.83,14.9,29.42,10.86,0.52,2.17,1941,35.83
2385,群光,136,136.5,136,-7,-4.9,4480,50.09,-474,-115,-9,-598,3255,3487,-232,-0.05,-637,0,2850,3019,468,0.63,0.77,391,382,9,901,677,224,16.04,7226.93,-0.63,-11.04,93602.25,2,16.15,3.28,5.29,0.77,1467,76.57
2387,精元,41.6,41.65,41.65,-0.8,-1.88,812,53.5,142,0,25,167,73,47,26,0.03,26,0,73,47,0,0.09,0.06,73,72,1,671,698,-27,14.88,1337.7,-21.64,-9.07,18437.51,0.49,11.65,1.11,9.6,2.97,1450,19.53
2388,威盛,64.8,64.9,64.8,-4.1,-5.95,5727,51.18,848,0,-120,728,2402,2227,175,0.03,-28,0,2199,2001,226,0.38,0.38,896,896,0,2508,2684,-176,360,1114.12,-1.27,84.79,10140.82,0.08,23.95,0.02,0.08,10.16,14124,55.6
2390,云辰,11.8,11.85,11.85,-0.25,-2.07,1847,53.28,807,0,14,821,0,0,0,0,0,0,0,0,0,0,0,143,171,-28,1717,1688,29,--,51.61,1.3,-10.78,630.19,0.54,23.23,4.38,0,4.07,1959,19.26
2392,正崴,39.2,39.25,39.2,-1.5,-3.69,2302,35.74,-119,0,-95,-214,221,316,-95,-0.04,-151,0,165,257,59,0.07,0.14,298,335,-37,1812,1680,132,--,6222.37,-22.37,-5.5,92999.4,-0.46,19.32,6.81,2.55,3.89,4986,51.23
2393,億光,65.9,66,65.9,-0.1,-0.15,3440,54.94,647,-35,97,709,1568,967,601,0.17,859,829,639,559,50,0.42,0.18,698,811,-113,1204,1693,-489,15.73,1772.22,1.04,10.21,19780.36,0.91,24.73,2,6.83,2.37,2624,44.34
2395,研華,471,471.5,471,-25,-5.04,3588,51.73,80,11,-23,68,2831,2907,-76,-0.02,-346,0,2561,2669,238,0.68,0.77,258,285,-27,674,571,103,36.54,7733.83,-6.48,32.1,77922.1,3.85,39.15,6.33,2.38,0.98,2136,86.83
2397,友通,60.3,60.6,60.6,-3.5,-5.46,844,54.88,50,0,5,55,87,86,1,0,1,0,87,66,20,0.1,0.1,206,290,-84,555,472,83,26.12,1187.62,-3.87,27.03,11944.86,0.76,24.89,2.14,4.04,5.18,1485,11.45
2399,映泰,44.65,44.7,44.65,-4.1,-8.41,5434,38.12,-22,0,-16,-38,1562,2079,-517,-0.09,-1041,0,1038,696,1383,0.19,0.38,977,793,184,2932,2600,332,28.62,178.13,34.68,21.9,1702.37,1.48,16.47,11.28,0,20.76,9244,17.81
2401,凌陽,25.2,25.25,25.25,-2.2,-8.01,7838,37.53,-123,0,-488,-611,2645,3538,-893,-0.11,-1679,0,1859,1993,1545,0.24,0.45,842,1408,-566,4411,2952,1459,--,684.72,-5.49,14.11,6584.89,-0.02,49.74,0.88,0,7.64,11313,59.2
2402,毅嘉,63.5,63.6,63.5,-2.8,-4.22,6005,45.6,273,0,-496,-223,2386,2206,180,0.03,-230,0,1976,1848,358,0.32,0.36,1072,1040,32,2640,2853,-213,32.56,1065.55,-0.5,13.58,11497.76,0.07,12.82,0.28,3.15,19.93,15322,30.75
2404,漢唐,1110,1115,1110,-95,-7.88,4358,32,859,-985,-214,-340,4458,4499,-41,-0.01,-3188,0,1311,1328,3171,0.29,0.98,19,22,-3,105,60,45,20.82,8106.87,5.39,102.23,78946.91,16.31,23.32,18.43,3.6,5.63,2683,19.06
2405,輔信,19.4,19.45,19.4,-1.1,-5.37,8171,48.5,990,0,5,995,1525,1017,508,0.06,283,0,1300,692,325,0.16,0.12,1618,1561,57,5057,5622,-565,--,166.95,0.42,23.65,1761.54,0,44.93,0.01,0.52,11.72,10066,34.34
2406,國碩,32,32.05,32,-2.65,-7.65,12658,42.4,-1852,0,-168,-2020,3628,5548,-1920,-0.15,-2702,0,2846,3092,2456,0.22,0.43,2150,1991,159,7006,5245,1761,--,1053.24,5.99,143.29,8696.58,0.27,19.19,3.43,0,14.22,12479,35.09
2408,南亞科,339,339.5,339.5,-20.5,-5.69,102301,51.43,1871,198,-321,1748,92054,92566,-512,0,-14524,0,78042,78332,14234,0.75,0.89,6015,6006,9,6429,5926,503,30.39,27669.56,8.55,730.14,155194.34,8.41,67.89,14.33,0.4,12.07,93473,345.02
2409,友達,--,24.4,24.4,-2.7,-9.96,68040,0,2613,61,897,3571,62829,63818,-989,-0.01,-63818,0,0,0,63818,0,0.94,4683,2242,2441,1621,3072,-1451,76.25,22100.38,-15.07,-4.48,277279.79,-0.15,11.85,-0.64,1.64,11.24,212076,754.71
2412,中華電,138,138.5,138.5,-2.5,-1.77,17068,44.48,-7159,361,287,-6511,14389,16299,-1910,-0.11,-14533,0,1766,1621,14678,0.1,0.95,1240,350,890,1617,597,1020,27.53,20497.86,-1.4,7.61,241743.83,1.3,37.92,2.61,3.75,0.03,499,775.74
2413,環科,53.4,53.5,53.4,2.3,4.5,4824,53.68,351,0,2,353,638,428,210,0.04,464,614,0,128,22,0.13,0.03,819,836,-17,3398,3590,-192,69.35,311.42,-2.04,16.44,3404.05,0.51,15.58,3.18,0.94,16.37,5212,12.74
2414,精技,51.8,51.9,51.8,-1,-1.89,376,43.89,53,0,-11,42,0,24,-24,-0.06,-24,0,0,24,0,0,0.06,46,34,12,335,323,12,14.67,2967.01,-9.95,18.82,30717.4,1.17,8.16,4.65,5.79,0.34,137,16.17
2415,錩新,27.45,27.6,27.45,-0.25,-0.9,108,33.65,-13,0,0,-13,0,0,0,0,0,0,0,0,0,0,0,0,0,0,109,109,0,14.3,192.22,-11.21,5.87,2460.67,0.35,24.89,1.35,5.79,10.96,2467,9
2417,圓剛,45.95,46.05,46.05,-2.75,-5.64,2494,41.18,-43,0,1,-42,582,704,-122,-0.05,-438,0,266,282,422,0.11,0.28,391,339,52,1541,1471,70,219.29,304.75,-7.77,3.1,3571.93,0.28,57.98,1.74,0.54,10.66,4191,15.72
2419,仲琦,28.35,28.4,28.4,-2.05,-6.73,2498,35.18,-489,0,-93,-582,283,444,-161,-0.06,-201,0,243,329,115,0.1,0.18,317,498,-181,1920,1578,342,--,639.21,41.1,-27.07,8717.6,0.07,19.16,0.68,0,8.09,6496,32.13
2420,新巨,62.9,63,63,-2.2,-3.37,744,45.74,-201,10,1,-190,36,23,13,0.02,13,0,36,0,23,0.05,0.03,164,187,-23,554,544,10,15.99,202.92,-0.14,5.5,2185.33,1.05,47.76,3.91,4.76,4.87,1859,15.26
2421,建準,156.5,157,157,-4.5,-2.79,4463,49.5,401,1,-153,249,2762,2694,68,0.01,-198,0,2496,2528,166,0.55,0.59,503,553,-50,1286,1304,-18,19.24,1692.06,-9.59,14.93,19998.84,2.36,31.66,6.42,3.34,6.89,4946,28.69
2423,固緯,73.5,74.2,73.5,-2.6,-3.42,311,34.47,11,0,-6,5,0,41,-41,-0.13,-41,0,0,0,41,0,0.13,20,26,-6,294,247,47,20.7,287.48,6.78,28.07,3203.81,1.3,56.19,6.52,3.4,1.48,537,14.5
2424,隴華,12.6,12.9,12.6,-0.15,-1.18,35,37.93,5,0,0,5,0,0,0,0,0,0,0,0,0,0,0,0,0,0,37,37,0,--,5.28,-64.99,-64.07,158.35,-0.58,-1.92,-12.34,0,--,0,5.96
2425,承啟,33.15,33.2,33.2,-2.25,-6.35,728,39.91,-97,0,4,-93,37,113,-76,-0.1,-76,0,37,33,80,0.05,0.15,43,72,-29,653,548,105,--,1694.94,10.1,87.78,10650.43,0.62,7.7,0.16,0.3,8.24,1989,9.65
2426,鼎元,--,62,62,-6.8,-9.88,2422,0,15,0,0,15,787,1887,-1100,-0.44,-1887,0,0,0,1887,0,0.75,515,212,303,1220,423,797,--,233.36,11.39,3.12,2260.94,0.06,19.63,0.44,0.16,27.36,20559,30.06
2427,三商電,23.9,23.95,23.9,0.25,1.06,3594,51.27,-105,0,-1,-106,54,184,-130,-0.04,54,54,0,0,0,0.01,0,386,345,41,3170,3081,89,18.53,457.11,90.18,31.07,7418.13,0.28,18.91,1.66,2.93,10.79,5342,19.8
2428,興勤,272,272.5,272.5,-10.5,-3.71,2035,60.14,189,-1,11,199,1178,1133,45,0.02,-16,0,1117,1096,37,0.54,0.55,342,396,-54,559,550,9,24.77,867.74,0.62,29.74,8534.78,2.21,33.97,2.46,2.17,7.54,2415,12.81
2429,銘旺科,--,40.25,40.25,-4.45,-9.96,510,0,1,0,0,1,60,511,-451,-0.84,-511,0,0,0,511,0,0.96,55,0,55,421,25,396,--,28.94,-37.19,10.75,489.52,-0.45,4.24,-5.02,0,--,4546,8.55
2430,燦坤,18.25,18.3,18.3,-0.6,-3.17,216,46.98,-87,0,0,-87,0,0,0,0,0,0,0,0,0,0,0,0,42,-42,219,177,42,38.13,1458.4,8.89,-1.89,17602.21,0.07,14.8,0.2,4.37,0.27,78,11.68
2431,聯昌,10.75,10.8,10.75,-0.3,-2.71,314,42.59,-48,0,-1,-49,0,0,0,0,0,0,0,0,0,0,0,0,0,0,315,315,0,--,22.42,1.67,-47.88,300.92,-0.2,-6.38,-2.09,0,--,1855,11.09
2433,互盛電,43.5,43.6,43.6,-0.7,-1.58,69,25,-43,0,-4,-47,0,0,0,0,0,0,0,0,0,0,0,20,20,0,49,49,0,14.3,228.11,1.23,-0.24,2722.48,0.51,34.88,1.93,6.19,0.09,32,14.45
2434,統懋,32.7,32.75,32.7,-2.5,-7.1,81,37.5,13,0,2,15,0,0,0,0,0,0,0,0,0,0,0,0,0,0,81,81,0,--,4.47,1.04,-1.26,46.11,-0.13,-26.22,-1.01,0,4.08,97,3.7
2436,偉詮電,65.7,65.8,65.7,-5.7,-7.98,5240,32.32,-1794,0,-69,-1863,1356,2872,-1516,-0.29,-2048,0,824,1173,1699,0.15,0.54,972,791,181,2990,1655,1335,19.79,397.04,1.68,26.11,3994.49,0.7,33.54,3.23,3.04,14.59,7300,20.01
2438,翔耀,22.4,22.55,22.4,-1.75,-7.25,408,49.19,168,0,4,172,47,120,-73,-0.18,-73,0,47,120,0,0.11,0.29,37,0,37,326,290,36,--,38.3,-29.79,-28.01,518.13,-0.32,15.02,-5.05,0,--,0,7.12
2439,美律,90.1,90.3,90.1,-1.8,-1.96,2484,42.2,259,-5,-105,149,722,753,-31,-0.01,-86,0,667,611,142,0.26,0.3,580,595,-15,1221,1175,46,18.43,3741.67,15.72,6.06,48661.55,1.03,11.83,2.05,4.44,5.43,3446,25.36
2440,太空梭,17.5,17.55,17.5,-0.95,-5.15,2066,36.5,368,0,0,368,140,202,-62,-0.03,-62,0,140,0,202,0.07,0.1,290,354,-64,1645,1519,126,--,395.63,-2.58,44.93,3776.97,0.14,5.87,1.12,0,6.04,1565,13.91
2441,超豐,123.5,124,123.5,-8,-6.08,9413,40.93,1825,-5,-1216,604,6267,7012,-745,-0.08,-2119,0,4893,5032,1980,0.51,0.73,839,661,178,2466,1898,568,26.45,1744.36,4.79,20.92,18085.91,1.4,23.63,3.23,2.43,6.23,8856,56.88
2442,新美齊,19.5,19.55,19.55,-0.35,-1.76,2480,42.87,-249,0,0,-249,384,267,117,0.05,117,0,384,267,0,0.15,0.11,362,499,-137,1746,1726,20,3.72,177.52,-89.23,168.44,13586.04,1.14,28.85,7.17,13.81,6.11,4832,32.52
2444,兆勁,13.05,13.1,13.1,-0.4,-2.96,643,43.49,-47,0,2,-45,0,0,0,0,0,0,0,0,0,0,0,0,44,-44,645,601,44,--,72.32,-0.43,-14,1034.1,-0.51,0.85,-6.73,0,--,0,10.16
2449,京元電子,288.5,289,288.5,-21,-6.79,35502,35.43,-7089,-975,-1118,-9182,29243,31969,-2726,-0.07,-13304,0,18665,20833,11136,0.5,0.86,4313,2614,1699,3636,2609,1027,39.15,3776.93,0.91,36.61,39783.48,1.87,39.74,4.36,0.52,8.29,25354,122.27
2450,神腦,30.1,30.35,30.1,-0.8,-2.59,657,47.74,128,0,2,130,207,261,-54,-0.08,-54,0,207,261,0,0.31,0.39,20,57,-37,435,344,91,19.67,2663.79,-10.49,9.37,35083.18,0.25,9.67,1.03,5.15,0.26,171,25.83
2451,創見,294.5,295,294.5,-27,-8.4,10264,34.64,3329,-4135,-24,-830,8433,9048,-615,-0.06,-2237,0,6811,7251,1797,0.65,0.87,851,671,180,1177,742,435,9.52,6297.95,-15.46,469.83,39340.33,18.93,76.39,33.01,4.01,4.47,4812,43.13
2453,凌群,57.8,57.9,57.8,-2.7,-4.46,1076,51.72,327,0,11,338,88,21,67,0.06,67,0,88,21,0,0.08,0.02,189,298,-109,811,769,42,18.47,543.72,-11.38,6.79,7596.4,0.9,24.72,4.16,4.84,11.31,2828,10
2454,聯發科,4070,4075,4070,-230,-5.35,14336,52.11,-2498,536,-271,-2233,15240,15619,-379,-0.02,-1762,0,13857,14236,1383,0.88,0.99,224,70,154,363,127,236,65.18,46736.66,-26.07,-4.14,589786.2,15.17,46.3,6.04,1.31,2.85,11408,160.39
2455,全新,--,359.5,359.5,-39.5,-9.9,1535,6.45,290,0,-127,163,1373,1516,-143,-0.09,-1441,0,75,85,1431,0.05,0.97,131,92,39,196,91,105,113.41,320.79,0.69,46.51,3734.93,1.06,38.09,5.6,0.74,18.1,8381,18.67
2457,飛宏,28.2,28.25,28.25,-1.9,-6.3,10087,48.09,402,0,-366,36,2803,3420,-617,-0.06,-718,0,2702,3129,291,0.27,0.34,2020,1673,347,5315,5043,272,--,780.34,0.35,-9.4,9551.71,-0.34,21.18,-1.61,0,10.88,11554,42.48
2458,義隆,156,156.5,156.5,-2,-1.26,3180,54.15,-228,-12,-12,-252,2160,2099,61,0.02,-9,32,2048,2009,80,0.65,0.65,326,405,-79,735,715,20,18.3,1004.28,-12,3.59,12534.9,2.46,47.63,6.67,4.52,4.19,3184,30.39
2459,敦吉,67.9,68.1,67.9,-1.4,-2.02,291,31.29,-108,0,0,-108,40,74,-34,-0.12,-74,0,0,0,74,0,0.25,54,58,-4,200,162,38,12.98,433.7,-0.15,-4.15,4963.91,1.41,30.51,2.47,6.19,0.53,141,10.56
2460,建通,29.85,29.9,29.85,-2.3,-7.15,783,23.92,-79,0,2,-77,0,35,-35,-0.04,-35,0,0,35,0,0,0.04,21,36,-15,774,724,50,--,427.6,-0.38,71.83,3941.31,0.11,11.43,1.22,0,--,348,16.92
2461,光群雷,20.1,20.15,20.1,0.6,3.08,11582,49.63,30,0,-22,8,1438,2484,-1046,-0.09,-137,404,1034,1100,475,0.12,0.14,2299,2737,-438,7873,6388,1485,--,447.94,5.25,3.08,5303.77,0.3,26.61,1.06,0,18.9,9068,19.19
2462,良得電,24.15,24.2,24.2,-0.75,-3.01,1009,44.96,193,0,0,193,0,152,-152,-0.15,-152,0,0,52,100,0,0.15,143,39,104,873,825,48,345.71,353.83,3.24,-8.76,4024.79,0.01,8.7,0.04,0.83,9.17,2797,15.08
2464,盟立,--,148.5,148.5,-16.5,-10,1985,0,32,0,-115,-83,1097,1673,-576,-0.26,-1667,0,7,26,1648,0,0.76,413,169,244,714,382,332,--,654.29,0.34,23.09,6939.71,0.24,18.67,0.98,0.34,25.19,12996,21.04
2465,麗臺,79.4,79.5,79.4,-3.9,-4.68,1395,45.32,145,0,-3,142,301,276,25,0.02,-75,0,201,210,66,0.14,0.2,195,277,-82,914,857,57,60.15,704.38,-18.41,135.34,6162.22,1.15,10.65,9.41,0,13.57,2339,9.39
2466,冠西電,44,44.05,44,-0.6,-1.35,660,56.83,-9,0,-3,-12,90,95,-5,-0.01,-30,39,26,0,95,0.1,0.14,65,43,22,507,524,-17,58.67,70.82,21.75,-27.21,876.91,0.03,7.19,0.26,0,12.1,4954,17.35
2467,志聖,567,568,568,-12,-2.07,1758,58.96,485,0,-28,457,1315,1223,92,0.05,-73,0,1150,1074,149,0.63,0.67,451,560,-109,56,38,18,77.7,1022.23,14.7,74.55,7905.75,3.06,49.47,6.19,0.97,5.76,2258,16.24
2468,華經,44.95,--,44.95,4.05,9.9,10905,67.11,139,0,60,199,3626,2150,1476,0.14,3346,3446,26,26,100,0.32,0.01,1236,1795,-559,6080,6996,-916,35.12,175.97,-19.86,-16.69,2506.59,0.3,10.73,1.66,2.22,23.13,4046,7
2471,資通,53.6,54,53.6,0,0,351,53.94,101,0,26,127,0,0,0,0,0,0,0,0,0,0,0,36,30,6,320,326,-6,13.96,73.67,-3.74,6.07,1033.11,0.49,31.14,2.42,6.18,12.18,1439,4.73
2472,立隆電,338.5,339.5,339,-24.5,-6.74,2208,18,-54,0,-45,-99,1488,1554,-66,-0.04,-422,0,1132,1198,356,0.74,1.02,261,289,-28,582,487,95,39.19,1209.88,1.17,29.96,11972.08,1.6,30.01,2.81,1.03,36.67,15103,16.47
2474,可成,220,220.5,220,-10.5,-4.56,18976,47.31,2649,-1124,-103,1422,14451,15573,-1122,-0.06,-2180,0,13393,14484,1089,0.7,0.81,1152,997,155,3606,2638,968,21.53,958.62,-20.15,-36.19,17515.99,2.63,28.8,1.06,4.62,7.7,10801,53.88
2476,鉅祥,117.5,118,118,-2,-1.67,4592,54.27,868,0,-143,725,3022,2901,121,0.03,-798,0,2103,1891,1010,0.45,0.63,548,549,-1,1065,1184,-119,27,838.72,3.13,48.67,8402.8,1.14,29.92,2.82,2.54,55.72,30493,21.89
2477,美隆電,22.55,22.6,22.55,-0.8,-3.43,219,39.25,-39,0,2,-37,0,0,0,0,0,0,0,0,0,0,0,0,0,0,221,221,0,13.92,197.76,27.56,27.19,2523.82,0.11,26.62,0.41,6.21,3.1,1228,15.86
2478,大毅,152,152.5,152,2,1.33,3854,49.69,-612,0,-63,-675,2074,2106,-32,-0.01,-193,579,935,1013,694,0.49,0.55,592,571,21,1261,1251,10,41.53,542.15,-3.39,11.58,5615.65,1.14,25.01,2.24,1.32,24.56,8888,14.47
2480,敦陽科,159,159.5,159.5,-2,-1.24,697,52.92,-120,-3,3,-120,365,298,67,0.09,26,0,324,257,41,0.45,0.42,84,149,-65,268,270,-2,19.01,769.55,5.72,7.95,8804.03,2.63,23.46,8.59,4.89,2.13,567,10.64
2481,強茂,--,148.5,148.5,-16.5,-10,17613,27.43,-1384,0,-433,-1817,13011,14936,-1925,-0.11,-5413,0,9523,10834,4102,0.53,0.83,2103,1161,942,2904,1922,982,47.14,1297.4,4.44,8.76,13549.71,0.75,32.74,1.93,1.21,13.87,13252,38.21
2482,連宇,16.65,16.75,16.7,-0.6,-3.47,262,51.25,-22,0,0,-22,0,0,0,0,0,0,0,0,0,0,0,32,31,1,244,245,-1,--,30.19,-27.99,-38.57,473.98,-0.23,38.24,-1.67,0.6,10.8,2102,7.79
2483,百容,33.45,--,33.45,3,9.85,10855,54.1,-1270,0,-18,-1288,1771,1512,259,0.02,694,1329,391,726,300,0.16,0.09,1341,1712,-371,7764,7652,112,36.36,181.04,-3.09,15,1866.56,0.15,13.23,0.64,0.9,11.54,3112,10.79
2484,希華,55.3,55.4,55.3,2.5,4.73,35286,57.42,2071,0,29,2100,13703,11675,2028,0.06,11055,12039,1410,2101,293,0.38,0.07,5346,6058,-712,16418,17734,-1316,74.73,214.84,-8.07,4.72,2379.78,0.33,22.2,1.32,1.27,37.82,15074,15.94
2485,兆赫,63.2,63.3,63.2,-4.3,-6.37,10145,46.57,1232,0,-756,476,3896,4473,-577,-0.06,-897,0,3576,3922,551,0.35,0.44,1488,1440,48,4920,4391,529,1580,381.29,-7.71,38.27,3341.35,0.41,22.49,2.5,0,23.77,18878,31.77
2486,一詮,--,252,252,-27.5,-9.84,7407,14.22,-2556,0,-2,-2558,6217,6978,-761,-0.1,-5968,0,1010,1581,5397,0.13,0.91,739,370,369,705,313,392,494.12,693.51,3.96,31.37,6599.62,0.29,21.05,1.12,0.2,35.47,20779,23.6
2488,漢平,52.2,52.5,52.2,-1.3,-2.43,221,36.95,-72,0,-1,-73,0,0,0,0,0,0,0,0,0,0,0,37,28,9,185,194,-9,11.25,303.41,45.36,29.78,2973.55,0.92,24.51,2.58,5.75,2.77,553,8
2489,瑞軒,--,43.6,43.6,-4.8,-9.92,6756,0,-34,10,-114,-138,2701,6530,-3829,-0.54,-6530,0,0,0,6530,0,0.93,1789,146,1643,2582,397,2185,40,2348.23,-0.3,14.28,25417.68,0.15,8.69,0.72,2.75,40.09,61134,61
2491,吉祥全,--,31.25,31.25,-3.45,-9.94,419,0,13,0,0,13,35,288,-253,-0.62,-288,0,0,0,288,0,0.71,117,20,97,271,115,156,9.08,15.77,15,0.73,171.7,0.85,14.86,8.43,0,14.51,2974,8.2
2492,華新科,399.5,400,400,-16,-3.85,3116,52.42,997,-48,-119,830,2776,2538,238,0.09,-787,0,1751,1492,1046,0.64,0.93,147,237,-90,347,473,-126,76.63,3705.15,8.87,16.04,37804.98,1.69,18.3,1.55,0.63,10.74,13028,48.52
2493,揚博,164,164.5,164,-14,-7.87,4828,34.34,-260,10,-89,-339,3062,3752,-690,-0.14,-1803,0,1949,2496,1256,0.4,0.77,548,310,238,1293,841,452,38.77,300.39,-1.92,-3.11,3769.13,1.26,29.19,5.19,2.44,37.69,11948,12.68
2495,普安,46.5,46.55,46.5,-3,-6.06,5004,50.56,785,12,-94,703,1548,1026,522,0.1,268,0,1294,976,50,0.26,0.2,928,998,-70,2569,3021,-452,40.79,137.42,-6.25,36.72,1309.14,0.33,39.81,1.95,1.72,13.99,9567,27.36
2496,卓越,64.5,64.6,64.5,-0.8,-1.23,21,23.81,-2,0,0,-2,0,0,0,0,0,0,0,0,0,0,0,0,0,0,21,21,0,10.08,70.66,-3.56,2.05,888.01,1.65,55.51,3.54,7.75,0.86,41,1.91
2497,怡利電,60.8,61,60.8,-1.8,-2.88,822,48.62,89,-1,1,89,40,41,-1,0,-21,0,20,19,22,0.02,0.05,86,87,-1,704,702,2,24.32,454.55,-5.95,36.18,4742.4,0.8,26.29,3.68,3.29,12.29,3628,13.09
2498,宏達電,42.6,42.65,42.6,-3.3,-7.19,11335,39.95,-1314,0,-957,-2271,3431,5269,-1838,-0.16,-2754,0,2515,2546,2723,0.22,0.46,1516,1428,88,6472,4723,1749,20.58,170.43,12.59,-22.02,2791.43,-0.29,41.7,-0.9,1.17,14.64,30605,83.61
2501,國建,23.9,23.95,23.95,-0.15,-0.62,4980,43.09,1756,0,-5,1751,2980,1933,1047,0.21,1047,125,2855,1933,0,0.6,0.39,743,887,-144,1270,2173,-903,6.19,1122.76,-75.19,13.23,30419.7,1.21,24.15,4.84,5.01,1.61,4670,115.96
2504,國產,35.4,35.45,35.4,-0.9,-2.48,3584,41.02,-666,-5,33,-638,1142,1813,-671,-0.19,-934,0,879,1070,743,0.24,0.5,818,659,159,1642,1130,512,10.79,1915.18,5.96,-6.12,21880.15,0.7,26.62,2.96,7.34,1.4,4125,118
2505,國揚,17.75,17.9,17.75,-0.2,-1.11,271,35.6,-5,0,-4,-9,0,0,0,0,0,0,0,0,0,0,0,30,64,-34,243,209,34,8.92,-0.97,-100.23,-166.94,4100.91,0.17,26.93,0.58,5.63,3.05,2894,38
2506,太設,8.88,8.94,8.9,-0.08,-0.89,115,34.21,-14,0,6,-8,0,0,0,0,0,0,0,0,0,0,0,0,0,0,117,117,0,--,172.52,-10.22,182.93,1237.26,0.13,52.05,0.55,2.25,2.56,1922,38.7
2509,全坤建,13.1,13.15,13.1,0,0,175,42.86,-30,0,0,-30,0,0,0,0,0,0,0,0,0,0,0,0,0,0,181,181,0,--,20.95,2.73,-0.65,257.25,-0.45,27.57,-2.49,0,1.34,750,22.46
2511,太子,7.92,7.93,7.93,-0.1,-1.25,1413,46.44,21,0,-7,14,0,0,0,0,0,0,0,0,0,0,0,0,98,-98,1421,1323,98,22.66,679.87,2.52,1.98,9671.12,0.06,30.48,0.36,3.78,0.86,3471,162.33
2514,龍邦,13.35,13.4,13.35,-0.4,-2.91,132,43.55,8,0,3,11,0,0,0,0,0,0,0,0,0,0,0,0,0,0,143,143,0,8.4,1703.33,-2.83,2.82,22388.87,0.42,13.36,1.37,0,17.49,17264,39.47
2515,中工,12.95,13,12.95,-0.2,-1.52,12616,47.33,55,-1,-72,-18,7562,6715,847,0.07,-1549,0,5167,3894,2822,0.41,0.53,1499,2034,-535,3594,3905,-311,26.98,2162.34,11.04,52.63,23302.75,0.16,8.72,1.12,3.86,6.9,27739,160.79
2516,新建,12.9,12.95,12.95,0.3,2.37,932,69.68,58,0,3,61,210,192,18,0.02,210,210,0,0,0,0.22,0,41,60,-19,683,682,1,10.97,513.49,-6.8,-44.55,9335.91,0.25,5.64,2.71,0,--,0,22.63
2520,冠德,31.45,31.55,31.45,-0.65,-2.02,1495,43.66,127,0,4,131,569,356,213,0.14,213,0,569,356,0,0.38,0.24,348,382,-34,590,769,-179,13.44,2622.65,71.6,66.98,24061.6,0.52,23.48,1.51,5.09,2.56,3903,60.95
2524,京城,34.05,34.15,34.1,-2.15,-5.93,106,17.98,-41,0,4,-37,0,0,0,0,0,0,0,0,0,0,0,0,0,0,107,107,0,59.82,135.76,-29.63,-48.78,2309.09,0.36,48.54,0.62,0,3.47,3171,36.6
2527,宏璟,34.55,34.75,34.55,-1.8,-4.95,361,32.1,-47,0,-2,-49,0,0,0,0,0,0,0,0,0,0,0,55,51,4,309,313,-4,7.04,28.95,-99.36,3.72,5072.12,3.45,27.5,4.56,4.34,4.76,3217,27.03
2528,皇普,21.65,21.85,21.65,-1.7,-7.28,1687,32.39,-661,0,-1,-662,56,270,-214,-0.13,-270,0,0,101,169,0,0.16,160,313,-153,1484,1117,367,9.06,17.29,9049.21,-98.93,8012.96,-0.11,7.92,-0.61,13.86,5.44,5930,43.6
2530,華建,19.2,19.25,19.25,-0.35,-1.79,1020,43.11,285,-17,40,308,0,115,-115,-0.11,-115,0,0,55,60,0,0.11,125,184,-59,899,725,174,9.77,0.83,-99.45,-96.84,6338.74,-0.04,19.68,-0.32,9.14,2.74,5767,84.13
2534,宏盛,18,18.05,18.05,-0.35,-1.9,1017,45.26,131,0,-3,128,234,166,68,0.07,68,0,234,166,0,0.23,0.16,148,213,-65,646,649,-3,17.52,32.98,-60.39,-96.86,2099.12,-0.02,73.99,-0.08,8.31,9.93,11774,47.42
2535,達欣工,85.6,86,85.6,2.2,2.64,1330,61.97,359,0,-124,235,406,107,299,0.22,406,406,0,0,0,0.3,0,354,205,149,598,1046,-448,10.69,1982.63,-36.43,-20.42,24121.04,2.88,14.3,7.15,5.37,0.48,325,27.08
2536,宏普,20.5,20.55,20.55,-0.05,-0.24,321,34.33,-87,0,0,-87,0,0,0,0,0,0,0,0,0,0,0,25,0,25,296,321,-25,6.21,4047.44,9513.2,367.43,12290.34,0.15,22.46,0.38,9.73,8.72,7253,33.28
2537,聯上發,10.05,10.1,10.05,-0.1,-0.99,949,51.15,191,0,0,191,0,0,0,0,0,0,0,0,0,0,0,254,110,144,698,842,-144,31.41,71.21,145.91,128.49,2232.13,0.4,21.38,2.66,0,4.48,3368,30.06
2538,基泰,9.98,10,10,-0.1,-0.99,415,42.79,-98,0,0,-98,0,0,0,0,0,0,0,0,0,0,0,0,0,0,417,417,0,27.78,26.24,-17.62,32.83,302.16,0.02,96.3,0.15,5,2.34,2598,44.5
2539,櫻花建,36.6,36.65,36.6,-0.75,-2.01,1240,43.44,201,15,26,242,176,122,54,0.04,54,0,176,122,0,0.14,0.1,191,404,-213,892,734,158,12.93,2065.07,545.62,559.1,12727.43,0.68,45.36,4.45,7.65,0.72,2162,119.31
2540,愛山林,51.2,51.3,51.2,-1.8,-3.4,761,38.22,-287,0,-4,-291,72,204,-132,-0.17,-204,0,0,0,204,0,0.26,100,198,-98,615,385,230,83.93,537.63,0.8,-71.34,9258.17,-0.01,16.66,-0.07,11.72,1.29,3057,94.49
2542,興富發,41.8,41.9,41.9,-1.1,-2.56,19450,63.78,-9843,8991,-191,-1043,13211,15632,-2421,-0.12,-2506,0,13126,15535,97,0.67,0.8,1333,1131,202,5042,2824,2218,13.3,7166.9,-0.36,4077.66,52880.12,1.15,30.11,4.98,9.55,1.48,8035,217.31
2543,皇昌,47.5,47.55,47.5,-1.8,-3.65,4783,39.89,-964,0,-22,-986,1305,1355,-50,-0.01,-1355,0,0,0,1355,0,0.28,545,863,-318,2961,2594,367,19.15,1548.46,15.57,86.14,13576.99,0.37,13.32,1.89,3.16,9.2,12158,52.85
2545,皇翔,37.6,37.8,37.6,-0.75,-1.96,362,56.1,114,0,0,114,0,0,0,0,0,0,0,0,0,0,0,19,20,-1,346,345,1,25.41,256.77,-75.68,-86.38,5496.94,-0.01,16.86,-0.03,7.45,3.02,2863,37.97
2546,根基,88.6,88.8,88.7,0.8,0.91,255,57.77,35,0,-2,33,16,18,-2,-0.01,16,16,0,0,0,0.06,0,17,16,1,235,234,1,9.33,1925.44,39.19,19.08,22140.77,1.43,7.76,3.05,6.76,0.19,63,13.05
2547,日勝生,10.6,10.65,10.65,0.15,1.43,5176,59.29,2133,0,17,2150,2369,1414,955,0.18,1777,1739,630,592,0,0.46,0.11,912,637,275,1906,3136,-1230,76.07,352.01,-49.34,-17.08,6341.6,0.06,50.58,0.54,7.51,4.46,11551,103.51
2548,華固,101.5,102,101.5,-2,-1.93,3564,45.15,311,0,126,437,2947,2979,-32,-0.01,-253,0,2726,2716,263,0.76,0.83,224,199,25,425,418,7,7.92,316.32,-67.05,9203.56,23703.33,2.28,26,3.38,8.37,2.68,2145,31.97
2596,綠意,28.6,28.8,28.8,-0.8,-2.7,80,28.77,-20,0,0,-20,0,0,0,0,0,0,0,0,0,0,0,17,0,17,64,81,-17,18,94.16,7.31,-70.46,849.73,0.2,38.39,0.78,5.21,8.77,2192,10
2597,潤弘,184,184.5,184.5,0,0,4221,70.94,-811,1710,-1,898,3180,3071,109,0.03,2336,2542,571,704,73,0.73,0.18,390,425,-35,697,771,-74,16.24,2729.07,18.23,16.53,32524.49,2.38,17.7,7.32,5.24,0.29,223,31.07
2601,益航,5.89,5.9,5.89,-0.28,-4.54,3453,43.93,619,0,8,627,172,220,-48,-0.01,-48,0,172,220,0,0.05,0.06,173,250,-77,3121,2996,125,--,123.25,-2.09,-64.6,3396.39,-0.02,26.95,0.15,0,--,838,82.48
2603,長榮,224,224.5,224,-8,-3.45,22118,46.01,-1874,-3767,328,-5313,19084,19979,-895,-0.04,-1710,0,18269,19206,773,0.81,0.89,1053,811,242,2312,1658,654,9.79,34656.23,10.51,31.41,365036.83,3.84,15.47,1.46,7.14,2.35,12720,216.5
2605,新興,30.95,31,31,-1.1,-3.43,4926,54.3,668,0,-90,578,1444,1318,126,0.03,67,0,1385,1198,120,0.28,0.27,650,1028,-378,2870,2618,252,14.83,403.24,-23.88,-5.46,4897.85,0.66,42.65,2.21,3.23,7.86,11507,58.54
2606,裕民,68.1,68.2,68.2,-2.6,-3.67,4802,39.74,-858,56,-212,-1014,2613,3294,-681,-0.14,-1873,0,1421,1831,1463,0.29,0.68,632,576,56,1591,967,624,13.09,1691.3,15.26,38.67,16500.55,1.17,31.88,2.49,4.11,1.22,2584,84.51
2607,榮運,48.6,48.75,48.6,-0.8,-1.62,779,47.1,-33,0,67,34,236,92,144,0.18,144,0,236,92,0,0.3,0.12,133,166,-33,418,529,-111,10.27,1436.64,0.23,1.4,16495.98,1.04,21.76,1.79,5.56,0.74,988,53.36
2608,嘉里大榮,29.9,29.95,29.9,-0.2,-0.66,541,43.76,20,0,0,20,100,121,-21,-0.04,-71,0,50,64,57,0.09,0.22,95,78,17,351,347,4,14.88,1048.13,-4.52,-2.32,12864.19,0.47,18.59,2.06,5.52,1.11,1291,46.7
2609,陽明,51.7,51.8,51.7,-2.8,-5.14,66515,34.47,11897,-28955,-146,-17204,49345,60090,-10745,-0.16,-58422,0,1668,2242,57848,0.02,0.9,6039,2381,3658,11414,4327,7087,16.79,14227.64,14.23,13.88,158631.81,0.41,7.3,0.46,3.87,4,34916,349.21
2610,華航,19.05,19.1,19.05,-0.9,-4.51,59406,45.01,-28513,-25,-515,-29053,40519,50674,-10155,-0.17,-20964,0,29710,34440,16234,0.5,0.85,5367,2304,3063,13633,6542,7091,7.38,20854.47,0.33,16.49,216353.46,0.85,20.6,5.55,4.3,3.22,49473,614.5
2611,志信,13.9,13.95,13.9,-0.25,-1.77,989,22.9,137,0,2,139,400,298,102,0.1,102,0,400,298,0,0.4,0.3,0,95,-95,596,603,-7,10.61,127.67,-42.1,119.47,927.03,0.28,26.51,2.03,3.74,4.44,2098,18.9
2612,中航,54.7,54.8,54.8,-2.6,-4.53,1286,43.98,-213,0,-10,-223,274,404,-130,-0.1,-229,0,175,156,248,0.14,0.31,196,254,-58,827,639,188,9.98,434.94,-6.42,9.05,4938.86,1.24,33.39,1.8,4.01,4.51,2225,19.75
2613,中櫃,21.9,22,22,-0.4,-1.79,346,51.04,64,0,0,64,0,0,0,0,0,0,0,0,0,0,0,0,54,-54,355,301,54,21.78,292.72,2.31,6.09,3441.38,0.18,13.46,0.77,4.55,5.97,2214,14.84
2614,東森,18.95,19,18.95,-0.3,-1.56,1045,57.67,44,0,-6,38,103,102,1,0,1,0,103,102,0,0.1,0.1,28,60,-32,925,894,31,9.29,406.24,1.18,-12.99,5363.56,0.3,29.88,1.32,6.33,6.77,5535,32.73
2615,萬海,84.5,84.6,84.6,-1.5,-1.74,16195,45.2,1493,-5,-317,1171,11963,11314,649,0.04,-1179,0,10134,8999,2314,0.62,0.69,1346,1715,-369,2985,3265,-280,7.8,12930.77,22.89,13.05,138418.02,2.73,22.76,2.73,3.55,2.95,20680,280.61
2616,山隆,13.55,13.65,13.6,-0.25,-1.81,336,36.42,41,0,17,58,0,0,0,0,0,0,0,0,0,0,0,0,0,0,344,344,0,--,774.79,0.55,17.22,8273.89,-1.37,7.37,-6.97,2.21,1.75,599,13.73
2617,台航,29.15,29.2,29.15,-0.45,-1.52,694,42.02,-18,0,3,-15,0,0,0,0,0,0,0,0,0,0,0,120,67,53,576,629,-53,8.81,450.4,15.93,33.31,4503.69,0.71,41.99,1.65,5.15,2.44,2541,41.73
2618,長榮航,36.35,36.4,36.4,-1.3,-3.45,52578,51.84,-2348,-7628,-210,-10186,38730,44964,-6234,-0.12,-22522,0,22442,23138,21826,0.43,0.85,3921,2339,1582,10075,5424,4651,6.91,21968.79,1.77,18.89,229395.61,1.53,26.22,6.09,5.49,3.14,42332,540.04
2630,亞航,39.75,39.8,39.75,-2,-4.79,1241,40.66,73,0,-20,53,159,164,-5,0,-5,0,159,164,0,0.13,0.13,202,279,-77,895,813,82,42.29,361.09,16.43,-29.25,5050.13,0.09,9.11,0.52,2.26,10.64,5573,20.94
2633,台灣高鐵,25.1,25.15,25.1,-0.4,-1.57,15108,42.25,-4250,-5,47,-4208,11649,13134,-1485,-0.1,-7270,0,5864,5795,7339,0.39,0.87,1027,793,234,2475,1224,1251,9.69,4711.04,-1.82,3.5,55607.13,0.37,46.85,2.84,4.58,0.45,2949,562.83
2634,漢翔,45,45.1,45,-1.55,-3.33,4399,45.4,-145,-1,-17,-163,844,1240,-396,-0.09,-612,0,628,1028,212,0.14,0.28,921,765,156,2705,2465,240,56.25,3452.47,19.08,18.86,36364.87,0.28,7.8,1.45,1.73,9.66,22737,94.19
2636,台驊控股,69.6,69.8,69.7,-1,-1.41,430,50,16,0,30,46,16,31,-15,-0.03,-15,0,16,31,0,0.04,0.07,65,100,-35,355,305,50,10.58,1889.05,13.85,10.46,20247.79,1.1,15.67,1.51,7.17,1.86,659,14.18
2637,慧洋-KY,78.5,78.7,78.5,-2.1,-2.61,10339,33.78,-1194,143,-38,-1089,6429,7551,-1122,-0.11,-594,1405,3914,4593,1320,0.51,0.57,1193,778,415,2763,2057,706,11.03,1817.17,10.41,45.87,18528.32,1.6,28.68,2.42,4.46,1.81,3381,74.64
2640,大車隊,157,159,157,-6,-3.68,20,35,-14,0,0,-14,0,0,0,0,0,0,0,0,0,0,0,6,5,1,15,16,-1,17.03,277.6,2.96,9.64,3198.38,2.36,50.31,6.65,5.1,3.59,532,5.93
2641,正德,19,19.05,19,-0.55,-2.81,3881,39.44,-211,0,-102,-313,1000,1175,-175,-0.04,-346,0,829,928,247,0.21,0.3,525,822,-297,2378,1907,471,7.92,197.96,-3.89,6.84,2481.42,0.71,39.91,2.69,2.63,12.83,10596,33.03
2642,宅配通,20.25,20.3,20.3,-0.5,-2.4,133,47.73,-33,0,0,-33,0,0,0,0,0,0,0,0,0,0,0,0,0,0,142,142,0,--,256.57,-2.21,-17.01,3591.46,-0.75,4.17,-3.69,2.46,2.47,589,9.55
2643,捷迅,65.7,66,65.8,-0.8,-1.2,34,32.35,-2,0,0,-2,0,0,0,0,0,0,0,0,0,0,0,0,0,0,35,35,0,12.63,648.78,6.43,6.72,7830.9,0.68,7.34,1.19,6.84,0.69,60,3.5
2645,長榮航太,166,166.5,166,-3.5,-2.06,1746,58.66,83,0,-8,75,996,997,-1,0,-68,0,929,837,160,0.52,0.56,254,217,37,529,565,-36,25.34,1708.81,0.64,11.75,18908.5,2.58,27.54,7.37,3.01,3.09,2891,37.46
2646,星宇航空,20,20.05,20.05,-0.45,-2.2,10409,36.75,-3888,-1,-20,-3909,3394,6869,-3475,-0.33,-3621,0,3248,6408,461,0.31,0.65,1214,1062,152,5897,2574,3323,222.78,4680.26,-1,30.12,47701.74,0.3,20.17,2.88,0,0.53,3978,300.87
2701,萬企,10.35,10.4,10.35,-0.25,-2.36,93,41.76,-34,0,0,-34,0,0,0,0,0,0,0,0,0,0,0,0,0,0,95,95,0,18.16,20.63,-0.54,-10.33,261.91,0.11,80.59,0.6,2.71,0.6,670,45
2702,華園,12.85,12.9,12.85,-0.45,-3.38,66,41.54,-7,0,0,-7,0,0,0,0,0,0,0,0,0,0,0,0,0,0,75,75,0,--,117.38,-15.76,1.79,1416.37,0.19,89.36,0.92,0,1.1,432,15.66
2704,國賓,41.95,42.1,41.95,-0.65,-1.53,302,27.74,-72,0,4,-68,120,64,56,0.19,-34,0,30,33,31,0.1,0.21,12,96,-84,170,142,28,23.44,107.98,6.43,-2.08,1364.44,0.16,29.89,0.23,1.19,0.24,224,36.69
2705,六福,15.45,15.6,15.45,-0.25,-1.59,223,27.85,67,0,0,67,0,0,0,0,0,0,0,0,0,0,0,0,80,-80,229,149,80,16.79,172.16,1.4,-10.34,2245.4,-0.21,28.27,-0.8,0,1.21,563,19.13
2706,第一店,12.1,12.3,12.15,-0.2,-1.62,223,32.24,-47,0,-3,-50,0,0,0,0,0,0,0,0,0,0,0,0,0,0,230,230,0,18.13,30.02,-5.02,4.3,379.19,0.14,77.5,0.68,2.88,0.67,833,50
2707,晶華,178,178.5,178.5,-2.5,-1.38,274,38.15,68,0,10,78,148,80,68,0.24,-80,0,0,0,80,0,0.28,41,97,-56,95,107,-12,12.75,513.14,-15.09,0.56,6927,5.73,35.95,18.11,6.02,0.35,113,12.74
2712,遠雄來,14.5,15,14.5,-0.65,-4.29,21,0,0,0,0,0,0,0,0,0,0,0,0,0,0,0,0,0,0,0,21,21,0,--,39.5,41.69,2.51,536.48,-0.14,15.88,-1.43,0,--,7,10.5
2718,全心投控,47.3,47.35,47.3,-0.1,-0.21,95,40.43,-12,0,0,-12,0,0,0,0,0,0,0,0,0,0,0,29,0,29,66,95,-29,2.51,35.78,11.77,-93.77,2605.12,2.63,54.76,3.59,11.63,1.62,294,8.76
2719,燦星旅,24.65,24.8,24.65,-0.75,-2.95,17,6.67,-1,0,0,-1,0,0,0,0,0,0,0,0,0,0,0,0,0,0,17,17,0,54.78,100.99,-17.44,-29.28,1785.3,0.75,16.71,7.11,0,3.3,71,6.92
2722,夏都,22.65,22.75,22.7,-0.65,-2.78,62,29.51,-8,0,2,-6,0,0,0,0,0,0,0,0,0,0,0,0,0,0,63,63,0,--,48.92,7.5,0.01,567.09,-0.21,22.59,-1.31,0,1.03,369,14.32
2723,美食-KY,63,63.1,63,-0.9,-1.41,299,48.32,93,0,6,99,20,0,20,0.07,20,0,20,0,0,0.07,0,101,74,27,180,227,-47,--,1368.64,-1.37,-15.51,17064.54,1.31,61.06,2.35,0,4.97,2237,18
2724,藝舍-KY,11.8,12.5,12.5,0.2,1.63,19,38.89,0,0,0,0,0,0,0,0,0,0,0,0,0,0,0,0,0,0,19,19,0,--,31.6,188.64,44.88,170.69,-0.43,-28.83,-5.92,0,--,0,5.97
2726,雅茗-KY,9.73,9.9,9.75,-0.4,-3.94,55,16.36,-2,0,0,-2,0,0,0,0,0,0,0,0,0,0,0,0,0,0,55,55,0,--,36.3,-34.81,-33.06,537.83,-0.33,64.47,-3.5,0,--,376,3.79
2727,王品,241.5,242,241.5,-4.5,-1.83,517,48.32,131,0,25,156,291,245,46,0.09,41,0,286,245,0,0.53,0.45,85,92,-7,163,202,-39,14.52,2358.78,22.42,15.02,24455.39,5.04,47.64,9.17,6.67,1.82,378,8.29
2729,瓦城,156,156.5,156.5,-2,-1.26,41,17.07,-4,0,0,-4,0,17,-17,-0.37,-17,0,0,8,9,0,0.37,5,5,0,41,24,17,26.04,497.22,9.74,13.68,6220.02,1.64,49.44,2.76,4.35,0.3,32,4.3
2731,雄獅,171.5,172,172,-1.5,-0.86,2897,64.36,-277,0,-81,-358,1895,1970,-75,-0.03,-150,0,1820,1881,89,0.62,0.67,323,422,-99,729,555,174,10.06,2845.56,4.32,9.76,31508.3,4.17,15.95,7.26,7.44,4.7,1096,9.33
2732,六角,63.7,65.9,65.8,0.8,1.23,75,70.67,-15,0,0,-15,31,0,31,0.4,31,31,0,0,0,0.4,0,0,0,0,46,77,-31,34.27,435.04,0.51,24.29,4896.75,1.1,49.63,2.77,5.32,2.42,281,4.65
2734,易飛網,15.15,15.3,15.2,-0.3,-1.94,104,38.83,-27,0,0,-27,0,0,0,0,0,0,0,0,0,0,0,0,0,0,106,106,0,--,148.87,-11.31,19.88,1821.46,0.17,15.66,1.5,0,4.09,586,5.73
2736,富野,12.1,12.2,12.15,-0.2,-1.62,81,66.67,8,0,0,8,0,0,0,0,0,0,0,0,0,0,0,0,0,0,82,82,0,--,47.67,-5.46,18.42,544.12,-0.1,53.75,-0.65,0,4.53,679,8
2739,寒舍,35.55,35.85,35.8,-0.15,-0.42,150,42.55,-1,0,0,-1,0,0,0,0,0,0,0,0,0,0,0,19,20,-1,132,131,1,11.78,391.11,-15.75,5.94,5215.66,1.3,40.61,7.65,7.21,4.37,1001,9.15
2740,華軒,26.95,27,26.95,-2.4,-8.18,20,38.46,0,0,0,0,0,0,0,0,0,0,0,0,0,0,0,0,0,0,20,20,0,--,4.1,-1.28,-58.81,87.23,-1.32,35.3,-17.62,0,--,0,1.68
2743,山富,68.5,68.8,68.5,-1.4,-2,161,34.81,20,0,-1,19,0,0,0,0,0,0,0,0,0,0,0,13,20,-7,151,144,7,35.13,552.53,9.78,4.64,6820.33,1.71,12.37,6.59,4.67,9.19,1075,4.68
2745,五福,104,104.5,104.5,-2,-1.88,256,42.74,31,0,0,31,108,90,18,0.07,-90,0,0,0,90,0,0.35,32,58,-26,118,110,8,11.41,811.92,-12.4,11.52,9196.33,3.44,14.83,11.15,7.18,13.19,1115,3.38
2748,雲品,39.4,39.5,39.45,-0.6,-1.5,191,26.78,19,0,3,22,0,0,0,0,0,0,0,0,0,0,0,0,33,-33,194,161,33,18.97,173.45,-9.8,5.02,2470.04,0.94,33.66,3.32,4.44,2.66,703,10.58
2751,王座,50.9,51.8,51,-2.1,-3.95,8,0,0,0,0,0,0,0,0,0,0,0,0,0,0,0,0,0,0,0,8,8,0,10.9,170.3,6.98,30.73,1992.51,1.01,50.05,4.91,7.82,0.08,4,1.98
2752,豆府,175,177,177.5,-0.5,-0.28,10,40,1,0,0,1,0,0,0,0,0,0,0,0,0,0,0,0,0,0,12,12,0,11.62,344.56,3.53,13.56,4208.17,4.08,53.04,8.63,7.61,--,0,2.67
2753,八方雲集,180,181,180,-0.5,-0.28,403,54.62,194,-3,0,191,226,168,58,0.14,58,59,144,106,39,0.49,0.35,73,78,-5,118,171,-53,13.36,761.09,-6.24,7.91,8932.41,3.56,36.45,5.54,6.67,4.39,731,6.66
2754,亞洲藏壽司,67,67.1,67,-1.6,-2.33,77,17.11,-1,0,0,-1,0,0,0,0,0,0,0,0,0,0,0,10,14,-4,69,65,4,16.3,442.88,-3.58,4.49,5875.33,1.42,40.72,3.74,1.49,2.52,295,4.69
2755,揚秦,135,136,136,0,0,35,75.86,-1,0,0,-1,0,0,0,0,0,0,0,0,0,0,0,4,4,0,33,33,0,20.67,279.62,-0.46,18.4,3231.22,1.65,27.31,5.57,4.41,0.7,65,3.74
2756,聯發國際,57.7,58.1,57.7,-1.3,-2.2,18,47.06,-2,0,0,-2,0,0,0,0,0,0,0,0,0,0,0,0,0,0,19,19,0,14.87,91.33,-20.08,-7.6,1268.98,0.51,49.01,2.23,5.72,3.95,243,2.46
2762,世界健身-KY,86,86.2,86.2,0.5,0.58,210,72.86,87,0,1,88,0,0,0,0,0,0,0,0,0,0,0,32,13,19,181,200,-19,16.74,970.75,2.07,10.48,11317.04,2.01,21.78,7.88,6.9,0.64,181,11.25
2801,彰銀,20.95,21,21,-0.45,-2.1,31361,45.83,-5024,678,-177,-4523,23597,24974,-1377,-0.04,-21547,0,3427,2821,22153,0.11,0.79,2022,2121,-99,5901,4423,1478,13.13,4429.84,6.03,24.59,48186.64,0.44,--,2.34,5,0.38,11290,1176.6
2812,台中銀,19,19.05,19.05,-0.25,-1.3,21484,45.9,588,135,33,756,12768,14850,-2082,-0.1,-6353,0,8497,8866,5984,0.39,0.68,2102,2075,27,6827,4772,2055,12.29,1962.55,-18.32,28.33,22440.96,0.4,--,2.62,5.56,0.47,7074,602.16
2816,旺旺保,32.9,33.05,32.9,-1.35,-3.94,633,26.98,-88,0,0,-88,55,55,0,0,-55,0,0,0,55,0,0.09,20,84,-64,562,498,64,5.22,1920.78,109.96,78.74,13563.97,1.78,--,4.69,4.56,0.96,537,22.36
2820,華票,16.9,16.95,16.9,-0.3,-1.74,2429,35.8,-322,0,-4,-326,1038,1202,-164,-0.07,-1202,0,0,0,1202,0,0.49,474,772,-298,925,463,462,11.12,374.95,28.57,46.36,3604.16,0.48,--,2.3,5.33,0.28,953,134.3
2832,台產,53.8,54,53.8,-1,-1.82,377,27.52,-148,0,0,-148,0,53,-53,-0.14,-53,0,0,53,0,0,0.14,86,113,-27,297,217,80,10.35,886.28,4.37,13.88,8307.19,1.64,--,3.41,6.51,0.6,378,25.35
2834,臺企銀,16.45,16.5,16.45,-0.45,-2.66,50072,37.32,-14526,-5,-115,-14646,36201,41727,-5526,-0.11,-36898,0,4829,4726,37001,0.1,0.83,4078,2764,1314,10005,5793,4212,12.56,3100.27,1.33,5.9,35534.95,0.35,--,2.32,6.08,0.37,8914,971.81
2836,高雄銀,11.9,11.95,11.9,-0.15,-1.24,2031,39.91,-189,-1,-4,-194,692,594,98,0.05,-187,0,407,384,210,0.2,0.29,486,619,-133,864,829,35,15.87,423.86,15.08,9.16,5139.45,0.2,--,1.38,4.2,1.38,6348,183.99
2838,聯邦銀,20.75,20.85,20.75,-0.8,-3.71,2470,40.05,-368,-2,-95,-465,365,930,-565,-0.23,-850,0,80,136,794,0.03,0.37,582,558,24,1559,1019,540,14.02,2399.15,66.36,62.81,21826.36,0.35,--,1.74,5.11,0.09,932,434.06
2845,遠東銀,12.2,12.25,12.25,-0.15,-1.21,11230,44.41,1630,-1,136,1765,7306,7404,-98,-0.01,-928,0,6476,5755,1649,0.57,0.66,1177,1433,-256,2788,2433,355,13.92,1222.1,1.28,21.68,13715.84,0.25,--,1.73,5.14,0.43,5202,486.53
2849,安泰銀,13.6,13.65,13.6,-0.6,-4.23,234,22.84,-128,0,-17,-145,0,0,0,0,0,0,0,0,0,0,0,0,42,-42,237,195,42,12.14,584.64,9.42,27.51,6117.97,0.26,--,1.41,3.75,0.04,85,195.76
2850,新產,144,144.5,144,-2,-1.37,906,50.11,-319,0,18,-301,587,671,-84,-0.09,-106,0,565,601,70,0.61,0.73,104,90,14,232,163,69,10.28,2791.09,21.58,64.58,24393.08,3.99,--,5.77,5.05,0.27,214,31.6
2851,中再保,35.55,35.6,35.55,-1.35,-3.66,3071,41.79,-160,0,-16,-176,713,1267,-554,-0.18,-554,0,713,1237,30,0.23,0.41,441,710,-269,1932,1109,823,6.86,3681.43,572.63,605.14,24516.61,2.3,--,7.82,6.19,0.36,723,80.04
2852,第一保,27.25,27.35,27.25,-0.6,-2.15,481,36.17,-38,0,0,-38,0,0,0,0,0,0,0,0,0,0,0,24,147,-123,462,339,123,8.85,795.44,-4.23,4.4,8275.15,1,--,3.21,6.09,0.86,647,30.12
2855,統一證,--,53.2,53.2,-5.9,-9.98,34105,27.93,-16573,8776,0,-7797,22636,28836,-6200,-0.18,-27608,0,1229,1704,27133,0.04,0.84,4096,2251,1845,7619,3263,4356,11.9,4443.71,3286.61,1002.14,21342.31,1.43,83.15,5.65,3.97,1.79,7154,160.14
2867,三商壽,7.97,7.98,7.97,-0.11,-1.36,15325,43.27,3079,0,840,3919,7422,5706,1716,0.11,1716,0,7422,5206,500,0.48,0.37,2785,2944,-159,5157,6715,-1558,56.93,19308.78,1066.88,577.22,89819.32,-0.03,--,-0.21,0,0.09,1282,589.95
2880,華南金,33.5,33.55,33.5,-1.3,-3.74,38170,38.23,4117,1172,798,6087,28982,33288,-4306,-0.11,-31317,0,1971,1654,31634,0.05,0.87,2439,1589,850,7013,3557,3456,16.18,7232.76,13.55,59.58,73851.45,0.55,--,3.15,4.33,0.03,1168,1391.7
2881,富邦金,116,116.5,116,-2,-1.69,104376,58.85,-38527,40314,83,1870,101706,99691,2015,0.02,-8,0,99683,97749,1942,0.95,0.95,982,1961,-979,1998,3034,-1036,14.32,53356.17,303.05,219.79,404299.96,2.4,--,3.24,3.66,0.21,7488,1400.74
2882,國泰金,95,95.1,95,-5,-5,56603,41.8,-7525,1030,229,-6266,48682,51387,-2705,-0.05,-51387,0,0,0,51387,0,0.9,2809,2031,778,5529,3602,1927,13.05,30515.22,53.36,153.91,339382.95,2.15,--,3.87,3.68,0.13,4794,1466.92
2883,凱基金,26.7,26.75,26.75,-0.85,-3.08,270249,62.84,-108621,95005,-83,-13699,235133,242860,-7727,-0.03,-172876,0,69983,68443,174416,0.26,0.9,10337,9525,812,25265,18350,6915,13.72,13466.79,147.27,144.31,73274.73,0.69,--,3.15,3.74,0.37,15823,1697.48
2884,玉山金,32.85,32.9,32.9,-0.45,-1.35,57300,39.83,2696,1432,561,4689,50745,46410,4335,0.08,-31376,0,15034,12352,34058,0.26,0.8,1824,3500,-1676,5084,7744,-2660,14.95,9259.08,-7.84,24.76,100594.04,0.62,--,3.61,4.26,0.2,8275,1619.2
2885,元大金,62,62.1,62,-3.3,-5.05,46056,40.52,-3761,1306,-57,-2512,36056,40985,-4929,-0.11,-40596,0,389,342,40643,0.01,0.88,2760,2116,644,7752,3466,4286,19.08,17253.77,38.9,324.9,150358.19,1.08,--,4.03,3.55,0.06,2153,1333.11
2886,兆豐金,41.2,41.25,41.2,-0.75,-1.79,29160,70.16,-8872,899,922,-7051,25441,25125,316,0.01,-11816,0,13309,12285,12840,0.45,0.86,1096,1022,74,2806,3195,-389,16.75,9055.06,47.18,63.04,87298.18,0.63,--,2.34,4.25,0.02,587,1483.34
2887,台新新光金,27.7,27.75,27.75,-0.85,-2.97,114529,44.58,6293,10753,2430,19476,97298,97185,113,0,-44686,0,52499,50869,46316,0.46,0.85,5215,6708,-1493,12475,11095,1380,12.85,17221.19,33.11,16.09,183881.43,0.82,--,3.51,3.96,0.76,46992,2486.64
2889,國票金,14.7,14.75,14.7,-0.35,-2.33,4955,46.49,-1849,0,-17,-1866,1939,2743,-804,-0.16,-1155,0,1588,2091,652,0.32,0.55,1004,821,183,2058,1437,621,19.09,1502.4,92.75,3640.86,11052.38,0.25,--,2.07,4.01,0.29,2652,363.36
2890,永豐金,31.85,31.9,31.9,-0.8,-2.45,44934,43.52,8354,836,-26,9164,38843,37459,1384,0.03,-31784,0,5675,4253,33206,0.13,0.83,1675,2595,-920,4673,5137,-464,15.26,9977.46,4.89,82.69,90806.7,0.76,--,4.19,4.08,0.1,3795,1449.23
2891,中信金,65.4,65.5,65.4,-1.2,-1.8,45805,51.06,-6203,256,2624,-3323,38903,39398,-495,-0.01,-10151,2058,25431,25784,11856,0.59,0.81,2084,2447,-363,5275,4417,858,15.35,19691.97,50.38,1120.57,252842.87,1.18,--,3.97,3.82,0.06,3152,1967.69
2892,第一金,29.05,29.1,29.1,-0.2,-0.68,50770,63.63,1092,974,147,2213,45061,38926,6135,0.12,-3813,0,35114,29273,9654,0.69,0.76,1747,4271,-2524,4153,7764,-3611,14.92,7321.92,15.4,41.98,80271.59,0.57,--,2.77,4.47,0.32,11377,1437.95
2897,王道銀行,10.05,10.1,10.1,-0.2,-1.94,5525,42,963,0,-44,919,3407,3358,49,0.01,49,0,3407,3258,100,0.62,0.61,650,764,-114,1477,1412,65,13.84,1048.23,8.55,29.44,11024.14,0.28,--,1.89,5.15,0.27,1878,280.54
2901,欣欣,22.65,23.2,22.8,-0.55,-2.36,11,18.18,-5,0,0,-5,0,0,0,0,0,0,0,0,0,0,0,0,0,0,14,14,0,55.61,10.48,-6.27,-4.74,133.26,0.11,87.07,0.86,1.62,2.66,486,7.3
2903,遠百,22.85,22.9,22.85,-0.65,-2.77,3992,38.43,-905,-3,-410,-1318,2050,1829,221,0.06,-52,0,1777,1392,437,0.44,0.46,486,775,-289,1479,1411,68,14.19,2532.89,-12.49,0.54,34064.32,0.39,57.96,1.68,5.47,0.45,1605,141.69
2904,匯僑,13.85,13.95,13.85,-0.4,-2.81,112,16.51,-54,0,0,-54,0,0,0,0,0,0,0,0,0,0,0,0,0,0,116,116,0,23.88,37.02,2.47,-15.93,437.67,-0.09,23.1,-0.56,5.05,0.19,36,7.78
2905,三商,13.9,14,13.9,-0.3,-2.11,868,61.41,284,0,-1,283,115,140,-25,-0.03,-25,0,115,140,0,0.13,0.16,110,140,-30,653,598,55,19.31,26545.28,600.24,352.95,146659.87,0.03,-15.8,0,2.16,3.36,9323,111.04
2906,高林,12.65,12.7,12.7,0,0,92,64.37,10,0,-1,9,0,0,0,0,0,0,0,0,0,0,0,0,0,0,97,97,0,28.22,654.57,-8.61,4.94,8872,0.07,29.69,1.12,4.72,1.42,743,20.91
2908,特力,21.4,21.5,21.4,-0.2,-0.93,318,51.68,-52,0,1,-51,51,0,51,0.16,51,0,51,0,0,0.16,0,106,90,16,165,232,-67,53.5,2866.82,-1.49,4.56,35034.23,0.32,29.58,2.02,2.57,10.53,13419,50.99
2910,統領,21.6,21.85,21.6,-0.45,-2.04,6,66.67,-3,0,0,-3,0,0,0,0,0,0,0,0,0,0,0,0,0,0,7,7,0,17.7,43,1.04,4.69,527.96,0.29,90.51,1.9,4.81,0,2,17.54
2911,麗嬰房,8.51,8.52,8.51,-0.29,-3.3,152,73.33,-20,0,7,-13,0,0,0,0,0,0,0,0,0,0,0,0,0,0,157,157,0,2.27,121.81,-11.87,-41.19,2022.05,0.66,43.7,5.58,0,0.43,107,10.51
2912,統一超,222,222.5,222,-10,-4.31,5846,51.49,-2873,-1,-33,-2907,4280,5491,-1211,-0.2,-4635,0,857,945,4547,0.14,0.91,414,151,263,1314,366,948,20.24,29913.63,0.51,4.88,356013.43,2.97,34.58,6.48,4.05,0.24,622,103.96
2913,農林,11.05,11.1,11.05,-0.2,-1.78,3730,43.55,564,0,30,594,1340,1274,66,0.02,-36,0,1238,1074,200,0.33,0.34,712,697,15,1712,1793,-81,--,37.3,-6.33,-14.09,456.89,-0.04,37.85,-0.27,0,3.82,6757,79
2915,潤泰全,47.85,47.9,47.85,-1.15,-2.35,3395,48.3,521,0,52,573,1782,1527,255,0.07,197,0,1724,1441,86,0.5,0.45,546,688,-142,1087,1200,-113,3.72,156.99,17.22,-21.38,2147.55,2.59,44.7,2.44,3.97,4.13,11400,110.43
2916,滿心,43.15,43.2,43.2,-0.3,-0.69,129,22.31,-34,0,0,-34,37,0,37,0.28,0,0,0,0,0,0,0,12,14,-2,82,117,-35,10.77,150.56,-14.46,-1.95,1988.28,1.26,52.6,5.21,8.33,2.03,328,6.46
2923,鼎固-KY,22.6,23.35,22.65,-2.35,-9.4,78,41.03,-46,0,8,-38,0,0,0,0,0,0,0,0,0,0,0,0,0,0,83,83,0,--,580.52,123.67,160.85,7459.98,0.02,59.16,0.06,0.53,--,0,174.03
2924,宏太-KY,17.35,18.75,17.35,-1.6,-8.44,12,25,-1,0,0,-1,0,0,0,0,0,0,0,0,0,0,0,0,0,0,12,12,0,--,3.93,-4.12,-28.66,73.24,-0.22,21.09,-2.5,0,--,4,5.2
2926,誠品生活,34.2,34.5,34.5,-0.25,-0.72,27,62.96,-8,0,0,-8,0,0,0,0,0,0,0,0,0,0,0,0,0,0,29,29,0,62.73,570.16,-0.61,12.78,7111.01,0.17,38.63,1.31,1.33,0.03,3,4.74
2929,淘帝-KY,5.85,5.89,5.85,-0.24,-3.94,298,27.97,-25,0,0,-25,0,0,0,0,0,0,0,0,0,0,0,0,0,0,300,300,0,--,147.51,-30.54,-4.4,1710.72,-0.22,16.75,-0.88,0,7.64,2092,10.95
2937,集雅社,46,47.75,47.75,-0.25,-0.52,25,20,1,0,3,4,0,0,0,0,0,0,0,0,0,0,0,0,0,0,26,26,0,12.57,435.11,20.46,17.63,5316.67,0.62,20.66,2.45,6.49,--,0,4.35
2939,永邑-KY,21.7,22,22,0,0,51,56.86,-4,0,0,-4,0,0,0,0,0,0,0,0,0,0,0,0,0,0,51,51,0,--,21.89,-13.01,6.8,285.02,-0.3,15.47,-2.46,0,1.89,215,4.55
2941,米斯特,29.55,29.85,--,--,--,0,--,0,0,0,0,0,0,0,--,0,0,0,0,0,--,--,0,0,0,0,0,0,10.97,66.8,27.3,-9.36,935.15,0.89,63.71,3.9,7.64,--,0,1.54
2945,三商家購,41.15,41.95,41.15,-0.85,-2.02,8,12.5,-3,0,1,-2,0,0,0,0,0,0,0,0,0,0,0,0,0,0,8,8,0,18.29,1655.81,23.54,38.55,15628,0.54,26.96,1.7,3.65,--,0,6.75
2947,振宇五金,76.3,77.3,76.5,0,0,20,5,0,0,0,0,0,0,0,0,0,0,0,0,0,0,0,0,0,0,21,21,0,26.11,193.2,-1.71,7.69,2346.83,1.02,41.3,2.73,4.05,--,0,2.15
2948,寶陞,36.15,37.8,37.75,-0.15,-0.4,10,40,0,0,0,0,0,0,0,0,0,0,0,0,0,0,0,0,0,0,10,10,0,17.48,187.74,1.36,-4.53,2139.38,0.4,43.68,1.18,5.96,--,0,3.1
2949,欣新網,65,67.3,65,0,0,5,100,0,0,0,0,0,0,0,0,0,0,0,0,0,0,0,0,0,0,6,6,0,18.79,511.68,-12.37,25.69,6022.53,0.74,12.37,1.99,3.08,--,0,3.06
3002,歐格,19.2,19.4,19.4,-0.45,-2.27,328,47.71,-44,0,-1,-45,0,0,0,0,0,0,0,0,0,0,0,0,0,0,330,330,0,58.79,79.35,7.7,49.17,764.99,-0.01,8.44,-0.49,1.7,10.17,2593,10.2
3003,健和興,61,61.2,61,-1.9,-3.02,1176,40.63,-69,0,-14,-83,159,141,18,0.02,-2,0,139,141,0,0.12,0.12,172,318,-146,855,727,128,60.4,533,10.87,52.72,4925.86,0.47,23.07,1.23,1.64,9.13,3551,15.57
3004,豐達科,127.5,128,127.5,-2.5,-1.92,689,49.47,19,0,3,22,249,212,37,0.05,-16,0,196,166,46,0.28,0.3,159,122,37,291,366,-75,23.83,469.13,11.86,56.16,4563.85,1.92,25.24,3.4,2,13.19,2122,6.44
3005,神基,104,104.5,104.5,-4.5,-4.13,6132,49.42,-439,-45,-71,-555,4349,4571,-222,-0.04,-3287,0,1284,1065,3506,0.21,0.73,451,696,-245,1428,962,466,12.79,3562.91,2.03,8.33,39477.92,1.74,31.06,4.2,6.5,3.24,5051,62.44
3006,晶豪科,207,207.5,207,-15.5,-6.97,10892,33.87,1179,0,-579,600,7963,7971,-8,0,-3225,0,4746,4423,3548,0.43,0.72,977,965,12,2189,2190,-1,25.84,4466.52,-3.62,296.81,25882.73,7.22,47.52,17.89,0.48,26.68,19888,29.81
3008,大立光,3530,3535,3535,-145,-3.94,2481,62.43,486,-26,-136,324,2528,2607,-79,-0.03,-286,0,2321,2400,207,0.87,0.97,30,24,6,125,52,73,22.06,4592.69,-14.35,42.67,64429.9,46.63,49.41,3.27,2.26,5.17,1689,13.08
3010,華立,131,131.5,131.5,-7.5,-5.4,1233,38.33,-236,-3,-39,-278,587,792,-205,-0.16,-318,0,474,585,207,0.38,0.63,147,156,-9,525,311,214,14.02,8026.37,-0.08,28.13,84096.06,2.47,8.14,2.86,4.03,2.18,1412,25.94
3011,今皓,14.5,14.6,14.55,-0.25,-1.69,2392,49.89,583,0,1,584,210,160,50,0.02,210,210,0,0,0,0.09,0,324,304,20,1861,1931,-70,--,36.05,-29.56,-42.72,643.48,-0.73,2.36,-6.76,0,10.12,2965,12.96
3013,晟銘電,120,120.5,120.5,-1.5,-1.23,5049,48.52,-29,0,-130,-159,2546,2704,-158,-0.03,-406,0,2298,2382,322,0.45,0.52,673,632,41,1945,1829,116,26.43,1005.98,-23.87,1.71,11450.29,1.37,21.15,5.26,0.66,25.87,13265,20.51
3014,聯陽,142,142.5,142.5,-9.5,-6.25,2260,37.98,-810,-6,-1,-817,1020,1651,-631,-0.27,-1052,0,599,708,943,0.26,0.72,353,217,136,935,439,496,15.41,593.46,-5.67,-8.24,6877.76,2.85,57.21,6.92,5.96,5.98,2480,16.6
3015,全漢,--,62.1,62.1,-6.8,-9.87,3176,0,-148,43,-37,-142,1208,2404,-1196,-0.37,-2404,0,0,0,2404,0,0.75,822,289,533,1224,562,662,30.59,1114.72,3.67,-9.79,12795.51,0.37,17.94,0.63,3.54,5.61,2628,18.73
3016,嘉晶,104,104.5,104,-4,-3.7,4883,42.93,102,0,-84,18,2734,2679,55,0.01,-1048,0,1630,1275,1403,0.33,0.54,703,672,31,1528,1615,-87,253.66,433.76,1.67,37.28,4276.96,0.35,17.77,2.05,0.48,11.4,8223,28.95
3017,奇鋐,2565,2570,2570,-30,-1.15,4027,46.54,360,-2,20,378,4116,4272,-156,-0.04,-590,0,3682,3838,434,0.85,0.98,35,20,15,206,65,141,42.19,15871.4,1.54,60.64,177858.94,20.17,29.77,17.03,0.82,4.21,4133,39.25
3018,隆銘綠能,11.65,12.1,12.1,0.35,2.98,55,54.55,-1,0,0,-1,0,0,0,0,0,0,0,0,0,0,0,0,0,0,60,60,0,--,27.23,-36.31,-23.49,334.6,-0.67,-2.58,-9.45,0,--,1,7.54
3019,亞光,141.5,142,142,-10.5,-6.89,8093,38.51,-907,0,-440,-1347,4429,5555,-1126,-0.14,-2666,0,2889,3115,2440,0.35,0.68,1053,1000,53,2778,1704,1074,20.7,2624,5.38,16.24,28026.41,1.05,17.3,2.08,3.24,20.33,14191,27.92
3021,鴻名,--,29.2,29.2,-3.2,-9.88,149,0,0,0,0,0,0,0,0,0,0,0,0,0,0,0,0,32,29,3,125,128,-3,50.34,260.22,4.1,7.18,3381.21,0.19,19.42,0.96,2.05,3.4,807,9.49
3022,威強電,79,79.1,79,1.6,2.07,5173,49.48,-320,0,-231,-551,1357,1626,-269,-0.05,-32,671,171,229,645,0.16,0.17,795,1093,-298,3062,2495,567,22.38,888.59,39.29,92.4,6730.65,0.96,28.15,1.45,4.43,12.55,5542,17.66
3023,信邦,322,322.5,322.5,-6.5,-1.98,4923,49.44,249,24,-45,228,3302,3355,-53,-0.01,1306,1424,1631,1514,235,0.61,0.35,590,677,-87,1109,969,140,25.25,3010.68,1.72,17.53,32272.22,3.6,24.51,5.03,3.1,1.95,1168,24.01
3024,憶聲,12.65,12.7,12.7,-0.45,-3.42,2564,43.08,677,0,7,684,0,197,-197,-0.08,-197,0,0,197,0,0,0.08,474,335,139,2104,2046,58,141.11,69.37,-8.62,-70.82,1173.43,0.02,25.75,0.2,1.73,7.02,4865,27.72
3025,星通,71.1,71.4,71.3,0.7,0.99,1114,53.01,-65,0,-3,-68,67,95,-28,-0.02,-8,48,19,38,37,0.06,0.07,149,182,-33,907,846,61,17.82,57.72,49.52,134.59,763.2,0.6,66.34,3.76,4.49,14.97,2124,5.67
3026,禾伸堂,600,601,601,-25,-3.99,1633,33.05,363,0,-65,298,1511,1511,0,0,-645,0,866,831,680,0.53,0.93,154,182,-28,66,39,27,77.45,1291.19,-9.55,21.34,14106.32,2.86,24.24,4.48,0.97,22.66,9397,16.59
3027,盛達,20.85,20.9,20.9,-1.8,-7.93,1496,37.83,65,0,-5,60,123,106,17,0.01,-49,0,57,55,51,0.04,0.07,89,165,-76,1289,1230,59,--,148.75,64.74,-8.37,1452.99,0.05,23.98,0.07,0,17.22,4949,13
3028,增你強,74.6,74.7,74.7,-4,-5.08,3178,38.66,48,0,-47,1,877,1261,-384,-0.12,-769,0,492,436,825,0.15,0.39,613,592,21,1742,1378,364,14.62,6525.82,-6.72,102.54,57028.62,3.05,9.1,11.4,4.02,5.46,3239,23.72
3029,零壹,103.5,104,103.5,-4,-3.72,3682,65.38,1526,-5,-10,1511,2662,2430,232,0.06,182,0,2612,2413,17,0.7,0.65,242,421,-179,823,876,-53,14.18,2340.24,-1.06,27.41,25804.18,1.77,11.8,5.18,5.31,10.05,3894,16.7
3030,德律,351,351.5,351,-15,-4.1,3154,50.93,-22,0,-36,-58,1929,2130,-201,-0.06,-426,0,1704,1913,217,0.52,0.65,332,388,-56,1038,782,256,30.39,1070.8,-3.72,14.75,9533.74,3.5,60.27,8.24,1.99,19.07,11263,23.62
3031,佰鴻,28.8,28.85,28.85,-2.15,-6.94,1507,41.35,66,0,1,67,46,316,-270,-0.18,-270,0,46,56,260,0.03,0.21,196,213,-17,1276,989,287,25.76,123.45,1.62,17.79,1192.55,0.13,26.21,0.74,3.47,16.41,7104,17.32
3032,偉訓,89.8,90,89.9,2.3,2.63,2125,49.92,134,0,2,136,309,293,16,0.01,100,212,64,43,133,0.13,0.08,300,312,-12,1543,1547,-4,--,944.49,8.57,-5.63,11438.15,0.85,23.16,2.99,0,36.11,9325,11.33
3033,威健,47.85,47.9,47.9,-3.9,-7.53,10789,41.03,348,-14,-787,-453,3919,4709,-790,-0.07,-1668,0,3041,3352,1357,0.28,0.43,1381,1971,-590,5602,4223,1379,18.14,11695.61,2.54,27.81,117811.84,1.52,6.18,6.81,4.34,9.41,11420,51.02
3034,聯詠,473,473.5,473,-19,-3.86,4669,39.06,719,-32,-222,465,3975,3882,93,0.02,-342,0,3540,3447,435,0.74,0.81,236,299,-63,583,613,-30,19.38,9412.49,2.03,9.35,97598.95,6.19,39.06,5.39,4.86,2.05,3115,60.85
3035,智原,175.5,176.5,176,-16,-8.33,7190,38.31,395,0,-378,17,4227,5249,-1022,-0.14,-2135,0,3114,3650,1599,0.42,0.71,1260,850,410,1982,1371,611,93.62,929.7,-3.86,-45.07,11647.97,0.4,47.3,0.97,1.02,21.66,14108,26.06
3036,文曄,249.5,250,250,-23,-8.42,25029,45.2,12864,-7408,561,6017,22992,24048,-1056,-0.04,-9441,0,14607,14873,9175,0.58,0.95,689,410,279,1517,740,777,17.78,211019.73,8.72,78.7,1517728.57,5.32,3.45,6.06,3.12,1.93,6118,127
3037,欣興,910,911,911,-22,-2.36,24071,51.17,635,-328,-504,-197,20272,20544,-272,-0.01,-2348,0,18196,18456,2088,0.72,0.81,4358,4479,-121,680,283,397,132.8,14059.97,0.91,32.37,145053.28,3.28,17.96,4.81,0.22,9.1,36183,159.02
3038,全台,23.55,23.6,23.6,-0.5,-2.07,528,55.18,15,0,-6,9,0,0,0,0,0,0,0,0,0,0,0,68,52,16,462,478,-16,26.52,246.93,-1.65,-6.46,2940.09,0.37,22.82,2.08,5.08,3.21,1263,15.74
3040,遠見,37.5,38,37.5,-0.9,-2.34,175,46.75,15,0,0,15,0,0,0,0,0,0,0,0,0,0,0,0,15,-15,177,162,15,--,10.38,-15.78,-1.27,134.79,0.04,58.12,0.18,9.33,80.87,13389,6.62
3041,揚智,23.25,23.3,23.3,-1.35,-5.48,1554,32.06,-415,0,0,-415,323,327,-4,0,-4,0,323,277,50,0.21,0.21,90,320,-230,1159,925,234,--,119.64,0.69,18.2,1191.02,-0.48,47.38,-9.41,0,13.28,3887,14.02
3042,晶技,210.5,211,210.5,-1.5,-0.71,21844,56.25,-333,114,-510,-729,14560,14771,-211,-0.01,4025,4911,8832,8776,942,0.62,0.44,2180,2289,-109,5392,5059,333,37.52,1217.16,-5.55,10.5,13655.28,1.32,32.33,2.88,2.28,30.02,23868,34.3
3043,科風,23.8,23.85,23.85,1.5,6.71,1207,45.98,-85,0,3,-82,0,0,0,0,0,0,0,0,0,0,0,56,60,-4,1163,1159,4,--,96.17,30.15,16.04,799.29,0.05,22.99,0.09,0,13.58,1323,3.9
3044,健鼎,478,478.5,478,-20,-4.02,4343,57.14,-270,243,-35,-62,3456,3638,-182,-0.04,-1368,0,2269,2339,1298,0.51,0.82,265,283,-18,752,550,202,23.23,8201.13,12.07,28.9,79074.33,5.61,26.51,5.24,2.66,4.39,5773,52.56
3045,台灣大,114.5,115,115,-1,-0.86,17718,48.9,1919,450,92,2461,17306,17171,135,0.01,-14764,88,2274,2141,14985,0.13,0.96,168,232,-64,281,352,-71,28.68,15669.3,-8.42,1.79,200651.53,1.37,21.56,4.66,4.17,0.06,563,372.33
3046,建碁,56.8,56.9,56.8,-3.5,-5.8,656,46.09,39,0,6,45,85,70,15,0.02,15,0,85,51,19,0.13,0.11,78,148,-70,500,445,55,13.85,803.61,15.09,3.53,7898.58,1.2,9.07,5.88,5.28,4.53,888,7.84
3047,訊舟,15.35,15.4,15.35,-0.8,-4.95,1923,46.62,6,0,-4,2,177,0,177,0.09,177,0,177,0,0,0.09,0,208,238,-30,1546,1693,-147,--,252.61,-3.62,-28.36,3020,-0.1,23.06,-2.01,0,12.49,7017,22.48
3048,益登,66.5,66.6,66.6,0.3,0.45,10982,48.21,-168,0,-26,-194,3890,4206,-316,-0.03,1170,1551,1936,1455,862,0.32,0.21,1822,2020,-198,5344,4830,514,21.76,13850.85,5.91,61.74,128154.22,1.22,3.99,5.78,1.5,10.86,6645,26.98
3049,精金,15.1,15.15,15.15,-0.75,-4.72,18832,21.91,-932,0,-2,-934,7722,7718,4,0,-5959,0,1759,3122,4596,0.09,0.41,1616,2285,-669,9640,8976,664,--,32.85,-47.93,-72.14,1313.79,-0.04,39.6,2.75,0,--,0,80.2
3050,鈺德,12.75,12.8,12.8,-0.65,-4.83,919,53.58,-4,0,0,-4,0,0,0,0,0,0,0,0,0,0,0,104,41,63,817,880,-63,--,103.14,4.42,3.92,1240.77,-0.08,29.42,-0.34,1.95,9.86,3819,15.5
3051,力特,27.6,27.65,27.6,-0.9,-3.16,2214,51.92,466,0,2,468,110,217,-107,-0.05,-107,0,110,82,135,0.05,0.1,239,235,4,1880,1777,103,27.06,200.18,14.06,36.6,1837.44,0.45,30.49,2.95,1.81,12.52,4277,16.7
3052,夆典,10.7,10.75,10.7,-0.25,-2.28,2547,46.86,1343,0,1,1344,803,1743,-940,-0.37,-1743,0,0,0,1743,0,0.68,602,202,400,1162,622,540,12.89,486.16,86.22,34.24,3647.03,0.19,9.71,1.08,5.61,2.48,1449,23.32
3054,立萬利,--,75.5,75.5,-8.3,-9.9,401,0,-1,0,0,-1,137,240,-103,-0.26,-240,0,0,0,240,0,0.6,87,66,21,182,100,82,22.27,58.18,-32.36,786.02,376.92,1.41,75.63,9.49,1.06,4.66,939,8.07
3055,蔚華科,91,91.2,91,-8.5,-8.54,1426,27.86,20,0,-65,-45,351,686,-335,-0.22,-627,0,59,104,582,0.04,0.46,289,243,46,851,561,290,--,22.65,-82.04,-75.04,505.92,-0.15,31.88,-0.99,0,29.91,7660,11.5
3056,富華新,14.35,14.4,14.4,0.1,0.7,2430,55.62,320,0,5,325,231,112,119,0.05,231,151,80,0,0,0.09,0,408,453,-45,1809,1883,-74,--,80.01,0.67,2.38,983.8,0.01,16.43,0.04,4.24,5.81,6975,48.06
3057,喬鼎,21.5,21.55,21.55,-0.35,-1.6,346,29.05,34,0,0,34,50,0,50,0.14,50,0,50,0,0,0.14,0,0,47,-47,307,310,-3,--,54.65,-26.63,33.62,630.13,0.02,45.08,0.17,0,--,0,6.79
3058,立德,9.47,9.52,9.47,-0.44,-4.44,1040,47.81,191,0,1,192,0,0,0,0,0,0,0,0,0,0,0,0,0,0,1060,1060,0,--,307.91,6.57,1.94,3121.48,-0.19,13.27,-2.38,0,--,0,20.17
3059,華晶科,46.05,46.1,46.05,-2.85,-5.83,9703,45.92,403,-3,-189,211,2825,2960,-135,-0.01,-570,0,2390,2052,908,0.25,0.31,1326,1371,-45,5645,5464,181,37.44,770.26,8.81,14.98,8944.79,0.26,23.94,1.18,2.17,18.47,14205,30.77
3060,銘異,28.9,29,28.9,-1.9,-6.17,2526,39.67,223,0,-2,221,74,97,-23,-0.01,-23,0,74,97,0,0.03,0.04,403,428,-25,2067,2019,48,--,380.84,6.69,27.8,4013.75,0.33,15.4,1.83,0.69,21.79,7494,13.76
3062,建漢,26.2,26.25,26.2,-2.35,-8.23,8516,27.27,-3312,0,-205,-3517,1956,4530,-2574,-0.3,-3368,0,1162,1681,2849,0.14,0.53,1443,1155,288,5186,2899,2287,--,305.29,-18.26,5.9,4446.29,-0.54,1.17,-4.23,0,13.76,11359,33.01
3064,泰偉,16.8,18,18,-0.6,-3.23,1,--,0,0,0,0,0,0,0,0,0,0,0,0,0,0,0,0,0,0,1,1,0,--,8.05,22.8,15.19,80.77,-0.27,91.15,-5.6,0,--,0,1.3
3066,李洲,20.3,20.45,20.45,-1.15,-5.32,536,44.94,40,0,0,40,0,0,0,0,0,0,0,0,0,0,0,0,35,-35,540,505,35,292.14,23.28,-1.54,83.95,268.57,0.52,35.75,4.31,0,4.18,810,8.31
3067,全域,18.75,19.65,18.6,-1.05,-5.34,4,33.33,0,0,0,0,0,0,0,0,0,0,0,0,0,0,0,0,0,0,4,4,0,--,3.25,-81.65,-7.1,69.91,0.12,30.4,0.94,0,--,0,2
3071,協禧,31.85,31.9,31.85,-1.9,-5.63,718,33.48,-142,0,0,-142,0,0,0,0,0,0,0,0,0,0,0,43,82,-39,680,641,39,45.5,262.3,6.3,31.35,2561.17,0.15,30.06,1.3,2.51,14.84,4082,11
3073,天方能源,21.35,21.6,21.6,-0.8,-3.57,161,38.84,-23,0,0,-23,0,0,0,0,0,0,0,0,0,0,0,0,44,-44,163,119,44,--,7.8,-43.97,42.13,141.86,0,12.72,-0.03,0,8.17,807,3.95
3078,僑威,55.7,55.8,55.7,-1.8,-3.13,1304,50.04,-140,10,7,-123,271,416,-145,-0.11,-235,0,181,257,159,0.14,0.31,246,263,-17,805,643,162,11.3,605.56,23.9,-45.8,8356.27,0.72,20.56,2.32,7.18,10.24,5820,22.74
3081,聯亞,2495,2500,2495,-160,-6.03,2208,40.78,88,-217,-62,-191,2251,2336,-85,-0.04,-460,0,1877,1963,374,0.79,0.98,17,12,5,117,37,80,327.86,405.32,2.52,118.84,3084.61,3.44,54.76,7.53,0.16,19.57,4527,9.25
3083,網龍,27.65,27.7,27.65,-0.85,-2.98,186,40.34,2,0,0,2,0,0,0,0,0,0,0,0,0,0,0,0,0,0,188,188,0,45.33,21.09,-30.77,2.25,417,0.3,80.89,1.99,1.19,6.24,1349,8.65
3085,新零售,12.45,12.8,12.75,-0.1,-0.78,6,33.33,0,0,0,0,0,0,0,0,0,0,0,0,0,0,0,0,0,0,6,6,0,--,7.83,56.84,96.81,57.64,-0.24,69.1,-4.16,0,--,0,6.9
3086,華義*,36,36.05,36.05,-0.75,-2.04,419,42.67,-18,0,2,-16,0,0,0,0,0,0,0,0,0,0,0,50,60,-10,377,367,10,--,9.04,-12.81,-7.23,147.65,-0.01,34.71,-1.5,0,--,7578,2.73
3088,艾訊,129.5,130,129.5,-9,-6.5,1656,40.04,227,0,-13,214,987,694,293,0.17,4,0,698,451,243,0.41,0.41,227,358,-131,489,651,-162,22.88,828.12,-0.52,65.88,7832.18,2.25,34.03,4.85,2.32,12.23,3323,10.99
3090,日電貿,209,209.5,209.5,-11.5,-5.2,1610,23.28,23,0,-8,15,1047,1162,-115,-0.07,-562,0,600,669,493,0.39,0.75,176,157,19,459,362,97,43.56,1629.43,-11.6,20,17100.92,1.7,19.85,3.12,2.29,6.45,4638,28.76
3092,鴻碩,29,29.25,29,-1.15,-3.81,716,47.83,-38,0,-1,-39,51,50,1,0,1,0,51,50,0,0.07,0.07,62,104,-42,607,566,41,--,131.53,-22.24,-15.43,1575.32,-0.95,9.24,-7.24,0,11.75,3132,10.66
3093,港建*,66,66.4,66,2,3.13,9995,56.75,573,0,8,581,3523,2733,790,0.08,3286,3403,97,149,65,0.35,0.02,1616,2205,-589,4916,5118,-202,75.86,108.35,-44.6,-49.15,1388.54,0.08,27.06,1.11,1.74,18.74,6799,3.63
3094,聯傑,29.5,29.55,29.55,-2.3,-7.22,873,54.31,180,0,-27,153,95,95,0,0,0,0,95,95,0,0.11,0.11,55,42,13,729,742,-13,113.65,19.74,1.07,16.49,189.65,0.07,74.98,0.57,0.85,12.36,2569,8.31
3095,及成,40,40.3,40.3,-1.8,-4.28,31,35.48,-1,0,-2,-3,0,0,0,0,0,0,0,0,0,0,0,0,0,0,31,31,0,--,73.28,13.6,36.01,664.18,0.75,23.04,4.31,0,15.29,315,1
3105,穩懋,451.5,452,451.5,-32,-6.62,20410,49.8,1234,-333,-115,786,16262,16611,-349,-0.02,-4938,0,11673,11883,4728,0.56,0.79,1618,1492,126,3103,2880,223,86.49,1755.49,1.23,40.3,18725.84,1.26,26.34,1.08,0.44,43.18,45762,42.39
3114,好德,44.65,44.8,44.7,0.05,0.11,11405,49.45,-87,0,-9,-96,850,1676,-826,-0.07,257,579,155,320,157,0.06,0.04,1705,2086,-381,8892,7684,1208,16.93,290.56,7.3,2.79,3099.73,0.73,11.17,2.95,3.15,8.23,1340,6.51
3115,富榮綱,9.18,9.5,9.15,-0.63,-6.44,14,33.33,-4,0,0,-4,0,0,0,0,0,0,0,0,0,0,0,0,0,0,15,15,0,--,0.87,1.04,--,5.79,-0.1,100,-1.36,0,--,0,7.22
3118,進階,33.5,33.65,33.65,-0.45,-1.32,126,14.05,-13,0,0,-13,0,0,0,0,0,0,0,0,0,0,0,20,23,-3,107,104,3,14.14,49.4,-15.16,-9.15,711.43,0.53,37.45,2.94,6.54,0.42,34,3.25
3122,笙泉,28.85,28.95,28.85,-1.55,-5.1,308,50.39,38,0,0,38,0,0,0,0,0,0,0,0,0,0,0,0,0,0,309,309,0,--,26.1,-11.35,2.08,320.05,-0.29,36.48,-3.3,0,--,88,4.08
3128,昇銳,24.2,24.25,24.2,-0.8,-3.2,370,37.25,-7,0,0,-7,0,0,0,0,0,0,0,0,0,0,0,0,0,0,374,374,0,22.41,75.11,-13.97,-17.47,1054.72,0.31,30.69,1.94,4.13,18.58,2198,4.73
3130,一零四,221.5,222,221.5,-0.5,-0.23,56,37.5,-19,0,0,-19,12,18,-6,-0.09,-18,0,0,0,18,0,0.28,16,5,11,37,42,-5,14.68,245.03,-6.35,9.28,2722.19,3.57,86.46,6.71,6.64,0.07,6,3.32
3131,弘塑,3025,3035,3030,-120,-3.81,287,38.63,12,17,-3,26,289,303,-14,-0.04,-75,0,228,242,61,0.73,0.97,2,2,0,21,7,14,58.57,536.41,9.73,-4.36,6845.59,16.11,33.78,10.54,1.53,3.3,245,2.97
3135,凌航,210.5,211,211,-16.5,-7.25,2909,33.09,109,0,-1,108,1854,2083,-229,-0.08,-1187,0,895,908,1174,0.3,0.7,310,251,59,831,662,169,12.9,3852.95,169.38,607.83,13546.63,10.76,30.35,31.81,2.23,9.95,2359,9.7
3138,耀登,149.5,150,150,-9.5,-5.96,920,39.69,-26,0,-9,-35,274,390,-116,-0.12,-252,0,138,113,277,0.15,0.41,125,154,-29,554,408,146,93.17,169.79,6.49,16.59,1835.99,-0.02,41.44,-0.07,1.11,23.06,3251,5.64
3141,晶宏,69.8,69.9,69.8,-4.5,-6.06,1240,37.97,346,0,-6,340,198,223,-25,-0.02,-102,0,121,25,198,0.1,0.18,241,213,28,815,818,-3,69.11,183.11,20.71,19.89,1686.64,0.84,42.51,2.15,0.52,21.2,3999,7.55
3147,大綜,284,284.5,284.5,0,0,1084,30.45,54,0,-12,42,710,595,115,0.11,-78,106,344,234,294,0.43,0.51,196,232,-36,209,288,-79,31.86,1093.29,31.38,90.07,8528.79,3.66,12.58,9.61,2.28,25.02,2732,4.37
3149,正達,86.8,86.9,86.8,-4,-4.41,9016,26.26,-596,0,-2,-598,3268,4410,-1142,-0.12,-2664,0,1746,2315,2095,0.19,0.48,1703,1435,268,4200,3326,874,--,182.22,7.08,-6.74,2349.45,-0.37,-4.14,-3.36,0,42.02,22494,22.62
3152,璟德,177,178,178,-1,-0.56,759,57.35,76,0,-29,47,216,160,56,0.07,31,0,191,143,17,0.24,0.2,195,206,-11,371,417,-46,19.04,136.11,7.06,17.65,1414.65,1.39,45.14,2.35,2.26,9.96,1719,6.9
3158,嘉實,83.5,84.7,83.5,-1.2,-1.42,14,50,-1,0,0,-1,0,0,0,0,0,0,0,0,0,0,0,0,0,0,15,15,0,12.46,91.92,4.37,11.84,1061.59,1.5,63.93,4.32,7.78,--,0,3.05
3162,精確,82,82.2,82,-1.2,-1.44,1860,40.31,-128,0,4,-124,375,490,-115,-0.06,-203,0,287,445,45,0.15,0.26,327,280,47,1181,1112,69,78.85,778.11,13.45,21.85,8033.86,0.02,10.41,0.19,1.22,24.29,6800,15.43
3163,波若威,954,956,955,-65,-6.37,2448,40.14,144,-116,-36,-8,1702,1891,-189,-0.07,-723,0,1168,1279,612,0.44,0.71,779,725,54,183,48,135,110.53,211.52,6.22,29.97,2434.82,3.03,18.86,7.78,0.37,32.99,6642,8.05
3164,景岳,16.25,16.35,16.3,-0.2,-1.21,356,30.88,-85,0,1,-84,0,0,0,0,0,0,0,0,0,0,0,0,0,0,362,362,0,31.35,37.79,-1.27,-5.41,391.54,0.05,54.08,0.13,4.91,1.4,302,8.6
3167,大量,864,869,865,-85,-8.95,1349,16.9,-413,-104,-5,-522,1209,1261,-52,-0.04,-162,0,1099,1117,144,0.81,0.93,157,119,38,42,27,15,84.31,955.55,10.77,120.27,7162.44,3.19,42.34,8.06,0.46,47.59,10709,9.04
3168,眾福科,46.6,46.85,46.6,-1.4,-2.92,49,22.73,-14,0,2,-12,0,0,0,0,0,0,0,0,0,0,0,0,0,0,49,49,0,17.39,300.01,-3.98,9.83,3536.91,0.6,22.81,2.36,6.44,0.3,57,7.51
3169,亞信,105.5,106.5,106,-5.5,-4.93,382,40.82,-34,10,-3,-27,130,168,-38,-0.1,-71,0,97,123,45,0.25,0.43,53,58,-5,210,167,43,30.2,87.29,8.62,3.22,918.95,0.97,54.2,3.3,3.02,7.97,1257,6.33
3171,炎洲流通,72.3,72.5,72.2,0.2,0.28,45,62.22,11,0,0,11,0,0,0,0,0,0,0,0,0,0,0,0,10,-10,47,37,10,14.65,285.66,21.16,126.35,2338.83,1.44,25.76,6.55,6.43,0.85,49,3.31
3176,基亞,30.9,30.95,30.95,-1.1,-3.43,528,51.87,-24,0,1,-23,0,55,-55,-0.1,-55,0,0,55,0,0,0.1,18,45,-27,513,431,82,--,94.37,-6.07,-10.29,1333.8,-0.38,52.75,-1.57,0,3.14,1094,13.93
3178,公準,62.9,63.8,63.8,-4.5,-6.59,259,39.92,-18,0,-3,-21,30,23,7,0.03,7,0,30,0,23,0.11,0.09,19,36,-17,212,202,10,--,120.18,4.5,10.04,1238.49,0,13.72,0.02,0,11.08,1248,4.51
3188,鑫龍騰,23.2,23.3,23.2,-0.6,-2.52,301,33.79,-77,0,0,-77,0,0,0,0,0,0,0,0,0,0,0,0,0,0,303,303,0,3.85,401.89,40.78,826.23,4753.19,2.24,39.65,13.11,13.79,6.08,2868,18.86
3189,景碩,698,699,698,-14,-1.97,7803,47.36,2564,-1547,-151,866,7054,7219,-165,-0.02,-1458,0,5761,5865,1354,0.82,1.03,842,765,77,241,153,88,196.62,4199.87,3.13,33.02,43738.36,1.17,21.16,1.89,0.25,17.3,22784,52.69
3191,雲嘉南,19.2,19.4,19.4,-0.6,-3,159,38.57,0,0,0,0,0,0,0,0,0,0,0,0,0,0,0,0,0,0,162,162,0,88.18,15.59,-13.25,-1.89,171.34,-0.32,29.51,-5.67,0,--,0,4.36
3205,佰研,53.4,53.6,53.4,-3.7,-6.48,310,27.92,-63,0,1,-62,0,0,0,0,0,0,0,0,0,0,0,29,31,-2,283,281,2,--,60.4,-1.21,67.9,416.68,0.05,9.15,0.31,0,17.47,1421,6.75
3206,志豐,37,37.25,37,-1.7,-4.39,134,31.82,-19,0,1,-18,0,0,0,0,0,0,0,0,0,0,0,0,0,0,137,137,0,22.29,317.88,13.28,19.47,3118.95,0.26,20.65,1.09,4.05,6.22,916,5.89
3207,耀勝,66.6,66.7,66.6,-3.1,-4.45,1384,47.42,-81,0,8,-73,93,38,55,0.04,55,0,93,38,0,0.07,0.03,140,227,-87,1163,1131,32,--,132.01,-17.44,-9.8,1945.99,-0.45,17.63,0.24,0,39.07,6073,6.64
3209,全科,69.9,70,69.9,-3.6,-4.9,2915,43.76,794,0,-102,692,1096,943,153,0.05,-13,0,930,689,254,0.32,0.32,585,650,-65,1268,1356,-88,19.47,6945.42,1.98,83.85,53253.17,1.52,5.03,6.43,3.58,12.24,7202,23.54
3211,順達,393,393.5,393,-30,-7.09,8554,39.25,790,-208,-198,384,5982,6725,-743,-0.08,-1592,0,5133,5839,886,0.58,0.77,790,655,135,2017,1408,609,39.62,1163.03,9.7,-10.82,14225.22,2.05,20.03,3.35,2.93,25.38,9795,15.43
3213,茂訊,134.5,135,134.5,-4.5,-3.24,4502,40.11,-280,0,-39,-319,2840,3048,-208,-0.05,-462,115,2373,2581,369,0.55,0.65,465,518,-53,1229,968,261,18.78,364.65,18.19,78.78,3072.43,2.59,35.97,4.24,5.2,16.07,2358,5.87
3217,優群,179.5,180,179.5,-8,-4.27,1278,48.87,287,0,-14,273,657,821,-164,-0.12,-171,0,650,803,18,0.5,0.63,220,184,36,436,309,127,14.3,306.46,-3.2,-17.66,4058.65,2.82,48.93,5.15,5.57,10.63,2395,9.01
3218,大學光,131.5,132,131.5,-3.5,-2.59,215,45.97,4,-4,3,3,10,18,-8,-0.03,-18,0,0,0,18,0,0.08,70,57,13,150,154,-4,11.6,380.4,3.21,7.27,4196.44,3.31,57.38,7.25,5.89,3.61,764,8.47
3219,倚強科,71.8,72,71.8,-4.3,-5.65,359,42.37,50,0,-11,39,22,59,-37,-0.1,-37,0,22,29,30,0.06,0.16,39,50,-11,305,257,48,35.37,236.54,2.14,38.42,1972.71,0.48,63.89,1.64,1.91,7.92,1421,7.18
3221,台嘉碩,58,58.1,58.1,1,1.75,14142,52.61,-448,0,7,-441,4123,4234,-111,-0.01,1796,3024,891,1592,527,0.28,0.15,2214,2473,-259,7893,7523,370,200.34,212.74,-3.3,14.69,2281.61,0.36,21.42,1.59,0.48,18.74,4922,10.51
3224,三顧,37.05,37.6,37.05,-1.45,-3.77,206,41.46,0,0,0,0,0,0,0,0,0,0,0,0,0,0,0,0,16,-16,207,191,16,--,141.84,5.73,15.92,1551.64,0.03,16.15,-0.92,0,50.9,8675,7.82
3226,龍鋒,47.5,47.9,48.2,-0.3,-0.62,5,100,0,0,0,0,0,0,0,0,0,0,0,0,0,0,0,0,0,0,5,5,0,--,97.83,-14.66,-54.69,1301.79,0.02,7.24,0.07,0,0.01,2,6.44
3227,原相,211,211.5,211,-14,-6.22,1750,47.16,-505,-5,-119,-629,937,1207,-270,-0.15,-714,0,493,503,704,0.27,0.67,154,146,8,718,456,262,19.16,867.68,2.06,10.33,9103.34,2.65,59.48,3.24,4.79,9.87,3713,15.19
3228,金麗科,167.5,168,167.5,-13,-7.2,497,34.02,4,0,-12,-8,71,143,-72,-0.14,-110,0,33,77,66,0.06,0.27,80,101,-21,377,284,93,--,28.74,-11.21,37.71,312.5,-0.55,60.74,-6.01,0,--,0,7.19
3229,晟鈦,41.1,41.6,41.1,-3.25,-7.33,607,25.27,61,0,-34,27,69,103,-34,-0.06,-62,0,41,24,79,0.07,0.17,0,72,-72,544,438,106,411,148.54,-2.35,56.27,1201.77,0.55,10.96,5.72,0,--,0,6.43
3230,錦明,29.9,29.95,29.9,-0.65,-2.13,421,50,-59,0,1,-58,0,0,0,0,0,0,0,0,0,0,0,0,0,0,424,424,0,--,34.15,-14.47,17.64,391.13,-0.45,4.31,-4.04,0,21.58,3830,8.6
3231,緯創,163,163.5,163.5,-7.5,-4.39,69625,57.75,-1985,267,-1120,-2838,58013,59783,-1770,-0.02,-6658,0,53125,55285,4498,0.75,0.84,5979,5020,959,7048,6238,810,16.4,290183.47,2.38,39.24,2917852.09,3.06,5.21,6.82,3.36,5.17,41108,318.04
3232,昱捷,23.65,23.8,23.75,0.15,0.64,83,45,-8,0,0,-8,0,0,0,0,0,0,0,0,0,0,0,0,0,0,83,83,0,103.26,101.26,26.29,21.43,900.8,0.18,16.51,1.25,2.11,26.42,3076,4.66
3234,光環,124,124.5,124,-1,-0.8,3906,45.11,-203,0,-3,-206,2174,2522,-348,-0.09,-1064,8,1442,1772,742,0.36,0.63,484,460,24,1347,1023,324,--,57.15,-8.49,13.34,673.35,-0.32,9.79,-4.88,0,--,0,11.15
3236,千如,52.9,53,53,-0.9,-1.67,1439,44.43,-44,0,-21,-65,29,206,-177,-0.14,-177,0,29,113,93,0.02,0.16,190,92,98,1241,1162,79,126.19,178.95,-30.36,2.77,2231.13,0.1,22.79,0.65,0.94,13.9,3648,10.5
3252,海灣,17.6,17.7,17.6,-0.3,-1.68,36,61.11,1,0,0,1,0,0,0,0,0,0,0,0,0,0,0,0,0,0,36,36,0,117.33,37.81,-16.4,-9.61,502.74,0.09,40.46,0.75,0,99.19,12446,5.02
3257,虹冠電,55.9,56.3,56,-4.6,-7.59,943,46.08,194,0,3,197,125,129,-4,0,-4,0,125,39,90,0.13,0.14,151,282,-131,676,541,135,18.92,60.2,19.6,-43.1,890.31,0.19,44.98,0.91,5,14.33,2860,7.98
3259,鑫創,16.35,16.65,16.35,-0.7,-4.11,47,28.26,2,0,0,2,0,0,0,0,0,0,0,0,0,0,0,0,0,0,48,48,0,--,19.55,17.6,20.61,279,-0.6,15.77,-10.82,0,--,0,7.3
3260,威剛,403,403.5,403,-18.5,-4.39,14352,45.15,1309,-2,-216,1091,10984,11508,-524,-0.04,-3313,0,8195,8599,2909,0.55,0.77,1226,1105,121,2664,2262,402,8.14,12942.6,22.61,210.44,84667.43,30.05,55.7,35.47,4.22,27.74,22844,33.17
3264,欣銓,211,211.5,211,-17.5,-7.66,4536,38.71,-229,20,-151,-360,2625,3236,-611,-0.13,-1014,0,2222,2679,557,0.47,0.69,433,338,95,1633,1117,516,32.71,1517.84,3.69,32.96,15493.73,1.95,38.36,4.68,1.99,6.32,7745,49.02
3265,台星科,172,172.5,172,-8,-4.44,1400,51.12,-74,62,-25,-37,662,624,38,0.03,-41,0,583,532,92,0.41,0.43,213,288,-75,565,528,37,30.18,484.23,-1.08,22.06,5093.74,1.76,25.55,3.87,2.38,11.45,3901,13.63
3266,昇陽,12.5,12.65,12.5,-0.5,-3.85,175,31.61,-2,0,3,1,0,0,0,0,0,0,0,0,0,0,0,0,0,0,176,176,0,19.53,163.31,-15.64,78.53,1763.1,0.12,25.38,0.7,4,0.54,477,35.23
3268,海德威,19.3,19.85,19.85,-0.45,-2.22,522,37.45,-92,0,0,-92,0,65,-65,-0.12,-65,0,0,0,65,0,0.12,50,30,20,473,428,45,--,99.12,-6.05,4.37,950.68,-0.09,6.27,-0.67,0,13.19,1145,3.47
3272,東碩,16.7,17,16.85,-0.2,-1.17,57,46.3,-9,0,0,-9,0,0,0,0,0,0,0,0,0,0,0,0,0,0,58,58,0,--,239.57,-5.96,-10.59,2851.39,-2.8,7.08,-18.16,0,6.75,1032,6.12
3276,宇環,14.05,14.15,14.05,-0.75,-5.07,224,31.61,1,0,-2,-1,0,0,0,0,0,0,0,0,0,0,0,0,0,0,225,225,0,70.25,58.75,-13.18,42.89,524.28,0,0.31,-0.78,0.43,9.24,1610,6.97
3284,太普高,19.3,19.35,19.35,-0.2,-1.02,770,41.79,-63,0,1,-62,0,0,0,0,0,0,0,0,0,0,0,49,61,-12,729,717,12,8.52,63.17,-35.43,-18.7,844.73,0.5,27.73,3.12,2.58,4.21,1143,10.85
3285,微端,31.1,31.3,31.1,-0.6,-1.89,54,58.33,2,0,0,2,0,0,0,0,0,0,0,0,0,0,0,0,0,0,55,55,0,33.09,73.08,9.34,2.33,763.46,0.26,24.2,1.96,1.61,1.47,157,4.27
3287,廣寰科,34.15,34.2,34.2,-2.55,-6.94,346,45.94,87,0,0,87,0,0,0,0,0,0,0,0,0,0,0,0,18,-18,350,332,18,12.08,68.09,-18.76,15.75,971,1.01,33.38,7.91,4.39,17.76,1952,4.4
3288,點晶,21.2,21.25,21.2,-2.25,-9.59,95,12.36,0,0,0,0,0,0,0,0,0,0,0,0,0,0,0,0,0,0,98,98,0,--,8.68,-3.9,68.12,78.15,-0.08,76.96,-1.19,0,--,0,1.64
3289,宜特,172,172.5,172,-10.5,-5.75,3222,45.85,-77,0,-142,-219,1573,1803,-230,-0.07,-477,0,1326,1416,387,0.4,0.55,473,464,9,1255,1033,222,35.68,371.3,6.12,-3.8,4779.87,2.05,17.27,3.59,2.59,38.68,8331,8.67
3290,東浦,49.1,49.15,49.15,-1.05,-2.09,1011,45.02,-111,0,-7,-118,0,0,0,0,0,0,0,0,0,0,0,49,90,-41,973,932,41,10.57,314.66,6.37,96.16,3011.99,2.65,20.14,10.49,3.05,42.76,8597,9.02
3293,鈊象,780,781,780,-10,-1.27,3564,66.3,-957,1401,-82,362,3016,2915,101,0.03,6,0,2921,2802,113,0.78,0.78,605,725,-120,120,101,19,19.32,2123.84,0.03,11.96,23437.42,11.18,97.82,20.27,4.62,4.45,3137,28.18
3294,英濟,36.75,36.8,36.75,-1.55,-4.05,1292,59.17,321,0,-1,320,92,46,46,0.04,46,0,92,46,0,0.07,0.04,200,55,145,1010,1201,-191,--,261.12,9.76,-10.34,3540.49,-0.45,5.82,-2.79,0,24.27,8011,13.2
3296,勝德,20.95,21.2,20.95,-0.85,-3.9,67,34.92,-24,0,-1,-25,0,0,0,0,0,0,0,0,0,0,0,0,0,0,76,76,0,161.15,146.33,22.38,8.21,1562.39,-0.37,14.4,-2.85,0,7.84,1896,9.67
3297,杭特,31.7,31.75,31.7,-1.5,-4.52,125,50.98,28,0,0,28,0,0,0,0,0,0,0,0,0,0,0,0,0,0,130,130,0,63.4,18.93,-13.15,8.88,215.62,-0.05,36.68,-0.29,0,12.33,1111,3.6
3303,岱稜,50.9,51,50.9,-1.1,-2.12,588,45.71,-48,0,-7,-55,27,0,27,0.05,27,0,27,0,0,0.05,0,33,97,-64,530,493,37,11.92,307.07,14.21,18.44,3084.38,0.92,34.29,3.79,5.89,6.52,1533,9.41
3305,昇貿,144.5,145,145,-11,-7.05,5261,41.28,708,0,-176,532,3024,3365,-341,-0.06,-1218,0,2147,2086,1279,0.4,0.63,725,570,155,1622,1437,185,42.03,1348.8,-7.94,71.37,13099.76,1.73,18.27,4.11,1.59,28.43,10281,14.46
3306,鼎天,46.85,46.95,46.95,-2.05,-4.18,230,47.17,-29,0,0,-29,0,0,0,0,0,0,0,0,0,0,0,0,0,0,231,231,0,21.34,84.77,-14.42,-20.75,1086.56,0.11,27.54,0.16,3.62,8.18,1035,5.06
3308,聯德,20.75,20.8,20.75,-0.95,-4.38,249,47.32,-1,0,1,0,0,0,0,0,0,0,0,0,0,0,0,0,40,-40,254,214,40,172.92,0.51,-3.02,-7.05,7.92,0.01,62.63,0.08,0,5.45,817,6
3310,佳穎,67.8,69.8,69.5,0.8,1.16,131,65.57,1,0,0,1,29,29,0,0,0,0,29,29,0,0.22,0.22,0,8,-8,103,95,8,45.13,175.85,-6.71,43.72,1771.5,0.34,21.8,1.23,5.04,13.21,2475,7.49
3311,閎暉,40.5,40.65,40.5,0.75,1.89,4566,52.66,355,0,3,358,626,327,299,0.07,397,389,92,42,42,0.1,0.02,582,509,73,3389,3761,-372,27.55,213.03,6.93,13.75,2300.05,0.5,11.06,1.36,1.48,16.32,4080,10
3312,弘憶股,--,60.8,60.8,-6.7,-9.93,6949,13.12,-2698,0,-17,-2715,3342,4973,-1631,-0.23,-4673,0,299,645,4327,0.04,0.71,1320,751,569,2364,1302,1062,36.41,1982.06,-18.5,18.3,21694.54,1.03,5.33,4.52,2.14,12.21,5574,18.26
3313,斐成,11,11.05,11.05,-0.2,-1.78,177,35.22,0,0,1,1,0,0,0,0,0,0,0,0,0,0,0,0,0,0,189,189,0,--,0.48,89.64,125.59,16.07,0.07,-44.42,0.71,0,--,1364,22.11
3317,尼克森,74.3,74.4,74.3,-6.8,-8.38,2585,36.67,-1,0,-17,-18,884,1063,-179,-0.07,-570,0,493,330,733,0.19,0.41,323,485,-162,1418,1077,341,40.38,213.9,-19.21,-13.08,2778.65,0.84,29.35,2.35,0.67,13.03,2931,9
3321,同泰,20.5,20.6,20.55,1.45,7.59,1313,47.57,215,0,12,227,0,96,-96,-0.07,-96,0,0,96,0,0,0.07,141,157,-16,1182,1070,112,--,236.87,16.18,36.45,2212.76,-0.69,1.68,-8.6,0,--,0,8.61
3322,建舜電,14.25,14.3,14.25,0,0,1273,47.36,171,0,0,171,0,0,0,0,0,0,0,0,0,0,0,97,36,61,1183,1244,-61,--,275.45,1.79,31.77,3105.01,-0.64,10.16,-4.86,0,36.42,12525,13.76
3323,加百裕,37.1,37.4,37.25,-0.55,-1.46,1745,56.69,384,0,-24,360,102,66,36,0.02,36,0,102,66,0,0.06,0.04,188,80,108,1482,1626,-144,--,386.5,-13.28,-4.19,4826.62,-0.56,8.48,-2.18,0,26.74,6649,9.95
3324,雙鴻,1090,1095,1095,-15,-1.35,3244,53.79,274,3,-45,232,3293,3354,-61,-0.02,-320,0,3034,3095,259,0.88,0.98,20,20,0,121,61,60,31.6,3138.89,10.43,93.75,29758.97,12.61,29.66,9.95,1.09,21,4887,9.31
3325,旭品,12.9,13,12.9,-0.75,-5.49,259,38.77,22,0,1,23,0,0,0,0,0,0,0,0,0,0,0,0,0,0,262,262,0,--,58.13,-1.57,-57.73,1118.24,-0.6,-5.33,-7.26,0,--,609,11.02
3332,幸康,65.9,66,65.9,-2.1,-3.09,26,60.87,-2,0,0,-2,0,0,0,0,0,0,0,0,0,0,0,0,0,0,27,27,0,16.77,137.42,-21.85,-12.03,1692.62,1.38,35.9,3.53,3.03,1.94,233,4.81
3338,泰碩,77.3,77.5,77.3,-1.3,-1.65,2326,45.52,67,0,1,68,502,563,-61,-0.03,-134,71,325,474,56,0.17,0.23,359,436,-77,1496,1358,138,53.68,324.64,-8.53,-6.54,3520.17,0.27,18.98,1.16,1.68,21.06,4628,8.79
3339,泰谷,45.35,45.55,45.4,-3.45,-7.06,1601,43.06,266,0,0,266,325,339,-14,-0.01,-213,0,126,118,221,0.08,0.21,165,147,18,1122,1126,-4,--,72.14,-0.77,10.51,895.79,-0.77,13.67,-7.13,0,40.96,6816,6.66
3346,麗清,24.95,25,25,-1.7,-6.37,1559,23.37,-8,0,-27,-35,0,218,-218,-0.17,-218,0,0,0,218,0,0.17,184,253,-69,1387,1100,287,--,686.76,9.53,-15.08,8065.85,-0.67,8.89,-2.26,0.44,9.09,2756,12.12
3349,寶德,17.65,17.8,17.75,-0.25,-1.39,39,25.64,-20,0,0,-20,0,0,0,0,0,0,0,0,0,0,0,0,0,0,39,39,0,--,18.36,-23.43,-60.68,414.88,-0.48,6.06,-6.56,0,--,0,4.61
3354,律勝,28.45,28.5,28.5,-1.8,-5.94,666,49.33,152,0,1,153,0,0,0,0,0,0,0,0,0,0,0,0,25,-25,671,646,25,--,13.79,22.15,52.03,105.78,-0.17,29.18,-1.52,0,10.01,1754,7.01
3356,奇偶,59.1,59.2,59.1,-1.3,-2.15,1070,48.84,-16,0,0,-16,93,65,28,0.03,28,0,93,65,0,0.09,0.06,201,248,-47,792,773,19,5.83,107.31,-3.88,20.67,1058.07,2.21,49.63,6.85,5.92,9.74,1946,8.05
3357,臺慶科,283,283.5,283,-13,-4.39,10921,55.81,2385,12,22,2419,7219,8044,-825,-0.07,-938,0,7106,7884,160,0.64,0.73,1574,1307,267,2247,1688,559,29.12,709.4,0.75,37.77,7089.56,2.51,28.86,2.88,1.84,24.53,6620,11.62
3360,尚立,14.15,14.25,14.25,-0.3,-2.06,325,52.58,-53,0,0,-53,0,0,0,0,0,0,0,0,0,0,0,0,0,0,327,327,0,--,707.88,5.31,-3.73,8284.21,0,3.22,-0.67,0,15.01,2867,7.64
3362,先進光,141,141.5,141.5,-6.5,-4.39,4364,36.24,6,0,-28,-22,2318,2393,-75,-0.02,-1152,0,1241,1284,1109,0.28,0.54,687,772,-85,1458,1298,160,--,372.81,-10.41,-3.89,4400.29,-0.5,13.11,-1.95,0,11.7,4313,14.74
3363,上詮,829,830,829,-79,-8.7,4084,39.51,-565,300,1,-264,3070,3379,-309,-0.07,-1214,0,2165,2395,984,0.51,0.79,1077,832,245,138,75,63,--,143.8,12.39,-24.81,1739,-0.98,1.88,-2.58,0,24.53,6662,11.36
3372,典範,19.7,19.75,19.7,-1.5,-7.08,1053,27.12,-196,0,6,-190,240,154,86,0.08,86,0,240,154,0,0.23,0.15,26,130,-104,794,776,18,--,110.37,-3.91,15.7,1224.06,-0.03,4.11,-0.36,0,--,2,17.53
3373,熱映,16.6,16.7,16.6,-0.3,-1.78,81,29.17,-1,0,0,-1,0,0,0,0,0,0,0,0,0,0,0,0,0,0,83,83,0,--,42.86,32.74,26.33,398.39,-0.26,13.71,-1.55,6.63,7.21,858,4.76
3374,精材,233,233.5,233,-13.5,-5.48,7601,36.94,-234,0,-493,-727,4791,5248,-457,-0.06,-2115,0,3133,3239,2009,0.4,0.66,925,747,178,2186,1908,278,45.33,723.82,3.48,25.64,7754.56,1.42,29.66,3.86,1.07,19.84,13458,27.14
3376,新日興,236,236.5,236.5,-0.5,-0.21,34606,54.09,1562,750,-141,2171,24606,26300,-1694,-0.05,4587,9361,12244,13595,3423,0.62,0.49,2868,2581,287,7510,6099,1411,347.79,907.19,12.61,-10.02,10169.22,0.15,14.28,0.17,1.69,25.13,12301,19.58
3379,彬台,37.35,37.5,37.5,-2.3,-5.78,372,53.11,22,0,0,22,0,0,0,0,0,0,0,0,0,0,0,36,32,4,343,347,-4,23.89,20.69,-36.09,-78.59,1813.88,-0.39,19.03,-2.29,3.2,22.71,2160,3.8
3380,明泰,34.45,34.5,34.45,-3.05,-8.13,4285,38.2,-241,0,-151,-392,944,1469,-525,-0.12,-700,0,769,1234,235,0.18,0.34,749,1083,-334,2623,1764,859,--,1800.53,64.62,-7.97,22606,0.1,18.36,0.21,1.45,3.94,5338,54.17
3388,崇越電,93.9,94,93.9,-6.6,-6.57,912,38.15,100,0,-21,79,55,233,-178,-0.19,-195,0,38,0,233,0.04,0.25,161,91,70,718,610,108,21.29,864.39,8.08,33.25,7814.33,1.2,19.51,1.95,3.56,15.6,2889,7.72
3390,旭軟,27.3,27.35,27.3,0.5,1.87,1068,50.42,-8,0,0,-8,0,0,0,0,0,0,0,0,0,0,0,65,83,-18,1008,990,18,--,91,15.99,48.58,838.19,-0.18,16.14,-1.05,0.73,13.71,2719,7.93
3402,漢科,132,132.5,132.5,-8.5,-6.03,864,48.93,40,0,-23,17,277,321,-44,-0.05,-59,0,262,293,28,0.29,0.36,181,196,-15,431,372,59,18.08,503.19,7.4,20.14,5462,1.56,21,5.41,4.53,8.62,1574,7.3
3406,玉晶光,654,655,654,-11,-1.65,3887,48.48,30,0,-30,0,2816,2959,-143,-0.04,-387,23,2538,2656,292,0.64,0.74,1106,983,123,78,54,24,19.82,1628.91,-29.62,30.24,26643.86,7.9,33.56,3.39,2.6,7.49,2111,11.27
3413,京鼎,297,297.5,297.5,-19.5,-6.15,2452,40.36,-633,0,-106,-739,1246,1915,-669,-0.26,-1232,0,683,831,1084,0.26,0.74,436,266,170,906,407,499,15.77,1972.95,5.54,16.75,21927.19,4.28,23.84,2.94,3.69,13.98,3871,11.08
3416,融程電,174.5,175,174.5,-6.5,-3.59,486,42.4,-52,0,-19,-71,141,167,-26,-0.05,-77,0,90,104,63,0.18,0.33,97,135,-38,270,206,64,23.9,370.98,-5.05,52.42,4054.8,1.8,36.52,4.3,3.21,5.41,1089,8.05
3419,譁裕,13.6,13.65,13.65,-0.55,-3.87,437,48.04,-18,0,1,-17,0,0,0,0,0,0,0,0,0,0,0,51,44,7,388,395,-7,--,143.35,-14.3,-0.17,1780.48,-0.32,12.19,-4.08,0,--,1406,12.05
3430,奇鈦科,138,139,138,-6.5,-4.5,758,46.86,132,0,0,132,283,309,-26,-0.03,-134,0,175,188,121,0.23,0.4,157,134,23,333,330,3,40.12,161.06,-19.9,13.83,1849.92,1.45,23.24,4.28,1.16,31.31,2639,3.37
3432,台端,17.95,18,17.95,-0.5,-2.71,19,46.67,-2,0,0,-2,0,0,0,0,0,0,0,0,0,0,0,0,0,0,21,21,0,--,16.94,-43.36,39.4,213.43,-0.23,14.22,-3.16,0,--,0,4.22
3434,哲固,31.5,32,32,-2,-5.88,355,43.29,49,0,0,49,58,130,-72,-0.2,-130,0,0,58,72,0,0.36,30,18,12,273,213,60,--,28.08,-53.73,-49.82,551.57,0.08,19.93,0.55,3.75,21.71,1940,3.58
3437,榮創,21.5,21.55,21.5,-1.9,-8.12,1657,47.41,136,0,8,144,219,262,-43,-0.03,-93,0,169,202,60,0.1,0.16,94,176,-82,1351,1226,125,--,115.81,-4.47,-22.17,1460.69,-0.56,3.92,-3.32,0,8.99,3248,14.45
3438,類比科,66.4,66.5,66.5,-3.8,-5.41,353,42.47,31,0,0,31,0,0,0,0,0,0,0,0,0,0,0,50,46,4,306,310,-4,73.89,78.13,-8.69,-15.47,922.17,0.24,38.67,0.49,2.26,8.22,969,4.72
3441,聯一光,54.6,54.7,54.6,-5.6,-9.3,6323,30.95,61,0,3,64,3331,4629,-1298,-0.2,-3053,0,1576,2257,2372,0.25,0.73,782,484,298,2264,1264,1000,47.89,41.79,-28.86,46.19,479.2,0.47,29.79,2.28,1.56,23.1,2312,4
3443,創意,4255,4260,4255,-135,-3.08,1758,46.54,-15,40,-95,-70,1781,1839,-58,-0.03,-260,0,1579,1637,202,0.84,0.98,9,8,1,86,29,57,128.01,4674.01,8.85,132.13,43847.88,12.28,27.2,11.97,0.47,12.95,4339,13.4
3444,利機,99.7,100,99.8,-3.2,-3.11,1043,54.82,115,0,-1,114,100,169,-69,-0.07,-69,0,100,119,50,0.1,0.16,235,148,87,719,737,-18,56.38,112.93,-2.08,-1.81,1287.76,0.41,19.76,1.77,1.8,16.81,1891,4.5
3447,展達,38.8,38.85,38.8,-2.2,-5.37,289,29.17,-75,0,0,-75,0,0,0,0,0,0,0,0,0,0,0,0,14,-14,293,279,14,27.13,290.5,-4.93,34.2,3820.25,0.17,9.4,1.06,2.84,13.59,2631,7.74
3450,聯鈞,460.5,461,461,-40,-7.98,5952,36.68,-581,0,-16,-597,4369,4834,-465,-0.07,-2106,0,2727,3116,1717,0.44,0.78,580,456,124,1290,950,340,137.2,960.22,9.39,49.91,8507.66,0.69,24.8,2.3,0.22,50.66,18451,14.57
3455,由田,209,209.5,209,-11,-5,1225,40.47,355,0,0,355,675,525,150,0.12,-7,0,518,368,157,0.41,0.41,172,255,-83,422,489,-67,117.42,125.16,261.21,-2.51,1456.24,-0.81,54.54,-2,1.67,27.92,4177,5.99
3465,進泰電子,29.6,30.35,29.7,-2.3,-7.19,43,41.46,-6,0,0,-6,0,0,0,0,0,0,0,0,0,0,0,0,0,0,43,43,0,--,231.79,19.74,190.5,1770.39,-0.92,5.92,-5.04,0,6.96,615,3.53
3466,德晉,32.2,32.4,32.4,-0.65,-1.97,452,47.16,-10,0,-8,-18,0,0,0,0,0,0,0,0,0,0,0,110,80,30,344,374,-30,--,218.52,374.39,2243.13,327.25,-0.31,7.8,-1.7,0,58,11295,7.79
3467,台灣精材,64,64.5,64.3,-2.2,-3.31,205,42.61,-19,0,0,-19,28,0,28,0.14,28,0,28,0,0,0.14,0,0,41,-41,179,166,13,94.56,69.42,10.96,39.7,648.73,0.3,24.71,1.57,0.78,6.02,468,3.11
3479,安勤,121.5,122,122,-7,-5.43,750,43.31,-8,0,-2,-10,189,276,-87,-0.11,-109,0,167,239,37,0.22,0.36,151,132,19,430,362,68,17.97,779.37,1.37,10.81,8848.87,2.22,28.15,4.46,3.77,8.57,1556,7.26
3481,群創,--,48.35,48.35,-5.35,-9.96,85163,0,99,72,-2191,-2020,87964,86908,1056,0.01,-86908,0,0,0,86908,0,0.98,734,1499,-765,126,418,-292,402.92,21237.44,-14.97,11.79,239714.59,0.2,14.43,0.79,2.07,19.41,387643,798.92
3483,力致,96.8,96.9,96.8,-1.2,-1.22,1253,50.97,53,10,-23,40,188,196,-8,-0.01,-74,0,122,112,84,0.09,0.15,225,165,60,874,926,-52,25.14,751.92,-9.01,3.68,9262.76,0.17,17.08,0.34,3.1,19.55,4840,9.9
3484,崧騰,43.8,43.9,43.85,-0.8,-1.79,357,52.27,76,0,2,78,0,24,-24,-0.07,-24,0,0,24,0,0,0.07,53,27,26,308,310,-2,11.19,416.64,14.96,3.72,4525.87,0.63,22.07,1.49,5.7,10.15,2001,7.88
3485,敘豐,319.5,320,320,-30,-8.57,332,22.7,3,0,1,4,121,140,-19,-0.05,-123,0,17,17,123,0.05,0.38,64,111,-47,187,122,65,69.57,52.52,0.28,9.87,--,1.69,53.21,4.28,1.41,--,0,3.85
3489,森寶,22,22.05,22,-0.45,-2,108,24.07,-28,0,0,-28,0,0,0,0,0,0,0,0,0,0,0,0,0,0,108,108,0,--,83.46,9,35.49,931.32,-0.03,3.3,-0.19,13.64,7.54,1706,9.05
3490,單井,34.25,34.3,34.25,-2.45,-6.68,1246,45.56,273,0,0,273,71,35,36,0.03,-4,0,31,0,35,0.02,0.03,221,225,-4,962,994,-32,12.78,31.1,77.03,51.02,266.37,2.07,20.05,8.71,1.46,26.41,3631,5.5
3491,昇達科,1785,1790,1785,-150,-7.75,757,25.68,-213,-2,-3,-218,789,877,-88,-0.1,-378,0,499,587,290,0.59,1.05,26,17,9,117,37,80,195.3,296.25,-15.13,57.24,3119.4,3.68,57.98,7.13,0.38,18.38,3162,6.88
3492,長盛,22.2,22.3,22.25,-0.55,-2.41,53,49.02,2,0,0,2,0,0,0,0,0,0,0,0,0,0,0,0,0,0,53,53,0,14.83,75.52,15.52,-17.81,810.94,0.31,28.25,1.65,4.94,8.95,795,3.55
3494,誠研,7.91,7.98,7.91,-0.2,-2.47,172,54.32,-6,0,5,-1,0,0,0,0,0,0,0,0,0,0,0,0,0,0,173,173,0,--,81.23,-17.5,-4.51,972.85,-0.29,14.85,-4.47,0,--,0,9.48
3498,陽程,127,127.5,127.5,-3,-2.3,3036,48.8,335,0,-30,305,1685,1765,-80,-0.03,-472,38,1218,1233,495,0.41,0.57,450,403,47,932,898,34,97.33,341.95,351.07,137.82,1644.31,-0.2,26.04,-0.53,0,35.44,4560,6.13
3499,環天科,14.75,14.9,14.9,-0.15,-1,99,17.89,-40,0,1,-39,0,0,0,0,0,0,0,0,0,0,0,0,0,0,99,99,0,--,28.72,11.63,-20.18,325.08,-0.51,12.89,-6.19,0,--,0,5.5
3501,維熹,42.05,42.15,42.1,-1.65,-3.77,453,45.18,46,0,-1,45,97,135,-38,-0.08,-38,0,97,135,0,0.21,0.29,33,19,14,329,305,24,23.52,429.48,-7.72,-18.52,5239.81,0.15,15.37,0.25,4.75,2.27,671,11.83
3504,揚明光,72.9,73.2,72.9,-8,-9.89,1382,30.69,108,0,-3,105,287,243,44,0.03,-128,0,115,109,134,0.08,0.17,216,325,-109,899,834,65,--,243.55,-13.64,2.24,2728.77,0.05,18.23,0.21,0,9.82,2801,11.41
3508,位速,18.7,18.8,18.7,-0.85,-4.35,600,23.82,27,0,-1,26,0,160,-160,-0.27,-160,0,0,0,160,0,0.27,127,79,48,476,364,112,--,70.59,-21.73,-18.99,811.95,-0.1,14.49,-3.65,0,--,0,10.43
3511,矽瑪,24.35,24.45,24.35,-1.15,-4.51,836,47.88,56,0,0,56,0,0,0,0,0,0,0,0,0,0,0,22,23,-1,820,819,1,--,153.82,3.05,27.47,1774.01,-0.09,16.41,-0.67,0,21.8,2724,8
3512,皇龍,20.4,20.55,20.45,-0.4,-1.92,54,50,1,0,0,1,0,0,0,0,0,0,0,0,0,0,0,0,0,0,55,55,0,11.75,27.41,63.82,190.41,966.65,0.46,40.42,2,8.8,1.88,531,11.31
3515,華擎,243.5,244,243.5,-6,-2.4,1249,34.12,-330,-1,-8,-339,764,729,35,0.03,9,0,738,692,37,0.57,0.56,116,144,-28,412,419,-7,15.37,2741.89,-44.39,-46.53,48384.94,4.14,14.96,5.8,4.52,6,1854,12.35
3516,亞帝歐,23.6,23.8,23.8,0.25,1.06,309,87.62,8,0,-4,4,67,72,-5,-0.02,-5,0,67,72,0,0.22,0.23,60,66,-6,183,172,11,82.07,96.56,0.69,27.01,1135.14,0.08,16.93,0.45,0.84,60.61,9025,5.96
3518,柏騰,30.8,30.85,30.8,-1.05,-3.3,949,50.99,46,0,2,48,0,0,0,0,0,0,0,0,0,0,0,68,71,-3,884,881,3,13.39,18.5,2.54,-32.28,287.89,2.81,-13.12,18.52,0,16.95,3965,10.25
3520,華盈,18.75,--,18.75,1.7,9.97,8652,64.24,-316,0,-12,-328,1522,1657,-135,-0.02,1367,1448,0,0,81,0.17,0.01,1335,1880,-545,5823,5142,681,--,114.21,12.59,5.94,1276.43,-0.07,10.12,-0.59,0,17.65,2743,6.88
3521,台鋼建設,12.35,12.4,12.35,-0.2,-1.59,69,56.92,-8,0,1,-7,0,0,0,0,0,0,0,0,0,0,0,0,0,0,71,71,0,6.79,1.08,-88.13,-58.7,237.86,2.12,-42.64,19.16,0,12.27,1404,18.58
3522,御嵿,11.5,11.6,11.5,-0.2,-1.71,168,16.67,2,0,0,2,0,0,0,0,0,0,0,0,0,0,0,0,0,0,170,170,0,--,62.51,-50.93,-0.59,1208.41,0.4,54.24,6.14,0,--,0,10.41
3523,迎輝,--,18.9,18.9,-2.05,-9.79,71,0,0,0,0,0,0,0,0,0,0,0,0,0,0,0,0,39,0,39,33,72,-39,--,10.87,90.6,197.78,97.17,-0.45,-88.58,-7.01,0,--,0,6.43
3526,凡甲,367,368,368,-16,-4.17,821,47.27,117,-2,-27,88,409,461,-52,-0.06,-132,0,330,387,75,0.39,0.54,166,143,23,283,253,30,21.09,365.79,-16.22,22.07,4294,4.7,50.38,7.91,4.58,15.64,2574,6.63
3527,聚積,56.7,57.1,56.8,-4.5,-7.34,210,25.53,-61,0,0,-61,0,0,0,0,0,0,0,0,0,0,0,19,19,0,194,194,0,--,134.86,27.38,15.91,1398.69,0.01,39.59,0.02,1.76,10.28,1142,4.44
3528,安馳,--,124.5,124.5,-13.5,-9.78,504,0,34,0,6,40,284,370,-86,-0.18,-355,0,15,8,362,0.03,0.8,57,58,-1,180,93,87,40.16,1108.97,-18.67,83.24,11238.62,2.83,13.88,9.38,1.11,23.38,3895,6.66
3529,力旺,3200,3205,3200,-235,-6.84,851,52.36,298,-199,-9,90,857,868,-11,-0.01,-64,0,804,815,53,0.91,0.98,4,5,-1,24,13,11,116.79,305.06,-50.24,12.04,4134.31,7.98,100,14.73,0.64,7.24,1352,7.47
3530,晶相光,60.1,60.3,60.1,-4.9,-7.54,299,40.15,-60,0,-1,-61,0,0,0,0,0,0,0,0,0,0,0,10,58,-48,295,247,48,29.61,199.68,-13.51,26.61,2147.61,0.44,20.46,1.39,1.33,7.02,1359,7.75
3531,先益,22.95,23.55,23.55,-0.1,-0.42,8,37.5,0,0,0,0,0,0,0,0,0,0,0,0,0,0,0,0,0,0,8,8,0,98.13,101.15,-1.81,-28.02,1166.03,0.33,19.96,1.01,2.12,0.4,61,6.12
3532,台勝科,--,261,261,-29,-10,323,0,41,0,31,72,214,347,-133,-0.4,-347,0,0,0,347,0,1.05,67,9,58,95,20,75,330.38,1217.61,4.21,24.43,13041.51,-0.18,0.83,-0.28,0.38,8.64,8374,38.78
3533,嘉澤,2285,2290,2290,-75,-3.17,971,54.21,49,12,-21,40,979,992,-13,-0.01,-117,0,875,888,104,0.86,0.98,7,6,1,28,16,12,32.27,3041.08,-10.34,8.98,36176.91,21.37,49.55,5.76,1.53,2.11,593,11.25
3535,晶彩科,123,123.5,123,-7.5,-5.75,1525,14.62,15,0,1,16,538,809,-271,-0.22,-524,0,285,329,480,0.23,0.65,281,168,113,734,576,158,307.5,19.81,-53.21,-2.5,733.74,0.99,46.09,7.26,0,39.51,7808,7.91
3537,堡達,76.7,76.8,76.7,-6.9,-8.25,9323,41.26,-334,0,0,-334,2554,4530,-1976,-0.21,-3037,0,1493,3087,1443,0.16,0.48,1645,1554,91,5197,3312,1885,30.08,225.87,-20.45,3.46,2958.02,1.28,16.43,5.46,2.61,19.49,2740,5.62
3540,曜越,26,26.05,26,-1,-3.7,369,44.81,-40,0,1,-39,0,0,0,0,0,0,0,0,0,0,0,20,40,-20,354,334,20,89.66,300.93,-26.72,-31.04,4952.15,0.15,28.11,0.6,1.15,6.78,1229,7.25
3541,西柏,22.15,22.35,22.35,-0.25,-1.11,56,37.5,-17,0,0,-17,0,0,0,0,0,0,0,0,0,0,0,0,0,0,57,57,0,--,88.17,6.19,-15.8,1021.23,0.03,35.46,0.25,0,1.78,251,5.63
3543,州巧,33.9,34.3,33.9,-1.05,-3,1055,52.02,96,0,0,96,175,66,109,0.1,-66,0,0,0,66,0,0.06,178,185,-7,704,806,-102,--,288.9,-1.76,-8.76,3182.59,-0.16,9.41,-0.73,1.77,22.69,6254,11.03
3545,敦泰,51.6,51.7,51.6,-4.3,-7.69,1650,37.61,-150,0,-80,-230,194,310,-116,-0.07,-227,0,83,179,131,0.05,0.18,234,443,-209,1261,936,325,--,953.52,5.89,-14.34,11273.71,0.02,23.02,0.06,1.55,8.91,4926,22.11
3546,宇峻,81.4,81.5,81.4,-0.9,-1.09,437,54.73,89,0,-12,77,20,16,4,0.01,4,0,20,16,0,0.05,0.04,83,82,1,339,344,-5,23.87,133.46,-16.84,32.29,1628.84,2.34,88.59,8.7,3.07,16.29,2380,5.84
3548,兆利,98.9,99,99,-5.5,-5.26,2398,38.63,-126,0,10,-116,440,733,-293,-0.12,-614,0,119,95,638,0.05,0.3,321,301,20,1670,1397,273,1980,833.38,10.93,-6.91,8084.46,-1.35,8.1,-1.47,1.01,25.66,4345,6.77
3550,聯穎,23.55,23.6,23.55,-0.5,-2.08,4820,47.02,1249,0,0,1249,522,281,241,0.05,101,0,382,281,0,0.08,0.06,764,785,-21,3555,3776,-221,--,391.68,-12.6,36.57,3905.07,0.21,17.41,1.32,0,53.32,14337,10.76
3551,世禾,188.5,189,188.5,-12.5,-6.22,1104,43.32,-31,0,-159,-190,389,533,-144,-0.13,-201,0,332,446,87,0.29,0.47,220,235,-15,537,378,159,22.96,275.78,0.26,11.99,3151.57,2.46,37.44,3.03,2.55,12.45,1938,6.23
3552,同致,48.85,48.95,48.85,-5.15,-9.54,529,26.85,-110,0,-18,-128,32,76,-44,-0.08,-76,0,0,0,76,0,0.14,20,81,-61,488,383,105,81.42,736.8,41.23,2.59,8168.92,0.01,18.43,0.02,1.02,7.01,1716,9.79
3555,博士旺,204.5,205,204.5,-21.5,-9.51,347,34.42,-14,0,-1,-15,104,170,-66,-0.19,-116,0,54,73,97,0.15,0.48,56,42,14,194,143,51,29.47,59.68,-13.47,904.24,669.77,5.45,42.55,32.91,0,15.57,976,4
3556,禾瑞亞,69.5,69.6,69.5,-5.5,-7.33,867,37.4,22,0,31,53,116,180,-64,-0.08,-94,0,86,180,0,0.1,0.22,136,189,-53,637,521,116,23.72,103.34,-4.9,28.74,1046.45,1.19,49.34,6.25,2.81,7.52,1198,6.37
3557,嘉威,23.2,23.3,23.2,-0.95,-3.93,167,44.31,-1,0,-19,-20,0,0,0,0,0,0,0,0,0,0,0,0,23,-23,168,145,23,--,262.73,-43.35,-6.31,3736.01,0.48,34.33,1.62,1.29,2.1,378,8.43
3558,神準,123,124,124,-9,-6.77,298,44.56,76,10,-6,80,30,73,-43,-0.14,-63,0,10,30,43,0.03,0.23,79,59,20,204,181,23,45.59,1195.83,13.15,-9.49,13629.85,0.1,16.24,0.31,2.42,11.09,1637,5.91
3563,牧德,733,734,734,-52,-6.62,720,41.89,79,0,-30,49,428,437,-9,-0.01,-174,0,263,244,193,0.33,0.56,297,316,-19,62,34,28,46.84,349.02,1.68,5.14,3293.63,4.61,60.58,5.32,1.77,52.17,6417,6.4
3564,其陽,48.2,48.5,48.2,-4,-7.66,428,46.17,84,0,3,87,29,28,1,0,1,0,29,28,0,0.07,0.06,15,51,-36,389,354,35,160.67,234.81,-5.11,16.63,2603.34,-0.32,22.26,-1.36,0.56,4.61,682,5.91
3567,逸昌,27.05,27.2,27.05,-1.3,-4.59,103,40.43,-17,0,0,-17,0,0,0,0,0,0,0,0,0,0,0,0,0,0,103,103,0,28.47,24.02,-0.78,14.17,279.38,0.13,25.13,0.79,3.7,6.56,557,3.4
3570,大塚,186.5,187,186,-5.5,-2.87,101,44.44,13,0,0,13,0,0,0,0,0,0,0,0,0,0,0,21,34,-13,85,72,13,13.5,276.99,30.77,22.24,2422.81,4.12,28.92,6.75,5.22,2.99,128,1.71
3576,聯合再生,15.7,15.75,15.7,-1.45,-8.45,17938,50.66,-4471,0,37,-4434,4043,9179,-5136,-0.28,-5768,0,3411,8773,406,0.19,0.51,1814,2364,-550,12216,6530,5686,37.38,324.46,43.95,27.63,2662.84,1.07,-45.65,14.84,0,--,0,162.78
3577,泓格,135.5,136.5,136,-2,-1.45,578,50.48,58,10,-4,64,139,91,48,0.08,38,8,121,82,9,0.22,0.16,164,172,-8,284,323,-39,44.3,153.91,-8.94,89.01,1316.08,1.47,59.75,6.56,1.47,8.02,1283,6.4
3580,友威科,99.6,99.7,99.6,-0.9,-0.9,1844,46.34,135,0,0,135,324,311,13,0.01,-56,55,187,160,138,0.13,0.16,328,351,-23,1214,1205,9,71.14,47.45,94.5,71.25,424.74,-0.18,34.99,-0.7,1.2,40.01,3948,3.95
3581,博磊,--,156.5,156.5,-17,-9.8,79,0,7,0,-3,4,30,54,-24,-0.27,-54,0,0,0,54,0,0.6,8,13,-5,51,22,29,116.79,128.17,-16.03,47.69,1660.61,0.31,35.65,2.49,0.38,24.08,3071,5.1
3583,辛耘,806,807,807,-61,-7.03,1585,35.6,466,-305,-31,130,1133,1193,-60,-0.04,-265,0,928,956,237,0.56,0.71,464,442,22,75,37,38,54.67,989.04,-6.11,10.8,11774.77,4.14,33.58,4.76,0.74,10.88,2185,8.03
3587,閎康,285.5,286,286,-17.5,-5.77,1500,39.6,235,0,-12,223,763,810,-47,-0.03,-361,0,449,321,489,0.28,0.51,349,319,30,468,451,17,40.17,544.46,0.69,26.87,5946.21,2.24,30.89,3,1.57,19.64,3495,7.17
3588,通嘉,54.7,54.8,54.8,-4.1,-6.96,491,40.39,-101,0,0,-101,40,27,13,0.03,-27,0,0,0,27,0,0.05,47,32,15,412,440,-28,91.33,143.35,0.1,21.71,1445.35,0.37,33.61,1.28,0.91,8.85,1371,6.2
3591,艾笛森,23.1,23.15,23.15,-1.1,-4.54,1200,52.67,40,0,-3,37,100,68,32,0.03,32,0,100,68,0,0.08,0.06,106,49,57,999,1088,-89,--,215.7,-7.3,5.15,2330.24,0.12,22.25,0.64,0,74.58,27107,14.54
3592,瑞鼎,255,256,255,-16.5,-6.08,628,39.53,-36,-3,-17,-56,215,358,-143,-0.22,-205,0,153,225,133,0.23,0.55,176,122,54,264,176,88,15.94,2272.07,-2,17.82,22629.87,3.82,28.58,2.6,5.73,4.15,787,7.59
3593,力銘,15.4,16.1,16.1,-0.35,-2.13,10,80,-5,0,0,-5,0,0,0,0,0,0,0,0,0,0,0,0,0,0,11,11,0,--,74.98,35.65,-51.1,911.74,-0.7,-10.15,-15.57,0,--,0,6.08
3594,磐儀,44.15,44.25,44.25,-3.25,-6.84,520,35.32,34,0,-4,30,0,45,-45,-0.09,-45,0,0,0,45,0,0.09,24,115,-91,503,367,136,67.05,188.85,-16.28,50.37,2208.86,-0.07,33.94,-0.92,0.9,19.79,3624,9.59
3596,智易,181,181.5,181,-9.5,-4.99,1111,39.17,-143,0,-12,-155,618,747,-129,-0.11,-139,0,608,735,12,0.53,0.66,184,128,56,335,263,72,14.31,4615.78,1.92,4.23,53296.66,3.12,15.16,4.19,4.97,2.64,1456,22.04
3597,映興,27.2,27.45,27.3,-1.25,-4.38,88,30.59,-11,0,-6,-17,0,0,0,0,0,0,0,0,0,0,0,0,0,0,90,90,0,113.75,83.81,17.3,26.59,874.51,0.08,22.71,0.55,1.47,12.27,1204,3.92
3605,宏致,72.1,72.2,72.2,-2.8,-3.73,2635,50.52,167,0,-31,136,578,689,-111,-0.04,-151,0,538,494,195,0.2,0.26,562,416,146,1540,1575,-35,22.28,1108.23,-1.46,15.34,11410.54,0.67,24.59,1.35,2.33,14.91,6519,17.52
3607,谷崧,16.8,16.85,16.8,-0.75,-4.27,1201,40.79,-104,0,1,-103,186,0,186,0.15,186,0,186,0,0,0.15,0,49,154,-105,971,1052,-81,43.08,246.69,-0.9,-11.2,2776.02,0.03,13.13,0.2,4.76,7.07,2151,12.17
3609,三一東林,27.7,28,27.7,-0.1,-0.36,186,37.91,31,0,0,31,0,0,0,0,0,0,0,0,0,0,0,0,0,0,187,187,0,4.42,21.76,-18.78,1.86,610.3,-1.05,25.08,-8.03,0,23.24,1782,3.84
3611,鼎翰,189,189.5,189,-1.5,-0.79,42,41.03,-2,0,0,-2,0,0,0,0,0,0,0,0,0,0,0,7,3,4,38,42,-4,9.3,1019.05,-0.49,-0.64,11439.08,4.56,33.81,3.96,5.29,1.41,168,4.76
3615,安可,--,54.2,54.2,-6,-9.97,1736,0,0,0,0,0,386,1580,-1194,-0.67,-1580,0,0,0,1580,0,0.88,312,40,272,1093,171,922,52.62,63.24,-14.83,-30.1,854.93,0.16,23.75,0.72,1.29,30.05,5144,6.85
3617,碩天,207.5,208,208,-9,-4.15,397,50.26,39,0,0,39,132,125,7,0.02,-18,0,107,89,36,0.26,0.31,71,86,-15,207,199,8,14.73,1027.69,-10.02,1.22,11945.19,4.13,53.86,4.26,4.81,8.58,2033,9.48
3622,洋華,56.1,56.2,56.1,-3,-5.08,760,36.18,103,0,3,106,22,53,-31,-0.04,-53,0,0,0,53,0,0.07,96,138,-42,649,576,73,9.61,137.67,0.11,-0.88,1736.03,1.09,38.43,2.23,5.7,5.24,1981,15.13
3623,富晶通,23,23.7,23,-1.8,-7.26,101,38.75,-5,0,0,-5,0,0,0,0,0,0,0,0,0,0,0,0,0,0,102,102,0,60.53,20.23,-30.77,-26.93,296.78,0.26,10.19,2.13,0,9.22,673,2.92
3624,光頡,102.5,103,102.5,-5.5,-5.09,17515,48.04,-763,-432,-233,-1428,9214,10935,-1721,-0.1,-1253,734,7488,8564,911,0.47,0.54,2354,1892,462,6071,4812,1259,49.52,290.38,2.81,30.83,2901.74,0.75,28.56,2.51,1.07,36.49,10704,11.73
3625,西勝,15.1,15.25,15.1,-0.6,-3.82,415,51.49,63,0,0,63,0,0,0,0,0,0,0,0,0,0,0,0,49,-49,417,368,49,--,32.07,40.26,5.63,402.27,0.01,12.84,0.28,0,--,0,11.42
3628,盈正,70.5,70.9,70.5,-4.2,-5.62,305,43.39,52,0,-1,51,0,0,0,0,0,0,0,0,0,0,0,8,31,-23,303,280,23,16.91,277.38,-2.84,13.12,3493.53,0.34,27.19,1,4.61,9.96,1121,4.5
3629,地心引力,14.35,17.35,--,--,--,0,--,0,0,0,0,0,0,0,--,0,0,0,0,0,--,--,0,0,0,0,0,0,--,7.85,5711.11,261400,31.17,-0.15,28.29,-10.15,0,--,0,3.3
3630,新鉅科,27.85,28,27.85,-1.75,-5.91,1704,39.41,119,0,20,139,206,163,43,0.03,-27,0,136,0,163,0.08,0.1,59,89,-30,1448,1461,-13,13.2,201,-10.73,5.68,2406.5,-0.27,11.07,-1.83,0,8.39,3865,20.42
3631,晟楠,33.2,33.25,33.25,-1.2,-3.48,79,32.91,-31,0,0,-31,0,0,0,0,0,0,0,0,0,0,0,0,0,0,81,81,0,--,2.67,-50.27,38.72,28.74,-0.15,18.14,-1.11,0,4.29,878,8.18
3632,研勤,8.06,8.3,8.3,0,0,6,100,0,0,0,0,0,0,0,0,0,0,0,0,0,0,0,0,0,0,13,13,0,--,19.11,-37.43,-18.38,265.92,0.06,61.89,2.28,0,--,0,4.09
3645,達邁,96.2,96.4,96.4,-6.1,-5.95,3726,37.35,-664,0,5,-659,1042,1519,-477,-0.13,-891,0,628,679,840,0.17,0.4,740,516,224,2024,1772,252,50.74,237.11,3.56,16.43,2415.82,0.67,35.12,2.6,1.24,26.12,8930,13.68
3646,艾恩特,23.25,23.55,23.7,-0.15,-0.63,32,37.5,-1,0,0,-1,0,0,0,0,0,0,0,0,0,0,0,0,0,0,32,32,0,148.13,69.59,16.57,16.68,677.51,-0.36,23.64,-2.78,3.8,10.45,1027,3.93
3652,精聯,31.8,31.85,31.85,-2.1,-6.19,286,60.61,82,0,0,82,0,40,-40,-0.14,-40,0,0,0,40,0,0.14,42,40,2,246,208,38,22.75,249.44,-3.16,42.39,2650,0.4,34.92,1.58,3.77,4.26,800,7.51
3653,健策,3815,3820,3820,200,5.52,2045,54.33,27,234,-45,216,2116,2090,26,0.01,1042,1219,732,744,165,0.89,0.42,11,23,-12,64,65,-1,105.67,2313.45,0.1,37.75,21952.64,9.53,41.78,6.32,0.57,7.43,2727,14.67
3661,世芯-KY,4170,4175,4170,-115,-2.68,1355,50.88,6,13,-32,-13,1388,1445,-57,-0.04,-181,0,1264,1321,124,0.85,0.97,17,13,4,85,33,52,59.47,2132.65,10.32,-32.31,23729.91,17.55,50.18,3.4,0.82,25.53,5064,8.21
3663,鑫科,72.3,72.6,72.3,-6.2,-7.9,1760,32.49,69,0,-72,-3,393,554,-161,-0.09,-338,0,216,251,303,0.12,0.31,393,355,38,1006,884,122,723,473.06,-37.02,0.6,7017.72,0.26,5.18,1.08,0,16.69,3920,10.85
3664,安瑞-KY,7.21,8.09,7.21,-0.76,-9.54,25,12.5,0,0,0,0,0,0,0,0,0,0,0,0,0,0,0,0,0,0,25,25,0,--,17.13,4.73,-26.86,751.37,-1.77,36.1,-155.95,0,--,0,7.19
3665,貿聯-KY,2095,2100,2095,-105,-4.77,3202,55.3,-558,331,-55,-282,3255,3363,-108,-0.03,-412,0,2951,3059,304,0.87,0.99,23,11,12,123,25,98,42.27,7352.12,-0.42,41.35,79068.73,11.66,28.77,4.87,0.72,6.59,3212,19.51
3666,光耀,25.2,25.7,25.6,-1.15,-4.3,136,47.86,-24,0,-20,-44,0,0,0,0,0,0,0,0,0,0,0,0,0,0,137,137,0,--,44.56,23.74,2.1,419.04,-0.4,-18.51,-3.11,0,8.49,1251,13.89
3669,圓展,--,36.75,36.75,-4.05,-9.93,803,11.37,-41,0,-1,-42,170,585,-415,-0.51,-585,0,0,0,585,0,0.72,81,24,57,560,202,358,20.19,218.35,-5.88,-5.58,2682.36,0.7,60.62,1.99,2.72,3.41,792,9.29
3672,康聯訊,10.9,11.3,10.85,-0.45,-3.98,8,87.5,1,0,0,1,0,0,0,0,0,0,0,0,0,0,0,0,0,0,8,8,0,--,22.63,-32.45,120.07,211.7,-0.39,32.75,-4.97,0,--,0,4.08
3673,TPK-KY,82.8,82.9,82.8,-3.2,-3.72,22707,42.3,-114,-9,-265,-388,10970,11484,-514,-0.02,-3267,0,8217,7498,3986,0.36,0.5,3545,3505,40,8434,7907,527,22.75,6803.84,8.73,5.83,67393.6,1.33,9.38,1.22,2.17,19.77,20095,40.67
3675,德微,--,346,346,-38,-9.9,394,0,8,0,18,26,281,370,-89,-0.21,-370,0,0,0,370,0,0.86,39,14,25,109,46,63,122.7,267.07,5.2,24.42,2789.1,1.51,38.26,3.19,1.16,24,3183,5.31
3679,新至陞,122.5,123,122.5,-2.5,-2,81,48.75,-9,0,0,-9,10,0,10,0.12,10,0,10,0,0,0.12,0,5,10,-5,70,75,-5,14.43,355.78,-6.13,-2.58,4275.79,2.67,31.24,3.47,7.35,0.63,99,6.3
3680,家登,501,502,501,-19,-3.65,1688,54.1,189,0,2,191,887,1074,-187,-0.1,-251,0,823,984,90,0.46,0.6,270,239,31,631,474,157,51.23,885.96,34.13,52.74,7805.57,2.55,42.63,2.29,1.38,14.76,3545,9.61
3684,榮昌,58.5,58.7,58.5,-1.6,-2.66,86,37.35,-18,0,-1,-19,0,0,0,0,0,0,0,0,0,0,0,0,0,0,88,88,0,16.2,101.22,22.68,0.3,1177.96,0.7,35.11,2.84,4.74,5.41,410,3.03
3685,元創精密,28.4,28.45,28.45,-0.3,-1.04,330,39.06,-57,0,0,-57,0,0,0,0,0,0,0,0,0,0,0,0,20,-20,331,311,20,--,161.41,-4.6,74.3,1380.96,0.1,23.33,2.54,0,--,63,7.96
3686,達能,16.3,16.5,16.45,-0.65,-3.8,277,43.61,-92,0,6,-86,0,0,0,0,0,0,0,0,0,0,0,0,0,0,280,280,0,--,2.06,-76.53,-64.13,86.97,-0.01,0.04,-0.16,0,--,0,7.65
3687,歐買尬,75.9,76.5,75.9,-0.9,-1.17,505,43.85,-2,0,0,-2,17,31,-14,-0.03,-31,0,0,0,31,0,0.06,55,33,22,437,445,-8,17.13,162.39,-10.86,10.88,1902.51,0.31,40.71,1.7,2.65,14.48,1088,3.01
3689,湧德,--,127.5,127.5,-14,-9.89,1701,0,46,0,-58,-12,1001,1438,-437,-0.25,-1438,0,0,12,1426,0,0.82,303,172,131,459,153,306,17.63,666.77,-15.14,20.17,6996.43,2.04,30.25,3.79,2.87,25.28,5650,8.94
3691,碩禾,154,154.5,154.5,-5.5,-3.44,1985,51.79,-142,0,49,-93,801,828,-27,-0.01,-116,0,712,758,70,0.35,0.41,340,420,-80,879,771,108,--,1008.61,9.8,163.41,8047.67,2.97,18.28,4.21,0,19.66,3892,9.19
3693,營邦,559,565,564,-5,-0.88,912,47.04,63,0,-4,59,540,568,-28,-0.03,-129,0,439,413,155,0.45,0.59,375,363,12,50,34,16,65.51,663.71,-7.58,24.82,6816.18,1.54,23.22,1.05,1.42,44.49,4781,4.3
3694,海華,62,62.1,62,-5,-7.46,1866,36.12,-43,0,-27,-70,249,495,-246,-0.13,-246,0,249,263,232,0.13,0.26,458,451,7,1183,945,238,14.69,896.48,-24.59,-3.35,12010.26,1.02,14.75,4.11,3.71,18.87,7309,15.49
3701,大眾控,51.6,51.8,51.6,-4.4,-7.86,1546,42.13,161,0,4,165,193,208,-15,-0.01,-92,0,116,96,112,0.07,0.13,405,303,102,960,1047,-87,--,749.86,5.11,-29.99,8545.71,-0.59,14.28,-2.3,0.39,16.38,8828,23.67
3702,大聯大,108,108.5,108,-6.5,-5.68,27487,32.46,13779,-5596,111,8294,26057,26225,-168,-0.01,-18774,0,7451,7271,18954,0.27,0.95,435,482,-47,1079,863,216,13.19,127337.86,-10.1,38.74,1102342.67,3.3,4.49,6.47,3.52,1.05,4411,169.33
3703,欣陸,21,21.05,21,-0.55,-2.55,2102,46.45,634,0,-113,521,671,708,-37,-0.02,-37,0,671,621,87,0.32,0.34,520,576,-56,919,826,93,10.1,2154.92,-17.36,-9.39,33346.52,0.33,14.38,1.02,5,0.68,1402,82.32
3704,合勤控,46.65,46.7,46.7,-1,-2.1,6080,47.52,-1393,0,-9,-1402,1891,1815,76,0.01,-770,0,1045,692,1123,0.17,0.3,889,1004,-115,3334,3295,39,41.33,2881.18,3.9,43.39,25442.27,0.29,24.01,0.98,0.86,6.42,6665,41.54
3705,永信,56.5,56.6,56.5,-0.8,-1.4,230,41.2,-55,0,22,-33,52,82,-30,-0.13,-30,0,52,82,0,0.22,0.35,74,17,57,107,134,-27,19.02,693.85,11.87,-1.53,8020.3,0.89,44.23,2.91,5.31,0.6,400,26.64
3706,神達,87.3,87.4,87.3,-5.1,-5.52,24067,42.68,-977,5,-912,-1884,12419,15085,-2666,-0.11,-3497,0,11588,14187,898,0.48,0.62,3218,3036,182,8728,6244,2484,16.66,13638.5,17.24,49.3,121091.01,1.1,9.21,2.24,4.58,9.84,32636,132.72
3707,漢磊,70.6,70.7,70.6,-5.9,-7.71,7370,31.27,561,0,4,565,3364,3123,241,0.03,-1303,0,1820,1258,1865,0.24,0.42,1030,1348,-318,3092,3015,77,--,584.54,7.69,31.01,6161.73,-0.35,5.06,-1.03,0,16.96,14697,39.68
3708,上緯投控,117,117.5,117,-2.5,-2.09,1153,54.81,60,11,-95,-24,412,518,-106,-0.09,-123,0,395,483,35,0.34,0.44,163,221,-58,603,439,164,2.86,132.55,22.08,70.6,933.09,0.13,16.26,-0.04,5.13,16.6,3822,9.23
3709,鑫聯大投控,79.7,79.8,79.7,-4.6,-5.46,1574,32.26,-188,0,149,-39,516,570,-54,-0.03,-171,0,399,465,105,0.25,0.36,283,333,-50,790,687,103,9.39,3473.69,-23.05,1.51,44408.9,3.69,7.6,11.91,3.14,19.53,6132,14.56
3710,連展投控,6.03,6.04,6.04,-0.14,-2.27,1144,65.09,281,0,0,281,0,0,0,0,0,0,0,0,0,0,0,0,291,-291,1146,855,291,--,647.61,5.06,8.73,7068.98,-0.74,17.77,-12.41,0,--,0,28.73
3711,日月光投控,540,541,540,-37,-6.41,24668,40.19,-4083,162,219,-3702,22882,24494,-1612,-0.06,-4753,0,19741,21295,3199,0.75,0.93,2570,1663,907,976,271,705,50.99,62247.11,1.09,19.22,680932.94,3.24,20.07,3.86,1.22,0.77,8576,447.06
3712,永崴投控,18.25,18.3,18.25,-0.05,-0.27,869,35.29,160,0,-2,158,0,0,0,0,0,0,0,0,0,0,0,57,53,4,824,828,-4,--,1641.57,-51.48,-8.29,30699.51,-1.94,37.74,33.76,0,4.59,2828,24.62
3713,新晶投控,15.65,16,16.1,-0.35,-2.13,55,57.14,3,0,0,3,0,0,0,0,0,0,0,0,0,0,0,0,0,0,56,56,0,--,31.34,-13.81,62.3,340.32,-0.22,22.86,-2.72,0,--,0,8.81
3714,富采,64.7,64.8,64.8,-5.4,-7.69,18571,35.41,-336,0,-383,-719,10377,11911,-1534,-0.08,-5357,0,6554,6818,5093,0.35,0.64,2746,2267,479,5615,4392,1223,--,2089.66,-0.5,8.12,22039.48,-0.2,11.14,-0.32,1.39,22.57,37685,73.79
3715,定穎投控,165.5,166,166,-4,-2.35,7911,45.08,-206,-38,-156,-400,4421,4946,-525,-0.06,-975,0,3971,4443,503,0.49,0.6,978,947,31,2791,2296,495,171.13,2516.22,21.81,69.11,22115.23,-0.74,16.12,-2,0.65,38.07,26988,28.36
3716,中化控股,34.75,34.8,34.8,-0.8,-2.25,436,29.43,-75,0,0,-75,0,0,0,0,0,0,0,0,0,0,0,39,57,-18,401,383,18,13.81,675.65,-7.16,-6.24,8499.81,1.57,40.66,2.5,2.87,1.62,608,14.98
3717,聯嘉投控,21.45,21.5,21.45,-0.8,-3.6,1762,42.33,-96,0,99,3,169,206,-37,-0.02,-206,0,0,106,100,0,0.12,229,262,-33,1370,1300,70,63.09,549.99,-5.14,--,--,0.47,17.27,2.99,0.93,18.22,9475,24.69
4102,永日,17.45,17.7,17.7,-0.3,-1.67,100,77.78,-12,0,0,-12,0,0,0,0,0,0,0,0,0,0,0,0,0,0,102,102,0,--,48.43,29.86,27.69,471.09,0.09,26.55,0.69,0,2.33,247,4.24
4104,佳醫,70.4,70.6,70.4,-1.1,-1.54,399,34.35,192,0,2,194,34,104,-70,-0.17,-89,0,15,0,104,0.04,0.25,121,65,56,258,245,13,16.26,790.64,-6.06,14.66,9084.98,1.12,21.31,1.99,6.11,0.31,144,18.84
4105,東洋,74.4,74.5,74.5,-1,-1.32,1064,45.76,273,0,12,285,516,505,11,0.01,11,0,516,505,0,0.48,0.47,176,156,20,380,411,-31,11.5,518.35,0.03,-3.6,6574.35,1.78,59.99,6,6.04,1.47,913,24.87
4106,雃博,23.65,24,23.95,-0.05,-0.21,164,45.28,-14,0,2,-12,0,0,0,0,0,0,0,0,0,0,0,0,0,0,167,167,0,16.75,221.72,6.65,17.46,2464.22,0.46,49.46,1.85,4.18,3.04,768,10.09
4107,邦特,114.5,115.5,115,-1.5,-1.29,71,33.33,17,0,0,17,0,10,-10,-0.14,-10,0,0,10,0,0,0.14,21,23,-2,52,40,12,14.5,193.67,-0.25,6.39,2174.95,2.09,45.21,4.15,4.78,1.18,205,6.93
4108,懷特,12.3,12.35,12.3,-0.4,-3.15,355,24.78,-18,0,2,-16,0,0,0,0,0,0,0,0,0,0,0,49,91,-42,310,268,42,--,11.87,21.66,18.45,140.33,-0.08,35.36,-1.19,0,--,0,19.86
4109,加捷生醫,12,12.05,12,-1.05,-8.05,1581,29.68,-703,0,-1,-704,0,360,-360,-0.23,-360,0,0,0,360,0,0.23,60,85,-25,1529,1144,385,25.53,43.83,-30.66,17.73,493.18,0.15,28.29,1.08,1.67,13.33,3631,11.87
4111,濟生,29.95,30,30,-0.15,-0.5,67,55.38,-3,0,0,-3,0,0,0,0,0,0,0,0,0,0,0,0,0,0,67,67,0,10,124.86,-2.04,0.27,1421.81,0.9,40.99,3.83,4.33,4.38,655,5.98
4113,聯上,15,15.05,15,-0.2,-1.32,155,38.62,11,0,0,11,0,0,0,0,0,0,0,0,0,0,0,0,0,0,159,159,0,--,0.08,0,-99.83,111.95,-0.22,44.51,-1.18,0,18.04,10422,23.11
4114,健喬,30.2,30.25,30.25,-0.45,-1.47,1103,50.34,156,0,-1,155,71,37,34,0.03,34,0,71,37,0,0.06,0.03,258,228,30,787,851,-64,19.15,570.41,1.39,13.53,6431.62,0.38,42.33,1.34,5.45,2.13,2719,51.02
4116,明基醫,37.3,37.65,37.45,-0.7,-1.83,58,44.44,-5,0,0,-5,0,0,0,0,0,0,0,0,0,0,0,0,0,0,58,58,0,24.32,456.73,-9.9,1.21,5420.56,0.28,32.25,2.18,5.34,2.62,292,4.46
4119,旭富,41.1,41.2,41.1,-0.2,-0.48,267,45.08,41,0,-2,39,0,0,0,0,0,0,0,0,0,0,0,15,0,15,256,271,-15,51.38,60.93,-31.31,-47.12,1227.86,0.17,21.91,0.37,1.82,2.18,652,11.95
4120,友華,45.2,45.8,45.5,-0.25,-0.55,6,0,-1,0,-1,-2,0,0,0,0,0,0,0,0,0,0,0,0,0,0,7,7,0,--,395.3,-0.94,5.16,4605.81,-0.29,52,-0.05,8.79,3.37,730,8.67
4121,優盛,13.75,13.8,13.75,-0.45,-3.17,171,40.36,-33,0,0,-33,0,0,0,0,0,0,0,0,0,0,0,0,0,0,171,171,0,--,300.94,-4.88,-9.18,3781.69,-0.11,33.88,-0.75,0,25.18,5232,8.31
4123,晟德,37.9,37.95,37.9,-0.9,-2.32,2549,44.82,126,0,-78,48,717,688,29,0.01,29,0,717,553,135,0.28,0.27,233,456,-223,1622,1428,194,2.71,138.46,-21.92,8.07,1653.66,2.62,46.58,7.17,5.94,7.07,12804,76.95
4126,太醫,79.5,79.7,79.5,-0.9,-1.12,36,38.89,12,0,0,12,0,0,0,0,0,0,0,0,0,0,0,0,0,0,38,38,0,16.26,212.21,15.7,-1.97,2388.34,1.44,31.3,3.46,5.66,3.93,714,7.26
4127,天良,67,67.4,67,-1.9,-2.76,248,44.06,4,0,3,7,37,124,-87,-0.38,-87,0,37,100,24,0.16,0.53,56,13,43,157,113,44,478.57,60.56,-11.89,27.02,635.73,0.75,59.74,7,0,8.28,947,4.58
4128,中天,15,15.05,15,-0.15,-0.99,2292,55.12,273,0,-8,265,0,81,-81,-0.04,-81,0,0,81,0,0,0.04,325,221,104,1985,2008,-23,--,158.26,-1.02,4.11,1948.32,-0.31,39.02,-2.47,0,4.92,7236,58.82
4129,聯合,89.5,89.8,89.7,-0.6,-0.66,322,42.86,-32,0,1,-31,0,41,-41,-0.13,-41,0,0,0,41,0,0.13,65,46,19,261,239,22,18.84,500.6,-6.31,19.55,5989.65,0.91,79.59,2.07,5.02,6.41,1545,9.64
4130,健亞,25.75,25.85,25.85,-0.45,-1.71,120,57.14,-10,0,1,-9,0,0,0,0,0,0,0,0,0,0,0,0,0,0,122,122,0,--,39.6,18.38,-13.79,465.15,-0.09,30.18,-0.67,0,4.48,1545,13.79
4131,浩泰,32.65,34.55,34.5,0.5,1.47,21,64.71,0,0,0,0,0,0,0,0,0,0,0,0,0,0,0,0,0,0,22,22,0,--,33.63,20.2,135.43,260.81,-0.05,50.74,-0.44,0,--,0,3.99
4133,亞諾法,20.6,20.8,20.6,-0.75,-3.51,169,28.05,-14,0,0,-14,0,0,0,0,0,0,0,0,0,0,0,0,0,0,175,175,0,686.67,29.1,-15.38,-4.6,347.3,0.28,52.5,1.32,0.53,6.81,1031,6.06
4137,麗豐-KY,113,113.5,113.5,-2,-1.73,640,44.64,-12,0,44,32,389,354,35,0.05,35,0,389,354,0,0.6,0.55,75,132,-57,182,160,22,14.44,285.2,-18.23,-14.58,3964.61,1.41,79.65,2.14,8.81,5.16,1064,8.25
4138,曜亞,51.8,51.9,51.8,-0.5,-0.96,61,51.67,-3,0,0,-3,0,0,0,0,0,0,0,0,0,0,0,16,15,1,50,51,-1,14.35,116.65,-8.14,10.58,1389.46,0.84,40.5,1.91,8.11,0.47,47,3.99
4139,馬光-KY,21.7,22.35,22.3,-0.05,-0.22,28,28.57,1,0,0,1,0,0,0,0,0,0,0,0,0,0,0,0,0,0,28,28,0,--,96.28,5.08,6.18,1087.99,-0.55,5.76,-6.49,0,--,1305,4.5
4142,國光生,17.6,17.65,17.65,-0.2,-1.12,1672,50.26,378,0,12,390,198,64,134,0.08,134,0,198,64,0,0.12,0.04,498,255,243,981,1358,-377,--,22.75,-65.27,474.37,1430.5,-0.44,-90.58,-4.05,0,6.16,6611,42.95
4147,中裕,54,54.4,54.1,-1.3,-2.35,1550,50.98,57,0,1,58,220,145,75,0.05,55,0,200,125,20,0.13,0.09,361,338,23,978,1076,-98,--,63.34,34.1,42.94,628.68,0.06,62.5,0.43,0,13.93,9512,27.32
4148,全宇生技-KY,31.7,32.25,31.85,-0.65,-2,14,25,-9,0,0,-9,0,0,0,0,0,0,0,0,0,0,0,0,0,0,14,14,0,14.75,362.01,69.39,55.04,3065.47,0.08,27.89,0.43,3.14,2.89,485,6.72
4153,鈺緯,31.4,31.65,31.65,0.2,0.64,16,80,1,0,0,1,0,0,0,0,0,0,0,0,0,0,0,0,0,0,18,18,0,20.55,75.71,2.12,-4,867.38,0.42,27.84,2.52,6.32,1.81,265,5.87
4154,樂威科-KY,13.05,13.5,13.5,0,0,3,--,0,0,0,0,0,0,0,0,0,0,0,0,0,0,0,0,0,0,3,3,0,--,2.44,8.34,99.27,26.89,-0.25,17.23,-3.77,0,--,0,3.84
4155,訊映,14.95,15,15,-0.45,-2.91,414,53,-33,0,-23,-56,0,0,0,0,0,0,0,0,0,0,0,60,0,60,361,421,-60,19.23,127.2,-13.01,-9.39,1514.9,0.39,31.96,2.46,2,2.37,858,14.47
4157,太景*-KY,8.91,8.95,8.91,-0.21,-2.3,2404,38.48,-564,0,49,-515,0,0,0,0,0,0,0,0,0,0,0,0,0,0,2414,2414,0,111.38,2.92,28.25,-22.75,256.69,-0.02,52.51,-1.35,0,4.78,8506,0.01
4160,訊聯基因,40.25,40.35,40.35,-0.35,-0.86,35,55.88,-9,0,0,-9,0,0,0,0,0,0,0,0,0,0,0,0,0,0,42,42,0,77.6,52.78,-18.45,7.48,612.8,0.01,40.36,0.04,1.24,2.5,167,2.67
4161,聿新科,22.8,22.9,22.9,-0.35,-1.51,67,56.06,-16,0,0,-16,0,0,0,0,0,0,0,0,0,0,0,0,0,0,68,68,0,18.47,95.98,48.79,73.81,913.84,0.3,29.15,1.78,3.06,8.05,1203,5.98
4162,智擎,56.5,56.6,56.5,1,1.8,687,62.02,199,0,1,200,22,20,2,0,22,22,0,0,0,0.03,0,125,83,42,547,591,-44,19.48,28.15,17.27,51.89,972.92,0.96,93.65,2.75,3.54,7.61,2771,14.57
4163,鐿鈦,114.5,115.5,114.5,-9.5,-7.66,308,30.32,22,0,-3,19,43,136,-93,-0.3,-93,0,43,116,20,0.14,0.44,72,33,39,197,143,54,25.05,220.58,-7.11,8.08,2472.39,1.29,42.88,2.29,3.06,1.98,251,5.07
4164,承業醫,29.85,30,30,-0.05,-0.17,877,62.98,162,0,0,162,0,0,0,0,0,0,0,0,0,0,0,107,47,60,777,837,-60,28.04,304.39,-47.25,21.8,4608.45,0.13,23.13,0.46,3.67,15.45,7363,19.53
4166,友霖,23.3,23.55,23.3,-0.35,-1.48,302,43.34,46,0,0,46,0,0,0,0,0,0,0,0,0,0,0,0,50,-50,302,252,50,28.77,113.02,-13.75,-0.9,1441.98,0.16,55.85,1.5,0,1.37,830,24.3
4167,松瑞藥,20.3,20.35,20.35,-0.3,-1.45,1147,53.97,273,0,-1,272,0,0,0,0,0,0,0,0,0,0,0,200,163,37,954,991,-37,26.09,87.98,-8.05,-23.04,1122.05,0.29,30.97,2.44,7.27,14,10869,31.04
4168,醣聯,24.9,25.25,25.1,-1,-3.83,319,27.13,-79,0,1,-78,40,0,40,0.12,0,0,0,0,0,0,0,0,20,-20,281,301,-20,--,1.9,--,185.71,37.58,-0.67,45.25,-8.03,0,--,172,11.25
4169,泰宗,149.5,151,151,-3,-1.95,181,36.52,-47,0,0,-47,27,73,-46,-0.25,-66,0,7,17,56,0.04,0.39,36,28,8,124,86,38,--,59.14,-4.27,15.4,--,-0.45,44.65,-2.43,0.24,--,0,6.64
4171,瑞基,17.7,17.95,17.8,-0.2,-1.11,84,72.62,-11,0,0,-11,0,0,0,0,0,0,0,0,0,0,0,0,0,0,85,85,0,--,20.19,-6.42,4.66,233.45,-0.09,71.8,-1.05,0,5.14,746,5.81
4173,久裕,18.15,18.2,18.2,-0.35,-1.89,158,32.91,-34,0,0,-34,0,0,0,0,0,0,0,0,0,0,0,55,0,55,118,173,-55,17.5,122.73,-7.72,16.23,1581.71,0.26,20.38,0.97,5.71,2.35,438,7.46
4174,浩鼎,28.6,28.8,28.6,-0.55,-1.89,302,50.68,93,0,0,93,0,0,0,0,0,0,0,0,0,0,0,25,0,25,282,307,-25,--,3.45,30.71,-32.81,48,-3.35,-497.41,-20.28,0,4.26,1402,13.16
4175,杏一,53,53.1,53,-1.1,-2.03,28,53.57,5,0,0,5,0,0,0,0,0,0,0,0,0,0,0,0,0,0,30,30,0,17.21,644.4,-5.53,3.57,8019.38,0.43,33.47,1.16,5.66,0.3,32,4.23
4178,永笙-KY,18.35,18.4,18.35,-0.5,-2.65,457,48.34,-11,0,-2,-13,65,65,0,0,-65,0,0,0,65,0,0.14,0,40,-40,397,357,40,--,32.67,17.61,29.7,--,-0.19,27.68,-2.13,0,--,0,21.59
4183,福永生技,12.85,13.9,13.75,-0.05,-0.36,3,100,0,0,0,0,0,0,0,0,0,0,0,0,0,0,0,0,0,0,3,3,0,--,28.3,49.98,-22.56,434.65,-0.52,15.27,-4.47,0,--,0,2.38
4188,安克,10.4,10.5,10.5,-0.4,-3.67,41,81.08,4,0,0,4,0,0,0,0,0,0,0,0,0,0,0,0,0,0,45,45,0,--,2.18,-18.67,-8.74,29.75,-0.21,48.76,-2.76,0,--,0,6.33
4190,佐登-KY,24.8,24.9,24.9,-2.35,-8.62,299,28.85,-107,0,-5,-112,0,53,-53,-0.16,-53,0,0,0,53,0,0.16,26,20,6,306,259,47,--,179.9,-13.88,5.22,2227.89,-0.26,65.46,-0.96,2.01,2.4,369,6.14
4192,杏國,20.1,21.15,21.1,0.4,1.93,6,50,0,0,0,0,0,0,0,0,0,0,0,0,0,0,0,0,0,0,8,8,0,--,1.92,-9.08,-18.62,27.34,-0.37,64.05,-5.43,0,--,0,3.52
4198,欣大健康,34.95,37.5,--,--,--,0,--,0,0,0,0,0,0,0,0,0,0,0,0,0,0,0,0,0,0,1,1,0,--,8.47,-35.2,-38.53,172.69,-0.39,36.4,-3.5,0,--,0,2.41
4205,中華食,72.4,72.5,72.4,-0.9,-1.23,52,34.62,-6,0,0,-6,0,0,0,0,0,0,0,0,0,0,0,0,14,-14,56,42,14,17.66,167.11,-0.97,6,2074.35,0.89,36.33,3.66,4.83,0.01,2,9.76
4207,環泰,19.6,19.65,19.65,0.1,0.51,315,68.42,61,0,0,61,75,68,7,0.02,7,0,75,68,0,0.23,0.21,0,0,0,245,252,-7,9.97,477.79,-3.77,5.63,5289.69,0.49,20.07,3.36,6.11,2.02,1001,19.85
4303,信立,46.25,46.3,46.3,-2,-4.14,836,54.59,150,0,-2,148,0,120,-120,-0.14,-120,0,0,0,120,0,0.14,91,28,63,759,702,57,14.84,96.35,2.08,23.25,1009.77,-0.48,19.53,-1.23,10.8,35.1,8302,9.46
4304,勝昱,24.7,27.45,24.7,-1.65,-6.26,61,0,0,0,1,1,0,0,0,0,0,0,0,0,0,0,0,0,22,-22,61,39,22,--,31.6,-32.49,-3.95,346.32,-0.13,14.08,-2.6,0,--,0,6.1
4305,世坤,43.55,44.1,43.85,0.15,0.34,13,23.08,-1,0,0,-1,0,0,0,0,0,0,0,0,0,0,0,0,0,0,13,13,0,11.33,87.98,-15.06,-18.3,1051.62,1.13,33.92,4.85,7.07,0.02,3,5.5
4306,炎洲,14.95,15,14.95,0,0,2344,48.57,166,0,0,166,227,160,67,0.03,-3,0,157,160,0,0.07,0.07,534,393,141,1600,1809,-209,40.41,1283.9,3.4,24.04,13793.61,0.24,17.04,1.36,4.68,2.1,3545,67.68
4401,東隆興,13.75,13.9,13.9,-0.05,-0.36,212,63.24,23,0,0,23,0,0,0,0,0,0,0,0,0,0,0,0,38,-38,213,175,38,19.31,348.23,1.75,1.32,3841.33,0.16,8.22,0.72,4.32,2.07,636,12.27
4402,郡都開發,14.6,14.65,14.65,1.3,9.74,302,76.21,-42,0,-1,-43,0,0,0,0,0,0,0,0,0,0,0,0,0,0,307,307,0,--,1.96,36.99,-15.17,21.46,-0.05,9.18,-0.62,0,--,0,6.8
4406,新昕纖,9.8,9.89,9.8,-0.02,-0.2,2,0,-1,0,0,-1,0,0,0,0,0,0,0,0,0,0,0,0,0,0,2,2,0,--,9.91,-20.13,-79.26,348,-0.32,-6.05,-2.7,0,2.79,362,5.19
4413,飛寶企業,16.4,17,--,--,--,0,--,0,0,0,0,0,0,0,0,0,0,0,0,0,0,0,0,0,0,6,6,0,18.01,60.54,196.58,-28.33,826.31,0.15,21.88,1.33,1.79,14.94,387,3.13
4414,如興,8.72,8.74,8.72,0.22,2.59,952,58.56,60,0,0,60,0,0,0,0,0,0,0,0,0,0,0,0,0,0,962,962,0,--,1215.79,22.13,0.01,14039.81,-1.2,15.54,-7.11,1.26,1.42,759,26.38
4416,三圓,11.1,11.25,11.25,-0.25,-2.17,182,55.62,-30,0,-16,-46,0,0,0,0,0,0,0,0,0,0,0,0,0,0,183,183,0,14.06,7.51,-98.79,-8.53,2128.27,0.23,45.88,0.96,0,1.48,272,7.36
4417,金洲,45.6,45.65,45.6,-0.6,-1.3,124,20.34,-32,0,0,-32,0,0,0,0,0,0,0,0,0,0,0,0,24,-24,125,101,24,7.84,291.95,35.8,2.22,3370.88,0.83,30.46,2.12,7.68,0.47,98,8.4
4419,皇家美食,45.6,46.2,45.6,0,0,20,20,0,0,0,0,0,0,0,0,0,0,0,0,0,0,0,0,15,-15,20,5,15,--,229.5,-0.61,-2.5,2677.15,-0.27,29.7,-2.48,0,--,0,16.92
4420,光明,38.5,38.7,38.7,-0.05,-0.13,51,16.67,-20,0,0,-20,0,0,0,0,0,0,0,0,0,0,0,0,0,0,55,55,0,47.78,79.33,-14.1,-8.88,999.19,0.17,6.06,0.46,7.75,3.06,309,4.05
4426,利勤,8.1,8.15,8.1,-0.39,-4.59,434,44.17,-87,0,7,-80,0,0,0,0,0,0,0,0,0,0,0,0,0,0,438,438,0,--,87.94,3.19,26.83,885.67,-0.28,-1.82,-2.64,0,2.07,893,17.27
4430,耀億,17.25,17.55,17.45,-0.25,-1.41,20,80,-1,0,0,-1,0,0,0,0,0,0,0,0,0,0,0,0,0,0,25,25,0,--,201.85,10.78,11.37,2084.75,0.24,22.09,0.78,2.87,0.23,33,5.63
4432,銘旺實,16.4,16.45,16.45,-0.05,-0.3,81,18.99,2,0,0,2,0,0,0,0,0,0,0,0,0,0,0,0,36,-36,81,45,36,4.88,53.7,-23.9,13.33,1080.07,2.97,25.07,9.95,2.43,4.06,514,5.06
4433,興采,20.4,20.45,20.4,-0.45,-2.16,64,12.9,-1,0,0,-1,0,0,0,0,0,0,0,0,0,0,0,0,0,0,68,68,0,23.18,165.75,-21.99,-16.98,3443.31,0.14,16.23,3.52,4.9,1.93,295,6.13
4438,廣越,60.3,60.8,60.3,-1.6,-2.58,105,36.54,-4,0,0,-4,0,0,0,0,0,0,0,0,0,0,0,0,0,0,107,107,0,15.38,1506.57,56.78,38.32,19860.81,-0.04,11.91,0.53,3.81,3.39,960,11.34
4439,冠星-KY,89.1,90.4,90.3,0.3,0.33,13,53.85,-6,0,0,-6,0,0,0,0,0,0,0,0,0,0,0,0,0,0,13,13,0,10.93,787.28,14.87,15.56,7244.84,2.59,19.37,2.87,4.43,2.41,230,3.81
4440,宜新實業,17.95,18,17.95,-0.3,-1.64,34,18.18,-4,0,0,-4,0,0,0,0,0,0,0,0,0,0,0,0,0,0,34,34,0,10.44,73.47,-30.83,-10.34,1155.52,0.51,17.32,2.62,5.57,0.69,116,6.76
4441,振大環球,203,205.5,203,-8.5,-4.02,111,29.91,-26,0,-2,-28,11,18,-7,-0.06,-18,0,0,0,18,0,0.16,33,7,26,68,87,-19,14.24,801.36,32.98,37.34,8078.39,4.81,25.32,4.85,5.32,0.43,73,6.82
4442,竣邦-KY,49.05,51.1,50.1,-0.6,-1.18,10,40,-1,0,0,-1,0,0,0,0,0,0,0,0,0,0,0,0,0,0,11,11,0,11.18,213.75,29.65,4.2,1706.2,1.17,27.15,4.22,6.79,0.26,21,3.23
4502,健信,15.8,15.9,15.9,-0.05,-0.31,29,42.86,0,0,0,0,0,0,0,0,0,0,0,0,0,0,0,0,0,0,31,31,0,--,107.89,16.07,18.51,1008.77,0.11,20.02,1.1,0,--,530,5.75
4503,金雨,37.85,38.2,38.2,-0.9,-2.3,180,38.89,26,0,0,26,0,0,0,0,0,0,0,0,0,0,0,0,0,0,182,182,0,17.52,70.1,-21.09,38.44,730.51,0.81,36.36,3.83,0,19.24,2466,7.83
4506,崇友,116.5,117,117,-0.5,-0.43,74,43.06,-6,0,0,-6,9,20,-11,-0.14,-20,0,0,0,20,0,0.25,5,0,5,66,60,6,16.81,516.69,-25.24,4.3,6268.35,2.11,33.53,6.2,4.53,0,2,17.7
4510,高鋒,46.5,46.6,46.6,-2.8,-5.67,1735,47.6,203,0,-65,138,83,57,26,0.01,-4,0,53,0,57,0.03,0.03,145,186,-41,1521,1506,15,--,177.3,22.19,45.75,1802.67,0.2,18.25,2.25,0,21.71,5916,10.9
4513,福裕,15.45,15.5,15.45,0.2,1.31,735,57.32,111,0,0,111,0,0,0,0,0,0,0,0,0,0,0,0,0,0,742,742,0,--,109.83,27.92,14.97,1191.99,0.05,19.76,0.48,0,12.9,2652,14.38
4523,永彰,28.65,28.7,28.65,-1.45,-4.82,183,32.72,-15,0,0,-15,0,0,0,0,0,0,0,0,0,0,0,0,0,0,184,184,0,1.21,63.35,-29.91,-2.26,767.42,-0.15,18.06,-0.87,9.21,7.54,1225,6.49
4526,東台,40.1,40.15,40.1,-2.05,-4.86,5573,47.78,889,0,-147,742,1456,1073,383,0.07,17,0,1090,581,492,0.19,0.19,938,1030,-92,3217,3508,-291,38.93,439.75,-3.86,-10.24,4865.03,-0.65,12.1,-3.44,2.49,12.51,7968,25.48
4527,方土霖,40.9,41.05,40.95,-1,-2.38,62,31.15,-5,0,0,-5,0,0,0,0,0,0,0,0,0,0,0,0,0,0,63,63,0,11.57,256.27,0.58,40.08,3155.38,0.65,26.04,2.75,7.33,0.57,108,7.62
4528,江興鍛,15.75,15.8,15.75,-0.05,-0.32,25,52.17,0,0,0,0,0,0,0,0,0,0,0,0,0,0,0,0,0,0,31,31,0,--,116.58,-6.69,9.37,1541.56,-0.16,13.08,-0.61,1.27,0.88,185,8.42
4529,淳紳,5.26,5.27,5.27,0.44,9.11,97,65.98,-9,0,0,-9,0,0,0,0,0,0,0,0,0,0,0,0,0,0,98,98,0,--,3.5,36.2,689.84,10.38,-0.17,40.11,-5.17,0,--,0,8.45
4530,宏易,24.1,25.2,--,--,--,0,--,0,0,0,0,0,0,0,--,0,0,0,0,0,--,--,0,0,0,0,0,0,101.2,72.69,236.74,230.49,437.96,-0.2,24.6,-0.45,0,0.79,25,3.58
4532,瑞智,24.2,24.25,24.2,-0.35,-1.43,1059,48.53,369,-19,40,390,194,60,134,0.13,87,0,147,0,60,0.14,0.06,228,166,62,647,843,-196,13.52,2025.38,-12.85,16.66,20163.83,0.48,14.09,2.23,6.2,2.32,2867,49.49
4533,協易機,29.15,29.2,29.15,-1.85,-5.97,2061,40.43,0,0,-49,-49,89,84,5,0,-84,0,0,84,0,0,0.04,161,353,-192,1828,1641,187,1457.5,415.19,36.57,9.54,3901.26,0.2,25.94,1.21,0.69,24.17,9573,15.84
4534,慶騰,31.85,31.9,31.85,-1.3,-3.92,3513,51.95,787,0,-1,786,896,707,189,0.05,-244,0,463,452,255,0.13,0.2,466,327,139,2174,2502,-328,167.63,87.45,-2.6,29.23,857.08,0.02,16.31,0.19,0,--,0,8.68
4535,至興,27,27.1,27.05,-0.15,-0.55,9,77.78,0,0,0,0,0,0,0,0,0,0,0,0,0,0,0,0,0,0,9,9,0,26.78,227.21,3.56,-0.38,2470.39,0.29,17.65,1.62,2.96,0.7,132,7.57
4536,拓凱,160.5,162,160.5,-2,-1.23,240,46.43,38,0,-1,37,40,85,-45,-0.18,-45,0,40,75,10,0.16,0.35,88,22,66,117,138,-21,11.96,860.7,0.76,-17.22,8938.86,3.61,34.31,3.75,4.98,3.7,840,9.08
4538,大詠城,18.1,18.15,18.15,-0.35,-1.89,50,68,0,0,0,0,0,0,0,0,0,0,0,0,0,0,0,0,0,0,50,50,0,64.82,37.33,15.92,23.97,404.41,0.1,16.52,0.71,5.51,3.65,542,5.95
4540,全球傳動,64.8,64.9,64.8,-4.8,-6.9,3675,45.85,518,0,0,518,1006,904,102,0.03,10,0,914,722,182,0.25,0.24,693,759,-66,2038,2074,-36,--,254.26,-26.7,33.35,2939.5,-0.19,13.94,-0.64,0,21.18,6100,11.52
4541,晟田,46.5,46.6,46.5,-0.75,-1.59,857,53.81,91,0,8,99,23,0,23,0.03,23,0,23,0,0,0.03,0,106,54,52,733,808,-75,22.36,183.26,10.01,10.16,1820.12,0.68,20.52,2.72,3.01,25.26,4271,6.76
4542,科嶠,314.5,--,314.5,28.5,9.97,2903,87.56,367,0,-8,359,2389,2078,311,0.11,2046,2206,0,0,160,0.75,0.05,253,443,-190,314,434,-120,264.29,108.12,12.37,57.55,806.75,0.4,39.18,1.78,0.3,63.51,5491,3.46
4543,萬在,39.2,39.25,39.25,-2.6,-6.21,503,51.41,47,0,0,47,0,90,-90,-0.18,-90,0,0,28,62,0,0.18,38,54,-16,471,365,106,39.65,76.94,1.7,0.02,877.77,0.76,34.05,2.52,1.78,6.91,1033,5.98
4545,銘鈺,37.3,37.35,37.3,-2.8,-6.98,712,30.21,186,0,0,186,60,164,-104,-0.15,-164,0,0,0,164,0,0.23,100,76,24,556,476,80,--,222.62,41.36,22.6,2361.32,0.21,15.23,0.85,0.35,6.7,1290,7.7
4549,桓達,--,108.5,108.5,-12,-9.96,541,17.59,-27,10,-1,-18,153,208,-55,-0.1,-187,0,21,26,182,0.04,0.38,95,140,-45,306,206,100,35.57,110.42,26.02,-2.28,1174.33,0.74,62.38,2.18,2.95,7.85,1118,5.7
4550,長佳,25.25,25.35,25.3,0.3,1.2,103,64.58,5,0,0,5,0,0,0,0,0,0,0,0,0,0,0,0,0,0,104,104,0,14.21,41.22,-0.61,-5.28,916.53,0.62,22.76,2.44,4.82,1.47,139,3.78
4551,智伸科,139.5,140,139.5,-2,-1.41,2024,51.27,742,-609,-8,125,1400,1526,-126,-0.06,-174,0,1352,1396,130,0.66,0.75,312,202,110,325,309,16,20.91,760.53,-1.53,26.74,8366.13,2.7,23.48,3.47,3.01,6.08,1752,11.52
4552,力達-KY,21,21.05,21,0.45,2.19,147,53.74,-6,0,0,-6,0,0,0,0,0,0,0,0,0,0,0,0,0,0,148,148,0,13.64,314.24,-1.85,0.72,3362.19,0.12,17.72,0.21,2.86,7.38,2139,11.6
4554,橙的,30.1,30.6,30.5,0.1,0.33,88,57.14,4,0,0,4,0,0,0,0,0,0,0,0,0,0,0,0,20,-20,88,68,20,23.64,55.64,11.41,22.14,504.45,0.04,38.79,0.21,6.56,0.9,59,2.63
4555,氣立,50.7,50.8,50.7,-2.1,-3.98,873,46.27,193,0,-32,161,112,135,-23,-0.03,-79,0,56,43,92,0.06,0.15,69,224,-155,700,522,178,220.43,160.09,-1.16,17.78,1661.66,0.04,30.13,0.19,0.99,20.94,3663,7
4556,旭然,45.75,45.9,45.75,2.05,4.69,938,52.34,12,0,-1,11,0,0,0,0,0,0,0,0,0,0,0,26,45,-19,922,903,19,44.42,59.24,2.33,-10.34,694.7,0.13,36.53,0.67,1.31,2.15,227,4.23
4557,永新-KY,44.9,45.2,45.1,-0.6,-1.31,111,35.78,-21,0,1,-20,0,0,0,0,0,0,0,0,0,0,0,0,0,0,114,114,0,--,307.69,6.69,-19.61,3498.65,0.11,23,-0.2,4.43,3.02,362,4.8
4558,寶緯,19.1,19.2,19.15,-0.45,-2.3,38,24.24,-5,0,0,-5,0,0,0,0,0,0,0,0,0,0,0,0,0,0,38,38,0,1915,170.98,-32.41,36.06,1605.7,0.06,11.17,0.35,0,2.35,294,5
4560,強信-KY,31.6,31.65,31.6,-1.2,-3.66,469,36.27,-111,0,-1,-112,185,161,24,0.05,-70,0,91,54,107,0.19,0.34,30,96,-66,254,212,42,11.01,174.04,-2.67,14.39,1753.96,0.76,36.23,2.53,4.75,1.62,275,6.81
4561,健椿,44.05,44.1,44.1,-3.6,-7.55,564,39.23,83,0,-1,82,0,30,-30,-0.05,-30,0,0,30,0,0,0.05,89,81,8,481,459,22,68.91,93.82,-27.65,15.01,979.81,0.25,23.03,1.08,0.45,9.23,1350,5.85
4562,穎漢,37.6,37.7,37.65,-2.9,-7.15,887,42.84,197,0,-1,196,0,98,-98,-0.11,-98,0,0,28,70,0,0.11,84,66,18,810,730,80,--,64.19,-11.85,10.03,706.97,0.11,40.69,1.04,0,12.17,2663,8.75
4563,百德,46.05,46.35,46.15,-3,-6.1,449,49.77,39,0,-7,32,0,0,0,0,0,0,0,0,0,0,0,29,78,-49,423,374,49,--,261.09,9.16,17.89,2649.93,-0.52,27.17,-2.19,0,8.46,1162,5.5
4564,元翎,15.55,15.6,15.6,-0.4,-2.5,666,39.64,26,0,3,29,0,0,0,0,0,0,0,0,0,0,0,0,37,-37,675,638,37,--,65.31,1.21,-42.74,906.3,-0.3,-21.44,-1.68,0,18.3,10650,23.28
4566,時碩工業,63.6,63.7,63.6,-4.6,-6.74,860,47.35,-32,0,0,-32,65,103,-38,-0.04,-83,0,20,20,83,0.02,0.12,118,63,55,689,706,-17,68.39,481.19,3.05,5.52,5103.71,0.37,21.89,0.85,1.07,16.67,4585,11
4568,科際精密,41.4,41.9,41.85,-0.05,-0.12,4,100,-1,0,0,-1,0,0,0,0,0,0,0,0,0,0,0,0,0,0,5,5,0,28.86,95.07,-12.76,-4.66,1201.81,0.48,29.31,1.36,4.78,0.57,45,3.17
4569,六方科-KY,161,162,161.5,-8,-4.72,102,39.51,-10,0,0,-10,11,23,-12,-0.12,-12,0,11,12,11,0.11,0.22,4,5,-1,88,75,13,33.51,167.87,11.66,14.59,1870.83,3.22,28.11,3.55,2.01,11.11,850,3.06
4571,鈞興-KY,190.5,191,191,-4,-2.05,649,52.16,66,0,2,68,243,215,28,0.04,28,0,243,215,0,0.37,0.33,185,207,-22,233,238,-5,21.66,259.05,9.99,7.22,3033.1,2.41,34.5,3.82,2.76,12.28,1628,5.3
4572,駐龍,142,143.5,143,-3.5,-2.39,62,42.11,5,0,0,5,9,23,-14,-0.22,-23,0,0,0,23,0,0.36,4,0,4,51,41,10,53.96,52.38,-18.19,-9.62,676.22,0.92,33.39,1.9,3.5,3.12,312,4
4576,大銀微系統,210,210.5,210,-10.5,-4.76,2353,52.02,558,30,-62,526,1406,1353,53,0.02,-72,0,1281,1163,190,0.53,0.56,239,305,-66,782,769,13,82.68,335.39,-1.95,48.04,3188.68,0.96,39.01,2.93,0.38,9.39,2813,11.98
4577,達航科技,93.5,94,93.9,-3.7,-3.79,567,39.42,131,0,4,135,77,112,-35,-0.06,-78,0,34,32,80,0.06,0.19,53,65,-12,454,408,46,--,66.37,-5.77,62.58,846.37,-0.21,21.85,-1.08,0,10.95,1345,4.91
4580,捷流閥業,81.3,81.4,81.4,-1.1,-1.33,67,42.19,2,0,0,2,0,0,0,0,0,0,0,0,0,0,0,12,12,0,56,56,0,13.39,180.9,-12.31,-0.09,2305.96,1.76,28.53,2.94,4.91,0.93,109,4.68
4581,光隆精密-KY,49.9,50.1,49.9,0.05,0.1,7,57.14,0,0,0,0,0,0,0,0,0,0,0,0,0,0,0,0,0,0,7,7,0,11.91,111.93,11.45,8.42,1092.16,0.88,33.23,2.37,6.01,0.59,50,3.39
4583,台灣精銳,637,642,642,-33,-4.89,155,51.06,-8,0,-5,-13,73,73,0,0,-25,0,48,41,32,0.29,0.44,83,85,-2,10,8,2,56.32,285.61,-16.62,6.89,3151.8,3.56,53.13,2.87,1.56,18.93,3794,8.02
4584,君帆,40.7,41.8,40.9,-1.25,-2.97,7,28.57,0,0,0,0,0,0,0,0,0,0,0,0,0,0,0,0,0,0,7,7,0,13.59,86.79,-2.94,-15.05,1169.07,0.91,30.16,2.53,4.89,--,0,3
4585,達明,326,328.5,326,-20,-5.78,386,37.7,7,0,-17,-10,69,115,-46,-0.11,-68,0,47,90,25,0.11,0.27,105,118,-13,250,192,58,246.97,155.71,9.54,27.05,1863.13,0.65,49.88,0.99,0.31,2.31,604,10.46
4588,玖鼎電力,57.8,58.1,57.8,-2.4,-3.99,152,30.82,10,0,0,10,0,0,0,0,0,0,0,0,0,0,0,0,0,0,155,155,0,16.24,98.98,743.46,33.37,949.08,0.63,32.2,2.86,5.19,4.24,456,4.3
4609,唐鋒,5.03,5.67,5.78,0.38,7.04,3,50,0,0,0,0,0,0,0,0,0,0,0,0,0,0,0,0,0,0,3,3,0,--,22.86,191.61,37.98,161.05,-0.08,0.58,-2.62,0,--,0,4.79
4702,中美實,10.05,10.15,10.15,0,0,134,60.8,12,0,0,12,0,0,0,0,0,0,0,0,0,0,0,0,0,0,139,139,0,6.72,2.68,-47.04,107.6,70.19,0.45,37.27,2.45,4.93,8.8,1591,7.23
4706,大恭,31.4,32,31.75,-0.2,-0.63,12,54.55,-1,0,0,-1,0,0,0,0,0,0,0,0,0,0,0,0,0,0,13,13,0,72.16,112.07,-11.19,29.31,1159,0.28,19.48,1.46,0.94,0.49,97,7.9
4707,磐亞,19.25,19.35,19.25,-0.75,-3.75,2547,36.69,160,0,-3,157,515,640,-125,-0.05,-398,0,242,340,300,0.1,0.26,253,511,-258,1797,1414,383,20.7,98.62,55.42,-5.3,1254.95,0.26,-4.03,1.64,2.6,10.69,10786,40.37
4711,永純,18.5,18.55,18.55,0.35,1.92,370,60,3,0,-4,-1,0,0,0,0,0,0,0,0,0,0,0,0,0,0,372,372,0,48.82,91.02,14.85,89.33,782.05,0.23,18.67,1.38,2.7,8.52,1301,6.11
4714,永捷,13.4,13.45,13.4,-0.35,-2.55,991,42.52,79,0,-1,78,0,0,0,0,0,0,0,0,0,0,0,38,0,38,958,996,-38,--,203.77,-0.94,96.03,1932.24,-0.02,12.99,-0.32,0,15.9,7079,17.81
4716,大立,16.8,16.85,16.8,0,0,959,50.12,261,0,0,261,0,90,-90,-0.09,-90,0,0,90,0,0,0.09,107,0,107,857,874,-17,--,46.54,-27.36,-2.12,529.91,0.17,14.34,1.4,0,45.24,10130,9.44
4720,德淵,25,25.05,25,-2.3,-8.42,3240,42.31,131,0,-13,118,237,772,-535,-0.16,-585,0,187,557,215,0.06,0.24,453,443,10,2559,2034,525,40.98,331.3,-8.79,15.22,3720.25,0.2,22.2,1.32,1.6,15.56,4455,11.45
4721,美琪瑪,86.8,87.4,87.3,-1.2,-1.36,1079,53.17,150,0,-27,123,94,129,-35,-0.03,-64,0,65,81,48,0.06,0.12,199,176,23,801,789,12,22.16,259.19,3.82,-31.86,2691.11,1.67,25.66,9.39,2.63,10.66,1999,7.5
4722,國精化,--,249.5,249.5,-27.5,-9.93,488,0,4,0,-31,-27,312,471,-159,-0.31,-471,0,0,0,471,0,0.93,84,13,71,124,36,88,146.76,295.44,-22.8,-6.72,3688.55,0.22,14.15,0.7,0.48,64.1,16472,10.35
4726,永昕,26.6,26.8,26.6,-0.75,-2.74,257,56.02,-23,0,0,-23,0,0,0,0,0,0,0,0,0,0,0,0,20,-20,259,239,20,--,106.74,12.87,301.01,895.46,-0.56,-30.01,-7.58,0,--,335,20.7
4728,雙美,379.5,381,379,0,0,8,37.5,2,0,0,2,0,0,0,0,0,0,0,0,0,0,0,2,2,0,7,7,0,28.52,202.15,-10.29,29.7,2083.11,4.07,78.91,15.81,3.19,13.5,1838,5.45
4729,熒茂,23,23.1,23.05,-1.25,-5.14,712,42.72,179,0,0,179,0,0,0,0,0,0,0,0,0,0,0,0,0,0,715,715,0,230.5,101.65,19.48,11.06,1058.54,0.04,24.61,0.39,0,15.72,3113,7.92
4735,豪展,31.65,31.75,31.7,-0.95,-2.91,11,37.5,-1,0,0,-1,0,0,0,0,0,0,0,0,0,0,0,0,0,0,12,12,0,10.23,84.14,-21.91,2.98,987.29,1.19,33.12,4.54,6.34,2.8,291,4.16
4736,泰博,124,125,124.5,-1.5,-1.19,227,45.5,54,0,-1,53,71,54,17,0.07,17,0,71,54,0,0.3,0.23,74,58,16,90,123,-33,6.82,319.24,-13.3,-15.04,4220.94,2.99,49.5,2.93,4.82,1.12,268,9.54
4737,華廣,53.7,54,53.7,-1.3,-2.36,123,28.21,-38,0,1,-37,20,0,20,0.16,20,0,20,0,0,0.16,0,0,21,-21,104,103,1,--,141.32,-15.62,-8.43,1749.4,-1.09,30.17,-3.99,0,5.26,1017,7.74
4739,康普,118,118.5,118.5,0.5,0.42,10547,48.28,-377,0,-9,-386,6013,6448,-435,-0.04,2855,3276,2464,2556,329,0.54,0.27,1348,1349,-1,3282,2847,435,37.15,1159.55,12.92,140.95,8690.1,1.51,17.93,3.21,0.84,30.38,9228,12.47
4741,泓瀚,69.1,--,69.1,6.2,9.86,2544,71.9,421,0,14,435,948,447,501,0.19,850,860,88,98,0,0.37,0.04,392,374,18,1230,1749,-519,138.2,51.52,8.34,20.25,500.17,0.31,35.31,1.14,0.43,35.84,3119,3.48
4743,合一,49.6,49.65,49.65,-0.75,-1.49,2702,52.37,13,0,-20,-7,497,423,74,0.03,-5,38,356,239,160,0.14,0.15,397,355,42,1841,1957,-116,--,7.79,-64.05,1.86,151.59,-0.31,18.79,-1.45,0,11.88,14271,48.04
4744,皇將,36.45,36.55,36.5,1.45,4.14,414,61.27,111,0,0,111,0,0,0,0,0,0,0,0,0,0,0,44,40,4,371,375,-4,18.34,49.63,-65.86,-27.5,1384.55,-0.11,43.71,-0.49,2.74,21.49,3060,5.69
4745,合富-KY,16.5,16.6,16.5,1.3,8.55,1070,75.17,331,0,0,331,581,387,194,0.18,581,581,0,0,0,0.54,0,0,34,-34,491,651,-160,--,287.48,11.27,-10.88,2876.2,-0.4,16.53,-0.99,0,1.45,253,6.97
4746,台耀,52.4,52.5,52.5,-0.7,-1.32,854,48.1,269,0,-2,267,150,172,-22,-0.03,-22,0,150,172,0,0.17,0.2,280,198,82,436,496,-60,18.62,358.65,8.51,-4.92,4638.66,0.16,42.98,0.17,5.71,7.01,2106,12.03
4747,強生,54.3,55.2,54.7,-1,-1.8,22,28.57,-1,0,0,-1,0,0,0,0,0,0,0,0,0,0,0,0,0,0,22,22,0,25.32,52.51,12.24,15.66,576.92,1.46,39.8,3.81,1.92,13.95,1585,4.55
4749,新應材,946,947,947,-68,-6.7,1680,44.23,-228,-78,-81,-387,1096,1390,-294,-0.15,-487,0,903,1155,235,0.47,0.73,611,466,145,199,50,149,74.68,425.6,20.69,10.42,4538.48,3.66,45.41,3.72,0.84,21.93,5084,9.27
4754,國碳科,37.55,37.8,37.65,-0.6,-1.57,49,14.89,-2,0,0,-2,0,0,0,0,0,0,0,0,0,0,0,0,0,0,50,50,0,14.05,65.8,4.16,23.15,608.7,0.95,49.27,5.23,6.11,1.37,104,3.03
4755,三福化,140,140.5,140.5,-7,-4.75,681,42.27,-81,3,5,-73,143,298,-155,-0.22,-186,0,112,147,151,0.16,0.43,166,162,4,389,238,151,38.92,375.96,-3.79,-5.76,4728.11,1.01,22.06,1.61,2.63,4.45,1120,10.07
4760,勤凱,399.5,400,400,-11,-2.68,1722,58.87,178,0,-54,124,994,988,6,0,-119,0,869,798,190,0.49,0.56,225,257,-32,541,515,26,53.05,233,1.81,64.81,2301.56,2.55,19.74,7.85,1.18,49.62,3996,3.22
4763,材料*-KY,42.35,42.4,42.35,-1.2,-2.76,6500,50.41,948,0,16,964,2790,2224,566,0.09,383,0,2607,2139,85,0.4,0.34,940,1262,-322,2822,3067,-245,8.19,952.05,8.48,-22.69,10885.9,1.13,55.58,5.33,7.2,18.34,45350,9.89
4764,雙鍵,270.5,271,270.5,-11.5,-4.08,1515,27.61,36,102,-25,113,932,913,19,0.01,-489,0,424,321,592,0.27,0.59,298,323,-25,337,331,6,143.88,336.39,0.53,20.92,3070.96,1.03,26.53,3.7,0.37,36.37,7777,8.55
4766,南寶,360,360.5,360,-6.5,-1.77,1332,36.36,-8,16,-8,0,763,934,-171,-0.13,-433,0,501,497,437,0.37,0.68,244,138,106,356,292,64,17.34,2285.14,-4.5,14.97,23779.82,6.55,35.11,5.6,5,5.22,1573,12.06
4767,誠泰科技,26.4,26.5,26.4,-1.1,-4,8,12.5,0,0,0,0,0,0,0,0,0,0,0,0,0,0,0,0,0,0,8,8,0,18.72,75.57,-5.65,-6.51,940.02,0.58,27.28,1.96,4.17,0.08,6,3.14
4768,晶呈科技,409,410,410,-30,-6.82,1183,32.92,-61,0,24,-37,604,770,-166,-0.13,-432,0,338,433,337,0.27,0.61,175,154,21,478,334,144,--,173.68,-1.2,191.53,1613.36,-0.58,13.39,-1.85,0.24,32.57,3866,4.75
4770,上品,225,225.5,225.5,-12,-5.05,799,45.98,13,0,-38,-25,286,458,-172,-0.21,-262,0,196,290,168,0.24,0.56,109,106,3,426,258,168,22.28,347.27,-28.7,-26.07,4846.18,2.52,34.94,2.47,2.66,10.23,2046,8
4771,望隼,191.5,193,191.5,-4.5,-2.3,249,54.98,57,0,-15,42,29,41,-12,-0.05,-12,0,29,41,0,0.11,0.16,97,93,4,131,123,8,14.74,381,-9.32,33.13,3937.31,3.66,40.99,5.3,3.66,3.41,500,5.87
4772,台特化,283,283.5,283.5,-14,-4.71,1825,42.06,-275,0,-132,-407,821,1120,-299,-0.16,-473,0,647,825,295,0.34,0.59,370,344,26,744,471,273,58.7,307.7,7.93,241.19,3039.13,1.33,50.96,6.02,1.06,13.23,4885,14.77
4806,桂田文創,9.95,10.3,9.95,-0.4,-3.86,15,0,0,0,0,0,0,0,0,0,0,0,0,0,0,0,0,0,0,0,15,15,0,--,7.03,-49.53,-12.99,112.4,-0.04,36.91,-0.55,0,--,0,9.99
4807,日成-KY,--,34.65,34.65,-3.85,-10,746,22.15,18,0,11,29,324,302,22,0.03,-302,0,0,0,302,0,0.4,52,144,-92,377,307,70,25.29,173.1,-30.3,47.28,2271.06,1.7,27.72,6.79,0,10.59,1297,4.9
4903,聯光通,40.85,40.9,40.9,-3.2,-7.26,1481,39.42,90,0,0,90,25,87,-62,-0.04,-62,0,25,60,27,0.02,0.06,76,218,-142,1393,1189,204,26.05,104.52,-11.74,26.01,1569.19,0.37,7.53,3.26,0.73,25.56,4495,10.53
4904,遠傳,100.5,101,101,-0.5,-0.49,9416,38,1160,-1976,-21,-837,9226,8962,264,0.03,-5561,1789,0,0,7350,0.19,0.78,50,106,-56,183,388,-205,25,9539.71,4.42,11.34,113079.87,1.03,33.02,3.89,3.77,0,34,360.77
4905,台聯電,74.6,77.7,75.3,-5.9,-7.27,19,29.41,-2,0,0,-2,0,0,0,0,0,0,0,0,0,0,0,0,0,0,20,20,0,18.19,84.05,23.16,31.57,804.96,1.75,27.75,1.89,1.99,1.46,107,2.93
4906,正文,43.7,43.75,43.7,-4.25,-8.86,16763,26.65,-162,0,-206,-368,8764,10244,-1480,-0.09,-6406,0,3838,4686,5558,0.23,0.61,2415,2371,44,5757,4322,1435,--,1148.67,5.36,-23.21,14094.37,-0.32,10.35,-1.13,1.08,30.31,33857,45.18
4907,富宇,37.75,37.8,37.8,-1.2,-3.08,190,62.23,5,0,-12,-7,33,0,33,0.17,33,0,33,0,0,0.17,0,38,65,-27,120,126,-6,10.27,127.41,-90.01,216.65,3486.98,2.76,45.43,12.38,3.97,1.63,480,11.81
4908,前鼎,--,204,204,-22.5,-9.93,661,0,32,202,-133,101,419,584,-165,-0.23,-583,0,0,6,577,0,0.82,53,29,24,238,98,140,103.03,74.05,-18.42,5.02,871.38,0.76,46.86,3.37,0.49,19.41,3795,7.82
4909,新復興,48.4,48.5,48.4,-1.6,-3.2,1318,53.32,245,0,-18,227,58,75,-17,-0.01,-47,0,28,30,45,0.02,0.06,110,147,-37,1163,1109,54,--,17.85,4.56,-12.91,232.12,0.05,-19.82,0.17,0,23.78,5551,9.34
4911,德英,30.9,31.5,31.4,-0.6,-1.88,86,38.82,-16,0,0,-16,0,0,0,0,0,0,0,0,0,0,0,0,0,0,86,86,0,16.97,11.59,2.5,-56.86,231.32,0.23,69.98,1.59,6.27,1.2,191,6.37
4912,聯德控股-KY,89.5,89.6,89.5,-3.2,-3.45,771,47.47,-56,0,1,-55,15,115,-100,-0.13,-100,0,15,115,0,0.02,0.15,186,111,75,578,553,25,40.87,610.25,-0.86,30.96,6822.32,1.35,19.98,2.23,1.91,22.7,3801,6.7
4915,致伸,74.8,74.9,74.8,-2.6,-3.36,5135,42.98,-962,11,275,-676,2759,3314,-555,-0.11,-880,0,2434,3019,295,0.47,0.64,711,652,59,1715,1219,496,14.19,5453.87,-0.26,12.67,62592.28,1.3,15.9,2.84,6.11,3.07,3616,47.19
4916,事欣科,115.5,116,116,-4,-3.33,3641,35.79,-65,0,-116,-181,1480,1765,-285,-0.09,-845,0,920,1081,684,0.28,0.53,672,591,81,1557,1352,205,20.6,424.75,5.37,50.22,3947.88,4.49,20.15,16.36,0.43,31.27,9687,12.41
4919,新唐,--,160.5,160.5,-17.5,-9.83,2371,0,-111,0,-88,-199,1668,1959,-291,-0.13,-1959,0,0,0,1959,0,0.86,346,261,85,510,303,207,--,2712.66,7.75,2.09,30210.71,0.02,39.34,0.05,0,15.2,15948,43.38
4923,力士,44.85,44.9,44.9,-0.8,-1.75,958,47.78,-110,0,-14,-124,76,58,18,0.02,18,0,76,58,0,0.08,0.06,83,108,-25,808,801,7,--,85.06,6.28,20.41,982.02,0.1,27.67,0.81,0,17.73,1502,3.39
4924,欣厚-KY,12,12.1,12,-0.75,-5.88,51,30.61,-1,0,3,2,0,0,0,0,0,0,0,0,0,0,0,0,0,0,51,51,0,16.67,69.66,-16.52,-7.2,786.84,0.35,28.8,3.33,0,12.01,1116,3.72
4927,泰鼎-KY,50.8,50.9,50.8,-1,-1.93,10825,37.4,-1331,0,-1,-1332,3517,4571,-1054,-0.1,-2060,0,2511,2540,2031,0.23,0.42,1753,1863,-110,5630,4466,1164,--,993.8,8.12,4.16,11189,-3.1,-12.49,-15.25,0,51.2,33911,26.49
4930,燦星網,17.3,17.4,17.35,-0.65,-3.61,44,2.63,-27,0,10,-17,0,0,0,0,0,0,0,0,0,0,0,0,0,0,54,54,0,--,414.57,7.99,21.98,5766.11,-0.5,10.25,-1.12,3.46,18.18,3635,8
4931,新盛力,266.5,--,266.5,24,9.9,25980,61.75,-165,0,137,-28,17503,16867,636,0.02,12977,13738,3452,3978,235,0.66,0.16,2854,3232,-378,5875,6132,-257,83.02,415.94,37.32,178.64,3002.36,1.48,22.08,7.58,0.94,54.89,8997,6.56
4933,友輝,68.7,68.8,68.8,-5.1,-6.9,493,38.25,22,0,-44,-22,0,15,-15,-0.03,-15,0,0,15,0,0,0.03,58,93,-35,442,392,50,12.84,234.26,-1.45,-10.47,2966.47,1.9,32.93,4.26,4.22,6.64,1371,8.26
4934,太極,15.2,15.25,15.25,-1.3,-7.85,1623,35.55,-423,0,6,-417,290,395,-105,-0.06,-192,0,203,245,150,0.12,0.24,85,459,-374,1253,774,479,--,14.43,5.65,108.39,118.75,-0.2,-74.68,-5.23,0,--,0,22.5
4935,茂林-KY,37.7,37.95,37.7,-3.4,-8.27,366,40.23,-15,0,0,-15,50,133,-83,-0.23,-133,0,0,0,133,0,0.36,19,0,19,298,234,64,27.52,307.49,-6.29,-34.29,4662.74,0.4,10.89,0.64,2.65,1.9,611,12.89
4938,和碩,92,92.1,92.1,-4.8,-4.95,37050,67.68,-16384,13451,-691,-3624,27969,29040,-1071,-0.03,-6206,0,22834,22421,6619,0.61,0.78,2891,2729,162,6376,5467,909,21.17,87189.24,3.84,-15.24,1073127.51,0.58,4.42,1.16,4.35,0.65,4328,268.2
4939,亞電,65.6,--,65.6,5.9,9.88,37431,61.88,-1649,0,239,-1410,17276,18674,-1398,-0.04,8709,12019,4663,7417,556,0.44,0.21,4909,5416,-507,15382,13476,1906,--,141.64,-0.27,21.19,1432.62,0.24,28.58,1.72,0.38,25.55,6272,9.82
4942,嘉彰,37.2,37.25,37.2,-1,-2.62,148,31.72,-17,0,0,-17,0,0,0,0,0,0,0,0,0,0,0,0,14,-14,149,135,14,12.57,448.28,-1.92,-4.55,5940.1,0.52,19.77,0.81,5.38,2.13,758,14.24
4943,康控-KY,8.85,8.99,8.85,-0.05,-0.56,12,57.14,-1,0,0,-1,0,0,0,0,0,0,0,0,0,0,0,0,0,0,12,12,0,--,192.26,-4.71,45.87,1910.89,-0.23,-3.54,-15.7,0,--,0,12.67
4946,辣椒,103.5,104,103.5,-6,-5.48,46,47.06,1,0,0,1,0,0,0,0,0,0,0,0,0,0,0,0,8,-8,49,41,8,90.79,21.3,2.01,-39.01,302.5,0.41,40.26,3.13,0,--,0,0.89
4949,有成精密,91.7,92,91.8,-2.1,-2.24,1570,48.18,168,0,-19,149,351,380,-29,-0.02,-103,0,277,227,153,0.17,0.24,255,210,45,990,1006,-16,34.13,316.03,0.46,43.92,2689.15,1.19,39.04,4.84,1.53,19.12,3237,6.77
4950,金耘國際,15.95,16.25,16,-0.1,-0.62,21,61.9,5,0,0,5,0,0,0,0,0,0,0,0,0,0,0,0,0,0,21,21,0,37.21,111.17,11.21,9.31,1051.2,0.2,18.13,2.56,0,--,0,5.77
4951,精拓科,106,107,106,-7,-6.19,727,45.5,150,0,0,150,218,210,8,0.01,-60,0,150,80,130,0.2,0.28,117,173,-56,408,359,49,16.49,46.74,5.16,-0.2,546.85,1.71,76.42,6.2,4.25,19.21,1640,3.41
4952,凌通,45.9,46,46,-3.4,-6.88,501,33.33,-187,0,4,-183,0,0,0,0,0,0,0,0,0,0,0,55,93,-38,455,417,38,41.44,265.42,-5.62,20.39,2259.33,0.5,37.01,2.54,2.17,5.95,1619,10.88
4953,緯軟,141,141.5,141,-2,-1.4,1761,49.91,397,-1,13,409,878,830,48,0.03,-4,0,826,763,67,0.46,0.46,330,291,39,583,669,-86,15.23,1149.33,-7.39,29.21,12928.16,2.32,14.23,4.02,3.65,6.72,1228,7.31
4956,光鋐,39.95,40,39.95,-2.9,-6.77,1958,28.77,208,0,-1,207,277,515,-238,-0.12,-446,0,69,61,454,0.03,0.26,332,270,62,1375,1199,176,--,124.09,-0.82,-0.93,1413.33,0.24,20.13,1.45,0,28.54,7163,10.04
4958,臻鼎-KY,512,513,512,11,2.2,10088,36.52,295,52,-111,236,8055,8433,-378,-0.04,1737,3238,3831,4481,851,0.66,0.5,1158,1194,-36,1509,1095,414,72.32,16201.2,6.61,37.4,189185.01,1.33,21.64,1.19,0.67,9.88,26668,107.94
4960,誠美材,30.45,30.5,30.45,-2.15,-6.6,7837,41.83,632,0,4,636,2077,2541,-464,-0.06,-796,0,1745,1287,1254,0.22,0.32,1241,1369,-128,4562,3970,592,--,705.33,15.24,-5.56,8307.98,-0.27,-3.76,-2.13,0,13.17,18830,57.17
4961,天鈺,157.5,158,158,-10.5,-6.23,919,50.99,-156,17,-12,-151,245,456,-211,-0.22,-222,0,234,421,35,0.25,0.48,211,175,36,496,321,175,19.17,1756.45,-0.75,0.12,17754.67,1.86,27.8,1.41,4.89,6.57,1991,12.13
4966,譜瑞-KY,--,663,663,-73,-9.92,999,0,-201,-40,-73,-314,884,1041,-157,-0.14,-1039,0,2,16,1025,0,0.9,191,75,116,79,38,41,20.19,1307.43,3.03,1.15,16328.77,6.77,40.3,2.39,2.66,26.07,5146,7.9
4967,十銓,277.5,278,277.5,-1.5,-0.54,7444,49.77,-1066,0,-5,-1071,5308,5097,211,0.03,-617,187,4175,3839,1140,0.57,0.66,937,969,-32,1364,1542,-178,7.1,2014.78,-59.01,78.61,25009.73,27,38.01,38.41,3.6,44.86,9958,9.43
4968,立積,107,107.5,107,-6.5,-5.73,1220,41.41,-98,0,-30,-128,462,510,-48,-0.04,-65,0,445,462,48,0.35,0.41,194,275,-81,602,472,130,36.15,330.08,0,6.82,3862.09,0.58,33.46,1.93,1.5,28.93,6668,9.22
4971,IET-KY,--,603,603,-67,-10,1121,30.2,235,0,9,244,855,953,-98,-0.08,-611,0,342,390,563,0.29,0.8,283,203,80,55,38,17,118.24,78.04,-26.58,1.07,1163.85,1.97,47.84,3.83,0.17,44.68,4466,4.72
4972,湯石照明,16.65,16.7,16.65,-0.3,-1.77,53,33.33,2,0,-1,1,0,0,0,0,0,0,0,0,0,0,0,0,0,0,59,59,0,--,95.08,-4.28,4.51,947.78,-0.49,22.1,-1.91,0,0.97,138,5.69
4973,廣穎,159.5,160,160,-11.5,-6.71,2040,40.78,90,0,4,94,798,1044,-246,-0.14,-512,0,532,780,264,0.3,0.59,305,279,26,980,761,219,17.02,835.19,11.53,187.19,6077.15,7.46,42.14,20.69,0.63,21.73,3547,6.53
4974,亞泰,74.2,74.3,74.3,-2.9,-3.76,410,45.52,-17,0,0,-17,14,39,-25,-0.06,-25,0,14,39,0,0.03,0.09,68,54,14,336,325,11,16.73,335.85,-10.24,2.22,3615.18,1.09,13.08,2.45,5.25,6.64,1204,7.25
4976,佳凌,32.3,32.4,32.35,-1.35,-4.01,1221,53.61,228,0,0,228,112,113,-1,0,-1,0,112,113,0,0.09,0.09,41,105,-64,1072,1007,65,--,84.11,-10.31,-4.53,1019.46,-0.49,-14.13,-3.08,0,14.01,4950,14.14
4977,眾達-KY,--,180.5,180.5,-20,-9.98,1060,0,60,0,-46,14,416,880,-464,-0.4,-880,0,0,14,866,0,0.76,304,113,191,451,179,272,40.02,58.03,-33.5,-43.18,966.18,-1.17,19.73,-2.38,1.25,41.1,8240,8.02
4979,華星光,--,537,537,-59,-9.9,655,0,7,0,-57,-50,547,681,-134,-0.17,-678,0,2,9,671,0,0.85,180,92,88,71,25,46,97.99,412.78,-8.59,7.73,4541.05,1.62,25.42,5.66,0.41,30.41,10822,14.27
4989,榮科,83.1,83.2,83.1,-7.8,-8.58,4968,29.34,385,0,5,390,2051,2481,-430,-0.08,-1409,0,1071,1035,1445,0.21,0.49,782,891,-109,2261,1722,539,--,379.34,13.33,28.89,3223.76,0.13,4.93,1.24,0,54.56,18794,13.78
4991,環宇-KY,612,613,612,-42,-6.42,2071,41.6,132,-36,-17,79,1552,1644,-92,-0.04,-581,0,1063,1098,546,0.49,0.75,534,503,31,105,44,61,252.89,243.93,-27.84,67.92,2527.63,1.67,54.53,5.22,0,32.03,8082,12.09
4994,傳奇,88,90,90,2.4,2.74,49,55.56,-10,0,0,-10,0,0,0,0,0,0,0,0,0,0,0,0,0,0,50,50,0,57.69,97.01,-9.79,-4.75,1195.56,0.42,67.02,2.72,3.33,14.82,2459,6.64
4995,晶達,44.8,45.1,45,-1.15,-2.49,34,73.53,-5,0,0,-5,0,0,0,0,0,0,0,0,0,0,0,0,0,0,35,35,0,16.48,116.02,7.77,8.01,1322.47,1.01,33.13,4.61,4.42,20.91,2226,4.26
4999,鑫禾,20.75,20.8,20.75,-0.9,-4.16,80,39.73,-26,0,0,-26,0,0,0,0,0,0,0,0,0,0,0,0,0,0,89,89,0,--,138.22,-12.06,-19.27,1868.71,-0.54,10.29,-1.25,1.2,2.17,404,7.44
5007,三星,56,56.3,56,-1.1,-1.93,45,20,-36,0,6,-30,0,0,0,0,0,0,0,0,0,0,0,0,11,-11,45,34,11,18.42,514.95,-7.81,2.26,6042,0.91,27.58,3.74,5.36,0.01,11,29.49
5009,榮剛,34.55,34.6,34.6,-2.65,-7.11,5509,34.99,-510,0,-722,-1232,1467,2278,-811,-0.15,-1064,0,1214,1677,601,0.22,0.41,748,856,-108,3346,2427,919,17.3,1038.71,0.67,-0.25,11398.93,0.5,24.38,1.62,3.47,5.9,8879,60.25
5011,久陽,17.6,17.65,17.6,-1.1,-5.88,748,36.38,-157,0,0,-157,0,0,0,0,0,0,0,0,0,0,0,0,245,-245,753,508,245,--,361.32,-8.35,-20.91,4729.36,0.52,6.3,2.67,0,25.35,5588,10.07
5013,強新,27.65,28,27.65,-0.5,-1.78,13,84.62,-1,0,0,-1,0,0,0,0,0,0,0,0,0,0,0,0,0,0,14,14,0,19.47,781.81,-0.31,13.09,7797.94,0.38,11.45,1.51,2.53,0.01,5,13.34
5014,建錩,11.1,11.15,11.15,-0.25,-2.19,326,31.61,-20,0,0,-20,0,0,0,0,0,0,0,0,0,0,0,55,0,55,273,328,-55,--,1502.32,-2.25,8.76,15458.74,0.32,5.35,2.14,4.48,4.89,2241,18.33
5015,華祺,24.05,24.1,24,-0.3,-1.23,18,27.78,-4,0,0,-4,0,0,0,0,0,0,0,0,0,0,0,0,0,0,18,18,0,--,109.14,5.72,-25.61,1298.82,0.25,18.35,1.23,2.08,1,151,6.06
5016,松和,24.95,25.05,25.2,-0.35,-1.37,85,63.01,15,0,0,15,0,0,0,0,0,0,0,0,0,0,0,0,30,-30,85,55,30,17.38,195.2,-8.55,6.05,2047.93,0.36,10.55,1.2,3.97,1.69,210,4.96
5201,凱衛,28.35,29.75,29.75,0.55,1.88,93,73.75,12,0,0,12,0,0,0,0,0,0,0,0,0,0,0,0,20,-20,95,75,20,--,16.47,-10.84,-39.8,283.38,-0.67,31.77,-3.97,1.68,73.79,7134,3.87
5202,力新,17.3,--,17.3,1.55,9.84,5494,68.69,421,0,0,421,990,540,450,0.08,990,990,0,0,0,0.18,0,662,667,-5,3866,4311,-445,--,12.56,25.06,-6.67,147.9,-0.19,72.32,-1.44,1.16,11.26,2508,8.91
5203,訊連,67.8,68,67.9,-3.9,-5.43,770,47.98,127,0,6,133,39,50,-11,-0.01,-11,0,39,50,0,0.05,0.06,99,103,-4,640,625,15,18.55,164.83,-13.61,-14.79,2422.25,1.34,84.51,2.25,5.3,8.2,1627,7.94
5205,中茂,20.85,22.8,22.8,0.05,0.22,1,100,0,0,0,0,0,0,0,0,0,0,0,0,0,0,0,0,0,0,2,2,0,--,1.07,-26.01,-37.6,27.51,-0.36,13.73,-5.65,0,--,0,1.35
5206,坤悅,23,23.05,23,-0.6,-2.54,178,36.21,-34,0,0,-34,0,0,0,0,0,0,0,0,0,0,0,0,0,0,181,181,0,4.59,479.24,-71.08,-28.29,4109.45,2.45,40,10.76,6.52,2.04,875,17.15
5209,新鼎,172,173,173,-2.5,-1.42,61,59.65,22,0,0,22,0,8,-8,-0.13,-8,0,0,0,8,0,0.13,10,12,-2,54,44,10,9.69,289.5,1.54,-32.8,4839.99,3.34,18,9.47,7.51,0.6,43,2.86
5210,寶碩,29.1,29.15,29.15,-0.75,-2.51,436,50.38,33,0,1,34,0,0,0,0,0,0,0,0,0,0,0,0,23,-23,439,416,23,31.34,20.18,-9.93,11.43,278.05,0.24,58.44,2.46,0,9.25,1438,8.22
5211,蒙恬,18.75,18.8,18.8,-0.5,-2.59,118,66.96,13,0,-1,12,0,0,0,0,0,0,0,0,0,0,0,0,0,0,124,124,0,--,23.54,8.76,33.18,245.56,-0.18,43.22,-1.71,0,7.24,580,3.2
5212,凌網,45.75,46.3,46.3,0.15,0.33,25,39.13,2,0,0,2,0,0,0,0,0,0,0,0,0,0,0,0,0,0,25,25,0,9.65,79.79,-6.31,20.38,1345.62,0.54,46.75,3.18,9.07,0.9,78,3.46
5213,亞昕,23,23.55,23.55,-0.45,-1.88,2703,51.94,-499,0,-465,-964,527,841,-314,-0.11,-721,0,120,0,841,0.04,0.31,469,654,-185,1756,1258,498,16.58,2063.65,299.71,14.3,11763.97,-0.12,29.2,-0.57,11.89,2.01,3616,72.13
5215,科嘉-KY,44.9,45.2,45.2,-3.2,-6.61,198,38.65,10,0,-10,0,0,0,0,0,0,0,0,0,0,0,0,14,34,-20,187,167,20,18.45,367.76,26.91,72.73,2912.8,0.87,23.01,1.69,4.42,5.4,868,6.43
5220,萬達光電,21.8,22,22,-1,-4.35,22,68.75,-5,0,0,-5,0,0,0,0,0,0,0,0,0,0,0,0,0,0,22,22,0,--,95.76,-5.98,32.64,762.48,0.45,21.89,2.41,1.36,3.14,311,3.97
5222,全訊,115.5,116,116,-5.5,-4.53,562,47.54,-107,0,-14,-121,127,104,23,0.04,23,0,127,94,10,0.22,0.18,112,179,-67,350,307,43,62.03,59.69,-34.28,-12.44,885.73,0.22,53.97,0.82,3.02,8.58,1953,9.11
5223,安力-KY,25.35,25.55,25.45,-0.9,-3.42,12,54.55,-4,0,0,-4,0,0,0,0,0,0,0,0,0,0,0,0,0,0,12,12,0,--,141.11,-20.61,-13.95,1926.88,-0.44,13.22,-0.9,0,3.41,380,4.45
5225,東科-KY,70.9,71.2,71,-3.9,-5.21,485,37.1,-52,0,0,-52,0,57,-57,-0.12,-57,0,0,57,0,0,0.12,37,85,-48,460,355,105,7.72,893.01,6.96,11.8,10658.92,1.54,14.89,3.66,10.15,8.7,1722,7.91
5227,立凱-KY,27,27.05,27,1.8,7.14,669,59,189,0,0,189,106,89,17,0.02,106,106,0,0,0,0.15,0,20,29,-9,559,567,-8,--,5.13,-53.83,-86.43,223.93,-1.43,-70.7,-20.16,0,--,273,6.8
5228,鈺鎧,72.5,72.6,72.6,3.2,4.61,3618,47.64,-215,0,-18,-233,253,357,-104,-0.03,-27,181,19,35,192,0.06,0.06,532,593,-61,2852,2687,165,82.5,69.81,1.25,51.87,650.62,0.99,37.35,7.11,0,10.42,991,3.81
5230,雷笛克光學,17.75,17.8,17.75,-0.6,-3.27,280,29.92,-42,0,0,-42,0,0,0,0,0,0,0,0,0,0,0,0,0,0,282,282,0,--,116.16,2.71,9.37,1325.85,-0.28,25.81,-1.19,2.82,6.84,957,5.6
5234,達興材料,389,389.5,389,-14.5,-3.59,732,46.15,-185,3,-40,-222,288,403,-115,-0.15,-141,0,262,373,30,0.34,0.52,128,115,13,354,251,103,50.52,418.19,1.87,10.83,4774.65,2.21,43.1,6.86,1.67,5.9,1516,10.27
5236,凌陽創新,154,154.5,154,-10.5,-6.38,419,41.75,-10,0,-35,-45,99,130,-31,-0.07,-119,0,11,17,113,0.03,0.3,77,109,-32,257,194,63,16.16,201.03,7.52,18.73,2154.16,2.97,61.68,7.18,5.84,3.3,495,6
5243,乙盛-KY,107,107.5,107.5,-5,-4.44,3694,43.58,154,0,-56,98,1901,2188,-287,-0.08,-867,0,1321,1234,954,0.35,0.58,580,467,113,1276,1101,175,22.07,1016.35,-2.81,-2.69,11621.65,1.47,24.76,2.93,2.05,26.91,11337,16.85
5244,弘凱,38,38.2,38.2,-0.3,-0.78,277,63.14,67,0,-1,66,0,0,0,0,0,0,0,0,0,0,0,0,15,-15,280,265,15,--,75.63,13.84,10.11,824.17,-0.48,24.15,-1.83,1.05,18.46,3150,6.82
5245,智晶,26.5,26.95,26.75,-1.1,-3.95,89,44.87,-7,0,0,-7,0,0,0,0,0,0,0,0,0,0,0,0,0,0,89,89,0,--,71.64,25.81,-15.36,721.04,-0.79,2.13,-5.61,0,8.02,905,4.51
5251,天鉞電,30.65,30.75,30.65,-0.5,-1.61,646,45.1,-30,0,-1,-31,0,0,0,0,0,0,0,0,0,0,0,0,0,0,657,657,0,3065,24.83,-36.07,38.86,304.36,0.1,43.27,0.84,0,29.79,1946,3.37
5258,虹堡,47.95,48,47.95,-2.35,-4.67,676,46.48,32,0,-6,26,25,0,25,0.04,0,0,0,0,0,0,0,58,74,-16,604,613,-9,14.44,721.05,6.82,22.41,8034.45,-0.61,31.99,-1.24,2.09,15.92,4393,11.04
5263,智崴,104.5,105,105,-2.5,-2.33,161,56.08,22,0,0,22,10,0,10,0.06,10,0,10,0,0,0.06,0,27,37,-10,126,126,0,--,164.47,1.24,61.21,1547.2,0.67,50.65,1.26,0,28.34,5238,7.39
5269,祥碩,1400,1405,1400,-125,-8.2,1372,41.71,19,-1,-56,-38,1404,1497,-93,-0.06,-293,0,1204,1297,200,0.78,0.97,21,10,11,118,36,82,17.14,958.73,-23.82,-17.55,14199.36,24.85,50.83,5.06,3.21,15.05,2790,7.42
5272,笙科,20.6,20.7,20.6,-1.75,-7.83,341,32.16,-24,0,1,-23,0,0,0,0,0,0,0,0,0,0,0,0,55,-55,345,290,55,--,31.61,5.97,2.87,317.9,-0.57,41.09,-3.68,0,7.34,1014,5.53
5274,信驊,17345,17525,17525,20,0.11,372,54.75,-31,-20,1,-50,379,391,-12,-0.03,-19,33,305,316,41,0.85,0.9,3,2,1,16,5,11,148.69,1282.17,0.25,68.74,11263.52,37.41,69.18,20.9,0.46,1.24,117,3.78
5276,達輝-KY,18.1,18.4,18.3,-1.1,-5.67,39,65.79,3,0,0,3,0,0,0,0,0,0,0,0,0,0,0,0,0,0,39,39,0,13.36,78.78,-16.22,-5.98,961.86,0.57,19.73,4.28,4.37,--,0,3.95
5278,尚凡*,23.05,23.2,23.2,-0.1,-0.43,208,44.06,64,0,0,64,0,0,0,0,0,0,0,0,0,0,0,0,0,0,209,209,0,24.17,224.19,-8.18,18.23,2758.52,0.29,53.91,2.13,5.26,1.98,1487,3
5283,禾聯碩,51.7,51.9,51.7,-0.8,-1.52,102,33.66,-7,0,0,-7,0,0,0,0,0,0,0,0,0,0,0,0,13,-13,110,97,13,8.75,777.35,39.45,0.64,6431.3,0.16,28.91,0.28,2.32,0.5,109,8.76
5284,jpp-KY,393.5,396,394,-12.5,-3.08,856,51.49,103,0,-37,66,412,384,28,0.03,-21,0,363,318,66,0.41,0.43,131,149,-18,352,362,-10,29.4,413.07,4.7,43.32,4384.83,4.13,37.51,5.69,1.27,36.63,4843,5.29
5285,界霖,87.5,87.8,87.6,-4.2,-4.58,2427,48.87,411,0,-54,357,620,474,146,0.06,-17,0,457,189,285,0.19,0.19,442,432,10,1386,1542,-156,41.71,522.2,-10.29,18.5,5580.6,1,18.68,3.44,1.71,17.33,4421,10.2
5287,數字,146,147,146.5,-3,-2.01,76,27.03,19,0,0,19,0,11,-11,-0.13,-11,0,0,0,11,0,0.13,16,9,7,67,63,4,10.5,193.67,-1.4,-4.36,2314.59,2.97,68.15,7.05,7.61,1.38,208,6.03
5288,豐祥-KY,171.5,172,171.5,5,3,362,68.27,122,0,0,122,142,41,101,0.27,127,128,14,7,8,0.38,0.04,106,86,20,124,245,-121,14.26,739.44,-11.46,24.84,7121.1,3.59,23.24,3.99,3.79,13.41,2336,6.97
5289,宜鼎,1805,1810,1810,55,3.13,4109,57.26,339,-176,5,168,4163,4213,-50,-0.01,1658,1895,2066,2100,203,0.92,0.53,25,24,1,127,78,49,24.34,7564.59,13.4,640.8,37062.88,57.49,59.1,46.03,0.94,16.44,3960,9.63
5291,邑昇,65.7,66.2,65.7,-2.1,-3.1,702,51.6,104,0,-85,19,75,147,-72,-0.1,-122,0,25,42,105,0.04,0.21,153,89,64,479,471,8,136.88,151.9,30.37,69.46,1209.63,0.17,20.08,0.68,0,55.75,5559,3.99
5292,華懋,209.5,210,209.5,-7,-3.23,168,44.65,23,0,-2,21,10,22,-12,-0.06,-12,0,10,22,0,0.05,0.12,32,25,7,149,144,5,20.72,151.35,-43.34,-28.63,2706.17,2.58,27.9,5.83,3.1,12.74,1341,4.21
5299,杰力,100.5,101,100.5,-9.5,-8.64,503,35.74,45,0,0,45,104,117,-13,-0.03,-35,0,82,77,40,0.16,0.23,78,89,-11,328,304,24,20.81,134.3,-6.46,2.19,1466.25,1.65,34.47,2.62,3.64,7.58,680,5.09
5301,寶得利,6.51,6.81,6.81,0,0,18,58.82,-6,0,0,-6,0,0,0,0,0,0,0,0,0,0,0,0,0,0,19,19,0,--,12.84,-40.73,-44.67,228.25,-0.18,83.76,-2.39,0,--,0,6.59
5302,太欣,10.5,10.55,10.5,-0.2,-1.87,733,46.69,31,0,0,31,0,0,0,0,0,0,0,0,0,0,0,0,50,-50,735,685,50,--,3.38,96.97,107.48,25.44,-0.04,26.25,-0.5,0,--,0,15.99
5306,桂盟,83.4,83.8,83.5,-1.5,-1.76,235,25.22,-16,0,1,-15,0,0,0,0,0,0,0,0,0,0,0,68,64,4,171,175,-4,13.17,497.01,3.92,7.18,4742.34,1.79,41.83,2.49,4.49,1.47,462,12.6
5309,系統電,73.9,74,74,-0.3,-0.4,11267,51.63,1231,23,-105,1149,4623,4116,507,0.04,46,0,4162,3468,648,0.37,0.36,1574,1859,-285,5172,5395,-223,352.38,307.98,0.96,15.29,3446.35,0.09,24.86,0.08,0.68,28.07,13526,23.09
5310,天剛,26.15,--,26.15,2.35,9.87,95,89.47,-6,0,0,-6,0,0,0,0,0,0,0,0,0,0,0,0,0,0,95,95,0,373.57,0.11,3600,1485.71,0.77,0.06,10.48,0.59,0,--,0,2.89
5312,寶島科,94.9,95,94.8,-0.8,-0.84,50,44.9,0,0,0,0,0,0,0,0,0,0,0,0,0,0,0,0,0,0,51,51,0,16.07,383.17,5,17.43,4400.95,1.48,63.85,2.34,6.86,4.31,647,6.01
5314,世紀*,59.3,59.4,59.4,-1.8,-2.94,3175,46.04,-1088,0,-26,-1114,592,555,37,0.01,-88,0,467,434,121,0.15,0.17,778,873,-95,1851,1792,59,11.53,493.74,9.76,138.62,4156.04,0.37,41.29,4.05,2.98,22.94,16743,1.46
5315,光聯,22.25,22.3,22.25,-0.25,-1.11,396,40.88,-88,0,0,-88,0,0,0,0,0,0,0,0,0,0,0,0,26,-26,397,371,26,12.71,145.8,-11.07,-14.47,1935.94,0.44,18.63,2.76,7.19,10.83,2880,10.64
5321,美而快,--,41,41,-4.55,-9.99,74,0,0,0,-2,-2,0,29,-29,-0.37,-29,0,0,0,29,0,0.37,0,21,-21,78,28,50,--,177.29,4.11,-22.08,2639.84,-2.37,48.36,-16.51,0,12.32,1638,5.32
5324,士開,12,12.05,12,-0.15,-1.23,390,59.54,116,0,0,116,0,0,0,0,0,0,0,0,0,0,0,0,144,-144,391,247,144,--,56.98,-13.32,-48.01,1043.94,-0.11,51.32,-1.38,0,--,0,22.64
5328,華容,38.9,39,38.9,-1.8,-4.42,31548,49.57,-1239,0,-46,-1285,10613,11728,-1115,-0.04,-1812,0,9916,11538,190,0.31,0.37,3820,4758,-938,17241,15188,2053,86.44,93.87,7.83,13.38,921.51,0.11,22.94,1.03,0.9,16.63,7179,17.27
5340,建榮,91.7,91.8,91.8,-3.3,-3.47,2311,48,630,0,-9,621,785,561,224,0.1,-62,0,499,236,325,0.21,0.24,482,451,31,1090,1345,-255,66.52,232.05,2.93,25.28,2458.92,0.46,21.19,3.92,0.65,17.38,7207,19.49
5344,立衛,16.1,16.45,16.1,0.05,0.31,62,5.56,1,0,0,1,0,0,0,0,0,0,0,0,0,0,0,0,0,0,63,63,0,--,31.34,-1.02,6.15,364.23,0.02,12.49,0.39,0,--,0,7.94
5345,馥鴻,26.6,--,26.6,2.4,9.92,64,100,0,0,1,1,0,0,0,0,0,0,0,0,0,0,0,40,0,40,31,71,-40,--,5.96,44.34,1505.66,37.25,-0.05,36.77,-0.84,0,--,0,3.78
5347,世界,156,156.5,156.5,-5,-3.1,32246,35.25,15564,-7416,-668,7480,28283,28428,-145,0,-1452,0,26976,26947,1481,0.83,0.87,1178,1263,-85,3049,2818,231,37.71,4026.47,-18.5,9.58,49525.49,1.22,29.29,2.43,2.88,3.28,15316,187.96
5348,正能量智能,15.25,16.4,15.25,-0.2,-1.29,2,50,0,0,0,0,0,0,0,0,0,0,0,0,0,0,0,0,0,0,2,2,0,--,26.46,8.95,35.69,290.26,-0.23,30.34,-1.75,0,--,0,1.48
5351,鈺創,83.7,83.8,83.7,-2.5,-2.9,18503,47.95,-315,0,-10,-325,7707,8678,-971,-0.05,-2574,0,6104,6651,2027,0.33,0.47,2721,2819,-98,8238,7168,1070,87.19,1663.06,24.75,605.48,8647.66,1.88,36.65,13.5,0,20.18,16574,32.85
5353,台林,31.55,31.75,31.55,-2.5,-7.34,341,33.33,-7,0,0,-7,0,0,0,0,0,0,0,0,0,0,0,0,0,0,349,349,0,23.54,197.37,38.42,33.57,1882.81,0.5,25.42,2.7,3.17,7.3,1382,7.58
5355,佳總,6.5,6.72,6.72,0.02,0.3,86,77.91,-4,0,0,-4,0,0,0,0,0,0,0,0,0,0,0,0,0,0,86,86,0,--,50.19,10.1,2.52,465.06,-0.14,-9.99,-3.21,0,--,0,16.61
5356,協益,27.1,27.15,27.1,-0.25,-0.91,117,56.36,18,0,0,18,0,0,0,0,0,0,0,0,0,0,0,25,42,-17,93,76,17,58.91,329.61,11.13,40.48,3356.06,0.28,11.11,0.65,7.38,21.64,5574,10.3
5364,力麗店,8.5,8.58,8.5,-0.36,-4.06,319,14.73,-30,0,0,-30,0,0,0,0,0,0,0,0,0,0,0,0,70,-70,320,250,70,--,5.74,-18.71,-77.69,280.56,-0.14,14.05,-1.2,0,13.49,1150,6.38
5371,中光電,70.8,71,71,-2.5,-3.4,3495,52.51,-188,380,4,196,1258,1061,197,0.06,104,0,1165,1014,47,0.33,0.3,492,576,-84,1793,1906,-113,118.33,3171.17,-3.4,16.79,40920.48,-0.3,15.62,-0.43,0.7,19.58,19138,39.1
5381,光譜,34,--,34,3.05,9.85,11911,70.03,608,0,1,609,5073,3051,2022,0.17,4685,4929,104,148,200,0.41,0.03,1201,1971,-770,5945,7198,-1253,51.52,249.32,99.04,11.32,2007.7,0.22,29.35,2.24,0,14.14,4583,20.78
5386,青雲,504,505,505,-6,-1.17,1678,47.85,246,0,-8,238,851,931,-80,-0.05,-218,38,633,618,271,0.38,0.51,362,340,22,535,477,58,9.99,2535.4,-22.25,405.26,15284.26,43.05,27.1,92.57,1.29,25.72,2283,3.61
5388,中磊,84.2,84.3,84.3,-5.3,-5.92,3998,43.58,-413,0,-201,-614,1449,2031,-582,-0.14,-742,0,1289,1836,195,0.32,0.5,719,644,75,1894,1386,508,21.4,6482.31,-5.51,69.96,64673.66,1.01,13.66,1.91,2.97,8.4,6391,30.43
5392,能率,42.6,42.65,42.6,-3,-6.58,5328,52.19,523,0,-40,483,3028,3181,-153,-0.03,-256,0,2925,2907,274,0.55,0.59,593,325,268,1738,1853,-115,--,788.43,5.4,2.01,8751.82,-0.3,14.72,-0.74,0.94,20.23,8929,17.66
5398,慕康生醫,17.3,17.5,17.4,-0.7,-3.87,63,29.31,-11,0,0,-11,0,0,0,0,0,0,0,0,0,0,0,0,0,0,63,63,0,52.73,11.53,23.91,-46.7,223.05,-0.22,0.47,-2.11,0,26.31,3253,4.95
5403,中菲,91.6,91.8,91.8,-0.3,-0.33,127,51.18,15,0,0,15,14,27,-13,-0.1,-27,0,0,0,27,0,0.2,10,6,4,109,100,9,12,282.54,5.54,-7.78,3303.34,1.42,36.91,4.1,7.08,0.49,95,7.82
5410,國眾,39.25,39.3,39.25,-0.8,-2,1044,42.61,84,0,-5,79,42,71,-29,-0.03,-71,0,0,41,30,0,0.07,132,162,-30,882,824,58,12.42,599.44,-22.98,122.27,4998.72,1.48,19.84,8.37,5.35,9.75,2250,9.23
5425,台半,--,90.9,90.9,-10.1,-10,3894,0,-36,0,-98,-134,2333,2997,-664,-0.16,-2997,0,0,0,2997,0,0.73,617,504,113,1158,607,551,42.48,1641.69,2.35,2.6,17885.63,0.7,31.29,2.78,2.2,27.15,17884,26.35
5426,振發,32.9,--,32.9,2.95,9.85,25530,60.5,95,0,128,223,7874,10323,-2449,-0.09,6182,7356,0,268,906,0.28,0.05,4423,3912,511,13831,11893,1938,84.36,144.91,-26.69,7.04,1825.08,0.28,21,1.73,0.91,10.02,3601,14.38
5432,新門,125.5,126.5,126,-9.5,-7.01,81,20.51,-20,0,0,-20,0,0,0,0,0,0,0,0,0,0,0,5,20,-15,79,64,15,52.28,20.73,128.9,-20.4,194.59,0.27,29.43,1.47,1.19,15.18,785,2.07
5434,崇越,437.5,438.5,437.5,-21,-4.58,759,40.79,11,14,-5,20,507,478,29,0.04,9,0,487,466,12,0.62,0.61,90,108,-18,191,202,-11,18.44,6542.06,-3.45,18.61,72342.66,6.86,13.58,6.73,3.09,1.18,570,19.39
5438,東友,19.25,19.6,19.45,-0.35,-1.77,74,42.86,-17,0,0,-17,0,0,0,0,0,0,0,0,0,0,0,0,0,0,76,76,0,194.5,67.66,13.85,-56.4,1075.97,-0.24,10.25,-0.61,3.86,4.74,1334,11.25
5439,高技,352.5,353,353,-11.5,-3.16,2093,46.55,105,0,-31,74,1313,1228,85,0.04,-316,0,912,749,479,0.42,0.57,315,309,6,534,626,-92,23.04,950.13,3.99,26.16,10954.08,3.51,20.33,7.95,2.04,28.67,6663,9.3
5443,均豪,107,107.5,107.5,-7.5,-6.52,3078,47.94,490,0,-200,290,1526,1666,-140,-0.04,-385,0,1281,1233,433,0.41,0.53,434,414,20,1193,1073,120,47.15,255.52,-39.48,-43.77,4750.46,0.19,38.34,0.79,2.05,15.38,6334,16.47
5450,南良,14.6,--,14.6,1.3,9.77,591,77.34,250,0,4,254,263,100,163,0.27,263,263,0,0,0,0.44,0,0,0,0,334,497,-163,76.84,246.98,4.26,9.12,2451.6,0.07,26.35,0.48,1.71,4.95,1514,12.24
5452,佶優,32.6,32.65,32.6,-3,-8.43,2820,37.67,-241,0,-124,-365,190,631,-441,-0.16,-441,0,190,471,160,0.07,0.22,246,489,-243,2410,1726,684,130.4,481.03,13.18,6.5,4687.4,0.01,12.02,-0.04,0.77,16.38,6092,14.88
5455,昇益,24.1,24.45,24.6,-0.4,-1.6,13,69.23,5,0,0,5,0,0,0,0,0,0,0,0,0,0,0,0,0,0,13,13,0,7.5,0.26,-96.17,-99.98,60.53,-0.15,36.46,-0.71,0,0.6,99,6.55
5457,宣德,30.5,30.55,30.55,-0.45,-1.45,698,48.04,-12,0,4,-8,0,0,0,0,0,0,0,0,0,0,0,61,43,18,643,661,-18,54.55,1961.58,3.75,-5.68,23966.95,-1,13.02,-0.4,4.91,9.4,4618,19.65
5460,同協,14.5,14.7,14.65,-0.4,-2.66,50,20.41,-11,0,0,-11,0,0,0,0,0,0,0,0,0,0,0,0,0,0,53,53,0,--,20.04,-27.04,-6.52,244.01,0.09,32.15,0.71,0,6.63,974,5.88
5464,霖宏,63.8,64,63.8,-3.8,-5.62,890,49.17,26,0,0,26,130,65,65,0.07,21,0,86,45,20,0.1,0.07,189,187,2,576,643,-67,--,102.05,-17.8,45.64,1090.63,0.16,4.36,0.96,0,30.84,5480,7.11
5465,富驊,26.15,26.3,26.25,-0.9,-3.31,147,34.81,16,0,0,16,0,0,0,0,0,0,0,0,0,0,0,0,0,0,149,149,0,25,299.42,3.57,-52.81,4623.34,0.39,14.54,2.27,4.57,6.3,1294,14.77
5468,凱鈺,17.05,17.4,17.45,-0.35,-1.97,27,30.43,0,0,0,0,0,0,0,0,0,0,0,0,0,0,0,0,0,0,28,28,0,--,11.7,-59.92,19.07,185.82,0.12,35.44,1.22,0,--,0,5.89
5469,瀚宇博,80.1,80.2,80.1,-3.9,-4.64,2989,49.58,-150,0,-57,-207,795,1065,-270,-0.09,-376,0,689,980,85,0.23,0.35,562,578,-16,1673,1388,285,13.98,5407.03,-3.33,6.05,62659.91,1.23,16.2,1.93,3.15,12.79,15545,48.62
5471,松翰,47.95,48,48,-3.2,-6.25,1921,48.2,236,0,-47,189,602,794,-192,-0.1,-651,0,143,385,409,0.07,0.41,359,91,268,971,1047,-76,49.48,301.14,-8.32,27.34,2954,0.48,42.56,2.27,1.67,13.92,5840,16.79
5474,聰泰,166,167,166.5,-9,-5.13,355,39.41,8,0,-3,5,79,105,-26,-0.07,-26,0,79,88,17,0.22,0.29,49,16,33,238,245,-7,32.97,104.64,28.34,-11.05,1456.21,0.6,40.31,1.23,2.4,14.96,1487,3.98
5475,德宏,255.5,257,255.5,-25,-8.91,1763,15.19,73,0,-7,66,935,1248,-313,-0.16,-947,0,301,442,806,0.16,0.66,388,294,94,574,355,219,1110.87,158.74,14.52,120.59,1114.8,0.24,28.32,3.38,0,--,0,12.71
5478,智冠,103.5,104,104,0,0,238,47.21,52,0,-3,49,22,26,-4,-0.02,-16,0,10,12,14,0.04,0.11,58,62,-4,164,156,8,12.24,561.54,-13.11,10.74,6883.81,2.39,56.05,4,7.21,0.94,366,15.61
5481,新華,19.2,19.3,19.2,0.5,2.67,400,25.63,20,0,0,20,100,167,-67,-0.17,100,100,0,0,0,0.25,0,67,0,67,236,236,0,--,7.34,7.01,-0.76,94.07,-0.1,46.87,-0.58,0,28.84,5148,7.14
5483,中美晶,141,141.5,141,-11.5,-7.54,13524,46.84,557,-2673,-320,-2436,9754,11496,-1742,-0.13,-8400,0,3096,3391,8105,0.22,0.83,1434,882,552,2604,1414,1190,20.03,6713.37,0.21,5.67,78522.39,1.83,23.24,2.2,2.48,7.42,11895,64.12
5484,慧友,53,53.3,53,-4.9,-8.46,1878,27.69,-416,0,-4,-420,212,626,-414,-0.22,-598,0,28,164,462,0.01,0.33,326,225,101,1379,1066,313,143.24,80.91,50.33,152.32,657.08,0.33,16.43,4.42,0,--,0,6.68
5487,通泰,26.75,27.1,26.8,-0.85,-3.07,2,0,0,0,0,0,0,0,0,0,0,0,0,0,0,0,0,0,0,0,2,2,0,--,13.44,-16.12,0.55,156.74,-0.06,34.95,-0.27,0,27.35,1656,2.42
5488,松普,12.55,12.6,12.55,-0.45,-3.46,733,49.33,107,0,0,107,0,0,0,0,0,0,0,0,0,0,0,50,43,7,687,694,-7,69.72,101.52,15.15,93.3,863.7,0.09,18.2,0.8,0.48,7.1,1625,9.16
5489,彩富,39.15,39.65,39.15,-1.3,-3.21,73,31.51,8,0,1,9,0,0,0,0,0,0,0,0,0,0,0,0,0,0,75,75,0,22.12,171.92,2.84,15.69,1772.02,0.29,31.03,1.23,3.83,3.26,837,10.27
5490,同亨,28.25,28.45,28.25,-0.9,-3.09,617,38.77,-76,0,-12,-88,0,0,0,0,0,0,0,0,0,0,0,0,85,-85,622,537,85,17.66,139.1,-0.5,23.94,1617.94,0.7,44.71,4.72,5.31,7.97,1917,9.62
5493,三聯,94.1,94.3,94.1,1,1.07,524,60.54,58,0,2,60,50,13,37,0.07,37,32,18,13,0,0.09,0.02,49,60,-11,432,458,-26,22.84,498.2,-14.49,11.39,5716.87,1.26,12.89,3.96,2.87,20.45,2234,4.37
5498,凱崴,57.6,57.8,57.6,-4.2,-6.8,2911,47.79,234,0,-1,233,506,670,-164,-0.06,-262,0,408,475,195,0.14,0.23,433,473,-40,2026,1822,204,480,171.05,5.96,54.64,1613.77,0,13.33,0.04,0.43,15.88,6996,19.35
5508,永信建,52.9,53,53,-2.9,-5.19,853,36.54,-171,0,19,-152,0,135,-135,-0.15,-135,0,0,95,40,0,0.15,144,136,8,734,607,127,20.54,258.45,13.74,116.37,2571.03,0.87,42.31,3.44,5.25,5.89,3200,21.74
5511,德昌,72.9,73.1,73.1,-0.6,-0.81,125,64.46,31,0,1,32,19,35,-16,-0.13,-16,0,19,35,0,0.15,0.28,20,0,20,88,92,-4,6.08,808.4,-8.04,4.49,11635.63,2.54,18.73,3.97,7.65,1.76,500,11.34
5512,力麒,7.83,7.84,7.84,-0.19,-2.37,1803,46.04,13,0,0,13,0,0,0,0,0,0,0,0,0,0,0,0,0,0,1816,1816,0,56,422.67,-50.28,-31.15,6785.43,0.05,25.2,0.8,1.28,2.44,4669,76.63
5514,三豐,13.15,13.9,13.9,0.15,1.09,26,40,-1,0,-1,-2,0,0,0,0,0,0,0,0,0,0,0,0,0,0,26,26,0,57.92,3.24,52.83,545.42,675.23,0.32,18.42,2.29,0,0.07,43,23.61
5515,建國,40.7,40.75,40.7,-0.45,-1.09,452,44.37,104,-5,-12,87,0,0,0,0,0,0,0,0,0,0,0,106,89,17,353,370,-17,6.82,631.97,-33.23,7.59,7703.73,1.96,19.41,7.2,8.11,3.55,1788,20.16
5516,雙喜,10.35,10.5,10.55,-0.25,-2.31,27,18.18,0,0,0,0,0,0,0,0,0,0,0,0,0,0,0,0,0,0,27,27,0,7.99,260.37,118.7,93.67,2463.73,0.55,10.47,6.23,0,--,92,5.15
5519,隆大,32.15,32.2,32.15,-0.55,-1.68,523,43.65,-6,0,-2,-8,37,0,37,0.07,37,0,37,0,0,0.07,0,67,113,-46,426,417,9,6.44,117.53,-56.6,-23.13,5345.74,0.58,32.78,2.16,11.82,1.53,840,21.92
5520,力泰,80.7,81.3,81.4,0,0,1,100,0,0,0,0,0,0,0,0,0,0,0,0,0,0,0,0,0,0,1,1,0,8.09,369.11,17.13,0.8,4113.76,2.48,24.82,4.78,8.6,0.05,7,6
5521,工信,10.15,10.2,10.2,0.05,0.49,6304,51.09,332,0,-90,242,1565,1719,-154,-0.02,-154,345,1220,1519,200,0.25,0.27,1310,1474,-164,3470,3152,318,15.45,874.24,-33.82,-6.63,9435.62,0.13,5.28,1.12,1.47,12.15,14947,49.23
5522,遠雄,74.1,74.2,74.2,-1.9,-2.5,755,34.05,4,0,20,24,146,147,-1,0,-1,0,146,147,0,0.19,0.19,221,223,-2,398,396,2,7.84,229.1,-53.29,743.31,36387.93,1.76,36.85,2.81,7.41,0.44,863,78.16
5523,豐謙,30.45,30.5,30.45,0,0,11,60,-4,0,0,-4,0,0,0,0,0,0,0,0,0,0,0,0,0,0,11,11,0,--,0.37,0,0.27,5.25,-0.04,88.3,-0.22,1.64,0.01,3,15.5
5525,順天,21.95,22,21.95,-0.85,-3.73,105,30.48,-37,0,-2,-39,0,0,0,0,0,0,0,0,0,0,0,0,0,0,106,106,0,9.07,597.48,-31.03,1375.8,4426.04,1,32.74,5.33,5.47,0.43,343,31.81
5529,鉅陞,22.6,22.65,22.65,-0.05,-0.22,163,55.21,-10,0,0,-10,86,45,41,0.25,0,0,0,0,0,0,0,0,0,0,78,119,-41,8,176.24,4414.27,3460.34,1441.58,0.67,35.79,4.51,1.72,10.39,1537,10.58
5530,龍巖,49.6,49.65,49.6,-2,-3.88,9082,34.85,-1621,0,0,-1621,2186,2892,-706,-0.08,-874,434,980,1710,578,0.16,0.25,1715,1828,-113,5222,4403,819,17.84,393.18,-8.73,26.13,4033.48,0.95,62.02,1.4,0,3.3,3292,42.01
5531,鄉林,7.82,7.83,7.83,-0.22,-2.73,322,31.99,29,0,7,36,0,0,0,0,0,0,0,0,0,0,0,0,0,0,324,324,0,156.6,44.63,9.88,-21.35,1078.25,0.07,6.51,0.07,0,1.14,2794,97.76
5533,皇鼎,13.7,13.75,13.75,-0.25,-1.79,339,34.62,1,0,0,1,0,0,0,0,0,0,0,0,0,0,0,0,105,-105,340,235,105,22.92,99.27,-51.14,-27.59,1122.9,0.16,28.63,0.47,4.36,1.25,890,28.52
5534,長虹,76.8,76.9,76.8,-0.6,-0.78,2248,46.15,292,0,12,304,868,777,91,0.04,471,581,262,347,25,0.37,0.16,355,379,-24,1061,1128,-67,15.67,214.89,-35.55,13.56,8268.02,0.19,25.17,0.26,7.16,5.36,4227,31.53
5536,聖暉*,1050,1055,1050,-80,-7.08,1527,42.24,28,55,-36,47,1555,1548,7,0,-540,0,1009,996,553,0.63,0.97,5,14,-9,34,32,2,29.17,4088.05,-21.27,15.17,45067.55,12.76,25.38,9.41,1.9,2.61,810,6.2
5538,東明-KY,34.1,34.35,34.1,-1.05,-2.99,43,32.56,-24,0,1,-23,0,0,0,0,0,0,0,0,0,0,0,0,0,0,43,43,0,9.88,1171.74,-9.09,22.37,13151.58,1.12,16.49,2.95,4.4,0.03,13,20.12
5543,桓鼎-KY,28.3,29.55,29.55,-0.45,-1.5,53,45.1,3,0,0,3,0,0,0,0,0,0,0,0,0,0,0,0,18,-18,53,35,18,--,267.62,-2.4,4.03,3247.45,-0.75,14.14,2.07,0,--,0,4.67
5546,永固-KY,15.4,15.8,15.4,-1.7,-9.94,227,32.16,-7,0,8,1,0,0,0,0,0,0,0,0,0,0,0,0,47,-47,228,181,47,--,108.84,45.18,-57.85,1467.17,-0.28,-1.29,-1.42,6.49,0.14,28,8.24
5547,久舜,21.85,21.95,21.85,-0.25,-1.13,94,9.68,-2,0,0,-2,53,55,-2,-0.02,-55,0,0,0,55,0,0.59,0,0,0,41,39,2,8.95,217.07,-21.1,19.33,--,0.37,11.54,2.17,8.88,--,0,4.53
5548,安倉,23.3,23.35,23.3,-0.05,-0.21,29,48.28,4,0,0,4,0,0,0,0,0,0,0,0,0,0,0,0,0,0,30,30,0,11.42,189.35,-21.45,8.98,2586.14,0.42,9.51,2.14,8.15,0.44,64,5.78
5601,台聯櫃,31,32.3,--,--,--,0,--,0,0,0,0,0,0,0,--,0,0,0,0,0,--,--,0,0,0,0,0,0,76.31,7.91,4.17,0.64,93.76,0.1,60.1,0.46,1.19,0.01,1,6.48
5603,陸海,15.35,15.4,15.35,0.05,0.33,428,52.61,-59,0,0,-59,0,0,0,0,0,0,0,0,0,0,0,112,0,112,324,436,-112,47.97,104.43,-15.67,-14.31,1348.13,0.07,14.62,0.44,3.26,18.27,4789,10.49
5604,中連,30.7,30.8,30.75,-0.7,-2.23,30,55.56,0,0,0,0,0,0,0,0,0,0,0,0,0,0,0,0,0,0,31,31,0,32.37,13.7,1.2,4.14,161.45,0.32,82.9,1.72,6.5,0.04,10,10.88
5607,遠雄港,52.4,52.5,52.4,-0.9,-1.69,899,41.78,266,0,11,277,95,179,-84,-0.09,-84,0,95,179,0,0.1,0.2,270,187,83,543,542,1,16.12,434.94,0.3,35.13,4575.3,0.98,51.33,3.23,3.44,1.64,1518,37.06
5608,四維航,14.65,14.7,14.65,-0.4,-2.66,1384,45.51,231,0,-40,191,0,100,-100,-0.07,-100,0,0,100,0,0,0.07,348,191,157,1048,1105,-57,63.7,294.43,11.16,13.88,3202.05,-0.11,11.52,-0.69,0,5.08,4939,38.93
5609,中菲行,81.8,82,82,-0.1,-0.12,523,50.5,-29,0,13,-16,37,45,-8,-0.02,-8,0,37,28,17,0.07,0.09,198,146,52,293,337,-44,10.37,3240.06,14.08,39.02,30578.88,1.66,13.64,3.64,6.83,0.42,149,14.29
5701,劍湖山,6.11,6.13,6.13,-0.3,-4.67,2056,46.62,17,0,0,17,0,208,-208,-0.1,-208,0,0,0,208,0,0.1,0,100,-100,2084,1776,308,--,38.9,-7.63,-12.72,523.05,-0.17,47.43,-4.73,0,--,0,14.3
5703,亞都,13.25,14.35,--,--,--,0,--,0,0,0,0,0,0,0,--,0,0,0,0,0,--,--,0,0,0,0,0,0,22.23,35.87,-20.02,7.72,470.41,0.27,48.92,3.56,0,--,0,7.02
5704,老爺知,20.95,21.25,21,-0.15,-0.71,14,7.69,-4,0,0,-4,0,0,0,0,0,0,0,0,0,0,0,0,0,0,15,15,0,43.75,0.91,7.57,-95.75,331.94,0.28,49.09,1.9,0,0.97,143,5.89
5706,鳳凰,52.3,52.4,52.4,-0.8,-1.5,416,50,116,0,2,118,0,25,-25,-0.06,-25,0,0,0,25,0,0.06,94,61,33,330,338,-8,14.93,279.5,36.16,-20.47,3058.9,0.62,14.96,2.79,8.59,4.23,897,8.49
5864,致和證,--,48.25,48.25,-5.35,-9.98,7044,5.94,-1390,0,0,-1390,3862,6153,-2291,-0.32,-5797,0,356,548,5605,0.05,0.87,1330,284,1046,1919,674,1245,6.84,1410.98,-23.44,350.2,6582.4,3.4,98.93,17.27,3.32,9.92,11274,45.45
5871,中租-KY,115.5,116,115.5,-2.5,-2.12,18879,69.35,-7218,8347,-153,976,17068,16617,451,0.02,-3706,73,12813,11895,4697,0.68,0.87,547,713,-166,1404,1690,-286,9.95,7950.14,-5.52,-3.87,96539.36,3.26,66.62,2.95,5.19,1.19,5095,171.14
5876,上海商銀,40.15,40.2,40.15,-0.6,-1.47,9155,40.43,-471,-201,11,-661,7231,7030,201,0.02,-6000,0,1030,695,6335,0.11,0.77,601,849,-248,1348,1301,47,12.79,4250.51,0.81,5.28,53548.21,1.05,--,2.35,4.73,0.09,1128,486.16
5878,台名,39.15,39.5,39.6,0.1,0.25,9,33.33,0,0,0,0,0,0,0,0,0,0,0,0,0,0,0,0,0,0,10,10,0,13.42,94.79,28.55,-3.86,881.4,0.43,17.14,2.11,6.06,--,0,2.5
5880,合庫金,23.05,23.1,23.05,-0.4,-1.71,28207,51.87,-3723,280,230,-3213,21535,22053,-518,-0.02,-3159,0,18894,18437,3616,0.67,0.78,2006,2118,-112,4843,4213,630,16.46,6093.83,14,65.45,73191.52,0.36,--,2,4.56,0.06,2433,1568.09
5902,德記,35.2,35.4,35.3,-0.15,-0.42,24,33.33,-1,0,0,-1,0,0,0,0,0,0,0,0,0,0,0,0,0,0,24,24,0,16.34,174.06,-6.49,-17.51,2178.81,0.46,24.32,3.29,4.67,26.74,6318,9.45
5903,全家,188.5,189,188.5,-0.5,-0.26,27,22.22,-6,0,0,-6,0,0,0,0,0,0,0,0,0,0,0,18,15,3,13,16,-3,27.08,9576.33,0.08,9.06,113311.59,1.23,34.69,2.82,3.45,0.03,15,22.32
5904,寶雅,582,584,582,5,0.87,686,49.41,260,-3,21,278,613,562,51,0.07,548,553,48,35,18,0.83,0.07,96,132,-36,11,26,-15,18.51,2247.88,-2.53,16.68,26439.89,9.3,45.13,13.66,4.38,0.82,218,10.64
5905,南仁湖,8.06,8.08,8.07,-0.27,-3.24,912,39.87,84,0,0,84,0,0,0,0,0,0,0,0,0,0,0,84,189,-105,835,730,105,--,628.69,46.09,686.38,2022.48,-0.09,36.05,-0.94,0,--,2611,28.16
5906,台南-KY,45.1,46.5,--,--,--,0,--,0,0,0,0,0,0,0,--,0,0,0,0,0,--,--,0,0,0,0,0,0,66.74,136.77,37,12.68,1648.69,0.11,55.89,0.4,1.46,2.74,245,3.57
5907,大洋-KY,5.12,5.15,5.14,-0.06,-1.15,113,38.38,-14,0,0,-14,0,0,0,0,0,0,0,0,0,0,0,0,0,0,117,117,0,--,248.16,10.63,11.28,2665.9,-1.01,84.64,-5.19,0,10.75,5255,19.55
6005,群益證,--,40.55,40.55,-4.5,-9.99,32025,17.07,-10669,-1993,0,-12662,19784,26561,-6777,-0.21,-23541,0,3020,5205,21356,0.09,0.82,3876,1906,1970,8651,3844,4807,11.33,4647.82,145.33,301.6,25849.39,1.34,75.56,6.02,4.22,1.61,8714,217.09
6015,宏遠證,--,20.35,20.35,-2.25,-9.96,5945,18.18,-1600,0,0,-1600,1911,3671,-1760,-0.29,-3123,0,548,704,2967,0.09,0.61,927,810,117,3136,1493,1643,10.77,479.77,-12.43,342.85,3092.7,0.89,93.88,6.2,2.7,7.98,7843,39.99
6016,康和證,--,32.4,32.4,-3.6,-10,4978,0,-110,0,0,-110,1917,4311,-2394,-0.47,-4311,0,0,0,4311,0,0.85,1093,263,830,2050,485,1565,7.68,1299.82,-52.8,231.12,10181.14,1.65,89.99,9.55,4.35,7.27,12483,68.66
6020,大展證,22.75,22.8,22.8,-2.3,-9.16,339,50.78,30,0,0,30,0,50,-50,-0.15,-50,0,0,0,50,0,0.15,35,0,35,306,291,15,21.71,433.25,2391.11,2338.32,911.41,0.49,92.32,2.52,1.18,0.53,335,25.24
6021,美好證,39.95,40,39.95,-4.35,-9.82,1612,26.02,-593,0,0,-593,595,818,-223,-0.14,-665,44,69,45,733,0.07,0.48,224,200,24,803,604,199,6.97,1136.39,329.38,5212.46,4031.28,0.83,84.54,2.64,5.01,1.31,1024,31.22
6023,元大期,98,98.3,98.3,-1.4,-1.4,501,33.27,-164,0,0,-164,0,92,-92,-0.18,-92,0,0,92,0,0,0.18,95,164,-69,417,256,161,11.48,328.32,-37.22,-15.84,3911.6,2.19,36.6,3.53,5.6,0.27,218,32
6024,群益期,60.5,60.6,60.6,0.2,0.33,1044,62.28,290,0,0,290,228,61,167,0.16,189,175,53,39,0,0.22,0.04,366,223,143,466,776,-310,10.15,-244.63,-255.53,-200.51,2150.27,1.76,41.08,4.11,5.73,0.28,176,24.99
6026,福邦證,17.45,17.5,17.5,-1.65,-8.62,6762,36.98,-2522,0,0,-2522,1343,3308,-1965,-0.29,-3056,0,252,346,2962,0.04,0.49,1120,1031,89,4327,2451,1876,10.29,276.97,2217.74,461.7,1579.33,0.07,89.16,0.47,7.77,3.24,3207,39.62
6028,公勝保經,78.8,79.5,79,-0.8,-1,25,26.09,0,0,0,0,0,15,-15,-0.58,-15,0,0,15,0,0,0.58,11,0,11,15,11,4,12.34,532.11,-12.05,46.37,--,2.48,12.26,7.61,7.59,--,0,2.5
6101,寬魚國際,40.1,40.35,40.35,-0.75,-1.82,140,46.67,-3,0,-5,-8,0,0,0,0,0,0,0,0,0,0,0,0,23,-23,142,119,23,58.48,216.77,160.09,224.28,1603.75,0.91,20.12,8.67,0,52.19,7570,11.53
6103,合邦,35.5,38.25,35.3,-3.9,-9.95,2,0,0,0,0,0,0,0,0,0,0,0,0,0,0,0,0,0,0,0,2,2,0,--,5.74,0.99,22.19,92.3,-0.19,11.5,-1.72,0,0.55,14,1.36
6104,創惟,99,99.2,99,-4,-3.88,2686,39.26,-588,0,-23,-611,515,1096,-581,-0.21,-843,0,253,150,946,0.09,0.4,617,409,208,1591,1218,373,21.62,363.12,0.16,1.66,4033.18,1.34,44.52,5.66,4.55,26.28,5987,9.11
6108,競國,18.85,18.9,18.9,-0.7,-3.57,1823,53.75,165,0,-5,160,432,310,122,0.07,57,0,367,310,0,0.2,0.17,254,490,-236,1141,1027,114,--,524.78,56.76,41.87,4374.28,-1.08,-5.79,-5.16,5.29,3.42,1319,15.45
6109,亞元,11.25,11.3,11.3,-0.2,-1.74,170,48.21,-4,0,0,-4,0,0,0,0,0,0,0,0,0,0,0,0,0,0,171,171,0,--,76.6,9.13,18.61,837.41,-0.24,23.1,-2.73,0,--,42,8.78
6111,光聚晶電,44,44.05,44,0,0,399,65,-7,0,-7,-14,80,29,51,0.13,80,80,0,0,0,0.2,0,33,0,33,290,374,-84,--,1078.43,7.68,149.45,10026.26,-0.19,26.38,-0.07,0,9.08,2476,10.85
6112,邁達特,51.1,51.2,51.2,1.2,2.4,6030,53.11,-227,0,39,-188,579,747,-168,-0.03,37,371,139,244,229,0.08,0.08,930,926,4,4574,4409,165,19.62,2237.16,2.01,13.84,23869.27,0.17,13.87,0.8,3.22,12.74,3896,18.84
6113,亞矽,24.6,24.8,24.6,-1.6,-6.11,294,44.33,30,0,0,30,0,0,0,0,0,0,0,0,0,0,0,0,0,0,300,300,0,--,78.01,-18.61,24.16,710.58,0.2,15.45,1.91,0,6.92,909,5.25
6114,久威,28.75,29.05,28.9,-1.5,-4.93,62,38.89,8,0,0,8,0,0,0,0,0,0,0,0,0,0,0,0,0,0,62,62,0,68.81,82.88,19.71,-12.72,805.48,0.97,16.53,2.65,1.73,10.55,1158,4.39
6115,鎰勝,48.7,48.85,48.7,-0.7,-1.42,430,41.56,78,0,6,84,100,100,0,0,0,0,100,100,0,0.23,0.23,28,41,-13,305,292,13,17.15,728.18,-1.41,24.74,7823.34,0.71,14.63,2.41,5.75,0.39,182,18.77
6116,彩晶,--,16.65,16.65,-1.8,-9.76,8425,0,1750,0,-423,1327,3900,5222,-1322,-0.15,-5222,0,0,0,5222,0,0.61,861,697,164,3861,2702,1159,--,1034.59,-6.17,2.84,11581.25,-0.06,-0.89,-0.54,0,4.23,30202,285.87
6117,迎廣,79.5,79.7,79.7,-3.3,-3.98,948,45.17,82,0,-31,51,96,188,-92,-0.1,-92,0,96,135,53,0.1,0.2,122,224,-102,741,548,193,17.33,304.72,-15.3,6.25,3387.74,1.33,37.56,5.36,2.51,12.31,2849,9.26
6118,建達,17,17.05,17,-0.9,-5.03,545,36.01,-70,0,0,-70,0,0,0,0,0,0,0,0,0,0,0,32,0,32,515,547,-32,51.52,732.01,-12.12,-18.35,10159.49,-0.04,4.8,-0.29,0,11.35,2578,9.09
6120,達運,14.3,14.35,14.35,-0.95,-6.21,3868,42.09,294,28,-240,82,590,807,-217,-0.06,-217,0,590,597,210,0.15,0.21,803,945,-142,2493,2134,359,--,1319.69,-1.5,-10.23,16296.33,-0.15,3.57,-1.03,1.74,5.31,7956,59.9
6121,新普,406,408,406,-16.5,-3.91,1460,32.75,762,-508,1,255,1082,1119,-37,-0.02,-208,0,911,903,216,0.61,0.75,147,126,21,271,255,16,13.67,6956,0.68,4.05,82803.76,6.83,17.95,3.64,5.37,1.07,493,18.5
6122,擎邦,47.6,47.7,47.7,-0.9,-1.85,332,43.41,-5,0,0,-5,22,0,22,0.07,22,0,22,0,0,0.07,0,32,64,-32,281,271,10,10.37,287.38,-17.67,-15.34,4059.48,1.03,15.03,4.38,7.13,5.6,1093,7.81
6123,上奇,45.6,45.7,45.6,-1.1,-2.36,119,45.22,6,0,-1,5,0,0,0,0,0,0,0,0,0,0,0,0,29,-29,122,93,29,16.29,361.55,-5.25,-5.97,4899.04,0.7,13.38,3.09,7.89,1.97,306,6.21
6124,業強,32.6,32.8,32.65,-0.85,-2.54,212,37.76,11,0,-1,10,0,0,0,0,0,0,0,0,0,0,0,0,0,0,215,215,0,--,197.91,-1.16,-5.46,1890.96,0.17,14.49,1.03,0,1.14,520,18.25
6125,廣運,63,63.1,63.1,-1.7,-2.62,2779,47.52,279,0,-91,188,520,863,-343,-0.12,-373,0,490,442,421,0.18,0.31,606,554,52,1698,1407,291,450.71,341.27,5.63,56.78,3648.3,0.16,25.09,-0.49,0.79,13.07,8461,25.9
6126,信音,38.3,38.4,38.3,-4.2,-9.88,5546,32.38,-644,0,-150,-794,1190,2187,-997,-0.18,-1424,0,763,990,1197,0.14,0.39,1018,805,213,3378,2594,784,47.28,540.65,6.03,56.38,4682.48,0.35,20.74,1.57,1.57,12.13,3934,12.98
6127,九豪,76.1,76.2,76.2,0.6,0.79,52087,49.61,1645,0,4,1649,22121,23344,-1223,-0.02,14999,17855,3042,4168,1730,0.4,0.11,7084,7997,-913,23117,20981,2136,--,88.38,0.98,6.12,974.06,-0.51,5.99,-4.66,0,27.85,7524,10.81
6128,上福,20.55,20.8,20.7,-0.1,-0.48,94,18.28,-40,0,2,-38,0,0,0,0,0,0,0,0,0,0,0,0,0,0,95,95,0,--,422.68,-13.03,-13.28,5171.67,0.28,39.92,1.3,2.42,0.63,201,12.76
6129,普誠,15.4,15.45,15.45,-0.95,-5.79,982,37.97,-162,0,-6,-168,0,120,-120,-0.12,-120,0,0,0,120,0,0.12,35,93,-58,954,776,178,--,118.94,-11.8,26.97,1297.25,-0.17,33.71,-1.72,0,--,73,18.09
6130,上亞科技,21.8,21.95,21.8,-0.3,-1.36,151,29.14,19,0,0,19,0,0,0,0,0,0,0,0,0,0,0,0,0,0,152,152,0,--,17.09,15.74,35.69,157.63,-0.31,34.85,-2.58,0,44.26,3873,4.63
6133,金橋,23,23.1,23,-1.15,-4.76,1711,48.85,317,0,0,317,110,177,-67,-0.04,-67,0,110,177,0,0.07,0.1,287,120,167,1319,1419,-100,31.51,126.57,7.36,1.24,1438.72,0.13,23.97,0.93,4.35,10.36,3029,11.7
6134,萬旭,34.15,34.2,34.15,-1.2,-3.39,1759,38.44,-192,0,18,-174,100,371,-271,-0.15,-331,0,40,32,339,0.02,0.21,244,148,96,1424,1249,175,92.3,222.86,3.39,63.51,2253.76,0.15,21.45,1.27,0.59,23.18,4455,8.19
6136,富爾特,25.35,25.4,25.35,-0.5,-1.93,347,56.17,-10,0,6,-4,0,0,0,0,0,0,0,0,0,0,0,65,0,65,287,352,-65,30.18,50.37,-20.65,26.78,685.45,-0.03,30.09,-0.2,4.58,9.74,2813,11.55
6138,茂達,300.5,301,301,-22.5,-6.96,637,46.35,2,0,-11,-9,256,303,-47,-0.07,-115,0,188,211,92,0.28,0.45,157,142,15,258,226,32,22.08,686.2,0.51,15.42,7861.52,3.68,38.39,7.47,3.65,7.51,1420,7.56
6139,亞翔,--,728,728,-80,-9.9,4342,13.17,-2133,129,-279,-2283,3931,4230,-299,-0.07,-3531,0,699,989,3241,0.15,0.93,484,295,189,163,53,110,20.21,8535.66,2.32,70.59,88463.47,9.45,18.73,10.53,3.16,12.06,7104,23.56
6140,訊達,23.95,25,24,0.8,3.45,928,47.4,80,0,1,81,80,60,20,0.02,80,80,0,0,0,0.08,0,51,87,-36,812,796,16,--,145.78,-11.67,-37.71,2135.79,0.37,9.73,3.91,0,--,1232,5.49
6141,柏承,35.5,35.75,35.5,-3,-7.79,1498,32.13,8,0,0,8,196,427,-231,-0.15,-311,0,116,128,299,0.08,0.28,233,143,90,1089,948,141,--,195.71,0.17,19.58,1839.29,-0.58,6.96,-15.82,0,--,50,11.34
6142,友勁,8.39,8.42,8.4,-0.31,-3.56,387,41.14,-60,0,1,-59,0,0,0,0,0,0,0,0,0,0,0,0,0,0,391,391,0,--,137.17,-7.09,-22.98,1774.91,-0.18,6.48,-2.06,0,--,0,33.08
6143,振曜,91.9,92,92,-3.8,-3.97,926,46.14,-90,0,-6,-96,100,166,-66,-0.07,-121,0,45,0,166,0.05,0.18,152,257,-105,696,525,171,13.73,688.87,-5.75,-6.76,8967.51,1.41,21.74,4.09,6.52,23.68,5094,8.61
6144,得利影,14,14.4,14.5,-0.1,-0.68,2,100,0,0,0,0,0,0,0,0,0,0,0,0,0,0,0,0,0,0,2,2,0,--,13.2,0.16,-3.45,166.2,-0.22,39.91,-2.74,0,--,0,3.83
6146,耕興,214,215,214,-6.5,-2.95,660,23.64,-155,-1,-4,-160,383,440,-57,-0.08,-67,0,373,412,28,0.55,0.65,50,69,-19,242,166,76,19.65,415.12,1.22,13.69,4651.52,2.97,46.58,4.87,5.61,3.04,774,10.19
6147,頎邦,--,243,243,-27,-10,12705,0,4876,37,20,4933,12420,12756,-336,-0.03,-12756,0,0,27,12729,0,0.96,525,234,291,324,279,45,71.05,2185.38,7.41,24.15,22492.31,0.59,23.46,0.93,1.15,26.85,49979,74.46
6148,驊宏資,38.5,--,38.5,3.5,10,7530,74,221,0,1,222,3303,2512,791,0.11,3244,3196,48,0,0,0.43,0,694,506,188,3550,4529,-979,30.56,35.55,-41.4,-66.45,782.27,0.07,25.6,0.59,3.19,27.03,3149,4.66
6150,撼訊,63.9,64,63.9,-3.9,-5.75,543,45.42,74,0,-9,65,0,41,-41,-0.07,-41,0,0,16,25,0,0.07,58,95,-37,494,416,78,15.82,235.23,-44.85,-68.97,6937.13,1.54,13.83,4.5,0.94,23.72,2867,4.83
6151,晉倫,42.8,43,42.8,-1.9,-4.25,798,54.53,241,0,-51,190,38,34,4,0,-34,0,0,0,34,0,0.04,116,109,7,648,659,-11,27.61,171.57,-15.72,12.2,1775.68,0.72,24.78,4.07,3.5,16.08,2221,5.53
6152,百一,15.2,15.3,15.2,-0.6,-3.8,1657,39.63,-582,0,9,-573,0,80,-80,-0.05,-80,0,0,80,0,0,0.05,269,394,-125,1393,1188,205,--,185.45,-26.96,78.63,1744.38,-0.22,20.48,-2.94,0,--,0,16.77
6153,嘉聯益,20.35,--,20.35,1.85,10,23049,84.95,3910,0,19,3929,13671,9974,3697,0.16,13468,13432,239,121,82,0.59,0.01,2214,3179,-965,7241,9972,-2731,--,542.16,19.98,9.58,5320.55,-0.56,-8.7,-4.03,0,6.99,9561,63.62
6154,順發,13.6,13.75,13.75,-0.15,-1.08,75,27.69,-1,0,0,-1,0,0,0,0,0,0,0,0,0,0,0,0,0,0,79,79,0,16.57,300.73,-13.59,0.08,3983.23,0.48,19.39,2.98,3.71,1.83,366,8.01
6155,鈞寶,77.3,77.5,77.3,-2,-2.52,63778,50.84,1388,0,-88,1300,28200,31343,-3143,-0.05,22711,22663,5192,4862,282,0.44,0.08,10507,10293,214,25272,22344,2928,154.6,67.09,3.68,15.38,648.74,0.18,26.78,0.99,1.03,22.06,4855,8.8
6156,松上,18.6,18.65,18.65,-0.7,-3.62,695,43.36,-67,0,0,-67,0,0,0,0,0,0,0,0,0,0,0,0,63,-63,698,635,63,--,505.44,1.78,14.94,5017.62,-0.09,15.76,0.48,1.07,22.2,5099,10.79
6158,禾昌,17.95,18,18,-0.15,-0.83,164,35.4,-42,0,0,-42,0,0,0,0,0,0,0,0,0,0,0,30,30,0,135,135,0,--,148.19,-6.85,-2.94,1770.34,-1.11,8.86,-5.38,0,8.11,1129,5.57
6160,欣技,16.75,16.95,16.9,-0.85,-4.79,134,54.05,-7,0,0,-7,0,0,0,0,0,0,0,0,0,0,0,0,0,0,134,134,0,--,101.93,-10.75,7.24,1193.04,-0.29,34.9,-3.15,0,--,600,6.85
6161,捷波,50.9,51,51,-2.8,-5.2,426,47.84,95,0,0,95,0,25,-25,-0.06,-25,0,0,0,25,0,0.06,42,43,-1,389,363,26,17.11,133.44,-5.52,18.39,1476.17,0.83,35.98,3.52,4.31,6.31,887,5.62
6163,華電網,50.9,51,51,-2.7,-5.03,2045,47.47,388,0,-15,373,443,330,113,0.05,-87,0,243,197,133,0.12,0.16,439,306,133,1185,1432,-247,91.07,334.25,-55,-18.59,6607,0.02,15.75,0.03,1.14,63.07,23404,14.88
6164,華興,12.5,12.55,12.5,-0.6,-4.58,740,43.21,-76,0,0,-76,0,0,0,0,0,0,0,0,0,0,0,0,0,0,746,746,0,625,57.97,-33.13,-25.9,692.68,0.05,30.28,0.43,0,21.59,4319,8
6165,浪凡,48.35,48.4,48.35,-1,-2.03,470,38.53,-151,0,0,-151,0,34,-34,-0.07,-34,0,0,34,0,0,0.07,20,38,-18,455,403,52,12.27,277.77,5.31,8.72,3306.85,1.09,29.91,5.59,10.34,45.38,8821,7.78
6166,凌華,125,125.5,125,-8,-6.02,2308,40.7,619,0,-13,606,1392,1343,49,0.02,-196,0,1147,1012,331,0.49,0.57,241,255,-14,708,743,-35,34.63,1440.43,-4.66,79.46,13792.5,1.57,37.55,5.95,0.96,7.63,3871,21.78
6167,久正,11.65,11.7,11.7,-0.3,-2.5,623,45.17,-95,0,0,-95,154,139,15,0.02,15,0,154,139,0,0.25,0.22,0,0,0,473,488,-15,--,82.76,-25.86,-24.31,1248.74,-0.06,6.74,-0.5,0,9.9,3613,14.6
6168,宏齊,24.3,24.35,24.3,-1.75,-6.72,2331,44.33,-98,0,-3,-101,0,201,-201,-0.09,-201,0,0,101,100,0,0.09,337,436,-99,2007,1707,300,347.14,192.68,10.36,10.1,2123,0.02,23.72,0.22,0,9.46,4864,20.58
6169,昱泉,14,14.25,14.05,-0.35,-2.43,31,59.26,-1,0,0,-1,0,0,0,0,0,0,0,0,0,0,0,0,0,0,31,31,0,--,0.03,-57.69,-98.99,14.06,-0.68,-548.37,-6.97,0,--,121,2.34
6170,統振,52.8,52.9,52.9,-0.3,-0.56,466,44.29,120,0,0,120,21,50,-29,-0.06,-29,0,21,50,0,0.04,0.11,71,83,-12,377,336,41,11.53,250.88,-2.46,-4.18,3178.19,1.09,31.12,5.31,7.56,11.11,2423,9.73
6171,大城地產,23.5,23.6,23.3,-0.95,-3.92,27,3.7,-1,0,0,-1,0,0,0,0,0,0,0,0,0,0,0,0,0,0,28,28,0,6.02,17.69,-74.7,53503,1283.11,0.08,49.23,0.32,8.58,1.16,290,10
6173,信昌電,209,209.5,209.5,-14,-6.26,688,38.38,100,0,4,104,339,363,-24,-0.03,-211,0,152,157,206,0.21,0.5,114,132,-18,307,265,42,56.17,458.47,9.39,25.63,4292.37,1.19,28.35,2.28,0.86,18.91,8093,17.12
6174,安碁,44.5,44.8,44.5,0.8,1.83,2553,51.47,291,0,6,297,0,188,-188,-0.07,-188,0,0,0,188,0,0.07,284,149,135,2288,2235,53,61.81,64.2,-7.07,24.83,661.73,0.33,34.22,2.5,0.76,10.78,1347,5
6175,立敦,100,100.5,100.5,3.9,4.04,25641,49.87,-3222,0,36,-3186,10037,11714,-1677,-0.07,6434,7297,2471,2821,513,0.38,0.13,3524,3635,-111,12218,10429,1789,37.5,472.6,3.14,25.03,4370.68,0.74,22.07,2.84,1.49,19.04,7144,15.01
6176,瑞儀,94.1,94.2,94.1,-6.9,-6.83,13579,29.11,1646,-5414,-62,-3830,8013,11354,-3341,-0.24,-3917,0,7437,9785,1569,0.54,0.83,1443,720,723,4282,1664,2618,10.01,3678.89,-0.73,-11.74,47966.77,2.29,22.39,2.92,3.72,4.98,5786,46.5
6177,達麗,44.65,44.7,44.65,-0.8,-1.76,1775,50.26,664,0,21,685,414,491,-77,-0.04,-77,0,414,491,0,0.23,0.27,470,372,98,907,928,-21,5.97,529.48,3.76,264.83,14172.14,3.53,50.06,13.8,6.72,2.64,3116,47.19
6179,亞通,22.8,22.85,22.8,-0.95,-4,1984,45.91,-175,0,44,-131,0,144,-144,-0.07,-144,0,0,144,0,0,0.07,273,277,-4,1729,1581,148,120,545.14,-17.5,69.36,4884.34,0.27,8.75,0.94,2.19,44.8,18461,17.73
6180,橘子,43.9,43.95,43.9,0.2,0.46,958,49.04,-102,0,20,-82,28,0,28,0.03,28,28,0,0,0,0.03,0,20,20,0,928,956,-28,--,659,2.11,-15.72,8483.72,0.63,30.88,2.56,2.28,4.21,1846,17.55
6182,合晶,79.8,80,80,-5.5,-6.43,13300,32.47,909,0,-489,420,11161,10376,785,0.07,-2459,0,7917,6835,3541,0.68,0.89,793,1188,-395,1584,1973,-389,2000,889.19,2.79,11.94,10085.86,0,19.03,0.08,0,33.52,48070,59.36
6183,關貿,89.1,89.4,89.1,-1.1,-1.22,46,4.35,-37,0,0,-37,0,0,0,0,0,0,0,0,0,0,0,0,0,0,50,50,0,22,228.55,5.21,15.78,2848.19,1.07,45.16,5.5,3.98,0.03,10,15
6184,大豐電,46.2,46.65,46.2,-0.8,-1.7,49,40,-2,0,0,-2,0,0,0,0,0,0,0,0,0,0,0,0,0,0,51,51,0,20.26,186.92,-0.25,6.07,2181.61,0.71,54.22,2.37,6.49,1.19,482,16.21
6185,幃翔,13.9,13.95,13.9,-0.45,-3.14,172,46.67,-45,0,0,-45,0,0,0,0,0,0,0,0,0,0,0,0,0,0,178,178,0,231.67,61.08,-10.42,41.83,583.63,-0.14,11.96,-0.99,2.81,3.13,1171,14.99
6186,新潤,40.05,40.2,40.2,-0.65,-1.59,882,56.07,22,0,-1,21,60,60,0,0,0,0,60,60,0,0.07,0.07,91,103,-12,743,731,12,4.99,184.29,-41.84,-79.4,8160.58,2.09,22.96,7.65,12.46,2.68,1304,19.49
6187,萬潤,1080,1085,1080,-40,-3.57,1836,52.64,-146,124,-6,-28,1866,1890,-24,-0.01,-429,0,1460,1485,404,0.75,0.97,12,9,3,66,45,21,72.29,728.87,18.83,43.77,5891.31,3.37,51.78,4.41,1.09,9.72,2385,9.83
6188,廣明,79.4,79.5,79.4,-4.7,-5.59,2628,38.5,-408,0,-22,-430,696,1125,-429,-0.16,-479,0,646,1080,45,0.24,0.42,393,453,-60,1602,1113,489,25.61,635.91,9.4,-11.87,9063.4,0.45,24.53,1,4.03,12.57,8749,27.84
6189,豐藝,53.1,53.2,53.2,-1.1,-2.03,3993,53.29,50,-10,15,55,917,610,307,0.08,287,0,897,590,20,0.22,0.15,675,1203,-528,2432,2211,221,20.23,2506.67,-5.43,6,29205.86,1,9.16,4.33,5.08,3.98,2625,26.46
6190,萬泰科,76.8,77.4,76.8,-4.5,-5.54,4006,43.56,300,0,-92,208,1397,1465,-68,-0.02,-368,0,1097,975,490,0.27,0.36,601,617,-16,2070,1986,84,42.67,976.11,-4.06,30.14,9372.15,0.43,15.21,2.21,2.6,17.32,8126,19.18
6191,精成科,94.6,94.7,94.7,-5.8,-5.77,6184,46.96,-211,10,-119,-320,2275,2889,-614,-0.1,-831,0,2058,2534,355,0.33,0.46,991,1054,-63,3012,2336,676,14.75,3207.1,-4.69,1.78,37944.82,1.59,16.47,2.95,2.75,18.28,22819,49.93
6192,巨路,126.5,127.5,126.5,-2.5,-1.94,389,52.45,68,0,6,74,171,112,59,0.15,29,0,141,78,34,0.36,0.28,84,96,-12,140,187,-47,12.95,871.2,21.13,33.19,7563.1,2.63,34.02,3.42,4.58,3.52,847,9.62
6194,育富,32.4,32.8,32.4,-1.85,-5.4,74,20.83,-4,0,-1,-5,0,0,0,0,0,0,0,0,0,0,0,0,0,0,75,75,0,21.04,75.36,-17.4,-44.82,1172.91,0.33,12.43,0.79,4.63,14.53,1743,4.8
6195,詩肯,25.85,25.9,25.9,-0.7,-2.63,34,28.12,2,0,0,2,0,0,0,0,0,0,0,0,0,0,0,0,0,0,37,37,0,14.47,165.17,-5.18,-3.51,2313.97,1.5,58.04,5.74,3.86,0.43,54,5.02
6196,帆宣,487.5,488,487.5,-16.5,-3.27,1528,45.68,11,19,-10,20,787,910,-123,-0.08,-182,0,728,861,49,0.45,0.56,215,226,-11,616,482,134,31.05,6973.78,5.19,64.89,57459.05,5.08,13.57,6.55,1.32,2.81,1548,22.03
6197,佳必琪,326.5,327,327,2,0.62,7118,57.15,563,0,-8,555,4325,4198,127,0.02,1908,2250,1906,2095,153,0.57,0.31,1077,1315,-238,1863,1751,112,31.9,808.2,0.1,41.78,8217.72,3.21,35.77,8.13,2.14,18.21,5559,12.23
6198,瑞築,20,20.55,--,--,--,0,--,0,0,0,0,0,0,0,--,0,0,0,0,0,--,--,0,0,0,0,0,0,--,0.02,0,0,0.26,-0.1,74.24,-0.38,0,--,0,17.14
6199,天品,94,94.3,94,3.9,4.33,567,58,11,0,-2,9,166,41,125,0.22,-11,15,0,0,26,0.03,0.05,116,115,1,287,413,-126,54.97,61.92,-65.77,516.94,570.51,1.22,54.29,7.92,0,26.79,4136,6.18
6201,亞弘電,47.7,47.8,47.7,-1.3,-2.65,53,48.48,4,0,3,7,0,0,0,0,0,0,0,0,0,0,0,0,0,0,56,56,0,14.5,276.66,11.13,-14.22,3139.53,0.64,23.47,2.12,6.5,0.13,29,8.92
6202,盛群,51.7,51.8,51.7,-3.3,-6,2966,35.28,-1198,11,-1,-1188,521,1200,-679,-0.23,-901,0,299,452,748,0.1,0.4,446,365,81,2036,1438,598,77.16,312.54,-1.9,6.63,3162.29,0.3,40.01,1.76,1.32,6.61,3740,23.04
6203,海韻電,68.8,69.2,69.2,-1.9,-2.67,207,38.98,3,9,-1,11,17,0,17,0.08,0,0,0,0,0,0,0,28,18,10,168,195,-27,13.7,179.46,38.24,-28.56,2573.24,1.37,31.3,3.56,5.78,3.33,686,8.24
6204,艾華,101,101.5,101.5,-9,-8.14,601,40.7,-41,0,0,-41,34,128,-94,-0.15,-94,0,34,63,65,0.06,0.21,156,126,30,419,355,64,103.57,39.55,-3.97,7.99,388.23,0.1,34.74,0.62,0.49,15.58,900,2.31
6205,詮欣,82.1,82.2,82.1,0,0,1782,50.15,204,0,1,205,202,193,9,0,-45,50,84,129,50,0.07,0.1,264,216,48,1336,1393,-57,49.76,129.28,23.04,-6.62,1252.79,0.38,39.32,1.21,1.83,30.24,6216,8.22
6206,飛捷,134.5,135,134.5,-7,-4.95,1780,43.3,-171,-6,-18,-195,718,977,-259,-0.14,-585,0,392,337,640,0.22,0.54,382,293,89,712,542,170,18.86,630.68,-1.6,45.24,5575.55,2.51,45.63,6.52,4.09,8.17,2923,14.31
6207,雷科,--,130.5,130.5,-14,-9.69,2687,0,1,0,-72,-71,1708,2047,-339,-0.11,-2046,0,0,9,2037,0,0.69,563,444,119,678,459,219,207.14,126.66,-19.57,3.6,1111.84,0.06,32.04,0.24,0.54,45.87,9147,8.72
6208,日揚,79.7,79.8,79.7,-3.8,-4.55,785,48.82,113,0,0,113,86,91,-5,-0.01,-50,0,41,69,22,0.05,0.11,97,140,-43,617,569,48,20.97,358.17,24.87,12.45,3708.45,1.9,33.59,4.94,2.51,6.31,1491,9.45
6209,今國光,80,80.1,80,-7.9,-8.99,11768,33.43,-1016,0,-141,-1157,4801,6654,-1853,-0.16,-3916,0,2739,3766,2889,0.23,0.56,2032,1697,335,5065,3537,1528,46.24,408.56,-1.5,70.66,4363,0.81,30.93,4.37,0.63,35.97,16240,18.12
6210,慶生,20.8,21.15,20.75,-0.3,-1.43,43,4.65,-13,0,0,-13,0,0,0,0,0,0,0,0,0,0,0,24,0,24,20,44,-24,--,32.04,-30.18,19.29,367.13,-0.41,-1.53,-4.07,0,--,47,3.5
6212,理銘,27.9,28.35,28.2,0,0,5,80,0,0,0,0,0,0,0,0,0,0,0,0,0,0,0,0,0,0,5,5,0,13.56,96.87,-5.04,-21.11,1028.86,0.4,37.57,1.08,0,0.04,11,10.2
6213,聯茂,243,243.5,243.5,-11,-4.32,7262,51.65,207,0,-176,31,4278,4747,-469,-0.06,-1141,0,3606,3910,837,0.48,0.63,674,651,23,2535,2086,449,59.54,3802.86,8.24,29.31,35948.71,0.87,11.42,1.48,1.23,18.21,16547,36.36
6214,精誠,140.5,141,140.5,-4,-2.77,2997,49.01,656,-2,-63,591,1924,1839,85,0.03,-100,0,1739,1589,250,0.57,0.6,304,392,-88,825,822,3,14.73,4197.64,-9.28,28.33,47029.45,2.64,20.4,3.97,4.27,2.65,1802,27.22
6215,和椿,112,112.5,112,-6,-5.08,1904,46.31,234,0,-62,172,945,795,150,0.08,88,0,883,772,23,0.46,0.41,270,368,-98,723,775,-52,39.3,332.54,6.96,86.85,2936.92,1.14,29.92,5.84,0.89,29.72,6152,8.28
6216,居易,22.85,22.9,22.85,-0.75,-3.18,209,44.26,10,0,0,10,0,0,0,0,0,0,0,0,0,0,0,0,0,0,214,214,0,380.83,51.52,11.77,-42.07,652.8,-0.12,42.08,-0.69,4.51,2.75,669,9.73
6217,中探針,--,229,229,-25,-9.84,1295,0,7,0,-5,2,798,1197,-399,-0.27,-1185,0,12,67,1130,0.01,0.81,208,83,125,477,203,274,--,405.55,13,51.18,4189.96,0.11,23.3,0.47,0,62.92,18437,11.72
6218,豪勉,33.35,33.45,33.4,-3.4,-9.24,1026,34.53,146,0,0,146,61,350,-289,-0.28,-289,0,61,114,236,0.06,0.34,165,93,72,813,596,217,--,75.77,-30.64,-39.28,1371.8,0.35,19.59,2.6,0,12.77,2051,6.43
6219,富旺,12.8,12.9,12.8,-0.15,-1.16,379,37.99,66,0,-1,65,0,0,0,0,0,0,0,0,0,0,0,41,0,41,340,381,-41,16.2,63.5,-77.01,21424.4,3975.36,0.74,24.63,4.51,0,24.38,7615,12.5
6220,岳豐,32.5,32.6,32.5,-1.1,-3.27,635,55.28,204,0,-1,203,62,47,15,0.02,-47,0,0,0,47,0,0.07,64,89,-25,511,501,10,41.14,824.6,34.04,12.1,8251.49,-0.32,28.03,-1.47,2.15,6.54,2396,14.65
6221,晉泰,24,24.35,24,-0.7,-2.83,205,54.4,-22,0,0,-22,0,0,0,0,0,0,0,0,0,0,0,0,0,0,208,208,0,11.32,278.25,-14.91,-42.12,4662.78,0.35,18.85,1.91,5,18.85,7945,16.86
6222,立軒,20.1,20.3,20.5,0.1,0.49,3,100,0,0,0,0,0,0,0,0,0,0,0,0,0,0,0,0,0,0,3,3,0,--,0.16,-34.68,-68.42,2.25,-0.06,23.46,-0.47,0,0.9,38,9.57
6223,旺矽,5515,5525,5515,-250,-4.34,957,45.93,-27,22,-45,-50,967,994,-27,-0.03,-149,0,845,872,122,0.83,0.98,12,7,5,35,12,23,146.83,1907.34,28.36,57.81,15691.56,12.53,59.45,8.09,0.4,4.74,1160,9.8
6224,聚鼎,76.7,76.9,76.7,-7.5,-8.91,1581,31.02,163,0,-1,162,418,671,-253,-0.16,-476,0,194,185,485,0.12,0.42,342,219,123,839,709,130,89.19,269.5,3.55,-4.84,2834.77,0.64,32.32,2.28,1.63,15.02,3216,8.56
6225,天瀚,23.6,24.95,23.65,0.05,0.21,175,84,1,0,0,1,0,97,-97,-0.55,0,0,0,0,0,0,0,117,30,87,58,48,10,--,4.06,188.98,87.32,47.39,-0.11,13.26,-3.62,0,--,0,2.78
6226,光鼎,12.8,12.85,12.8,-0.8,-5.88,1479,39.7,-32,0,1,-31,0,0,0,0,0,0,0,0,0,0,0,188,45,143,1300,1443,-143,--,64.02,15.33,17.33,612.77,0.01,30.15,0.1,0,2.85,823,11.55
6227,茂綸,126.5,127,126.5,-1.5,-1.17,1024,49.59,118,0,-14,104,207,302,-95,-0.09,-116,0,186,168,134,0.18,0.29,263,197,66,574,544,30,14.51,2612.3,30.49,18.34,19297.43,3,10.48,7.76,3.56,12.25,2331,7.61
6228,全譜,19.85,20.5,19.55,-1.3,-6.24,4,0,0,0,0,0,0,0,0,0,0,0,0,0,0,0,0,0,0,0,4,4,0,--,3.25,11.58,25.55,48.96,-0.07,38.99,-0.73,0,--,66,2.6
6229,研通,25.35,25.4,25.35,-1.6,-5.94,272,39.3,-27,0,0,-27,0,0,0,0,0,0,0,0,0,0,0,20,20,0,253,253,0,281.67,318.15,-4.64,57.36,2468.31,0.14,9.07,0.8,2.37,13.83,1232,4.04
6230,尼得科超眾,133,135,134,-5,-3.6,171,46.67,-11,0,0,-11,10,34,-24,-0.14,-24,0,10,0,34,0.06,0.19,24,20,4,142,122,20,--,870.89,5.13,21.95,9505.13,-0.91,17.82,-1.36,0,2.45,528,8.63
6231,系微,295,296,295.5,-16.5,-5.29,952,37.98,106,0,-74,32,347,490,-143,-0.14,-267,0,223,209,281,0.22,0.49,279,163,116,368,341,27,44.37,134.96,8.74,12.51,1752.08,1.7,76.46,7.19,1.93,30.68,3501,4.57
6233,旺玖,23.7,23.8,23.8,-0.9,-3.64,341,44.69,-57,0,0,-57,0,0,0,0,0,0,0,0,0,0,0,0,45,-45,342,297,45,--,37.54,7.85,8.38,380.1,-0.03,43.38,-0.19,3.15,17.5,3545,8.1
6234,高僑,43.5,43.6,43.5,-3.85,-8.13,1219,39.49,272,0,-83,189,150,302,-152,-0.12,-182,0,120,98,204,0.1,0.24,184,152,32,899,779,120,483.33,40.84,-17.7,1.86,515.97,0.23,7.18,0.84,0.57,16.35,4103,10.04
6235,華孚,41.3,41.4,41.3,-2.85,-6.46,1320,36.82,210,0,-3,207,57,117,-60,-0.04,-90,0,27,0,117,0.02,0.09,243,164,79,1037,1056,-19,15.95,523.9,1.07,-1.55,6712.61,0.3,24.43,1.22,2.91,9.74,4869,19.99
6236,中湛,--,19,--,--,--,0,--,0,0,0,0,0,0,0,--,0,0,0,0,0,--,--,0,0,0,0,0,0,1840,2.54,-15.47,-19.36,31.42,0,82.95,0.06,0,--,0,4.17
6237,驊訊,46.2,46.3,46.25,-3.45,-6.94,1136,54.89,381,0,-17,364,72,208,-136,-0.12,-166,0,42,160,48,0.04,0.18,307,135,172,767,803,-36,--,46.62,-44.7,33.55,585.9,-0.24,40.46,-1.26,0.22,21.53,4287,7.96
6239,力成,309,309.5,309,-29,-8.58,13570,22.95,4030,-4585,-411,-966,11798,12835,-1037,-0.08,-4298,0,8536,9298,3536,0.68,1.03,1174,800,374,1407,744,663,37.82,7917.62,4.52,30.23,84445.4,2.5,19.44,3.29,1.46,13.08,24816,75.91
6240,松崗,17.95,18.1,--,--,--,0,--,0,0,0,0,0,0,0,--,0,0,0,0,0,--,--,0,0,0,0,0,0,--,4.03,-1.85,24.71,53.29,-0.43,58.22,-2.47,0,10.51,601,2.29
6241,鑫永洋,9.96,10.15,9.96,-0.49,-4.69,84,13.1,5,0,0,5,0,0,0,0,0,0,0,0,0,0,0,0,0,0,84,84,0,39.84,55.94,-13.3,-9.17,645.75,0.46,18.4,6.1,0,--,0,4.87
6242,立康,38.2,38.4,38.35,0,0,6,83.33,-1,0,0,-1,0,0,0,0,0,0,0,0,0,0,0,0,0,0,7,7,0,15.72,54.12,1.13,-4.15,573.63,0.33,67.02,1.21,5.22,--,0,3.18
6243,迅杰,30.2,30.4,30.4,-2.1,-6.46,282,46.07,-25,0,0,-25,0,0,0,0,0,0,0,0,0,0,0,0,0,0,286,286,0,--,25.42,-6.87,-58.2,477.57,-0.03,59.76,-0.19,0,13.23,1497,4.53
6244,茂迪,25.85,25.9,25.85,-2.85,-9.93,6284,33.75,-1853,0,-304,-2157,1054,3041,-1987,-0.31,-2190,0,851,2551,490,0.13,0.48,701,980,-279,4580,2315,2265,287.22,294.38,-4.56,31.54,3151.22,0.12,16.7,1.01,0.54,14.03,13578,38.7
6245,立端,84.6,84.7,84.7,-2.5,-2.87,1321,44.33,-221,0,-10,-231,130,264,-134,-0.1,-219,0,45,54,210,0.03,0.2,230,272,-42,984,808,176,20.86,700.46,-3.02,31.46,7192.45,0.75,33.01,1.75,4.49,8.58,3146,14.66
6246,臺龍,15.45,15.55,15.5,-0.6,-3.73,43,21.95,-3,0,-1,-4,0,0,0,0,0,0,0,0,0,0,0,0,0,0,44,44,0,18.24,133.81,47.01,-10.87,1500.38,-0.68,7.5,-6.1,0,13.68,513,3.79
6248,沛波,18.5,18.55,18.5,-0.45,-2.37,106,31.07,-24,0,0,-24,0,0,0,0,0,0,0,0,0,0,0,0,0,0,107,107,0,13.81,502.65,-6.21,-32.67,7008.3,0.28,5.85,1.23,6.32,2.93,732,10
6257,矽格,201,201.5,201,-22,-9.87,11122,22.5,-5299,-19,-228,-5546,8743,10112,-1369,-0.12,-6986,0,3126,4225,5887,0.27,0.88,1289,513,776,1501,908,593,30.36,1976.45,1.58,23.71,20958.28,2.1,31.66,4.54,2.09,8.58,10378,48.39
6259,百徽,25.3,25.55,25.3,-2,-7.33,400,38.5,-63,0,-5,-68,0,0,0,0,0,0,0,0,0,0,0,0,0,0,403,403,0,30.85,58.01,-17.29,19.6,524.26,0.43,22.43,3.02,1.38,17.67,735,2.81
6261,久元,101.5,102,101.5,-6,-5.58,2213,40.61,641,0,-231,410,815,786,29,0.01,-182,0,604,328,458,0.27,0.35,381,395,-14,1065,1080,-15,24.4,348.98,5.36,3.98,4267.57,0.85,31.17,1.51,2.46,19.81,6365,12.85
6263,普萊德,151.5,152.5,151.5,-15,-9.01,581,20.7,17,0,0,17,147,278,-131,-0.22,-231,0,47,76,202,0.08,0.47,105,94,11,349,229,120,18.21,157.75,-15.93,6.19,1905.94,2.1,48.21,7.2,5.15,3.59,561,6.25
6264,富裔,6.01,6.04,6.04,-0.04,-0.66,64,51.56,0,0,0,0,0,0,0,0,0,0,0,0,0,0,0,0,0,0,64,64,0,--,20.41,316.26,539.45,119.77,-0.22,-12.69,-3.58,0,--,0,13.64
6265,方土昶,52.9,53,52.9,-4.7,-8.16,5822,30.4,279,0,-8,271,2205,2720,-515,-0.09,-1500,0,1220,1325,1395,0.21,0.46,1009,1079,-70,2678,2094,584,21.59,496.26,26.68,885.82,1986.34,1.67,35.98,12.87,0,26.76,7907,11.82
6266,泰詠,27.55,27.7,27.65,-0.4,-1.43,467,43.95,35,0,0,35,39,84,-45,-0.09,-45,0,39,84,0,0.08,0.18,0,70,-70,437,322,115,15.28,294.66,8.07,-6.57,3314.98,0.39,16.25,2.41,6.44,3.49,1341,15.39
6269,台郡,64.4,64.5,64.5,-3.6,-5.29,9217,40.39,-1842,0,-139,-1981,3953,5341,-1388,-0.15,-2634,0,2707,2988,2353,0.29,0.57,1594,1372,222,3797,2630,1167,--,1681.97,-15.16,-6.09,22545.87,-2.6,-1.38,-3.59,0,10.26,8307,32.38
6270,倍微,35.85,--,35.85,3.25,9.97,7818,80.46,408,0,-9,399,3642,3349,293,0.04,3642,3642,0,0,0,0.46,0,931,1362,-431,3271,3133,138,32.3,255.13,-11.61,1.13,2784.69,0.24,9.76,0.71,2.79,13.96,2517,7.21
6271,同欣電,218.5,219,218.5,-18,-7.61,2408,24.16,248,0,-242,6,1603,1639,-36,-0.01,-778,0,861,871,768,0.34,0.65,175,245,-70,741,629,112,32.42,1035.21,4.01,0.92,11463.49,1.89,27.97,1.48,1.37,15.93,8325,20.91
6272,驊陞,37.9,38,37.9,0.2,0.53,414,46.02,32,0,-1,31,0,46,-46,-0.11,-46,0,0,0,46,0,0.11,0,20,-20,417,351,66,15.66,316.5,43.43,-25.22,3694.64,0.13,21.01,0.52,5.33,--,0,8.18
6274,台燿,1535,1540,1535,-75,-4.66,5502,42.17,87,342,-213,216,5692,5863,-171,-0.03,-1938,0,3925,4079,1784,0.66,0.99,60,21,39,182,50,132,111.88,4794.43,4,128.49,39008.86,4.36,25.15,6.87,0.49,12.64,9209,29.61
6275,元山,48.5,48.55,48.55,-1.55,-3.09,560,46.58,16,0,-4,12,0,0,0,0,0,0,0,0,0,0,0,28,47,-19,542,523,19,17.65,359.73,3.06,0.5,4328.89,0.48,17.6,2.27,4.12,12.17,2442,8.03
6276,安鈦克,26.05,26.4,26.05,-1.9,-6.8,21,45,-11,0,0,-11,0,0,0,0,0,0,0,0,0,0,0,0,0,0,22,22,0,--,57.24,1.36,-60.37,1187.26,-0.9,21.31,-8.99,0,--,406,2.2
6277,宏正,75.3,75.5,75.5,-1.6,-2.08,427,48.93,129,0,-2,127,0,59,-59,-0.14,-59,0,0,19,40,0,0.14,62,50,12,370,323,47,23.23,439.79,-1.27,12.52,5057.69,1.08,60.23,2.74,4.64,1.52,455,11.95
6278,台表科,197,197.5,197.5,-9,-4.36,11677,56.52,2068,-382,-770,916,8875,8510,365,0.03,-724,0,7786,7114,1396,0.66,0.72,1070,1218,-148,1909,1702,207,22.81,4348.04,-3.5,2.43,50291.09,2.17,11.31,2.78,2.78,17.63,12884,29.24
6279,胡連,119.5,120,119.5,-1,-0.83,928,47.84,136,-5,5,136,364,306,58,0.06,57,15,319,267,10,0.35,0.29,164,189,-25,425,459,-34,12.77,906.85,5.08,28.86,9911.77,1.6,26.65,2.09,4.6,11.49,3420,11.9
6281,全國電,51,51.2,51,-1.1,-2.11,146,29.37,-68,0,0,-68,0,0,0,0,0,0,0,0,0,0,0,20,13,7,129,136,-7,13.67,1677.75,19.62,1.59,18855.23,1.13,21.25,4.02,6.47,0.32,80,9.92
6282,康舒,58.8,58.9,58.8,-5,-7.84,44484,35.13,108,48,-2637,-2481,27290,32668,-5378,-0.12,-14285,0,18383,22769,9899,0.41,0.73,6209,4786,1423,11614,7630,3984,117.6,3152.13,0.19,34.61,33999.57,0.27,24.39,1.01,1.36,17.13,36669,85.6
6283,淳安,24.2,24.35,24.3,-1.05,-4.14,213,36.7,-35,0,-1,-36,0,0,0,0,0,0,0,0,0,0,0,0,0,0,213,213,0,--,158.62,-21.41,24.89,1801.86,-0.07,10.61,-0.54,0,12.56,2592,14.9
6284,佳邦,--,99.9,99.9,-11.1,-10,3903,0,-209,0,-234,-443,2692,3734,-1042,-0.26,-3734,0,0,0,3734,0,0.93,477,110,367,835,160,675,32.44,604.54,-3.51,-12.2,7272.31,0.51,19.98,0.94,1.9,24.6,9163,14.9
6285,啟碁,273,273.5,273.5,-18.5,-6.34,9411,43.16,609,98,-204,503,6445,7196,-751,-0.08,-1480,0,5716,6275,921,0.59,0.74,1327,1078,249,2008,1506,502,40.34,12167.71,6.72,34.82,115725.6,2.36,13.76,3.27,1.57,13.13,15877,48.37
6290,良維,--,315.5,315.5,-35,-9.99,4812,22.89,237,0,-87,150,3519,4173,-654,-0.13,-2583,0,1590,1904,2269,0.32,0.83,733,395,338,750,433,317,36.81,911.96,-0.9,3.68,10455.77,2.68,31.19,5.69,1.97,38.57,16343,16.96
6291,沛亨,566,568,566,-40,-6.6,382,43.93,6,0,-7,-1,218,251,-33,-0.09,-89,0,162,178,73,0.45,0.69,165,135,30,23,19,4,66.12,219.56,-8.45,16.11,2448.9,3,37.5,8.84,1.06,18.3,1922,4.2
6292,迅德,55.9,56,56,-5,-8.2,258,41.53,13,0,-3,10,0,0,0,0,0,0,0,0,0,0,0,40,33,7,224,231,-7,23.63,100.62,-6.65,27.62,1079.16,0.73,33.16,3.12,3.21,3.57,416,4.66
6294,智基,27.45,27.5,27.5,-0.55,-1.96,51,51.06,-16,0,0,-16,0,0,0,0,0,0,0,0,0,0,0,0,0,0,52,52,0,10.46,81.84,3.98,-15.23,922.66,-0.07,31.93,-0.34,10.91,1.46,95,2.6
6405,悅城,71.2,72,72,-4,-5.26,441,55.7,-25,0,-5,-30,242,174,68,0.16,-109,50,0,0,159,0.12,0.37,0,72,-72,206,203,3,--,0,-100,-100,0.53,-0.26,-12166.23,-0.63,0,44.67,7348,6.58
6409,旭隼,900,901,900,-28,-3.02,6829,45.87,1947,10,-187,1770,5700,5553,147,0.02,-710,2263,0,0,2973,0.32,0.42,1308,1410,-102,68,113,-45,25.78,1850.13,4.85,0.28,19475.67,4.46,26.1,3.94,4.11,7.09,1555,8.83
6411,晶焱,--,89.1,89.1,-9.9,-10,1721,14.18,-190,0,-19,-209,656,1111,-455,-0.26,-1050,0,61,104,1007,0.03,0.63,277,193,84,818,446,372,29.31,224.84,10.41,14.4,2559.19,0.54,34.15,0.81,2.49,9.11,2267,9.95
6412,群電,94,94.1,94,-3.9,-3.98,5370,29.17,562,-2274,-123,-1835,3117,3224,-107,-0.02,-119,0,3105,3141,83,0.57,0.6,631,613,18,1666,1578,88,18.08,2707.56,2.72,-10.18,33131.02,1.01,15.94,2.72,3.94,2.03,2037,40.08
6414,樺漢,372,372.5,372,-12,-3.13,1909,45.23,-192,21,-10,-181,1248,1452,-204,-0.1,-266,0,1186,1385,67,0.6,0.74,198,199,-1,519,315,204,17.29,15579.25,6.97,35.27,152125.01,5.15,20.11,2.89,3.7,3.26,1192,14.9
6415,矽力*-KY,--,524,524,-58,-9.97,3585,23.79,-11,14,-49,-46,3256,3361,-105,-0.03,-2380,0,981,1058,2303,0.27,0.91,362,289,73,80,48,32,70.52,2014.05,13.32,28.14,19980.05,1.98,48.22,1.93,0.49,5.72,5559,9.72
6416,瑞祺電通,82.4,82.5,82.4,-5,-5.72,612,40.58,-97,0,3,-94,73,187,-114,-0.18,-187,0,0,0,187,0,0.3,64,90,-26,480,340,140,18.11,349.99,11,16.5,4282.91,1.35,25.67,2.66,3.4,18.29,3354,7.33
6417,韋僑,132.5,133,133,-7.5,-5.34,188,50.63,-16,0,-10,-26,20,20,0,0,-10,0,10,10,10,0.05,0.11,45,49,-4,124,120,4,25.43,172.82,8.93,22.98,1698.42,1.67,34.57,4.03,1.8,32.48,3433,4.23
6418,詠昇,32.05,32.3,32.05,-2.2,-6.42,188,34.24,-7,0,0,-7,0,0,0,0,0,0,0,0,0,0,0,19,20,-1,171,170,1,57.23,82.48,-4.75,31.58,799.38,-0.15,17.57,-1.05,1.19,12.34,1065,3.45
6419,京晨科,131,131.5,131,-9,-6.43,362,32.06,46,0,0,46,20,75,-55,-0.15,-67,0,8,0,75,0.02,0.2,100,85,15,251,211,40,10.42,126.98,5.43,328.69,687.39,4.55,22.22,12.27,0,13.96,459,1.32
6423,億而得,84,84.2,84.1,-6.1,-6.76,233,48.42,31,0,0,31,0,12,-12,-0.05,-12,0,0,12,0,0,0.05,60,72,-12,175,151,24,247.35,12.79,-70.2,16.87,237.51,0.28,99.64,1.71,1.19,9.45,733,3.1
6425,易發,77,77.4,77.4,-5.6,-6.75,1328,28.81,202,0,0,202,290,549,-259,-0.19,-402,0,147,67,482,0.11,0.41,276,140,136,782,659,123,--,116,-31.79,31.74,1552.67,0.17,27.72,0.66,1.29,24.47,3115,5.08
6426,統新,215,215.5,215,-14.5,-6.32,1069,38.4,300,0,-5,295,545,613,-68,-0.06,-327,0,286,213,400,0.26,0.56,140,95,45,404,381,23,413.46,69.83,6.34,76.49,573,0.74,39.46,3.1,0.23,43.38,4176,3.85
6431,光麗-KY,18,18.1,18.05,-0.45,-2.43,70,26.47,-35,0,0,-35,0,0,0,0,0,0,0,0,0,0,0,0,0,0,70,70,0,--,41.7,60.45,31.22,368.18,-0.4,22.78,-6.72,0,--,0,8.61
6432,今展科,65.2,65.3,65.2,-2.1,-3.12,4503,40.89,-257,0,0,-257,628,934,-306,-0.07,-157,85,523,612,153,0.13,0.17,735,834,-99,3161,2756,405,89.32,108.27,-4.9,28.54,1161.39,0.72,21.77,2.63,1.84,15.5,1332,3.44
6435,大中,265.5,266,266,-6.5,-2.39,571,47.47,184,0,-1,183,181,183,-2,0,-47,0,136,129,54,0.23,0.31,188,144,44,217,258,-41,24.68,317.88,2.44,22.2,3532.13,3.68,26.78,6.94,2.82,13.73,1286,3.75
6438,迅得,148,148.5,148.5,-9,-5.71,911,47.71,-3,0,-23,-26,323,416,-93,-0.1,-103,0,313,361,55,0.33,0.44,165,128,37,464,409,55,27.2,592.38,-7.2,10.13,6868.59,1.76,26.41,2.52,3.37,21.87,4494,8.22
6441,廣錠,22,22.35,22,-2.05,-8.52,201,16.37,-10,0,0,-10,0,0,0,0,0,0,0,0,0,0,0,0,0,0,202,202,0,--,10.12,-19.52,-66.85,146.16,-1.36,-113.66,-7.44,0,5.93,791,5.33
6442,光聖,1965,1970,1970,-85,-4.14,1062,36.35,-82,3,-13,-92,1078,1089,-11,-0.01,-415,0,674,686,403,0.59,0.95,11,16,-5,56,41,15,74.51,886.44,-12.49,-16.21,10959.23,7.82,55.41,8.73,0.6,31.59,6242,8.15
6443,元晶,36.15,36.2,36.15,-3.75,-9.4,11911,24.37,264,0,-209,55,4202,4861,-659,-0.05,-2910,0,1950,1974,2886,0.16,0.4,1728,2194,-466,6218,5093,1125,--,116.05,61.91,-40.17,1398.74,-0.2,-5.14,-2.8,0,--,19835,51.28
6446,藥華藥,926,927,926,-11,-1.17,3734,53.76,-8,0,4,-4,2795,2786,9,0,1222,1421,1262,1360,101,0.69,0.38,1001,1004,-3,77,81,-4,59.32,2458.45,19.1,108.47,19616.06,5.79,87.87,6.47,0.28,8.97,8522,37.99
6449,鈺邦,336,339,337,-34,-9.16,383,29.04,53,0,26,79,299,263,36,0.09,-137,0,126,109,154,0.32,0.67,33,60,-27,74,84,-10,44.28,443.48,-4.34,12.27,4842.9,2.11,36.79,3.41,1.25,13.58,3120,9.19
6451,訊芯-KY,--,600,600,-66,-9.91,2586,9.73,-261,0,-45,-306,2182,2508,-326,-0.12,-2133,0,376,623,1886,0.14,0.92,496,206,290,82,47,35,--,624.11,-2.65,4.89,7119.19,-1.45,11.96,-1.85,0.04,36.2,10151,11.33
6456,GIS-KY,78.9,79,78.9,-3.6,-4.36,10784,42.8,362,0,-97,265,5277,5671,-394,-0.04,-2414,0,3258,2925,2747,0.3,0.52,1655,1721,-66,3954,3494,460,--,3197.94,-17.86,-50.88,62314.91,-0.61,4.98,-0.68,0,15.47,13070,33.79
6461,益得,15.6,15.8,15.8,-0.4,-2.47,202,20.81,-12,0,0,-12,0,0,0,0,0,0,0,0,0,0,0,40,0,40,162,202,-40,--,5.56,-35.52,43.68,119.18,-0.63,-240.05,-10.69,0,--,0,17.84
6462,神盾,109.5,110,109.5,-6.5,-5.6,1683,41.98,-60,0,-143,-203,753,775,-22,-0.01,-589,0,186,217,558,0.11,0.45,237,272,-35,725,669,56,--,372.85,-52.21,12.03,6564.16,-2.7,23.18,-2.54,0,22.75,4742,9.13
6464,台數科,78,78.3,78.1,0.1,0.13,72,55.56,-17,0,1,-16,20,0,20,0.27,20,0,20,0,0,0.27,0,12,19,-7,43,56,-13,19.19,390.3,13.7,11.29,4422.19,1.39,51.62,2.1,2.22,0,0,12.88
6465,威潤,53.1,53.4,53.1,-1.8,-3.28,432,48.24,49,0,0,49,0,20,-20,-0.05,-20,0,0,20,0,0,0.05,52,61,-9,387,358,29,20.5,20.67,-21.59,169.58,320.22,1.31,76.04,11.88,0.38,14.14,778,4.71
6469,大樹,73.8,74,74,-1.7,-2.25,822,46.35,2,0,14,16,64,88,-24,-0.03,-38,0,50,44,44,0.06,0.1,193,190,3,598,577,21,19.63,1502.81,-10.7,-1.23,19024.31,0.83,28.1,3.16,5.08,1.77,664,15.01
6470,宇智,49.2,49.4,49.3,-1.1,-2.18,90,48.68,-5,0,1,-4,0,0,0,0,0,0,0,0,0,0,0,16,11,5,74,79,-5,16.11,72.36,-12.35,-58.73,1566.03,0.84,20.05,2.74,5.07,2.54,239,3.77
6472,保瑞,390.5,391,391,19.5,5.25,3304,53.97,30,0,28,58,1854,1655,199,0.06,1500,1636,165,250,51,0.53,0.09,434,536,-102,1145,1242,-97,31.06,2114.49,42.46,40.19,19010.2,0.2,36.05,0.28,2.56,13.2,4216,12.8
6474,華豫寧,37.1,37.4,37.3,-0.9,-2.36,20,35,-4,0,0,-4,0,0,0,0,0,0,0,0,0,0,0,0,0,0,20,20,0,12.39,357.02,-14.77,1.9,3858.88,0.9,21.81,2.83,6.7,0.29,38,5.25
6477,安集,31.6,31.7,31.7,-2,-5.93,974,38.75,-312,0,-2,-314,38,108,-70,-0.07,-108,0,0,0,108,0,0.11,193,170,23,752,705,47,352.22,69.76,-14.76,-1.22,949.21,-0.02,24.77,-0.01,1.1,12.61,3902,12.38
6482,弘煜科,28.05,28.4,28.8,-0.5,-1.71,6,20,0,0,0,0,0,0,0,0,0,0,0,0,0,0,0,0,0,0,7,7,0,16.27,22.44,-22.94,-49.39,424.71,0.28,98.65,1.87,6.94,0.84,60,2.86
6485,點序,--,101,101,-11,-9.82,528,0,2,0,-25,-23,219,507,-288,-0.53,-507,0,0,0,507,0,0.93,101,9,92,228,32,196,721.43,91.16,-16.25,-5.86,1384.86,0,57.17,0,0.5,37.66,4104,4.74
6486,互動,82.3,82.9,82.6,-0.6,-0.72,192,49.47,53,0,0,53,17,45,-28,-0.14,-28,0,17,30,15,0.09,0.23,44,24,20,133,125,8,15.5,136.56,23.85,-24.26,2699.77,0.59,32.8,1.52,7.26,1.78,226,5.09
6488,環球晶,768,769,768,-43,-5.3,2195,71.07,8,10,9,27,1982,2121,-139,-0.08,-1203,0,918,997,1124,0.5,1.16,242,155,87,99,47,52,47.38,4842.01,1.98,-3.3,58287.57,3.97,20.83,2.03,1,7.51,8975,47.81
6491,晶碩,319.5,320,320,-4.5,-1.39,651,49.02,393,0,-13,380,475,394,81,0.12,64,0,458,366,28,0.69,0.6,77,138,-61,109,129,-20,15.49,716.19,6.21,36.71,7635.82,6.06,53.33,4.15,3.13,2.87,560,7.8
6492,生華科,43.95,44.5,44.4,-0.1,-0.22,240,64.63,-22,0,0,-22,35,53,-18,-0.07,-18,0,35,53,0,0.14,0.22,0,0,0,207,189,18,--,0.08,0,-3.61,1.05,-0.75,56.25,-9.17,0,--,152,8.99
6494,九齊,51,51.2,51,-5.5,-9.73,377,22.88,-119,0,-9,-128,0,74,-74,-0.2,-74,0,0,0,74,0,0.2,62,77,-15,317,228,89,425,155.21,-9.14,33.37,1327.61,0.75,27.49,2.37,1.96,9.8,773,3.16
6496,科懋,24,24.05,24.1,-0.15,-0.62,7,71.43,3,0,0,3,0,0,0,0,0,0,0,0,0,0,0,0,0,0,11,11,0,--,77.75,-8.89,6.91,930.56,-1.18,38.35,-7.06,0,0.34,40,4.73
6498,久禾光,95.5,96,96,-5.5,-5.42,92,31.46,-16,0,-4,-20,0,0,0,0,0,0,0,0,0,0,0,6,6,0,87,87,0,14.48,137.52,9.79,37.28,1362.06,1.75,45.71,5.49,4.69,4.42,521,4.72
6499,益安,78.2,78.3,78.3,-3.6,-4.4,654,38.63,45,0,0,45,34,30,4,0.01,-10,0,20,30,0,0.03,0.05,80,142,-62,549,491,58,--,37.14,2.84,3.41,433.06,-1.26,15.23,-9.17,0,29.55,7162,9.69
6504,南六,35.75,36,35.85,-1.1,-2.98,56,38.89,-7,0,0,-7,0,0,0,0,0,0,0,0,0,0,0,0,0,0,57,57,0,--,594.83,-2.73,4.31,6560.33,0.1,13.78,0.21,2.79,0.63,114,7.26
6505,台塑化,52.6,52.7,52.6,-2.7,-4.88,8387,42.67,-1849,40,168,-1641,4745,6100,-1355,-0.16,-5732,0,368,228,5872,0.04,0.72,1035,880,155,2697,1496,1201,18.85,57777.22,-6.09,26.87,642380.76,2.14,16.79,5.5,2.28,0.44,10392,952.6
6506,雙邦,19.3,19.35,19.3,-1,-4.93,462,42.27,47,0,0,47,0,0,0,0,0,0,0,0,0,0,0,27,0,27,438,465,-27,16.78,203.63,-12.41,6.72,1938,0.52,20.44,4.11,5.18,3.48,717,8.24
6508,惠光,23.4,23.45,23.45,-0.6,-2.49,36,31.43,-6,0,0,-6,0,0,0,0,0,0,0,0,0,0,0,0,0,0,42,42,0,106.59,142.1,-24.61,-18.76,1373.61,0.36,23.67,1.31,2.13,1.41,306,8.65
6509,聚和,49.85,49.9,49.85,-1.35,-2.64,3796,47.18,758,34,-41,751,781,953,-172,-0.05,-520,0,433,688,265,0.11,0.25,745,632,113,2296,2237,59,15.34,516.01,9.27,9.76,4993.04,1.19,36.08,4.46,2.81,10.62,5218,19.71
6510,精測,3550,3565,3565,265,8.03,1334,64.39,13,48,-23,38,1400,1356,44,0.03,1000,1029,341,340,30,0.96,0.26,8,17,-9,18,52,-34,104.85,542.51,3.69,34.09,5270.35,10.43,56.77,3.65,0.43,8.22,676,3.29
6512,啟發電,19.65,19.85,19.85,0,0,12,16.67,0,0,0,0,0,0,0,0,0,0,0,0,0,0,0,0,0,0,15,15,0,--,5.76,-67.54,-78.26,146.83,-0.28,29.06,-2.05,0,--,0,2.53
6515,穎崴,8380,8435,8380,-45,-0.53,506,59.79,-72,22,-5,-55,518,526,-8,-0.01,213,258,224,233,36,0.88,0.49,5,6,-1,24,15,9,171.72,1073.48,8.48,119.79,9457.46,19.54,43.01,10.8,0.6,4.88,440,3.61
6516,勤崴國際,60,60.3,60.3,0.1,0.17,151,48.99,22,0,0,22,0,0,0,0,0,0,0,0,0,0,0,0,0,0,155,155,0,33.5,45.28,-6.95,9.17,600.02,0.66,49.12,3.61,3.88,6.93,976,5.63
6517,保勝光學,65.1,65.2,65.2,-4.1,-5.92,2384,52.06,408,0,-4,404,340,525,-185,-0.08,-347,0,178,151,374,0.07,0.22,410,487,-77,1652,1390,262,48.66,32.48,6.59,-35.43,441.04,0.52,33.19,2.42,2.3,22.54,1723,3.06
6523,達爾膚,97.9,98,98,-0.8,-0.81,52,57.69,12,0,0,12,14,20,-6,-0.11,-6,0,14,20,0,0.26,0.37,0,0,0,40,34,6,15.76,61.06,-23.47,-8.15,1092.17,1.88,67.24,6.28,10.2,0.49,55,4.5
6525,捷敏-KY,118.5,119,119,-2,-1.65,2182,52.96,-42,-5,-8,-55,1097,1160,-63,-0.03,-112,0,1048,1135,25,0.48,0.53,360,332,28,757,723,34,19.6,548.58,1.65,18.95,5639.69,1.62,26.14,4.6,4.2,5.19,1673,12.9
6526,達發,627,628,627,-42,-6.28,760,43.32,30,3,-12,21,486,533,-47,-0.06,-132,0,401,437,96,0.48,0.64,283,260,23,59,36,23,35.99,2027.87,11.73,14.31,21413.03,4.47,52.73,3.56,2.15,4.19,1755,16.75
6527,明達醫,71.5,72,71.5,0.2,0.28,41,62.5,2,0,1,3,0,0,0,0,0,0,0,0,0,0,0,10,0,10,32,42,-10,12.65,87.48,42.13,-4.4,888.65,1.33,40.05,3.35,4.06,--,0,2.55
6530,創威,102.5,103,103,-6.5,-5.94,1014,52.42,138,0,-9,129,327,221,106,0.1,92,0,313,201,20,0.31,0.22,157,221,-64,543,585,-42,48.13,31.66,0.4,25.32,352.2,0.65,46.21,4.39,1.94,35.89,3028,3.38
6531,愛普*,--,909,909,-101,-10,752,0,20,-55,-35,-70,743,832,-89,-0.1,-826,0,6,27,805,0.01,0.89,96,57,39,94,45,49,92.28,748.54,-6.92,89.34,7512.28,4.15,46.19,5.42,0.77,25.28,10293,8.15
6532,瑞耘,92.8,93,92.8,-3.9,-4.03,712,51.72,100,0,-2,98,74,93,-19,-0.03,-80,0,13,24,69,0.02,0.13,120,58,62,536,579,-43,13.53,72.55,-1.5,36.45,672.42,0.84,36.93,2.54,3.23,35.91,3362,3.74
6533,晶心科,202.5,203,202.5,-19,-8.58,658,37.1,-58,0,-8,-66,154,266,-112,-0.16,-133,0,133,181,85,0.19,0.39,139,146,-7,396,277,119,--,106.86,-19.98,22.87,1553.17,-3.28,99.89,-3.75,0,18.34,2322,5.07
6535,順藥,110,111.5,111,-4,-3.48,195,47.62,-11,0,1,-10,0,10,-10,-0.05,-10,0,0,0,10,0,0.05,37,24,13,166,169,-3,--,0.08,0,-64.55,32.15,-0.72,40.55,-8.26,0,--,0,16.78
6538,倉和,--,111,111,-12,-9.76,815,24.24,-76,0,0,-76,442,618,-176,-0.21,-603,0,15,22,596,0.02,0.74,138,98,40,250,115,135,111,120.89,-7.07,-12.29,1293.51,0.9,38.53,1.77,1.38,21.58,2054,3.8
6541,泰福-KY,41.75,41.8,41.75,-0.15,-0.36,555,48.86,-35,0,1,-34,25,0,25,0.04,0,0,0,0,0,0,0,18,74,-56,519,488,31,--,86.79,-6.13,914.89,562.18,-1.47,-200.66,-7.03,0,5.54,3673,26.5
6542,隆中,45.25,46.25,45.3,-2,-4.23,6,16.67,0,0,0,0,0,0,0,0,0,0,0,0,0,0,0,0,0,0,6,6,0,1132.5,82.08,1.53,23.81,956.71,0.04,79.6,0.09,0.04,2.55,268,4.2
6546,正基,73.3,73.4,73.4,-3.7,-4.8,711,45.37,5,0,-24,-19,75,73,2,0,-18,0,55,55,18,0.08,0.1,121,160,-39,524,487,37,27.59,200.93,0.05,-7.59,2226.28,0.9,27.33,3.04,3.41,20.49,3425,6.68
6547,高端疫苗,48.6,48.7,48.7,0,0,2828,55.31,399,0,-33,366,487,241,246,0.09,273,54,433,147,67,0.17,0.07,619,646,-27,1748,1968,-220,--,38.72,-11.04,-7.87,600.37,-0.09,74.74,-0.81,0,11.75,9659,32.87
6548,長科*,82.4,82.5,82.5,-7.2,-8.03,5348,32.13,467,0,-185,282,3154,2850,304,0.06,-1700,0,1150,1071,1779,0.23,0.58,632,872,-240,1667,1731,-64,50.3,1429.57,3.29,36.65,14575.53,0.51,21.71,4.18,1.64,3.93,9345,3.8
6550,北極星藥業-KY,13.1,13.15,13.15,-0.25,-1.87,1517,47.87,247,0,-11,236,0,209,-209,-0.14,-209,0,0,209,0,0,0.14,199,309,-110,1321,1002,319,--,1.67,5.7,-57.12,66.19,-0.64,-123.91,-10.97,0,--,0,89.48
6552,易華電,29.65,29.7,29.65,-3.25,-9.88,507,18,-153,0,4,-149,0,224,-224,-0.44,-224,0,0,34,190,0,0.44,48,23,25,466,267,199,--,100.17,-2.76,-15.02,1220.44,-0.65,-8.87,-3.2,0,6.65,1379,8.3
6556,勝品,70.6,72.2,72,-0.5,-0.69,7,28.57,0,0,0,0,0,0,0,0,0,0,0,0,0,0,0,0,0,0,7,7,0,11.06,137.47,-7.19,29.87,1471.1,1.72,30.55,3.23,4.86,--,0,2.88
6558,興能高,32.4,32.45,32.45,-0.75,-2.26,1075,60.34,343,0,0,343,0,53,-53,-0.05,-53,0,0,53,0,0,0.05,45,63,-18,1036,965,71,--,103.96,-10.55,0.65,1032.71,-0.35,12.79,-2.37,0,18.64,4030,9.38
6560,欣普羅,38.2,38.4,38.2,-1.85,-4.62,169,17.28,-37,0,0,-37,0,0,0,0,0,0,0,0,0,0,0,0,0,0,169,169,0,477.5,15.51,-41.6,1.51,220.3,0.37,35.76,1.86,0,8.24,533,3.25
6561,是方,354.5,355.5,354.5,-4,-1.12,57,22.81,-4,0,-8,-12,12,18,-6,-0.1,-6,0,12,18,0,0.19,0.29,10,14,-4,40,30,10,22.37,333.54,-4.66,-25.22,3855.56,3.69,48.94,8.68,4.03,0.83,162,7.8
6568,宏觀,--,183,183,-20,-9.85,206,0,3,0,-38,-35,54,153,-99,-0.44,-153,0,0,0,153,0,0.68,38,28,10,134,45,89,45.41,85.88,-28.94,-15.94,1225.65,1.34,36.41,2.67,1.09,16.24,1251,3.08
6569,醫揚,111.5,112,111.5,0,0,132,50.78,4,0,0,4,0,0,0,0,0,0,0,0,0,0,0,43,12,31,92,123,-31,30.05,171.36,77.37,49.78,1428.96,1.03,36.13,2.54,2.69,4.18,408,3.91
6570,維田,56.5,57.1,56.6,-1.8,-3.08,158,40.97,1,0,2,3,0,0,0,0,0,0,0,0,0,0,0,0,21,-21,163,142,21,34.51,91.27,-10.05,9.7,960.19,0.57,38.03,2.65,1.94,5.53,513,3.71
6573,虹揚-KY,15,15.45,15.05,-1.05,-6.52,403,50,-8,0,4,-4,0,0,0,0,0,0,0,0,0,0,0,0,0,0,405,405,0,11.49,63.88,-7.03,-19.64,764.04,-0.4,11.07,-4.51,0,--,0,8.05
6574,霈方,114,115,115,2.5,2.22,108,66.67,39,0,-4,35,0,0,0,0,0,0,0,0,0,0,0,15,19,-4,95,91,4,13.11,72.85,7.8,27.1,681.77,3.29,57.37,8.08,2.61,--,0,2.2
6576,逸達,77,77.9,77.9,0.7,0.91,101,70.71,31,0,0,31,0,15,-15,-0.15,-15,0,0,15,0,0,0.15,22,0,22,81,88,-7,--,52.22,29.12,-11.25,394.51,2.59,50.49,35.01,0,--,0,15.75
6577,勁豐,80.2,80.8,80.2,-2,-2.43,32,46.43,-1,0,0,-1,0,0,0,0,0,0,0,0,0,0,0,0,0,0,34,34,0,13.62,166.13,0.91,-0.73,2079.75,1.67,34.56,6.49,6.23,0.87,130,6.01
6578,達邦蛋白,17.1,17.2,17.2,0.2,1.18,107,65.71,-1,0,0,-1,0,0,0,0,0,0,0,0,0,0,0,0,0,0,107,107,0,--,35.88,-1.36,27.22,330.16,0.08,21.91,0.56,0,5.44,707,7.19
6579,研揚,149,149.5,149.5,-13,-8,644,46.31,1,0,0,1,171,306,-135,-0.2,-145,0,161,292,14,0.24,0.46,146,161,-15,344,195,149,27.38,971.78,28.46,48.85,9444,3.81,34.83,4.28,2.51,2.27,963,16.95
6581,鋼聯,108,108.5,108,-2,-1.82,29,37.04,-1,0,1,0,0,0,0,0,0,0,0,0,0,0,0,12,6,6,18,24,-6,17.82,278.2,-25.38,0.68,2285.5,1.17,53.05,3.06,4.91,0.05,13,11.13
6582,申豐,30.95,31.2,31.05,-1.1,-3.42,99,39.58,-4,0,1,-3,0,0,0,0,0,0,0,0,0,0,0,0,0,0,111,111,0,--,45.72,37.21,-35.77,590.44,-0.26,-12.56,-0.43,0,1.53,406,10.62
6584,南俊國際,624,625,624,-26,-4,864,50.57,124,0,-1,123,583,574,9,0.01,-59,0,515,485,89,0.57,0.63,283,307,-24,38,23,15,82,282.21,1.59,46.98,2962.69,3.37,41.55,7.01,0.4,9.5,1685,7.11
6585,鼎基,123,--,123,11,9.82,3552,62.54,123,0,17,140,1746,1692,54,0.02,1378,1579,0,0,201,0.44,0.06,578,618,-40,1251,1265,-14,25.1,324.91,24.65,27.46,2792.6,1.86,34.68,3.54,3.66,12.31,2220,7.21
6588,東典光電,103,104,103,-6,-5.5,673,47.81,173,0,0,173,93,65,28,0.04,28,0,93,65,0,0.14,0.1,125,107,18,468,514,-46,--,27.59,1.66,159.98,266.91,-0.08,21.22,-0.31,0,24.85,2156,3.47
6589,台康生技,43.45,43.5,43.45,-0.9,-2.03,1623,58.49,402,0,-4,398,294,220,74,0.05,-62,0,158,0,220,0.1,0.14,392,320,72,942,1088,-146,--,82.21,-28.34,-15.77,1116.28,-0.47,21.06,-1.72,0,5.7,3588,30.82
6590,普鴻,65.1,65.9,65.2,-1.3,-1.95,15,26.67,-1,0,0,-1,0,0,0,0,0,0,0,0,0,0,0,0,0,0,16,16,0,12.86,69.06,14.21,18.25,685.01,0.84,43.85,2.83,6.6,--,0,2.5
6591,動力-KY,56.2,56.3,56.2,-1.6,-2.77,342,49.69,16,0,0,16,0,20,-20,-0.06,-20,0,0,20,0,0,0.06,31,43,-12,315,283,32,13.1,90.42,-15.82,-52.82,1540.67,0.75,24.42,1.38,7.12,24.66,2535,4.11
6592,和潤企業,63.7,63.8,63.7,-1.3,-2,725,53.15,-58,0,-1,-59,132,136,-4,-0.01,-4,0,132,136,0,0.18,0.19,175,201,-26,427,397,30,11.16,1939.41,-1.75,-2.82,23307.09,0.76,61.82,2.15,5.18,0.37,581,62.32
6593,台灣銘板,34.9,35,34.9,-0.55,-1.55,118,25.86,-28,0,0,-28,0,0,0,0,0,0,0,0,0,0,0,0,0,0,139,139,0,--,37.4,-9.52,66.78,421.62,-0.6,30.74,-2.14,0,16.84,1215,3.19
6596,寬宏藝術,94.1,94.5,94.5,-2.6,-2.68,470,33.33,-127,0,0,-127,44,110,-66,-0.13,-110,0,0,0,110,0,0.22,73,99,-26,376,285,91,5.53,270.94,89.06,1704.82,3486.08,2.08,22.2,5.87,19.79,8.6,817,3.8
6597,立誠,70.9,75.7,70.9,-7.2,-9.22,53,20.45,0,0,0,0,0,0,0,0,0,0,0,0,0,0,0,0,20,-20,54,34,20,81.49,50.89,7.71,-8.47,708.82,-0.45,20.27,-1.66,1.41,--,0,3
6598,ABC-KY,24.5,24.7,24.5,0,0,166,57.76,43,0,0,43,0,0,0,0,0,0,0,0,0,0,0,0,30,-30,168,138,30,--,60.98,-7.64,41.84,591.83,0.2,64.57,3.18,0,--,0,10.28
6603,富強鑫,22.4,22.5,22.4,-1.1,-4.68,1209,45.89,159,0,-3,156,50,100,-50,-0.04,-100,0,0,0,100,0,0.08,191,266,-75,973,848,125,36.72,398.04,-1.97,-28.29,4989.46,0.03,24.63,0.2,1.79,16.16,6766,16.74
6605,帝寶,144.5,145,145,-1,-0.68,1077,50.82,-93,0,3,-90,673,545,128,0.12,70,0,615,491,54,0.56,0.5,174,239,-65,249,312,-63,10.87,1708.06,8.54,-1.48,19167.53,4.41,33.5,3.53,4.48,5.11,2120,16.58
6606,建德工業,26.35,26.5,26.45,0,0,161,40.91,-23,0,1,-22,0,0,0,0,0,0,0,0,0,0,0,30,0,30,131,161,-30,24.27,87.75,-17.82,37.22,877.07,0.26,40.83,1.79,3.89,1.98,546,11.03
6609,瀧澤科,43.95,44.1,44.1,-1.8,-3.92,805,47.32,108,0,0,108,112,50,62,0.08,62,0,112,50,0,0.14,0.06,85,134,-49,614,627,-13,--,231.51,26.02,17.34,1977.49,-0.16,14.76,-0.49,0,11.48,2079,7.25
6612,奈米醫材,70.7,71,70.8,-1.7,-2.34,26,24,2,0,0,2,0,0,0,0,0,0,0,0,0,0,0,0,0,0,28,28,0,79.55,118.2,4.23,43.3,1182.42,0.81,55.79,1.2,1.84,4.19,498,4.75
6613,朋億*,249,249.5,249.5,-12.5,-4.77,244,45.96,16,0,-21,-5,43,63,-20,-0.08,-33,0,30,51,12,0.12,0.24,32,53,-21,183,142,41,17.53,711.11,-33.53,30.82,9274.94,3.84,32.09,5.07,4.01,4.97,966,3.89
6614,資拓宏宇,40,40.3,40,0.15,0.38,133,61.07,14,0,-19,-5,0,0,0,0,0,0,0,0,0,0,0,0,0,0,135,135,0,16.06,340.4,-8.09,7.76,5453.49,0.16,11.15,0.83,4.12,0.16,33,8.07
6615,慧智,32.85,33.1,32.9,-1.6,-4.64,46,18.18,0,0,0,0,0,0,0,0,0,0,0,0,0,0,0,0,0,0,57,57,0,84.36,30.16,-12.24,-9.13,380.64,0.67,28.63,2.28,0,0.11,6,2.16
6616,特昇-KY,9.33,9.37,9.37,-0.38,-3.9,35,67.65,0,0,0,0,0,0,0,0,0,0,0,0,0,0,0,0,0,0,35,35,0,--,44.86,-29.63,-37.52,913.42,-0.52,6.11,-4.14,0,14.27,1266,3.55
6617,共信-KY,67.9,68,67.9,-0.3,-0.44,381,67.85,23,0,0,23,0,16,-16,-0.04,-16,0,0,16,0,0,0.04,0,0,0,382,366,16,--,3.75,21.2,7.6,38.27,-0.32,67.99,-1.69,0,0.94,300,12.75
6620,漢達,70.3,70.7,70.4,-0.4,-0.56,715,49.02,-49,0,42,-7,165,271,-106,-0.15,-218,18,18,56,198,0.05,0.35,92,53,39,463,396,67,15.34,62.07,-21.15,-88.94,1258.81,0.46,81.2,1.39,2.84,--,0,17
6624,萬年清,45.75,46.4,45.75,-1.55,-3.28,133,35.71,-23,0,0,-23,0,0,0,0,0,0,0,0,0,0,0,0,21,-21,134,113,21,101.67,49.74,22.51,10.68,547.45,0.05,23.65,0.27,0.63,3.08,174,2.26
6625,必應,73.9,74,73.9,-0.8,-1.07,221,47.2,69,0,-2,67,16,0,16,0.07,16,0,16,0,0,0.07,0,17,7,10,193,219,-26,7.37,351.16,-15.09,15.65,4707.35,1.42,19.98,4.56,6.77,7.05,1022,5.8
6629,泰金-KY,114,115.5,114,-5,-4.2,173,39.16,-12,0,0,-12,46,62,-16,-0.09,-16,0,46,62,0,0.26,0.36,35,35,0,93,77,16,15.53,191.38,-27.88,90.11,2282.14,3.58,21.59,8.19,5.44,12.76,1224,3.84
6637,醫影,64.8,65,64.8,-2.3,-3.43,112,36.11,-29,0,0,-29,15,0,15,0.13,0,0,0,0,0,0,0,0,28,-28,98,85,13,9.61,47.09,4.37,-91.04,736.29,1.01,31.56,2.39,6.94,1.28,86,2.68
6640,均華,1145,1150,1150,-40,-3.36,300,41.01,57,-5,-5,47,302,317,-15,-0.05,-114,0,203,218,99,0.61,0.95,4,2,2,27,14,13,71.43,147.14,-55.89,-43.38,3173.97,5.19,44.9,5.16,1.3,8.32,593,2.89
6641,基士德-KY,18.15,18.25,18.2,-0.55,-2.93,46,37.78,-13,0,0,-13,0,0,0,0,0,0,0,0,0,0,0,0,0,0,46,46,0,37.92,161.34,-16.49,18.39,1819.35,0.02,30.91,-0.22,2.2,1.42,130,3.65
6642,富致,78.4,78.5,78.5,-6.8,-7.97,763,42.7,114,0,0,114,45,51,-6,-0.01,-37,0,14,31,20,0.02,0.07,123,169,-46,606,554,52,31.4,58.52,-0.1,29.38,561.43,0.74,48.59,2.65,2.29,7.9,739,3.74
6643,M31,--,501,501,-55,-9.89,290,0,0,0,-48,-48,201,297,-96,-0.26,-297,0,0,25,272,0,0.8,102,47,55,66,25,41,12525,127.84,-24.22,-17.96,1754.07,-1.18,100,-2.66,0.24,24.18,2527,4.21
6649,台生材,38.2,39.4,39.35,-0.05,-0.13,46,97.37,-3,0,0,-3,0,0,0,0,0,0,0,0,0,0,0,0,0,0,47,47,0,63.47,12.3,6.97,-9.95,180.46,0,60.77,0.02,2.54,11.55,1213,4.2
6651,全宇昕,132,132.5,132,-9,-6.38,336,43.17,37,0,0,37,66,40,26,0.08,-6,0,34,10,30,0.1,0.12,82,77,5,192,223,-31,19.5,155.6,-1.35,12.46,1540.52,2.47,37.83,6.84,3.03,19.99,1729,3.46
6654,天正國際,168.5,169,168.5,-2.5,-1.46,122,32.41,-2,0,0,-2,35,47,-12,-0.12,-12,0,35,15,32,0.34,0.45,37,25,12,51,51,0,455.41,60.23,46.53,157.91,436.78,-0.2,21.75,-0.81,0,39.9,3318,3.73
6655,科定,120.5,124.5,120.5,-5.5,-4.37,21,14.29,-5,0,0,-5,0,0,0,0,0,0,0,0,0,0,0,5,5,0,17,17,0,30.43,280.7,2.66,29.6,2806.99,0.95,49.51,2.87,4.98,0,0,8.06
6657,華安,37.25,37.3,37.25,-1.45,-3.75,144,44.85,23,0,-2,21,0,0,0,0,0,0,0,0,0,0,0,0,0,0,146,146,0,--,0.54,-33.13,-24.12,8.06,-0.53,74.91,-5.31,0,--,2011,8.88
6658,聯策,188.5,189,188.5,1.5,0.8,1196,54.59,21,0,-2,19,343,410,-67,-0.06,86,112,196,170,52,0.25,0.18,309,287,22,559,514,45,72.22,298.34,24.41,-2.8,2143.44,1.63,24,3.86,0.64,24.26,2206,3.64
6661,威健生技,15.85,16.6,16.3,-0.05,-0.31,12,83.33,0,0,0,0,0,0,0,0,0,0,0,0,0,0,0,0,0,0,12,12,0,--,30.8,7.08,25.55,388.08,-0.27,43.63,-2.15,0,--,0,2.33
6662,樂斯科,29,29.5,29.4,-0.1,-0.34,7,42.86,-1,0,0,-1,0,0,0,0,0,0,0,0,0,0,0,0,0,0,7,7,0,17.4,22.27,-14.96,-9.26,261.54,0.21,33.04,1.22,5.27,--,0,2.56
6664,群翊,391.5,392,392,-16.5,-4.04,570,41.78,-1,-2,-26,-29,180,229,-49,-0.08,-86,0,143,170,59,0.23,0.37,102,137,-35,342,259,83,26.96,237.44,0.41,9.66,2691.19,3.73,48.23,5.58,2.6,11.4,1734,6.11
6666,羅麗芬-KY,41.45,41.6,41.6,-0.75,-1.77,37,65.71,-4,0,0,-4,0,0,0,0,0,0,0,0,0,0,0,0,0,0,37,37,0,19.26,114.47,12.5,12.25,1104.81,0.32,64.52,0.6,4.81,2.26,268,4.74
6667,信紘科,271,271.5,271.5,3,1.12,873,52.4,98,0,4,102,320,247,73,0.08,159,159,148,148,0,0.34,0.16,251,269,-18,334,390,-56,19.72,477.83,-29.1,-2.14,6516.09,3.63,23.98,7.07,4.31,12.29,1514,4.93
6668,中揚光,36,36.05,36.05,-2.95,-7.56,551,26.51,-110,0,0,-110,0,41,-41,-0.07,-41,0,0,0,41,0,0.07,35,54,-19,519,459,60,--,101.54,29.19,10.19,1217.26,-0.62,11.27,-3.08,0,15.3,3053,10.71
6669,緯穎,5275,5285,5275,-385,-6.8,1723,44.14,-391,26,-48,-413,1783,1883,-100,-0.05,-787,0,1096,1166,717,0.57,0.98,45,17,28,101,29,72,17.68,84050.47,1.59,18.16,1088361.95,75.95,7.55,10.66,3.12,4.33,2010,18.59
6670,復盛應用,270,271,270,-6,-2.17,271,41.13,49,-7,10,52,164,168,-4,-0.01,-4,0,164,168,0,0.59,0.61,62,45,17,51,64,-13,13.1,2882.1,4.37,32.03,31158.91,6.96,24,5.3,5.93,1.28,446,13.94
6671,三能-KY,26.6,26.85,26.6,-0.3,-1.12,63,36.51,-16,0,-4,-20,0,0,0,0,0,0,0,0,0,0,0,0,0,0,65,65,0,11.77,131.33,-29.5,-26.08,1894.33,0.26,38.66,0.89,4.51,0.23,35,6.08
6672,騰輝電子-KY,217,217.5,217,-2,-0.91,3348,55.47,207,0,-42,165,1561,1754,-193,-0.06,-376,0,1378,1522,232,0.4,0.51,366,343,23,1523,1353,170,39.24,530.4,4,34.99,4762.11,1.73,34.02,3.39,1.54,29.77,6016,8.08
6674,鋐寶科技,17.15,17.25,17.2,-1.2,-6.52,44,27.27,-12,0,0,-12,0,0,0,0,0,0,0,0,0,0,0,0,0,0,44,44,0,--,42.96,-40.73,8.59,543.68,-1.04,15.29,-7.97,0,1.69,290,6.86
6679,鈺太,262,263,262,-19,-6.76,562,41.86,3,12,-57,-42,257,279,-22,-0.04,-100,0,179,131,148,0.31,0.49,153,177,-24,164,117,47,31.95,180.73,-3.75,7.37,2021.38,3.7,51.94,3.58,2.48,16.8,2309,5.5
6680,鑫創電子,53.4,54.3,54.5,0,0,6,50,-2,0,0,-2,0,0,0,0,0,0,0,0,0,0,0,0,0,0,6,6,0,--,46.29,-0.31,23.98,611.71,0.08,32.39,0.35,0.55,--,0,2.4
6683,雍智科技,1495,1500,1495,-115,-7.14,916,36.9,164,0,-40,124,926,947,-21,-0.02,-272,0,675,692,255,0.69,0.96,6,12,-6,52,24,28,84.7,202.71,-6.83,12.31,2406.3,6.23,48.8,6.04,0.6,30.24,2083,2.76
6684,安格,47.3,47.35,47.3,-1.65,-3.37,883,43.97,-183,0,-2,-185,0,49,-49,-0.05,-49,0,0,0,49,0,0.05,21,0,21,888,860,28,--,38.97,49.38,41.3,318.29,0.01,60.23,0.05,0,12.34,1374,4.46
6689,伊雲谷,71.2,71.3,71.2,-2.3,-3.13,541,52.81,113,0,1,114,0,105,-105,-0.19,-105,0,0,0,105,0,0.19,85,19,66,464,425,39,31.5,1023.84,-0.91,-11.23,12146,0.53,9.88,1.07,2.81,9.28,1578,6.8
6690,安碁資訊,173.5,174.5,174,-8,-4.4,161,44.08,43,0,0,43,10,26,-16,-0.1,-16,0,10,26,0,0.06,0.15,41,45,-4,117,97,20,16.38,208.27,-1.62,10.02,2586.01,2.27,37.48,2.24,5.17,1.05,79,3
6691,洋基工程,616,617,617,-25,-3.89,699,49.85,-114,0,-10,-124,488,581,-93,-0.13,-103,0,478,566,15,0.65,0.79,214,139,75,33,14,19,23.03,2858.88,1.81,66.7,26526.84,7.19,18.39,12.8,3.57,4.97,1508,12.15
6692,進能服,25.4,25.95,25.7,-0.05,-0.19,40,66.67,-3,0,0,-3,0,0,0,0,0,0,0,0,0,0,0,0,0,0,43,43,0,--,54.87,-8.42,-24.04,820.67,-0.92,-22.44,-5.13,0.78,2.8,412,5.88
6693,廣閎科,164.5,165,165,7,4.43,2962,60.41,178,0,176,354,1226,986,240,0.08,796,958,189,215,136,0.38,0.12,526,584,-58,1249,1431,-182,123.13,213.79,4.61,115.16,1823.79,1.17,28.75,4.76,0.36,34.18,3907,4.57
6695,芯鼎,49.5,49.7,49.5,-3.3,-6.25,1178,39.78,-117,0,4,-113,84,23,61,0.05,29,0,52,23,0,0.04,0.02,169,193,-24,941,978,-37,--,76.3,-12.56,-24.96,1111.04,-0.68,37.88,-4.26,0,15.75,3404,10.67
6697,東捷資訊,41.85,42.05,41.85,-0.95,-2.22,22,47.37,3,0,0,3,0,0,0,0,0,0,0,0,0,0,0,0,0,0,23,23,0,14.09,98.69,-4.98,-7.05,1373.89,0.79,12.94,3.64,6.21,1.16,79,2.73
6698,旭暉應材,--,41.2,41.2,-4.55,-9.95,1356,17.34,-63,0,0,-63,57,335,-278,-0.2,-335,0,0,32,303,0,0.24,233,180,53,1097,872,225,--,45.75,-10.36,-44.63,1101.69,-0.35,20.56,-1.32,1.21,13.44,2230,6.64
6703,軒郁,108,109,108,-2,-1.82,118,42.86,20,0,0,20,10,30,-20,-0.16,-20,0,10,30,0,0.08,0.24,18,23,-5,96,71,25,10.61,307.75,-11.43,16.78,3453.8,1.87,63.05,4.58,8.15,0.92,76,3.3
6706,惠特,173,173.5,173,-17,-8.95,3157,37.17,169,0,-72,97,1894,2085,-191,-0.06,-846,0,1239,1281,804,0.38,0.64,427,484,-57,947,700,247,--,53.99,-2.72,-41.84,597.12,-0.96,-2.01,-1.98,0,52.68,10344,7.85
6708,天擎,39.45,39.7,39.5,-2,-4.82,113,45.54,-4,0,0,-4,0,0,0,0,0,0,0,0,0,0,0,0,15,-15,113,98,15,--,27.3,21.1,-3.47,263.92,-0.2,50.94,-1.51,0,0.22,16,2.9
6712,長聖,138.5,139,139,-1,-0.71,388,46.63,-35,0,0,-35,210,145,65,0.16,76,21,189,134,0,0.52,0.33,47,75,-28,150,187,-37,29.89,90.61,6.31,25.05,1075.23,1.39,80.24,6.06,2.88,4.4,1120,10.18
6715,嘉基,421,421.5,421,-13,-3,271,49.38,37,0,-1,36,107,83,24,0.08,-34,0,49,27,56,0.17,0.29,52,60,-8,128,143,-15,198.58,118.91,-27.68,-26.01,1692.59,1.02,40.01,1.64,0.48,27.86,4739,6.83
6716,應廣,--,90.9,90.9,-10.1,-10,641,19.54,-89,0,-1,-90,220,373,-153,-0.23,-373,0,0,34,339,0,0.57,103,91,12,331,191,140,25.9,133.9,-23.72,31.66,1314.93,1.59,35.86,6.28,1.76,13.52,1022,3.02
6719,力智,219.5,220,219.5,-19,-7.97,1659,43.31,607,0,-21,586,1030,768,262,0.15,96,0,864,609,159,0.51,0.45,152,267,-115,518,664,-146,24.47,367.03,-4.18,-9.58,4489.58,2.1,41.67,1.56,2.1,17.26,3646,10.55
6720,久昌,149.5,150,150.5,2,1.35,79,49.32,-10,0,-1,-11,10,10,0,0,0,0,10,10,0,0.13,0.13,14,9,5,55,60,-5,54.93,37.52,0.06,-6.37,379.45,0.51,39.8,1.69,2.33,19.36,1463,3.02
6721,信實,58.6,59.5,59.4,-0.4,-0.67,12,33.33,1,0,0,1,0,0,0,0,0,0,0,0,0,0,0,0,0,0,12,12,0,12.45,308.76,0.8,4.78,3695.95,1.48,6.16,4.92,5.56,--,0,2.25
6722,輝創,38.55,39,38.9,-0.75,-1.89,92,31.87,-8,0,8,0,0,0,0,0,0,0,0,0,0,0,0,0,15,-15,93,78,15,15.75,410.16,-7.94,-7.6,--,0.34,20.58,1.22,5.14,--,0,8.84
6725,矽科宏晟,281.5,284,281.5,-18.5,-6.17,266,41.34,22,0,-5,17,56,93,-37,-0.13,-56,0,37,64,29,0.13,0.33,86,75,11,140,114,26,23.66,310.19,-7.07,-14.34,3997.26,2.59,23.31,3.86,2.49,--,0,3.71
6727,亞泰金屬,--,425.5,425.5,-47,-9.95,243,0,0,0,-2,-2,138,228,-90,-0.32,-228,0,0,0,228,0,0.8,33,18,15,114,37,77,50.06,161.08,-15.81,51.15,2118.47,2.94,25.42,5.46,1.06,69.92,4699,2.69
6728,上洋,110,110.5,109.5,-3,-2.67,28,22.22,0,0,0,0,0,10,-10,-0.34,-10,0,0,10,0,0,0.34,0,0,0,29,19,10,12.1,382.28,-34.6,-19.86,4693.17,1.97,36.94,2.92,5.94,1.85,139,3.01
6730,常廣,34.25,35.6,35,-1,-2.78,3,100,0,0,1,1,0,0,0,0,0,0,0,0,0,0,0,0,0,0,3,3,0,18.72,39.18,4.37,-5.19,484.36,0.44,47.97,2.13,4.29,--,0,3.63
6732,昇佳電子,159,160,159.5,-4,-2.45,165,46.79,-40,0,0,-40,18,0,18,0.1,18,0,18,0,0,0.1,0,23,36,-13,137,142,-5,25.16,316.08,-11.31,-32.14,4281.96,2.19,22.02,2.58,3.45,5.66,692,4.89
6733,博晟生醫,25.9,26.05,25.9,-0.65,-2.45,179,53.67,20,0,1,21,0,0,0,0,0,0,0,0,0,0,0,0,25,-25,181,156,25,--,16.01,-18.33,-14.54,227.26,-0.13,72.37,-1.9,0,--,0,13.43
6735,美達科技,94.2,94.7,94.3,-6.2,-6.17,412,40.31,48,0,0,48,28,45,-17,-0.04,-32,0,13,12,33,0.03,0.11,42,69,-27,351,307,44,168.39,37.5,7.22,155.08,410.54,0.29,48.4,1.39,0.74,6.51,752,4.62
6739,竹陞科技,1160,1170,1160,-60,-4.92,322,52,123,-30,-1,92,324,329,-5,-0.01,-50,0,279,284,45,0.8,0.94,2,2,0,24,18,6,60.76,120.18,9.02,99.26,1057.1,5.76,68.38,14.31,1.12,19.17,1121,2.34
6741,91APP*-KY,62.8,63,63,-1.4,-2.17,320,51.34,89,0,1,90,19,0,19,0.06,19,0,19,0,0,0.06,0,46,48,-2,258,275,-17,15.04,173.44,-7.79,31.91,1977.79,1.15,74.2,4.23,3.25,5.15,1551,6.03
6742,澤米,54.5,54.6,54.5,-3.5,-6.03,1450,33.03,148,0,-4,144,241,179,62,0.05,-118,0,61,22,157,0.05,0.13,209,306,-97,1034,998,36,--,30.7,6.7,-49.51,441.16,-0.35,-8.87,-1.96,0,14.37,2561,7.13
6743,安普新,29.6,29.65,29.6,-0.65,-2.15,389,33.78,-30,0,-4,-34,0,0,0,0,0,0,0,0,0,0,0,0,44,-44,391,347,44,36.54,454.14,11.27,11.82,5506.17,-0.19,18.69,-1.03,10.14,1.55,580,15
6751,智聯服務,48,48.25,48.2,-1.5,-3.02,32,19.35,-6,0,0,-6,0,0,0,0,0,0,0,0,0,0,0,0,0,0,33,33,0,9.29,153.58,41.84,-6.4,1639.93,0.3,10.81,0.82,6.22,2.25,125,2.22
6752,叡揚,99.7,100.5,100.5,-3,-2.9,80,52.05,0,0,1,1,0,0,0,0,0,0,0,0,0,0,0,0,0,0,82,82,0,13.47,165.16,2.91,9.52,2052.22,1.39,46.36,3.79,4.78,5.35,497,3.71
6753,龍德造船,119.5,120,120,-3,-2.44,742,48.63,-55,0,-36,-91,265,381,-116,-0.15,-125,0,256,351,30,0.34,0.5,144,84,60,355,299,56,16.88,488.02,4.16,49.52,5495.92,2.7,33.1,6.53,1.04,15.99,4687,11.73
6754,匯僑設計,45,45.3,45,-0.6,-1.32,52,6.12,-31,0,0,-31,30,23,7,0.13,0,0,0,0,0,0,0,0,0,0,22,29,-7,13.89,260.62,4.07,-19.57,3351.39,0.12,22.86,0.37,7.78,0.78,129,6.6
6756,威鋒電子,91.4,91.8,91.4,-3.9,-4.09,357,41.06,-47,0,3,-44,13,45,-32,-0.09,-32,0,13,30,15,0.04,0.12,59,43,16,291,275,16,60.13,182.33,8.28,21,1622.53,0.64,44.61,1.3,0.98,4.75,831,7
6757,台灣虎航,52.2,52.3,52.2,-2.2,-4.04,6363,24.22,1479,-3370,12,-1879,3882,5200,-1318,-0.21,-5140,0,60,96,5104,0.01,0.81,627,471,156,1915,752,1163,8.39,1651.86,-7.69,26.46,18153.77,2.91,40.68,17.97,4.64,3.02,3464,45.95
6761,穩得,216,217,216.5,-2.5,-1.14,1164,48.57,16,0,-11,5,359,497,-138,-0.12,-212,0,285,363,134,0.24,0.42,215,195,20,614,497,117,31.47,174.44,-1.59,-4.63,1884.58,1.6,38.3,3.25,2.77,37.87,3309,3.5
6762,達亞,161,167,164,-8.5,-4.93,10,44.44,-1,0,0,-1,0,0,0,0,0,0,0,0,0,0,0,4,0,4,6,10,-4,--,70.45,17.12,13.01,664.5,-0.38,15.53,-1.04,0.61,--,0,3.52
6763,綠界科技*,48.95,49,49,-1.4,-2.78,5393,51.03,-673,-1,12,-662,991,1892,-901,-0.17,-970,73,637,799,881,0.13,0.31,717,871,-154,3715,2660,1055,11.81,158.53,2.86,14.47,1831.98,0.55,41.94,3.3,6.12,5.14,2363,1.84
6767,台微醫,25.3,26.5,25.7,0,0,7,14.29,0,0,0,0,0,0,0,0,0,0,0,0,0,0,0,0,0,0,7,7,0,--,28.56,-9.62,13.94,315.93,0.09,79.15,0.59,0,--,0,3.92
6768,志強-KY,95,95.1,95,-0.5,-0.52,883,56.52,8,-6,-5,-3,233,118,115,0.13,115,0,233,103,15,0.26,0.13,93,103,-10,573,678,-105,17.99,2124.9,-13.18,5.92,19841.94,1.2,16.54,1.57,5.43,3.05,1526,20.01
6770,力積電,67.5,67.6,67.5,-7.1,-9.52,98435,36.51,-1303,31,-2759,-4031,83549,90000,-6451,-0.07,-65213,0,24787,31851,58149,0.29,1.04,7745,4449,3296,9186,6032,3154,38.14,5770.37,14.36,58.86,52560.79,3.36,10.23,15.94,0,12.59,134732,428.77
6776,展碁國際,60,60.1,60.1,-1.1,-1.8,486,52.55,14,0,0,14,20,20,0,0,0,0,20,0,20,0.04,0.04,92,95,-3,380,377,3,14.95,3077.92,0.6,52.06,32604.77,1.14,6.26,3.58,4.99,4.3,984,9.16
6781,AES-KY,1060,1065,1060,-75,-6.61,1418,36.31,82,0,-46,36,1441,1498,-57,-0.04,-576,0,922,968,530,0.6,0.98,9,6,3,81,26,55,27.09,1600.46,5.12,20.86,17584.91,10.64,36.1,5.21,1.8,15.52,3315,8.54
6782,視陽,200,200.5,200.5,0,0,330,55.87,114,0,1,115,150,110,40,0.12,27,12,119,87,17,0.39,0.31,87,97,-10,99,129,-30,13.53,444.83,19.81,22.78,4549.17,3.82,45.82,5.55,4.19,3.15,496,6.3
6785,昱展新藥,117.5,119.5,119.5,0,0,128,46.09,9,0,-2,7,9,0,9,0.07,9,9,0,0,0,0.07,0,7,16,-9,115,115,0,--,1,--,-20.19,2.75,-0.53,100,-1.47,0.08,6.5,1085,6.68
6788,華景電,441,442,441,10.5,2.44,3153,53.05,-68,20,41,-7,1487,1493,-6,0,909,1058,315,353,111,0.42,0.14,490,519,-29,1322,1286,36,23.85,231.19,11.72,1.32,2667.56,4.49,60.33,6.6,3.4,33.81,3274,3.87
6789,采鈺,487,487.5,487.5,-25.5,-4.97,2584,54.15,270,38,-16,292,1482,1528,-46,-0.02,-299,0,1229,1230,298,0.44,0.55,355,405,-50,930,835,95,104.84,774.04,-5.89,-0.62,9107.16,1.5,32.24,2.55,0.62,11.23,8934,31.83
6790,永豐實,39.25,39.3,39.25,-0.5,-1.26,234,45.07,44,0,0,44,0,40,-40,-0.17,-40,0,0,40,0,0,0.17,28,20,8,210,178,32,12.79,967.87,1.69,8.38,10648.74,0.83,28.55,3.74,6.75,0.47,316,26.71
6791,虎門科技,102.5,103.5,103,-10,-8.85,265,9.24,4,0,0,4,65,184,-119,-0.44,-184,0,0,0,184,0,0.68,37,33,4,167,52,115,21.06,68.84,-8.17,8.92,831.7,1.64,41.69,6.71,3.4,3.22,168,2.08
6792,詠業,67.7,67.9,67.9,-4.9,-6.73,169,31.71,20,0,1,21,0,0,0,0,0,0,0,0,0,0,0,0,22,-22,170,148,22,30.72,130.46,5.95,16.29,1348.48,0.53,32.24,1.67,3.68,2.99,358,4.79
6794,向榮生技,81.8,82,81.9,-0.9,-1.09,40,64.1,-2,0,0,-2,0,0,0,0,0,0,0,0,0,0,0,11,9,2,29,31,-2,--,1.43,-24.76,52.41,23.43,-0.36,62.77,-2.7,0,2.11,255,6.37
6796,晉弘,59.5,60.3,59.6,-1.4,-2.3,43,25.58,-13,0,1,-12,0,0,0,0,0,0,0,0,0,0,0,0,0,0,45,45,0,--,53.97,-10.56,24.4,685.74,-0.32,36.54,-1.57,0.42,4.86,489,4.02
6799,來頡,90.1,90.6,90.1,-6.9,-7.11,739,32.19,-86,0,-30,-116,0,124,-124,-0.17,-124,0,0,12,112,0,0.17,127,140,-13,622,485,137,24.96,84.63,-8.89,2.88,973.09,1.14,46.82,3.03,2.77,22.04,2405,4.37
6803,崑鼎,286,286.5,286.5,-2.5,-0.87,149,33.11,-19,0,0,-19,45,68,-23,-0.15,-68,0,0,0,68,0,0.43,47,58,-11,66,32,34,15.55,834.51,16.5,-4.27,9681.7,4.54,19.82,4.87,5.52,0.14,26,7.28
6804,明係,16.1,16.2,16.1,-0.25,-1.53,63,60.38,4,0,1,5,0,0,0,0,0,0,0,0,0,0,0,0,0,0,64,64,0,--,118.49,-22.7,34.25,1448.68,0.17,8.21,0.63,3.11,3.46,411,4.75
6805,富世達,1895,1900,1895,-55,-2.82,1231,51.3,174,-99,-14,61,1254,1257,-3,0,-45,0,1212,1215,42,0.94,0.97,4,11,-7,33,23,10,48.37,1180.34,-12.77,37.22,15168.59,13.38,32.31,12.55,0.66,13.16,2255,6.86
6806,森崴能源,5.3,5.35,5.3,-0.34,-6.03,3653,41.42,-19,0,0,-19,1227,0,1227,0.33,0,0,0,0,0,0,0,212,494,-282,2298,3244,-946,--,1052.47,-63.83,-23.04,23685.83,-6.73,44.85,152.74,0,--,0,27.46
6807,峰源-KY,33.2,33.7,33.5,-0.3,-0.89,9,55.56,-2,0,0,-2,0,0,0,0,0,0,0,0,0,0,0,0,0,0,9,9,0,9.82,292.99,-0.93,-20.16,3732.31,0.63,17.27,1.32,7.46,1.1,149,5.4
6811,宏碁資訊,226.5,227,227,-11.5,-4.82,389,54.86,139,0,-1,138,140,186,-46,-0.12,-52,0,134,186,0,0.34,0.47,107,64,43,153,149,4,14.99,575.23,-34.96,30.52,10387.34,4.8,12.37,8.86,4.63,3.13,324,4.14
6821,聯寶,64,64.1,64,-4,-5.88,388,44.16,10,0,2,12,29,16,13,0.04,-16,0,0,16,0,0,0.05,71,116,-45,293,261,32,59.26,54.04,-8.58,19.74,558.67,0.32,36.42,1.54,1.7,24.48,2011,3.43
6823,濾能,68.9,70,70,-0.2,-0.28,175,62.2,20,0,0,20,0,0,0,0,0,0,0,0,0,0,0,8,29,-21,168,147,21,--,63.26,-7.34,51.37,669.07,-2.46,-13.63,-14.13,0,11.54,801,3.05
6829,千附精密,199,200.5,199.5,-2.5,-1.24,796,42.22,26,0,-6,20,143,232,-89,-0.11,-125,0,107,148,84,0.13,0.28,238,195,43,439,393,46,47.61,179.95,5.74,37.24,2085.47,1.63,26.19,4.86,1.75,8.68,1284,5.92
6830,汎銓,--,562,562,-62,-9.94,250,0,6,4,-5,5,185,313,-128,-0.33,-313,0,0,0,313,0,0.8,132,44,88,76,36,40,--,217.11,2.52,19.42,2363.63,-0.61,21.58,-1.02,0.18,35.26,4711,5.34
6831,邁科,715,716,715,-24,-3.25,932,40.11,77,25,9,111,680,658,22,0.02,-10,0,648,628,30,0.67,0.68,260,284,-24,27,25,2,145.33,330.28,54.97,-10.76,3882.36,0.66,18.2,1.62,0.42,--,0,6.75
6834,天二科技,68.2,69,68.2,-1.8,-2.57,828,34.57,49,0,-10,39,267,456,-189,-0.23,-255,130,17,117,285,0.17,0.48,144,89,55,429,295,134,111.8,189.98,5.9,58.67,1613.93,0.45,23.04,2.74,0.59,14.58,3224,8.85
6835,圓裕,37.45,37.6,37.45,-1.1,-2.85,215,44.76,-83,0,0,-83,0,0,0,0,0,0,0,0,0,0,0,0,0,0,216,216,0,288.08,222.74,4.69,-4.9,2345.65,0.05,16.58,0.19,2.67,5.01,829,6.62
6838,台新藥,25.2,25.25,25.2,0,0,166,42.86,15,0,1,16,0,0,0,0,0,0,0,0,0,0,0,0,21,-21,167,146,21,--,2.35,--,-50.71,51.91,-0.1,86.94,-1.05,0,--,2797,15.1
6840,東研信超,65.2,66,65.8,-3.7,-5.32,110,52.04,0,0,-1,-1,0,0,0,0,0,0,0,0,0,0,0,10,8,2,102,104,-2,43.87,90.23,2.93,16.92,946.99,0.12,40.2,0.34,1.52,5.69,438,3.08
6841,長佳智能,63,63.1,63,2.3,3.79,1983,55.77,145,0,37,182,238,52,186,0.09,238,238,0,0,0,0.12,0,295,230,65,1478,1729,-251,66.32,37.17,12.59,12.85,381.11,0.26,70.05,0.98,1.59,8.63,2055,9.52
6843,進典,40.3,41.15,40.5,-1.3,-3.11,19,42.11,-4,0,0,-4,0,0,0,0,0,0,0,0,0,0,0,0,0,0,19,19,0,19.85,65.28,3.94,9.95,843.2,0.4,39.5,1.32,4.94,1.21,101,3.33
6844,諾貝兒,62.8,63.8,63.8,-0.7,-1.09,39,46.15,0,0,0,0,0,0,0,0,0,0,0,0,0,0,0,11,11,0,28,28,0,24.54,309.68,13.37,0.14,3424.08,1.57,34.64,1.87,6.27,--,0,3.74
6846,綠茵,66.8,68.6,68.8,0.6,0.88,8,100,2,0,0,2,0,0,0,0,0,0,0,0,0,0,0,0,0,0,8,8,0,14.07,64.25,-35.35,-0.08,880.6,1.15,48.69,3.31,5.73,--,0,2.71
6855,數泓科,129,129.5,129.5,-0.5,-0.38,48,54.35,2,0,0,2,0,0,0,0,0,0,0,0,0,0,0,9,27,-18,40,22,18,18.63,51.07,8.76,15,597.04,2.03,48.75,5.41,4.25,--,0,2.32
6856,鑫傳,46.15,48.5,48.1,-0.9,-1.84,41,31.71,0,0,0,0,0,0,0,0,0,0,0,0,0,0,0,0,11,-11,41,30,11,17.68,63.68,19.55,0.01,767.86,0.56,67.84,1.57,6.24,--,0,2.82
6859,伯特光,125,125.5,125,-7,-5.3,149,51.82,16,0,1,17,60,52,8,0.05,-22,0,30,22,30,0.2,0.34,11,15,-4,81,85,-4,63.45,57.09,-4.49,-39.03,754.79,1.01,27.61,1.97,1.6,6.81,708,4.16
6861,睿生光電,341.5,342,341.5,-10,-2.84,840,58.01,245,0,0,245,410,354,56,0.06,-71,0,283,222,132,0.33,0.41,181,214,-33,273,295,-22,69.41,262.16,-4.43,39.71,2622.59,2.12,26.26,5.86,0.59,28.96,3012,4.16
6862,三集瑞-KY,191,191.5,191.5,-13,-6.36,2014,49.45,373,0,-67,306,842,910,-68,-0.03,-217,0,693,679,231,0.34,0.44,363,456,-93,855,693,162,31.39,141.44,-21.78,-49.12,1990.02,1,32.55,1.64,2.61,13.63,1704,5
6863,永道-KY,99,99.4,99,-5,-4.81,113,52.58,18,0,-1,17,0,0,0,0,0,0,0,0,0,0,0,0,6,-6,121,115,6,90.83,522.6,18.58,45.6,4128.65,0.61,19.32,0.76,1.52,5.25,982,7.49
6865,偉康科技,27.1,28.4,27.8,-1.15,-3.97,11,55.56,1,0,0,1,0,0,0,0,0,0,0,0,0,0,0,0,0,0,11,11,0,163.53,15.13,-24.52,-48.75,344.38,-1.12,35.28,-4.75,5.04,7.68,304,1.58
6869,雲豹能源,80.8,80.9,80.9,-3,-3.58,767,55.45,75,0,-2,73,42,0,42,0.05,42,0,42,0,0,0.05,0,163,151,12,581,635,-54,--,537.32,-28,-61.48,7280.25,-0.99,19.49,-1.92,2.47,9.35,3222,13.78
6870,騰雲,274,274.5,274.5,-11,-3.85,204,45.55,-19,0,-1,-20,15,14,1,0,1,0,15,14,0,0.07,0.07,53,68,-15,149,135,14,36.45,85.89,5.11,81.46,897.84,1.1,66.29,1.88,1.91,14.36,839,2.34
6872,浩宇生醫,16.75,16.85,16.8,-0.3,-1.75,57,22.81,5,0,0,5,0,0,0,0,0,0,0,0,0,0,0,0,0,0,57,57,0,--,1.3,-92.3,226.32,28.51,-0.41,56,-5.06,0,--,0,7.08
6873,泓德能源,87,87.3,87,-6,-6.45,738,38.16,-163,0,-20,-183,51,58,-7,-0.01,-7,0,51,58,0,0.07,0.08,60,175,-115,653,531,122,27.1,430.74,-45.36,-35.55,8505.48,0.25,40.47,0.28,2.87,11.66,4034,14.26
6874,倍力,80.9,81.4,81.7,-0.9,-1.09,28,70.37,3,0,0,3,0,0,0,0,0,0,0,0,0,0,0,0,0,0,28,28,0,20.63,98.29,-44.86,45.69,1826.41,1.95,9.56,8.57,4.9,4.69,258,2.2
6875,國邑*,34.25,34.45,34.25,-0.7,-2,175,42.86,17,0,0,17,0,0,0,0,0,0,0,0,0,0,0,34,15,19,143,162,-19,--,0,-100,--,69.06,-0.73,18.42,-6.23,0,--,0,6.46
6877,鏵友益,140,142,142,-10,-6.58,396,44.44,18,0,-1,17,233,200,33,0.08,-142,0,58,50,150,0.14,0.5,22,66,-44,150,139,11,--,23.49,-2.62,-54.83,368.78,-0.65,47.74,-3.44,0.35,82.06,8231,4.7
6881,潤德,265,268,268,-1,-0.37,1,100,0,0,0,0,0,0,0,0,0,0,0,0,0,0,0,0,0,0,1,1,0,12.9,215.94,0.38,7.9,2548.82,5.23,21.09,8.33,6.9,--,0,1.5
6884,海柏特,33.85,34.5,33.9,-0.8,-2.31,14,38.46,0,0,0,0,0,0,0,0,0,0,0,0,0,0,0,0,0,0,14,14,0,18.13,119.55,4.6,39.11,1292.6,0.42,19.74,2.37,4.42,--,0,1.84
6885,全福生技,25.3,25.4,25.4,-1.15,-4.33,1250,43.61,-172,0,12,-160,0,111,-111,-0.09,-111,0,0,67,44,0,0.09,191,159,32,1063,984,79,--,0.82,7.31,-27.89,8.63,-0.5,-11.34,-4.43,0,7.31,2431,13.3
6887,寶綠特-KY,34.4,34.5,34.4,-0.55,-1.57,21,4.76,-12,0,-2,-14,0,0,0,0,0,0,0,0,0,0,0,0,0,0,21,21,0,14.51,298.28,-17.62,-13.11,4165.54,-0.62,23.81,-1.56,7.03,6.13,1137,7.42
6890,來億-KY,249,249.5,249.5,7,2.89,5443,67.46,-798,1660,17,879,3719,3207,512,0.09,2363,2298,1350,1203,82,0.66,0.23,487,715,-228,1308,1592,-284,24.68,4211.25,51.51,-9.23,36561.41,0.75,11.65,0.66,3.61,2.78,1736,24.94
6894,衛司特,359,360,359,-25,-6.51,208,43.72,14,0,-12,2,43,72,-29,-0.13,-55,0,17,14,58,0.08,0.33,48,44,4,130,105,25,27.87,193.67,1.08,92.7,1755.31,4.5,35.82,6.43,2.37,7.55,449,2.38
6895,宏碩系統,170,171.5,170,0.5,0.29,696,52.19,-47,0,3,-44,107,129,-22,-0.03,25,48,22,18,27,0.1,0.06,166,175,-9,433,403,30,52.47,28.32,-10.46,-47.95,816.77,0,24.37,-0.01,1.71,12.83,1094,3.41
6899,創為精密,62.2,62.7,62.3,0.1,0.16,138,41.41,-21,0,0,-21,0,0,0,0,0,0,0,0,0,0,0,0,0,0,140,140,0,17.31,92.61,5.13,-14.22,1165.8,1.08,41.57,2.44,4.49,2.16,229,4.24
6901,鑽石投資,15.7,--,15.7,1.4,9.79,7733,93.38,1751,0,16,1767,4506,4100,406,0.05,4506,4506,0,0,0,0.58,0,874,713,161,2374,2942,-568,--,692.72,22.34,407.46,866.13,-0.42,--,-3.94,0,1.93,4112,85.34
6902,GOGOLOOK,137.5,138,138,-5,-3.5,273,40.15,52,0,0,52,46,51,-5,-0.02,-41,0,10,0,51,0.04,0.19,80,82,-2,149,142,7,47.1,98.84,-8.37,21.15,1129.1,1.64,89.08,7.97,0,5.91,522,3.55
6903,巨漢,385,385.5,385.5,-7.5,-1.91,771,45.42,-97,0,-11,-108,295,364,-69,-0.08,-93,0,271,342,22,0.33,0.45,134,136,-2,386,316,70,23.77,697.78,-4.99,297.05,5632.09,6.72,31.43,12.68,2.2,12.18,2030,6.67
6904,伯鑫,116.5,118,--,--,--,0,--,0,0,0,0,0,0,0,--,0,0,0,0,0,--,--,0,0,0,0,0,0,19.5,90.62,42.58,11.51,851.7,1.83,29.49,3.22,4.24,--,0,1.85
6906,現觀科,93,93.9,93.9,-7.1,-7.03,260,65.11,25,0,3,28,13,137,-124,-0.47,-124,0,13,122,15,0.05,0.52,20,32,-12,231,95,136,49.16,23.52,7.48,0.56,348.96,0.6,86.23,2.63,1.92,7.85,658,3.35
6907,雅特力-KY,--,152.5,152.5,-16.5,-9.76,9069,46.68,609,0,15,624,4582,5227,-645,-0.07,1778,2389,1782,1909,484,0.45,0.26,1466,1417,49,3122,2526,596,59.34,307.28,7.17,76.42,2235.8,1.16,35.11,5.35,0.66,--,0,6.25
6909,創控,45.9,46,46,-2.05,-4.27,659,51.89,103,0,0,103,0,30,-30,-0.05,-30,0,0,0,30,0,0.05,25,27,-2,640,608,32,56.79,36.78,-25.64,54.78,535.13,0.07,57.49,0.46,2.17,13.86,2329,6.72
6910,德鴻,28.7,29,28.7,-1.3,-4.33,36,42.86,1,0,0,1,0,0,0,0,0,0,0,0,0,0,0,0,0,0,36,36,0,16.31,36.97,11.47,10.44,--,0.27,52.79,1.8,6.1,--,0,3.05
6913,鴻呈,129,130.5,130,-4,-2.99,361,46.52,9,5,-21,-7,62,28,34,0.09,9,0,37,9,19,0.1,0.08,109,106,3,201,238,-37,26.97,291.04,-3.93,35.27,2903.75,1.58,29.19,4.28,1.92,13.3,1458,4.38
6914,阜爾運通,140,140.5,140,-3.5,-2.44,140,36.36,-8,0,-1,-9,20,66,-46,-0.31,-56,0,10,41,25,0.07,0.44,37,29,8,93,54,39,14.31,476.23,-3.9,6.82,5830.16,2.34,21.98,4.34,5.71,2.13,352,6.62
6916,華凌,18.65,18.75,18.75,-1.7,-8.31,197,37.16,-22,0,0,-22,0,0,0,0,0,0,0,0,0,0,0,0,0,0,198,198,0,--,219.84,10.53,44.12,2102.2,-0.49,20.12,-3.13,0,3.01,508,6.75
6918,愛派司,73.1,73.2,73,-1.2,-1.62,65,70,22,0,-2,20,0,15,-15,-0.23,-15,0,0,15,0,0,0.23,14,8,6,51,42,9,14.57,78.88,-7.06,27.18,884.75,1.39,66.23,3.96,6.85,0.74,64,3.46
6919,康霈*,91.4,91.5,91.5,-4.5,-4.69,5347,44.03,-302,-1,-12,-315,2465,2771,-306,-0.06,-468,0,2303,2619,152,0.42,0.51,759,903,-144,2247,1796,451,--,3.57,178200,-70.8,29.39,-0.07,50,-1.15,0,--,0,7.79
6922,宸曜,197,197.5,197.5,13,7.05,1388,69.34,190,0,-18,172,579,529,50,0.04,579,579,0,0,0,0.41,0,290,240,50,536,635,-99,27.93,220.53,22.42,87.84,1877.95,2.6,40.3,6.9,2.45,4.66,316,2.72
6923,中台,77.2,77.3,77.2,-1.5,-1.91,156,57.42,44,0,0,44,0,0,0,0,0,0,0,0,0,0,0,15,21,-6,141,135,6,25.15,118.84,15.87,31.98,1196.63,0.84,30.85,2.88,3.92,8.64,1976,9.15
6925,意藍,79.5,79.7,79.5,3.3,4.33,2119,45.08,-218,0,-5,-223,150,116,34,0.02,98,98,0,0,0,0.05,0,160,275,-115,1827,1746,81,27.89,16.77,5.81,6.88,213.97,0.39,75.45,1.98,2.52,7.96,398,2
6928,攸泰科技,44.1,44.2,44.1,-2.5,-5.36,147,48.2,13,0,0,13,0,0,0,0,0,0,0,0,0,0,0,0,0,0,149,149,0,--,130.53,-24.77,-20.37,1870.06,-0.04,27.99,-0.16,0,4.01,863,8.6
6929,佑全,23.4,24.45,24.45,-1.05,-4.12,19,29.41,-2,0,0,-2,0,0,0,0,0,0,0,0,0,0,0,0,0,0,19,19,0,--,262.34,-3.55,-0.78,3218.76,-0.21,33.17,-0.93,0,--,0,4.51
6931,青松健康,40.5,40.8,40.65,-0.65,-1.57,64,53.23,5,0,0,5,0,0,0,0,0,0,0,0,0,0,0,0,0,0,66,66,0,21.06,105.74,-3.7,12.72,1180.21,0.49,15.24,2.86,1.18,0.84,139,6.62
6933,AMAX-KY,155,156,155,-12.5,-7.46,259,33.91,3,0,-2,1,20,49,-29,-0.11,-49,0,0,7,42,0,0.18,39,57,-18,207,160,47,26.01,665.14,-13.87,50.74,7083.29,1.1,13.68,1.99,1.61,7.07,749,4.24
6934,心誠鎂,70.8,73.8,73.8,2.2,3.07,135,52.59,23,0,-1,22,0,0,0,0,0,0,0,0,0,0,0,8,0,8,128,136,-8,--,0.02,-99.51,-98.81,--,-1.43,-446.32,-11.66,0,--,0,3.61
6936,永鴻生技,34.2,34.3,34.3,-0.25,-0.72,47,38.64,-9,0,0,-9,0,0,0,0,0,0,0,0,0,0,0,0,0,0,48,48,0,18.15,126.13,-4.63,19.27,1492.45,0.6,37.31,3.18,4.4,1.4,254,7.28
6937,天虹,268,268.5,268,-13.5,-4.8,843,26.59,-26,0,-35,-61,446,553,-107,-0.12,-445,0,108,99,454,0.12,0.63,182,134,48,247,188,59,82.97,190.8,24.53,19.92,2425.66,0.96,41.77,1.77,0.52,12.75,2156,6.77
6944,兆聯實業,911,912,911,-28,-2.98,913,36.92,-7,0,-32,-39,591,745,-154,-0.16,-225,0,520,643,102,0.54,0.77,325,202,123,53,23,30,25.63,1517.41,0.28,32.08,18948.56,10.08,27.15,9.16,2.2,5.15,988,7.67
6945,圓祥生技,103,104,104,-1,-0.95,509,51.45,68,0,0,68,112,116,-4,-0.01,-4,0,112,97,19,0.21,0.22,50,94,-44,359,311,48,--,0,--,--,--,-1.05,--,-7.27,0,--,0,9.7
6952,大武山,36.05,36.1,36.05,-0.45,-1.23,18,41.18,-3,0,0,-3,0,0,0,0,0,0,0,0,0,0,0,0,0,0,18,18,0,47.43,191.62,-4.28,17.67,2195.51,0.32,20.66,1.1,0,0.18,31,6.83
6953,家碩,227,231.5,227.5,-9.5,-4.01,113,38.32,5,0,0,5,0,10,-10,-0.08,-10,0,0,5,5,0,0.08,18,10,8,100,98,2,29.51,115.25,32.57,13.75,1356.77,1.26,46.74,2.41,2.64,4.8,360,3
6957,裕慶-KY,191.5,192,191.5,0,0,240,46.33,27,0,0,27,34,68,-34,-0.14,5,19,0,0,14,0.08,0.06,67,50,17,144,127,17,18.36,368.41,-26.61,53.31,4176.73,1.51,30.22,3.03,4.7,7.91,1098,5.55
6958,日盛台駿,16.4,16.45,16.4,-0.5,-2.96,104,32.67,-40,0,-5,-45,0,0,0,0,0,0,0,0,0,0,0,0,0,0,104,104,0,--,829.68,-6.98,-12.86,10400.95,0.2,28.35,0.79,3.05,0.18,178,40.13
6961,旅天下,61.4,61.6,61.5,-0.7,-1.13,123,38.33,1,0,0,1,0,0,0,0,0,0,0,0,0,0,0,0,36,-36,126,90,36,21.58,333.98,-15.85,10.62,--,1.9,16.24,5.3,8.13,--,0,2.68
6962,奕力-KY,33.6,33.65,33.6,-2.45,-6.8,3803,38.59,-451,0,-39,-490,908,1043,-135,-0.04,-334,0,709,788,255,0.18,0.27,478,701,-223,2449,2091,358,23.01,1631.49,-1.73,14.22,18563.09,0.58,27.33,1.38,2.98,8.7,10704,49.24
6965,中傑-KY,80.5,81.7,81.7,0,0,62,70,10,0,0,10,0,0,0,0,0,0,0,0,0,0,0,17,22,-5,46,41,5,50.75,1746.05,-2.19,-0.62,20329.56,-0.64,10.05,-0.76,6.12,0.1,41,15.63
6967,汎瑋材料,68,68.5,68.1,-3.4,-4.76,43,20,-16,0,0,-16,0,0,0,0,0,0,0,0,0,0,0,0,0,0,44,44,0,15.51,129.27,-18.65,9.6,1510.92,1.07,26.72,3.26,5.43,2.81,175,2.49
6968,萬達寵物,42.4,42.5,42.5,-0.95,-2.19,87,56.25,-1,0,0,-1,0,0,0,0,0,0,0,0,0,0,0,0,0,0,89,89,0,17.28,295.29,-1.49,13.72,3383.28,0.96,41.15,3.59,3.53,2.79,310,4.94
6971,惠民實業,26.9,27,27,-0.2,-0.74,77,8,-50,0,0,-50,50,51,-1,-0.01,-51,0,0,0,51,0,0.66,0,0,0,27,26,1,12.22,149.31,-18.48,-6.06,2341.81,0.16,8.83,0.44,5.56,0.42,41,3.87
6982,大井泵浦,59.2,59.3,59.2,-2.2,-3.58,107,41.58,-2,0,0,-2,0,0,0,0,0,0,0,0,0,0,0,0,0,0,108,108,0,--,179.86,11.57,38.67,1736.57,0.1,24.08,0.42,2.7,3.37,343,4.08
6983,華洋精機,351,352,351,-10,-2.77,85,40.79,-6,0,0,-6,12,21,-9,-0.1,-13,0,8,17,4,0.09,0.23,19,19,0,61,52,9,99.72,13.04,-37.76,-31.74,--,0.19,50.46,0.73,0.85,--,0,1.8
6994,富威電力,60.8,61,60.9,-1.8,-2.87,314,53.33,61,0,0,61,17,49,-32,-0.1,-32,0,17,49,0,0.05,0.15,33,27,6,267,241,26,9.95,196.47,-42.68,41.16,5474.9,0.48,19.19,1.26,4.93,15.07,2794,7.42
6996,力領科技,184,184.5,184,-8.5,-4.42,182,35.76,-44,0,0,-44,12,44,-32,-0.17,-32,0,12,9,35,0.07,0.24,35,54,-19,137,86,51,14.24,299.73,4.95,66.14,2938.79,3.27,40.83,5.24,5.43,3.85,404,4.2
6997,博弘,72.6,77.1,77.1,0.5,0.65,3,66.67,0,0,0,0,0,0,0,0,0,0,0,0,0,0,0,0,0,0,3,3,0,56.69,552.32,38.26,56.58,4723.54,-2.31,9.04,-8.52,5.97,--,0,2.21
7402,邑錡,94.7,95.2,94.8,-3.8,-3.85,288,40.93,75,0,0,75,29,65,-36,-0.12,-36,0,29,65,0,0.1,0.22,41,0,41,223,228,-5,--,32.03,-29.19,-38.3,478.22,-0.4,25.71,-2.2,0.53,44.68,3941,3.53
7547,碩網,59.6,60.3,60,-2.5,-4,61,50,1,0,0,1,0,0,0,0,0,0,0,0,0,0,0,0,0,0,62,62,0,24.29,35.7,45.91,37.63,391.72,0.42,41.23,1.42,3,3,252,3.37
7556,意德士,281,283.5,282.5,1,0.36,204,56.68,11,0,6,17,35,45,-10,-0.05,-4,4,23,21,10,0.13,0.15,72,53,19,103,112,-9,37.62,73.39,3.26,16.62,787.07,2.52,39.22,5.06,1.63,7.21,497,2.77
7584,樂意,24.3,24.8,24.9,-1.5,-5.68,18,29.41,-4,0,0,-4,0,0,0,0,0,0,0,0,0,0,0,0,0,0,18,18,0,--,69.71,11.88,-7.84,879.84,-1.23,33.1,-4.46,1.61,0.75,31,1.65
7642,昶瑞機電,76,76.1,76,-0.6,-0.78,62,48.28,7,0,0,7,0,0,0,0,0,0,0,0,0,0,0,12,10,2,51,53,-2,32.9,49.63,35.37,-31.06,679.12,0.5,28.38,1.55,3.95,1.1,83,3.02
7703,銳澤,194,195,194.5,-5.5,-2.75,213,34.03,-65,0,0,-65,70,59,11,0.05,3,0,62,49,10,0.28,0.27,24,46,-22,125,114,11,24.81,257.35,71.9,23.54,2653.32,1.08,20.59,1.76,3.6,7.59,659,3.47
7704,明遠精密,60.2,60.5,60.2,-1.7,-2.75,114,38.1,-12,0,2,-10,0,0,0,0,0,0,0,0,0,0,0,0,0,0,116,116,0,26.4,59.8,-9.48,0.14,686.36,0.7,34.76,2.03,2.99,4.54,383,3.38
7705,三商餐飲,31.7,31.95,31.75,-0.75,-2.31,55,54.72,-9,0,-3,-12,0,0,0,0,0,0,0,0,0,0,0,0,0,0,58,58,0,14.24,488.43,-7.72,1.86,6635.95,0.35,34.58,1.5,5.04,0.63,104,6.61
7708,全家餐飲,91.9,92.4,91.9,-0.4,-0.43,11,81.82,-1,0,0,-1,0,0,0,0,0,0,0,0,0,0,0,0,0,0,11,11,0,13.46,238.51,3.43,15.78,2831.16,1.92,47.64,4.94,5.98,--,0,2.55
7709,榮田,117,117.5,117,5.5,4.93,332,59.46,-28,0,23,-5,82,31,51,0.18,23,9,45,0,31,0.19,0.11,93,42,51,164,266,-102,57.92,89.99,-41.07,54,1104.93,0.37,21.68,0.87,1.28,6.05,591,3.91
7711,永擎,371,371.5,371,-22,-5.6,683,35.03,11,0,0,11,256,372,-116,-0.16,-145,0,227,303,69,0.32,0.52,124,102,22,337,244,93,23.2,1638.02,-53.84,-44.22,27835.61,7.68,12.39,11.24,2.43,3.22,577,7.17
7712,博盛半導體,141,142,141,-9,-6,331,42.02,12,0,19,31,13,61,-48,-0.14,-48,0,13,51,10,0.04,0.18,84,65,19,241,212,29,25.59,131.15,14.02,2.93,1334.58,1.42,35.3,2.4,2.84,16.77,1365,3.26
7713,威力德生醫,69.7,71.3,70.7,-1.2,-1.67,24,79.17,8,0,0,8,0,0,0,0,0,0,0,0,0,0,0,9,12,-3,15,12,3,14.58,114.96,12.34,38.8,1175.25,1.17,34.51,4.44,5.8,--,0,4.55
7714,創泓科技,143,143.5,143,3,2.14,1115,50.23,-29,0,-27,-56,209,248,-39,-0.03,151,164,37,29,21,0.18,0.04,216,259,-43,709,627,82,20.82,144.21,-9.14,-10.1,1813.07,1.58,19.23,6.08,3.5,5.98,314,2.1
7715,裕山,26.8,27,26.85,-0.95,-3.42,72,22.22,-20,0,0,-20,0,0,0,0,0,0,0,0,0,0,0,0,0,0,73,73,0,11.19,105.79,3.55,-8.42,997.48,0.64,28.16,2.3,6.7,3.55,291,3.27
7716,昱臺國際,23.7,25.35,--,--,--,0,--,0,0,0,0,0,0,0,--,0,0,0,0,0,--,--,0,0,0,0,0,0,19.84,164.91,7.78,-7.78,--,0.17,21.26,0.79,6.69,--,0,2.25
7717,萊德光電-KY,559,560,560,-44,-7.28,338,60.84,112,-128,1,-15,187,216,-29,-0.08,-36,0,180,194,22,0.5,0.6,151,126,25,21,17,4,94.59,94.54,17.61,-21.37,889.07,1.57,57.52,3.72,0.59,4.38,272,2.48
7718,友鋮,48.55,48.7,48.9,0.25,0.51,96,56.04,4,0,0,4,0,0,0,0,0,0,0,0,0,0,0,15,0,15,81,96,-15,11.64,172.08,-20.42,-6.35,2466.7,1.5,20.16,4.32,5.11,0.29,34,4.64
7721,微程式,76,76.7,76.7,-1.6,-2.04,514,45.84,13,0,-3,10,32,30,2,0,2,0,32,30,0,0.06,0.06,18,30,-12,469,459,10,118,61.28,22.62,49.59,552.16,0.21,64.17,0.9,1.3,9.28,1169,5.54
7722,LINEPAY,291.5,292.5,291.5,-14,-4.58,791,42.24,-212,0,-20,-232,233,302,-69,-0.08,-277,0,25,43,259,0.03,0.37,189,247,-58,399,272,127,41.35,657.15,-6.2,11.43,8221,1.97,23.2,1.24,0.69,2.65,451,6.8
7723,築間,22.7,22.85,22.8,-0.15,-0.65,84,30.49,-7,0,0,-7,0,0,0,0,0,0,0,0,0,0,0,0,0,0,86,86,0,--,349.97,12.93,-21.2,4526.89,-0.9,44.69,-5.62,0,1.13,140,4.96
7728,光焱科技,711,712,714,-43,-5.68,76,46.87,-14,0,0,-14,32,33,-1,-0.01,-7,0,26,23,10,0.33,0.41,44,43,1,4,4,0,132.96,20.14,-36.36,-24.04,365.61,1.53,67.03,2.9,0.71,20.13,697,1.39
7732,金興精密,35.55,35.6,35.6,-0.65,-1.79,11,90.91,-2,0,0,-2,0,0,0,0,0,0,0,0,0,0,0,0,0,0,11,11,0,20.82,70.69,-45.56,-35.57,1020.64,0.82,28.75,2.9,4.21,0.28,46,6.47
7734,印能科技,3025,3040,3025,-30,-0.98,157,66.67,45,0,5,50,157,159,-2,-0.01,-12,0,147,149,10,0.87,0.94,1,3,-2,11,7,4,77.03,393.47,34.97,58.9,2843.31,14.68,65.25,6.23,0.66,6.74,472,2.8
7736,虎山,70.8,70.9,70.9,-1.9,-2.61,29,51.72,2,0,0,2,0,0,0,0,0,0,0,0,0,0,0,0,10,-10,30,20,10,15.58,154.68,81.88,24.55,1573.05,1.18,28.8,2.53,5.36,0.17,33,7.6
7738,東聯互動,167.5,168,167.5,-0.5,-0.3,48,23.26,-6,0,0,-6,20,20,0,0,0,0,20,20,0,0.41,0.41,7,0,7,22,29,-7,12.05,49.5,-0.41,13.87,593.96,2.8,54.5,4,5.97,1.16,79,2.74
7743,金利食安,18.05,18.3,--,--,--,0,--,0,0,0,0,0,0,0,--,0,0,0,0,0,--,--,0,0,0,0,0,0,37.86,77.63,-3.08,41.27,735.51,0.05,22.58,0.23,2.7,--,0,3.65
7744,崴寶,441,447,442.5,-12.5,-2.75,161,58.82,26,0,1,27,64,60,4,0.02,4,0,64,60,0,0.38,0.36,28,26,2,75,81,-6,26.26,347.22,-2,128.14,--,5.66,36.13,7.14,1.58,1.59,127,3.2
7747,昕奇雲端,124.5,127.5,127.5,-1.5,-1.16,1,100,0,0,0,0,0,0,0,0,0,0,0,0,0,0,0,0,0,0,1,1,0,31.4,134.07,-14.42,1.97,1577.3,1.39,15.19,4.07,3.14,--,0,2.74
7749,意騰-KY,443.5,444,443.5,-21.5,-4.62,369,41.98,-31,0,4,-27,105,108,-3,-0.01,-16,0,92,84,24,0.23,0.27,62,91,-29,228,196,32,35.59,198.54,3.89,73.68,1950.89,3.56,70.18,4.31,2.03,11.38,1322,4.65
7750,新代,2180,2185,2185,-75,-3.32,239,55.35,62,0,-10,52,243,243,0,0,-24,0,219,219,24,0.85,0.95,1,3,-2,13,11,2,54.58,2920.38,30,94.87,16991.73,15.38,48.77,9.42,0.73,4.16,748,7.18
7751,竑騰,1420,1430,1430,-115,-7.44,515,35.45,210,-91,1,120,528,540,-12,-0.02,-379,0,160,160,379,0.28,0.94,5,12,-7,39,20,19,63.13,241.05,9.39,67.2,2217.63,7,55.7,8.12,1.26,--,0,2.69
7753,星亞,41.2,41.85,41.7,-1.65,-3.81,19,47.06,-4,0,-2,-6,0,0,0,0,0,0,0,0,0,0,0,0,0,0,19,19,0,10.1,76.18,21.35,8.63,873.36,1.08,37.36,4.79,3.6,1.04,65,2.5
7757,金色三麥,110,110.5,110.5,0,0,137,62.88,9,0,0,9,23,30,-7,-0.05,-7,0,23,30,0,0.16,0.21,36,35,1,82,76,6,13.09,163.72,-10.35,1.34,2320.68,1.64,54.36,3.59,7.01,0.25,15,2.41
7760,享溫馨,31.1,31.35,31.1,-0.95,-2.96,61,32.79,4,0,-11,-7,0,0,0,0,0,0,0,0,0,0,0,0,0,0,62,62,0,47.85,82.15,-20.05,-7.04,--,0.7,42.87,2.14,6.43,--,0,6.6
7765,中華資安,253,255,253,-6,-2.32,114,35.71,-1,0,-23,-24,20,25,-5,-0.04,-5,0,20,25,0,0.17,0.21,34,35,-1,64,58,6,22.81,149.89,-39.02,3.13,2236.84,3.38,49.03,6.47,3.82,4.74,482,4.07
7767,仁大資訊,41.65,42.15,41.55,-0.95,-2.24,5,0,0,0,0,0,0,0,0,0,0,0,0,0,0,0,0,0,0,0,6,6,0,11.41,231.63,26.31,33.3,2371.54,0.72,14.07,2.43,7.22,--,0,3.01
7768,頌勝科技,397,399,399,-7.5,-1.85,266,61.6,19,0,0,19,85,107,-22,-0.08,-33,0,74,89,18,0.26,0.38,44,54,-10,153,121,32,124.69,202.56,15.97,18.9,--,1.62,55.77,5.41,0.99,--,0,7.01
7769,鴻勁,7030,7115,7035,-240,-3.3,843,55.92,-225,-20,-3,-248,869,916,-47,-0.05,-87,0,829,876,40,0.88,0.97,17,9,8,56,18,38,87.79,4129.56,-5.34,83.64,--,25.7,56.24,7.66,0.92,0.15,68,17.99
7770,君曜,42.5,43.2,43,-0.2,-0.46,5,100,0,0,0,0,0,0,0,0,0,0,0,0,0,0,0,0,0,0,5,5,0,20.57,25.56,-2.21,-55.14,--,0.1,29.01,0.51,4.65,--,0,3.01
7772,耀穎,--,166.5,166.5,-18,-9.76,367,3.81,-79,0,-2,-81,100,234,-134,-0.33,-234,0,0,19,215,0,0.58,94,58,36,211,112,99,191.38,38.92,3.03,-11.93,--,0.35,31.7,1.21,0.9,--,0,2.65
7777,能率亞洲,36,36.1,36,-3.75,-9.43,1634,32.71,101,0,-28,73,251,128,123,0.07,85,0,213,128,0,0.13,0.08,107,305,-198,1304,1229,75,56.25,81.21,-27.78,701.38,357.12,-0.25,-572.36,-2.16,0.72,--,0,18.25
7780,大研生醫*,17.95,18,18,-0.15,-0.83,2315,54.04,-284,0,-11,-295,374,60,314,0.13,314,0,374,60,0,0.16,0.03,210,476,-266,1750,1799,-49,42.86,171.84,-9.44,40.46,2073.65,0.13,60.09,1.9,3.89,--,0,8.1
7782,光速火箭,24.4,24.9,25.1,0,0,31,27.59,3,0,0,3,0,0,0,0,0,0,0,0,0,0,0,0,0,0,33,33,0,15.12,50.69,-10.49,6.01,699.76,0.55,66.14,2.56,8.01,0.16,9,2.32
7786,東方風能,120,120.5,120,-5,-4,319,37.21,-11,0,-14,-25,35,60,-25,-0.08,-25,0,35,49,11,0.11,0.19,89,61,28,200,203,-3,12.26,1288.91,15.95,52.31,11573.24,1.2,19.81,2.12,4.67,0.82,361,17.6
7788,松川精密,246,--,246,22,9.82,6812,56.84,135,0,16,151,4132,4129,3,0,3518,3735,225,235,207,0.57,0.06,682,791,-109,2086,1981,105,65.08,698.72,5.47,16.38,6769.23,2.22,26.94,2.97,0.81,10.12,2017,7.97
7791,皇家可口,67.5,67.6,67.5,-1.7,-2.46,280,18.08,-106,0,1,-105,39,51,-12,-0.04,-51,0,0,0,51,0,0.18,50,61,-11,195,172,23,14.74,210.28,23.44,-7.47,2512.77,1.87,35.86,4.09,5.64,0.21,42,8
7792,安葆,256,258,257,-23.5,-8.38,419,11.11,45,0,-23,22,253,335,-82,-0.19,-300,0,35,53,282,0.08,0.77,62,28,34,120,72,48,32.7,336.64,-44.55,-25.86,--,1.71,15.13,2.75,3.11,--,0,4.67
7794,宏碁智新,33.1,33.9,33,-1.9,-5.44,246,43.54,-28,0,-21,-49,0,0,0,0,0,0,0,0,0,0,0,20,33,-13,231,218,13,14.04,127.79,27.44,44.87,--,0.53,19.62,3.77,4.85,--,0,2.8
7795,長廣,365,372,365,-15,-3.95,262,29.3,-69,0,-2,-71,73,112,-39,-0.14,-73,18,15,36,70,0.12,0.39,44,50,-6,158,113,45,165.91,160.64,25.22,13.53,--,0.21,39.4,0.73,0.59,--,0,7.88
7799,禾榮科,377.5,378,377.5,-12.5,-3.21,1458,40.56,-242,0,-2,-244,426,600,-174,-0.11,130,240,179,278,11,0.28,0.19,287,291,-4,806,628,178,--,0,-100,-100,12.2,-0.37,-0.59,-0.5,0,1.47,582,15.82
7805,威聯通,745,748,745,-13,-1.72,131,37.21,-2,0,4,2,65,75,-10,-0.07,-43,0,32,29,46,0.23,0.54,66,56,10,8,9,-1,17.27,625.03,6.57,9.99,6457.61,12.96,61.29,5.75,5.37,--,0,3.31
7810,捷創科技,205,206.5,205,-21.5,-9.49,339,20.06,0,0,-12,-12,140,230,-90,-0.25,-122,0,108,141,89,0.31,0.65,41,21,20,172,102,70,33.23,83.82,38,82.69,682.86,1.83,50.24,3.85,2.44,--,0,2.03
7811,民盛,79.1,79.9,79.2,-0.2,-0.25,2,0,0,0,0,0,0,0,0,0,0,0,0,0,0,0,0,0,0,0,2,2,0,15.97,206.95,-12.97,0.86,--,1.09,19.1,1.66,7.87,--,0,3.34
7818,溢泰實業,63.2,63.5,63.2,-1.1,-1.71,353,41.04,50,0,0,50,20,0,20,0.06,20,0,20,0,0,0.06,0,93,68,25,246,291,-45,15.12,1057.32,3.76,-13.67,--,0.88,28.97,1.64,3.54,--,0,16.79
7819,精誠金融,48.15,48.4,48.15,-0.95,-1.93,77,39.44,18,0,-3,15,0,0,0,0,0,0,0,0,0,0,0,0,0,0,79,79,0,18.81,25.26,6.1,-36.28,--,0.42,48.7,1.98,3.61,--,0,2.53
7820,立盈,118,119.5,119,-2.5,-2.06,42,29.73,9,0,0,9,10,12,-2,-0.05,-2,0,10,12,0,0.23,0.27,0,5,-5,34,27,7,62.63,33.51,-0.62,57.76,--,0.79,56.24,3.55,1.26,--,0,3.78
7821,神數,43.5,43.6,43.6,-1.75,-3.86,263,30.47,-20,0,15,-5,0,0,0,0,0,0,0,0,0,0,0,13,39,-26,254,228,26,14.93,707.69,-17.99,24.24,--,0.87,21.81,4.51,4.59,--,0,12.19
7822,倍利科,--,1035,1035,-115,-10,299,7.54,-17,0,-1,-18,317,352,-35,-0.09,-292,0,60,72,280,0.16,0.94,5,8,-3,52,13,39,69.05,242.74,1.68,79.81,--,4.93,59.17,5.77,0.68,--,0,4.56
7828,創新服務,1500,1510,1510,-55,-3.51,155,60,41,0,-11,30,161,159,2,0.01,-47,0,112,111,48,0.58,0.82,4,9,-5,29,25,4,246.33,130.04,104.16,32086.9,--,1.02,80.18,3.32,0.3,--,0,4.05
7842,天能綠電,104.5,105,105,-3.5,-3.23,45,44.12,15,0,0,15,0,0,0,0,0,0,0,0,0,0,0,0,12,-12,46,34,12,28.93,278.16,-6.09,52.85,2716.91,1.33,5.48,4.63,3.05,--,0,1.83
8011,台通,18.05,18.1,18.05,-0.85,-4.5,1187,50.1,5,0,-1,4,0,200,-200,-0.17,-200,0,0,100,100,0,0.17,287,130,157,906,863,43,21.24,145.99,41.39,-28.67,1951.66,0.02,17.06,0.24,3.88,9.11,3779,16.59
8016,矽創,284.5,285,285,-18.5,-6.1,1348,44.66,25,27,-28,24,640,780,-140,-0.1,-198,0,582,717,63,0.42,0.56,324,285,39,428,327,101,18.28,2147.14,1.88,39.84,21182.18,4.6,31.33,4.28,4.04,5.66,1701,12.01
8021,尖點,459.5,460,460,2,0.44,1851,51.3,369,105,-47,427,1626,1409,217,0.12,32,501,568,483,554,0.57,0.56,97,186,-89,218,346,-128,131.81,620.46,18.19,86.29,5352.96,1.17,36.59,3.31,0.43,29.41,10714,14.67
8024,佑華,12.05,12.3,12.3,-0.15,-1.2,48,59.57,-4,0,0,-4,0,0,0,0,0,0,0,0,0,0,0,0,0,0,49,49,0,--,19.4,-18.49,41.71,156.45,-0.55,29.69,-6.01,0,--,130,4.52
8027,鈦昇,--,264,264,-29,-9.9,1707,0,46,0,-94,-48,1291,1746,-455,-0.23,-1746,0,0,9,1737,0,0.89,422,91,331,258,135,123,--,223,41.86,140.18,2038.22,-0.22,29.75,-0.88,0,35.41,9737,11.08
8028,昇陽半導體,--,304,304,-33.5,-9.93,4089,0,1120,-1534,-42,-456,3554,3989,-435,-0.1,-3990,0,0,69,3921,0,0.94,365,107,258,327,149,178,65.66,478.85,2.93,46.03,4991.98,1.61,37.58,5.43,0.89,27.29,12258,18.18
8032,光菱,42.75,43,43,-2.25,-4.97,205,39.36,-7,0,0,-7,0,0,0,0,0,0,0,0,0,0,0,15,26,-11,192,181,11,16.29,430.13,-12.19,44.33,4121.93,0.94,13.19,2.24,2.79,9.01,1167,5.18
8033,雷虎,129,129.5,129,-5.5,-4.09,2634,50.93,-465,0,82,-383,1141,1550,-409,-0.15,-491,0,1059,1470,80,0.39,0.57,413,414,-1,1156,746,410,208.06,117.06,6.98,-9.56,1457.75,0.34,38.21,2.43,0,21.12,7655,16.46
8034,榮群,23.25,23.35,23.35,-1,-4.11,482,41.04,-109,0,0,-109,0,0,0,0,0,0,0,0,0,0,0,0,0,0,486,486,0,16.44,13.12,-72.4,-86.21,442.18,0.01,53.57,0.06,5.14,23.53,3329,5.66
8038,長園科,39.3,39.7,39.7,-1.5,-3.64,343,38.46,-11,0,0,-11,0,0,0,0,0,0,0,0,0,0,0,52,44,8,295,303,-8,29.63,60.93,3.06,15.3,732.23,0.24,33.89,3.15,0,--,0,6.23
8039,台虹,130,130.5,130.5,-10,-7.12,8303,37.47,-1089,0,-281,-1370,4772,6098,-1326,-0.16,-2913,0,3186,3674,2425,0.38,0.72,1359,794,565,2333,1570,763,55.06,914.41,-3.39,0.61,10790.46,0.65,22.03,1.62,1.53,22.09,14558,26.37
8040,九暘,95,95.3,95,-7.5,-7.32,1752,32.93,-136,0,2,-134,530,770,-240,-0.14,-667,0,103,180,590,0.06,0.43,327,229,98,915,773,142,--,70.14,-4.78,26.19,709.09,0.13,42.97,0.5,0,25.26,4348,9.64
8042,金山電,132,133,132,-13.5,-9.28,1247,13.24,-46,0,-154,-200,794,953,-159,-0.12,-674,0,279,360,593,0.22,0.74,125,142,-17,376,200,176,42.17,400.16,-6.94,33.36,4234.42,2.17,21.97,6.94,0.91,9.71,3142,12.99
8043,蜜望實,175,--,175,15.5,9.72,57691,61.88,-1149,0,-24,-1173,38974,39374,-400,-0.01,26899,28637,9881,10980,639,0.67,0.2,6669,7042,-373,12345,11572,773,52.55,616.09,17.32,59.57,6617.39,1.35,7.11,3.87,0.51,32.43,6479,7.99
8044,網家,31.65,31.7,31.7,1.8,6.02,4044,51.73,-231,0,-16,-247,253,169,84,0.02,253,253,0,0,0,0.06,0,403,443,-40,3407,3451,-44,--,2999.64,-5.62,10.35,37787.29,-0.39,15.41,-0.22,0,11.24,3782,20.48
8045,達運光電,60.5,60.7,60.7,-5,-7.61,683,24.96,141,0,-1,140,135,370,-235,-0.34,-370,0,0,0,370,0,0.54,111,54,57,441,263,178,86.71,234.1,34.71,95.94,1468.7,0.11,27.07,0.54,1.65,19.91,4730,9.5
8046,南電,831,832,831,-14,-1.66,14707,55.72,122,348,53,523,11181,11687,-506,-0.03,-103,744,10000,10406,441,0.71,0.72,3697,3321,376,254,124,130,176.06,4440.29,-0.24,35.82,45322.78,2.03,15.85,2.82,0.24,6.63,10711,64.62
8047,星雲,50.2,51,50.2,-0.3,-0.59,51,62.75,2002,0,1,2003,0,0,0,0,0,0,0,0,0,0,0,11,0,11,41,52,-11,--,34.65,-11.79,-18.66,428.99,-0.29,31.02,-3.06,0,--,4,4.17
8048,德勝,60,60.2,60,-3,-4.76,667,47.99,-124,0,-9,-133,181,76,105,0.16,67,0,143,52,24,0.21,0.11,70,138,-68,422,459,-37,23.35,122.07,15.46,32.83,1061.1,0.57,33.69,2.77,3.83,21.13,3048,5.77
8049,晶采,26.35,26.45,26.4,-0.8,-2.94,301,38.69,-53,0,0,-53,0,0,0,0,0,0,0,0,0,0,0,0,20,-20,304,284,20,15.53,112.71,-15.53,8.95,1293,0.44,31.67,2.24,5.3,1.01,298,11.83
8050,廣積,53.3,53.4,53.3,-3.9,-6.82,1298,42.08,156,0,-18,138,233,227,6,0,-50,0,177,176,51,0.13,0.17,214,247,-33,871,845,26,53.3,577.42,16.6,3.73,5061.88,1.07,23.3,1.47,4.09,6.78,3480,20.52
8054,安國,102.5,103,102.5,2,1.99,2570,53.72,66,0,3,69,737,591,146,0.06,408,475,173,159,81,0.25,0.09,405,536,-131,1479,1494,-15,--,693.47,200.05,382.5,4827.17,-0.01,15.72,-0.17,0,39.72,7864,10.62
8059,凱碩,19.05,19.2,19.1,-0.95,-4.74,308,30.94,-5,0,0,-5,0,0,0,0,0,0,0,0,0,0,0,0,0,0,309,309,0,--,829.64,-29.37,228.65,10140.55,-0.07,17.53,0.66,0,--,0,19.4
8064,東捷,152,152.5,152,-14,-8.43,9056,39.48,148,0,-40,108,5161,5736,-575,-0.06,-2277,0,3459,3643,2093,0.37,0.62,1192,1106,86,2932,2442,490,72.04,193.11,-23.21,31.54,3072.18,0.35,24.66,1.61,0.64,20.49,8442,18.48
8066,來思達,15.55,15.7,15.65,-0.4,-2.49,37,52.78,10,0,0,10,0,0,0,0,0,0,0,0,0,0,0,0,0,0,46,46,0,--,430.51,19.07,7.88,4188.64,-0.91,7.84,-4.85,0,5.98,545,3.66
8067,志旭,14.5,--,14.5,1.3,9.85,84,98.81,-10,0,2,-8,0,0,0,0,0,0,0,0,0,0,0,0,0,0,86,86,0,--,7.72,-3.79,-15.74,94.4,-0.62,50.44,-9.39,0,--,0,2.07
8068,全達,19.05,19.1,19.05,-0.95,-4.75,465,45.22,6,0,0,6,0,55,-55,-0.12,-55,0,0,55,0,0,0.12,35,0,35,430,410,20,17.97,103.18,-7.44,17.05,1004.32,-0.12,14.7,-0.95,0,10.84,2189,8.08
8069,元太,198,198.5,198.5,-15.5,-7.24,10649,46.98,3587,0,-106,3481,8201,9347,-1146,-0.11,-2389,0,6958,7698,1649,0.64,0.86,946,502,444,1703,1002,701,20.63,3280.36,13.32,0.97,36305.81,2.41,59.65,4.12,2.97,2.7,7396,115.42
8070,長華*,59.3,59.4,59.3,-3.4,-5.42,18459,33.19,5752,-5042,-159,551,10793,12422,-1629,-0.09,-2714,0,9708,10632,1790,0.52,0.67,2271,1787,484,5484,4339,1145,57.57,1973.15,-3.7,26.34,21131.78,0.51,18.52,2.66,4.57,5.48,9949,7.26
8071,能率網通,19.6,19.65,19.6,-1.65,-7.76,1164,40.74,212,0,0,212,142,206,-64,-0.05,-64,0,142,206,0,0.12,0.18,57,109,-52,969,853,116,--,205.24,12.62,14.29,2028.88,-0.39,14.79,-2.42,0,17.04,2560,6.01
8072,陞泰,28.95,29,28.95,-0.45,-1.53,589,37.35,48,0,2,50,86,79,7,0.01,7,0,86,79,0,0.14,0.13,25,44,-19,485,473,12,28.38,125.49,-0.96,31.37,1409.85,0.29,16.21,1.17,3.45,10.42,2084,8
8074,鉅橡,67.7,67.8,67.7,-4.9,-6.75,1260,40.65,-103,0,-18,-121,103,281,-178,-0.14,-281,0,0,0,281,0,0.22,223,196,27,965,814,151,44.54,130.88,-9.02,23.08,1425.73,0.52,26.28,2.73,1.62,22.45,4545,8.7
8076,伍豐,27.1,27.25,27.25,-0.95,-3.37,3627,45.28,210,0,16,226,991,785,206,0.06,-271,0,514,199,586,0.14,0.22,606,554,52,2052,2309,-257,100.93,260.81,21.7,45.76,2276.98,0.16,35.02,1.2,2.57,13.66,9976,29.22
8077,洛碁,49.5,53,53,-1,-1.85,2,100,0,0,0,0,0,0,0,0,0,0,0,0,0,0,0,0,0,0,2,2,0,8.12,88.33,-11.04,0.79,1089.98,1.95,30.7,8.21,3.77,--,0,2.19
8080,泰霖,27.75,28.15,28.05,0.05,0.18,22,31.58,-1,0,0,-1,0,0,0,0,0,0,0,0,0,0,0,0,0,0,22,22,0,1402.5,5.3,7.05,-67.1,157.78,0.02,50.7,0.21,0,--,0,6.72
8081,致新,260,261,260.5,-20,-7.13,1105,39.18,-488,-1,-44,-533,438,767,-329,-0.29,-767,0,0,4,763,0,0.67,238,181,57,464,192,272,14.91,748.7,0.42,-3.28,8558.75,4.62,39.61,4.44,6.14,4.68,1008,8.62
8083,瑞穎,170.5,171.5,171,-0.5,-0.29,119,47.41,13,0,0,13,32,33,-1,-0.01,-26,0,7,0,33,0.06,0.28,41,27,14,46,59,-13,16.06,132.07,-5.73,-17.52,1459.5,2.74,42.3,7.57,5.85,0.26,23,3.51
8084,巨虹,47.7,48.2,47.7,-1.95,-3.93,275,15.69,11,0,0,11,167,151,16,0.06,-151,0,0,0,151,0,0.55,0,18,-18,110,108,2,--,33.91,-33.19,-5.27,550.78,0.33,47.94,4.44,0,--,0,6.95
8085,福華,13.8,13.85,13.8,-0.9,-6.12,825,42.1,23,0,1,24,0,0,0,0,0,0,0,0,0,0,0,0,90,-90,828,738,90,--,48.09,-4.17,-16.26,666.47,-0.16,3.74,-1.79,0,--,926,14
8086,宏捷科,143.5,144,144,-12,-7.69,4100,36.59,-706,0,-238,-944,2204,2974,-770,-0.18,-1484,0,1490,1882,1092,0.36,0.71,486,426,60,1499,789,710,32.36,442.72,-1.17,36.98,4834.71,1.51,34.63,3.61,1.17,24.14,9143,19.65
8087,麗升能源,35.6,35.8,35.75,0.15,0.42,79,55.13,24,0,0,24,0,0,0,0,0,0,0,0,0,0,0,0,0,0,80,80,0,--,142.62,8.16,2881.23,572.86,0.86,19.31,4.3,0,1.53,148,3.87
8088,品安,58,58.2,58.1,-4.7,-7.48,2726,37.67,434,0,0,434,907,1151,-244,-0.09,-547,0,605,494,658,0.22,0.42,435,365,70,1411,1237,174,22.35,97.13,-48.54,2.13,1890.3,1.04,19.77,5.52,2.58,30.61,4662,6.09
8089,康全電訊,20.9,20.95,20.95,-1.4,-6.26,964,30.8,-309,0,-5,-314,0,48,-48,-0.05,-48,0,0,0,48,0,0.05,66,92,-26,905,831,74,--,27.02,-57.44,-51.99,511.31,-0.96,22.54,-5.91,0,11.66,1924,6.6
8091,翔名,227,227.5,227,-14,-5.81,673,26.12,91,0,-33,58,280,396,-116,-0.17,-304,0,92,94,302,0.13,0.57,127,78,49,286,219,67,32.57,300.09,10.12,82.23,2524.55,2.56,40.59,3.55,1.86,16.09,2156,5.55
8092,建暐,15.3,15.5,15.45,-0.85,-5.21,164,29.94,11,0,0,11,0,0,0,0,0,0,0,0,0,0,0,0,0,0,164,164,0,220.71,40.71,132.41,21.14,360.15,-0.28,6.56,-2.94,0,--,0,5.72
8093,保銳,18.05,18.5,18.25,0,0,16,62.5,0,0,0,0,0,0,0,0,0,0,0,0,0,0,0,0,0,0,17,17,0,--,14.7,29.85,-57.71,198.97,-0.42,16.81,-5.98,0,--,0,5.66
8096,擎亞,119,119.5,119.5,-9,-7,11564,46.22,1736,0,-238,1498,8583,8984,-401,-0.03,-2242,0,6743,6545,2440,0.58,0.77,979,860,119,2114,1831,283,69.88,3981.35,-8.62,154.5,33525.84,1.9,6.16,10.22,0.42,68.64,25625,14.93
8097,常珵,58,58.2,58,0.4,0.69,170,62.91,20,0,-1,19,22,40,-18,-0.11,-40,0,0,0,40,0,0.24,42,20,22,106,110,-4,--,38.2,8.89,-34.23,224.53,-0.72,2.93,-3.94,0,73.92,9572,6.38
8099,大世科,64,64.3,64.2,-6,-8.55,1981,29.41,-89,0,-30,-119,859,1112,-253,-0.13,-626,0,486,402,710,0.24,0.56,322,193,129,807,682,125,21.99,357.19,-0.91,6.05,5332.24,0.79,25.27,4.58,3.27,48.25,12070,10.01
8101,華冠,15.3,17,15.3,-0.9,-5.56,6,20,0,0,0,0,0,0,0,0,0,0,0,0,0,0,0,0,0,0,6,6,0,--,30.41,32.06,-20.7,385.67,-0.95,1,-18.05,0,--,0,5.37
8102,傑霖科技,75.2,77.1,77,1.3,1.72,73,77.78,-6,0,0,-6,0,0,0,0,0,0,0,0,0,0,0,11,11,0,62,62,0,51.33,42.44,30.29,21.41,427.28,0.4,36.24,2.27,2.47,--,0,2.34
8103,瀚荃,99.1,99.3,99.1,-1.9,-1.88,1574,51.91,41,0,-5,36,312,299,13,0.01,23,66,187,196,34,0.16,0.14,291,270,21,996,1031,-35,21.45,371.88,11.76,21.59,3593.34,1.17,37.97,2.36,2.83,19.52,3827,7.84
8104,錸寶,40.2,40.25,40.25,-2.85,-6.61,2648,41.87,116,0,1,117,169,170,-1,0,-81,0,89,30,140,0.03,0.06,240,425,-185,2258,2072,186,--,275.09,-2.94,-33.3,3055.67,-0.39,18.77,-1.59,0,17.69,4603,10.41
8105,凌巨,19.7,19.75,19.7,-0.7,-3.43,15537,44.77,-922,0,-12,-934,3736,4571,-835,-0.05,-480,698,2864,3955,87,0.23,0.26,3182,2773,409,8652,8226,426,656.67,688.14,-6.43,-4.56,8642.47,0.43,8.66,2.39,0,11.93,8605,44.15
8107,大億金茂,12.2,12.4,12.35,-0.2,-1.59,93,47.78,-11,0,0,-11,0,0,0,0,0,0,0,0,0,0,0,0,0,0,93,93,0,--,33.19,-57.25,-56.34,845.23,0.03,19.61,0.15,0,10.07,1888,7.5
8109,博大,119,120,120,0,0,508,42.54,100,12,16,128,210,243,-33,-0.06,-113,26,104,118,125,0.25,0.47,118,58,60,184,211,-27,18.93,174.68,-4.93,22.73,1887.28,1.75,50.11,4.82,3.75,2.95,606,8.22
8110,華東,51.6,51.7,51.6,-4.9,-8.67,8461,39.61,849,0,-33,816,4230,3458,772,0.09,-341,0,3117,2609,849,0.36,0.4,957,1616,-659,3374,3487,-113,19.11,638.71,-3.03,14.99,7575.65,0.49,10.04,1.98,2.91,13.97,18087,51.77
8111,立碁,58.9,59,58.9,-2.9,-4.69,1678,40.58,7,0,-103,-96,167,380,-213,-0.12,-295,0,85,28,352,0.05,0.22,371,379,-8,1168,947,221,173.24,68.66,3.78,-5.79,839.59,0.17,30.78,1.42,1.02,40.8,11127,10.91
8112,至上,84.6,84.7,84.7,-7.9,-8.53,21414,31.65,-6142,-673,-1086,-7901,9792,15786,-5994,-0.28,-6894,0,8892,14775,1011,0.41,0.73,3628,2213,1415,8324,3727,4597,9.71,35061.1,-34.24,55.96,302955.27,3.91,3.85,10.6,4.49,14.41,18930,52.53
8114,振樺電,--,206.5,206.5,-22.5,-9.83,421,0,9,0,-23,-14,241,402,-161,-0.35,-402,0,0,6,396,0,0.87,34,16,18,187,45,142,9.79,1478.53,-13.73,-17.06,14798.46,2.75,47,3.42,5.55,22.39,4282,7.65
8121,越峰,37.9,38,38,-2.75,-6.75,1980,12.42,-371,0,0,-371,424,1043,-619,-0.31,-1043,0,0,61,982,0,0.52,189,175,14,1385,780,605,--,288.88,-5.15,1.71,3291.98,0.1,19.43,0.47,0,--,0,21.3
8131,福懋科,63.8,63.9,63.8,-5.1,-7.4,3784,41.56,-391,0,-116,-507,833,1529,-696,-0.18,-760,0,769,1402,127,0.2,0.4,730,766,-36,2285,1553,732,32.22,1052.62,5.44,49.61,11272.65,0.96,19.55,3.43,1.57,5.97,6598,44.22
8147,正淩,--,148.5,148.5,-16.5,-10,658,12.75,-104,0,2,-102,284,421,-137,-0.2,-397,0,24,35,386,0.03,0.61,113,89,24,292,179,113,46.12,145.65,-30.74,-7.22,1749.33,0.9,40.28,2.47,2.04,10.95,1142,4.17
8150,南茂,--,87.2,87.2,-9.6,-9.92,5633,0,571,0,-414,157,3585,5719,-2134,-0.36,-5719,0,0,0,5719,0,0.96,1299,99,1200,1166,232,934,74.53,2460.49,-1.64,32.23,25935.9,0.72,13.78,2.08,1.41,16.51,29077,70.45
8155,博智,359.5,360,359.5,-11.5,-3.1,1198,55.18,199,0,-91,108,672,676,-4,0,-95,0,581,557,119,0.46,0.54,157,192,-35,431,392,39,43.79,538.3,0.71,29.3,5487.82,3.29,24.05,5.45,1.47,19.11,2943,6.21
8163,達方,38.95,39,39,-1.35,-3.35,3463,54.37,1020,0,-714,306,553,994,-441,-0.13,-441,0,553,826,168,0.16,0.28,697,470,227,2254,2040,214,78,2580.59,-0.42,16.41,26212.36,0.2,17.99,0.26,1.28,4.03,2824,28
8171,天宇,23.75,23.85,23.75,-1,-4.04,264,45.49,-5,0,0,-5,0,0,0,0,0,0,0,0,0,0,0,0,0,0,266,266,0,--,52.64,95.78,269.89,360.6,-0.2,1.8,-1.44,0,42.91,8351,11.29
8176,智捷,10.05,10.15,10.15,-0.2,-1.93,213,17.62,21,0,0,21,0,0,0,0,0,0,0,0,0,0,0,0,0,0,227,227,0,78.08,27.32,200.91,41.6,319.74,-0.1,40.2,-1.22,0,--,0,7.17
8182,加高,46.2,46.35,46.2,1.3,2.9,6021,53.72,41,0,46,87,591,319,272,0.05,558,568,23,0,33,0.1,0.01,534,964,-430,4934,4776,158,770,257.16,3.89,14.12,2879.96,0.14,14.64,0.43,0.54,9.39,2514,10.7
8183,精星,31.05,31.15,31.1,-1.7,-5.18,288,34.72,-102,0,-12,-114,0,0,0,0,0,0,0,0,0,0,0,30,28,2,262,264,-2,12.2,694.91,-2.99,32.6,7777.68,0.3,12.02,0.96,2.57,8.15,2470,12.13
8201,無敵,13.3,13.4,13.3,-0.55,-3.97,173,25.6,33,0,-1,32,0,0,0,0,0,0,0,0,0,0,0,0,0,0,174,174,0,--,39.76,-9.78,9.84,485.14,-0.11,23.68,-1.48,0,--,0,6.24
8210,勤誠,1375,1380,1375,5,0.36,2230,62.85,-562,29,10,-523,2258,2267,-9,0,1040,1124,1063,1077,70,0.94,0.49,8,11,-3,58,46,12,40.76,2066.29,-17.57,4.63,25046.35,10.73,32.83,11.42,1.02,6.51,2038,12.53
8213,志超,34.7,34.75,34.75,-2.35,-6.33,1107,34.43,-376,0,-23,-399,0,29,-29,-0.03,-29,0,0,29,0,0,0.03,114,265,-151,1015,835,180,18.01,1804.87,13.04,3.66,18772.96,0.3,10.59,0.46,3.28,6.52,4419,27.12
8215,明基材,27.8,27.85,27.85,-1.8,-6.07,2334,36.66,-144,53,-18,-109,268,193,75,0.03,-61,0,132,133,60,0.06,0.08,214,416,-202,1874,1747,127,--,1631.45,-2.6,15.96,18148.71,-0.64,11.89,-2.64,1.08,5.11,4093,32.07
8222,寶一,35.7,35.9,35.7,-1.15,-3.12,586,47.57,25,0,-2,23,39,76,-37,-0.06,-76,0,0,0,76,0,0.13,49,22,27,503,493,10,58.52,99.95,10.59,26.02,962.72,0.37,25.27,2.79,0.98,22.17,3800,6.86
8227,巨有科技,189.5,190.5,190,-13,-6.4,990,30.62,118,0,-136,-18,295,434,-139,-0.14,-294,0,140,41,393,0.14,0.42,264,174,90,466,417,49,76,181.39,-33.44,75.61,1784.53,0.64,18.88,2.18,0.89,34.88,3448,3.95
8234,新漢,64,64.1,64.1,-5.1,-7.37,1015,40.94,-85,0,-30,-115,105,171,-66,-0.06,-121,0,50,48,123,0.05,0.17,201,234,-33,728,629,99,--,521.9,10,-1.47,5202.47,-0.44,22.59,-2.08,0.62,13.41,4734,14.12
8240,華宏,56.5,56.8,56.5,-3.2,-5.36,855,51.39,276,0,-19,257,139,140,-1,0,-36,0,104,65,75,0.12,0.16,147,111,36,580,615,-35,30.87,557.74,-0.39,3.85,6810.83,0.4,14.78,0.84,2.3,9.73,2432,10
8249,菱光,51.2,51.5,51.5,-1.8,-3.38,662,51.2,117,0,4,121,0,0,0,0,0,0,0,0,0,0,0,34,11,23,637,660,-23,19.07,395.76,12,42.77,3753.09,0.37,16.75,0.59,4.04,15.19,4341,13.78
8255,朋程,163,163.5,163,-12,-6.86,1781,44.25,335,0,-39,296,904,956,-52,-0.03,-317,0,638,494,461,0.35,0.52,272,281,-9,655,594,61,28.6,618.62,-8.8,-11.62,7854.78,1.7,26.94,1.37,2.15,10.09,2568,10.18
8261,富鼎,155.5,156,156,-15,-8.77,4811,30.88,532,-130,-192,210,3025,3157,-132,-0.03,-1414,0,1742,1495,1661,0.35,0.64,541,594,-53,1358,1174,184,18.86,296.83,4.55,1.15,3187.38,1.57,38.07,3.1,3.21,26.46,7863,11.89
8271,宇瞻,210,210.5,210,-12,-5.41,3066,46.83,318,0,-16,302,1812,1831,-19,-0.01,-274,0,1557,1438,393,0.5,0.58,321,341,-20,1010,971,39,9.87,3022.79,-19.17,224.43,21135.91,14.54,49.27,32.33,2.14,15.68,4843,12.96
8272,全景軟體,70.1,70.6,70.9,-1.2,-1.66,8,100,0,0,0,0,0,0,0,0,0,0,0,0,0,0,0,0,0,0,8,8,0,14.77,33.12,12.6,23.69,487.89,0.39,74.98,1.2,3.95,--,0,1.9
8277,商丞,10.65,10.7,10.65,-0.3,-2.74,686,19.74,-7,0,0,-7,0,0,0,0,0,0,0,0,0,0,0,0,0,0,693,693,0,--,12.61,46.11,-42.68,194.74,-0.09,33.77,-1.85,0,--,0,9.16
8279,生展,96.1,97.1,96.2,-2.3,-2.34,20,0,0,0,0,0,0,0,0,0,0,0,0,0,0,0,0,0,0,0,21,21,0,10.69,182.46,-22.14,-10.82,2043.08,1.23,32.97,1.44,5.2,1.46,99,2.71
8284,三竹,62.3,62.7,62.4,-0.7,-1.11,27,20.83,2,0,4,6,0,0,0,0,0,0,0,0,0,0,0,0,0,0,27,27,0,13.93,260.38,-2.24,15.77,3053.35,1.28,24.19,4.23,6.41,0.11,13,4.73
8289,泰藝,66,66.2,66,-1.4,-2.08,3807,48.45,311,0,-18,293,705,705,0,0,-164,79,370,331,282,0.12,0.16,723,622,101,2413,2514,-101,264,160.49,-4.07,0.23,1729.59,0.28,23.82,1.2,0.23,22.03,3763,6.83
8291,尚茂,--,63.9,63.9,-7.1,-10,21,0,0,0,0,0,0,0,0,0,0,0,0,0,0,0,0,10,0,10,12,22,-10,--,0.9,78.64,345.27,4.3,-0.49,-234.52,-12.32,0,--,0,1.75
8299,群聯,2250,2255,2250,-200,-8.16,7673,42.49,869,-569,-269,31,8083,8365,-282,-0.03,-2813,0,5552,5834,2531,0.65,0.98,121,45,76,306,101,205,21.84,22827.98,12.97,301.23,131135.56,68.8,61.82,22.61,1.03,25.65,14178,22.11
8341,日友,77.8,77.9,77.9,-1.1,-1.39,282,50.76,55,0,-2,53,13,14,-1,0,-1,0,13,14,0,0.04,0.05,70,44,26,211,236,-25,16.57,387.55,3.93,35.34,4299.57,1.51,49.32,3.97,5.13,1.06,345,13
8342,益張,86.1,89.8,88.2,0.2,0.23,16,63.64,0,0,0,0,0,0,0,0,0,0,0,0,0,0,0,0,0,0,16,16,0,15.15,139.16,-6.54,18.4,1676.99,1.45,25.97,4.39,5.67,0.01,1,3.35
8349,恒耀,41.5,41.6,41.5,-1.25,-2.92,281,52.59,63,0,0,63,0,70,-70,-0.25,-70,0,0,40,30,0,0.25,53,0,53,232,215,17,20.15,967.77,-3.84,3.04,11512.4,0.61,21.19,1.52,3.61,3.82,1996,20.88
8354,冠好,16.7,16.75,16.75,0.05,0.3,181,37.35,-9,0,-2,-11,0,0,0,0,0,0,0,0,0,0,0,0,0,0,182,182,0,42.95,50.96,-22.56,-11.56,657.4,0.3,17.01,1.13,0.66,4.88,958,7.85
8358,金居,585,586,586,-10,-1.68,2664,31.02,531,10,-236,305,2309,2460,-151,-0.06,-1053,0,1406,1511,948,0.51,0.9,388,322,66,160,76,84,112.26,900.77,4.66,35.81,8921.54,2.06,28.71,6.64,0.34,25.36,16015,25.26
8367,建新國際,40.2,40.55,40.2,-0.8,-1.95,71,20.29,-21,0,1,-20,0,0,0,0,0,0,0,0,0,0,0,0,0,0,72,72,0,11.42,258.62,-9.44,-7.82,3261.9,0.67,27.9,1.9,7.09,0.1,24,9.22
8374,羅昇,90.2,90.4,90.2,-8.1,-8.24,1077,38.41,199,0,-42,157,240,201,39,0.04,-34,0,167,70,131,0.15,0.18,152,240,-88,705,655,50,--,541.09,-8.43,42.48,5134.7,0.43,24.97,2.83,0.22,10.47,2337,11.23
8383,千附,56.1,56.2,56.1,-2.8,-4.75,1714,32.86,382,0,-39,343,154,649,-495,-0.29,-562,0,87,0,649,0.05,0.37,430,258,172,1151,829,322,15.08,393.1,11.31,46.09,3772.28,1.04,26.17,3.34,4.46,8.62,2451,11.38
8390,金益鼎,122.5,123,123,-2,-1.6,1074,54.1,122,0,-17,105,391,407,-16,-0.01,-133,0,274,230,177,0.25,0.37,244,222,22,462,468,-6,14.91,594.82,11.21,31.88,5326.03,2.87,28.76,7.37,3.09,7.89,1895,9.61
8401,白紗科,22.6,22.65,22.6,-0.45,-1.95,66,50,-4,0,0,-4,0,0,0,0,0,0,0,0,0,0,0,0,0,0,67,67,0,8.46,131.03,-4.46,2.36,1573.27,0.46,30.14,2.73,5.31,1.74,307,7.07
8403,盛弘,19.5,19.55,19.5,-0.45,-2.26,270,41.29,-29,0,0,-29,0,0,0,0,0,0,0,0,0,0,0,0,31,-31,281,250,31,20.97,385.05,-2.74,8.59,4414.79,0.13,13.78,0.26,3.08,1.65,567,13.76
8404,百和興業-KY,17.3,17.4,17.3,-0.15,-0.86,490,53.97,79,0,-5,74,0,0,0,0,0,0,0,0,0,0,0,0,50,-50,493,443,50,15.87,615.95,-9.68,5.14,7583.36,0.17,33.86,1.01,2.89,3.8,3994,41.99
8409,商之器,19.3,19.35,19.1,-0.25,-1.29,21,15.79,1,0,0,1,0,0,0,0,0,0,0,0,0,0,0,0,0,0,21,21,0,19.49,13.63,61.12,16.55,281.38,-0.05,80.67,-0.48,0,--,0,3.2
8410,森田,33.85,34,34,-1.2,-3.41,81,40.74,-12,0,5,-7,0,0,0,0,0,0,0,0,0,0,0,0,0,0,81,81,0,12.45,78.93,-1.36,-33.41,1011.88,0.57,31.31,1.11,4.71,15.43,1411,3.66
8411,福貞-KY,11.9,12.15,12.15,0.05,0.41,284,75,-21,0,-8,-29,0,96,-96,-0.33,-96,0,0,0,96,0,0.33,0,0,0,290,194,96,121.5,791.3,4.11,11.77,9961.41,0.19,8.82,0.68,0.82,0.04,24,21.84
8415,大國鋼,34.6,34.65,34.6,-0.55,-1.56,369,41.32,171,0,-20,151,0,0,0,0,0,0,0,0,0,0,0,30,30,0,342,342,0,10.45,2331.96,-6.48,20.69,24676.95,1.03,39.07,3.48,4.34,0.51,1308,103.15
8416,實威,177.5,182,181.5,1,0.55,14,30.77,-1,0,-1,-2,0,0,0,0,0,0,0,0,0,0,0,0,0,0,15,15,0,12.96,145.36,-18.16,15.2,1732.75,3.36,55.3,5.51,4.68,--,0,2.82
8421,旭源,12.65,12.8,12.95,-0.1,-0.77,41,24.39,0,0,0,0,0,0,0,0,0,0,0,0,0,0,0,0,0,0,43,43,0,--,124.39,11.45,29.28,1207.74,0.02,19.87,0.67,0,2.51,344,5.48
8422,可寧衛*,26.95,27,26.95,-1.15,-4.09,12864,31.46,2468,-3632,-35,-1199,6816,7842,-1026,-0.08,-1026,0,6816,7765,77,0.53,0.61,1178,1340,-162,4961,3773,1188,28.37,1272.92,227.59,199.61,5240.18,0.21,48.21,2.33,4.45,9.14,31018,13.59
8423,保綠-KY,17.8,17.85,17.8,0.05,0.28,26,53.85,2,0,0,2,0,0,0,0,0,0,0,0,0,0,0,0,0,0,27,27,0,20.94,34.8,-13.34,14.87,385.79,0.26,29.16,1.71,3.93,4.79,499,4.17
8424,惠普,72.7,72.8,72.7,-0.2,-0.27,43,63.89,6,0,0,6,0,0,0,0,0,0,0,0,0,0,0,0,17,-17,43,26,17,12.41,96.18,2.39,0.18,1074.77,1.47,31.11,4.44,6.88,0.07,6,3.61
8426,紅木-KY,21.55,21.65,21.75,-0.1,-0.46,15,23.08,0,0,0,0,0,0,0,0,0,0,0,0,0,0,0,0,0,0,15,15,0,10.46,193.1,19.54,10.09,2772.71,-0.42,21,-1.67,3.68,7.52,945,5.02
8429,金麗-KY,6.59,6.62,6.62,-0.14,-2.07,407,76.14,-63,0,0,-63,0,0,0,0,0,0,0,0,0,0,0,110,90,20,303,323,-20,60.18,14.3,32.87,-2.47,142.01,0.02,14.59,0.05,0,30.32,14079,18.57
8431,匯鑽科,51.3,51.4,51.3,-3,-5.52,692,48,197,0,-43,154,47,35,12,0.02,12,0,47,0,35,0.07,0.05,51,65,-14,602,600,2,--,71.82,-14.17,-24.03,1040.96,-1.04,9.27,-5.84,0,28.46,3470,4.88
8432,東生華,52.3,52.4,52.3,-0.2,-0.38,52,44.23,-3,0,-2,-5,0,0,0,0,0,0,0,0,0,0,0,0,0,0,54,54,0,13.62,126.07,16.35,34.46,1398.63,1.01,54.76,2.43,4.99,1.68,161,3.84
8433,弘帆,51.7,52.5,52.1,-0.6,-1.14,39,20.59,-6,0,0,-6,0,0,0,0,0,0,0,0,0,0,0,10,0,10,29,39,-10,18.15,256.53,3.05,34.71,3615.92,1.37,22.67,3.19,8.06,1.2,164,5.45
8435,鉅邁,56.2,56.5,56.6,-0.5,-0.88,73,50,-17,0,0,-17,0,0,0,0,0,0,0,0,0,0,0,0,0,0,75,75,0,15.81,55.6,5.87,16.33,638.06,0.83,50.78,3.28,5.65,0.92,73,3.52
8436,大江,118.5,119.5,118.5,-4,-3.27,767,53.06,122,-4,1,119,390,343,47,0.06,-3,0,340,226,117,0.44,0.44,121,156,-35,265,277,-12,13.56,504.64,-16.66,-9.75,7063.34,1.92,45.41,2.59,5.06,3.97,1168,11.77
8437,大地-KY,10.6,10.7,10.65,-0.3,-2.74,74,29.17,1,0,0,1,0,0,0,0,0,0,0,0,0,0,0,0,0,0,76,76,0,--,14.18,-54.9,-5.34,198.02,-0.4,33.97,-0.79,0,4.42,519,4.7
8438,昶昕,79.1,79.2,79.2,-4.5,-5.38,790,15.51,-20,0,-7,-27,415,478,-63,-0.08,-443,0,35,0,478,0.04,0.6,106,75,31,274,242,32,30.11,445.91,2.26,49.77,4406.86,1.02,14.32,3.64,1.64,39.49,6905,6.99
8440,綠電,22.35,22.4,22.35,-0.8,-3.46,128,33.02,-4,0,0,-4,0,0,0,0,0,0,0,0,0,0,0,0,0,0,132,132,0,41.39,83.35,26.19,5.43,854.27,0.22,17.54,1.67,0.89,9.76,1226,5.03
8442,威宏-KY,40.65,41.15,40.65,-0.9,-2.17,311,51.62,42,0,0,42,26,98,-72,-0.23,-98,0,0,0,98,0,0.31,14,14,0,272,200,72,22.71,736.55,-0.44,13.39,8264.74,0.03,15.61,0.06,7.38,4.24,744,7.02
8443,阿瘦,11.3,11.4,11.35,-0.05,-0.44,2,0,-2,0,0,-2,0,0,0,0,0,0,0,0,0,0,0,0,0,0,4,4,0,--,79.55,-6.02,1.42,1103.99,-0.37,54.88,-3.77,0,--,32,6.68
8444,綠河-KY,4.53,5.3,4.56,-0.34,-6.94,36,19.23,0,0,0,0,0,0,0,0,0,0,0,0,0,0,0,0,0,0,36,36,0,--,140.81,26.94,-56.78,2448.07,-3.3,-33.67,-226.09,0,--,3,11.12
8446,華研,89.6,89.8,89.6,3.2,3.7,1012,55.63,56,0,0,56,171,37,134,0.13,158,158,0,0,0,0.15,0,169,157,12,691,838,-147,10.23,199.84,84.32,120.24,1187.85,1.78,72.59,4.54,8.93,2.24,296,5.29
8450,霹靂,15.7,15.75,15.8,0.1,0.64,32,76.67,0,0,0,0,0,0,0,0,0,0,0,0,0,0,0,0,0,0,36,36,0,--,18.05,-80.25,4.54,307.42,0.32,34.72,3.86,0,--,83,5.13
8454,富邦媒,388,--,388,35,9.92,2989,77.71,32,802,-10,824,2277,1850,427,0.13,2009,2091,53,35,100,0.64,0.04,302,462,-160,776,1042,-266,37.02,8280.85,-9.42,1.32,108962.39,2.43,9.05,6.38,2.58,2.99,1979,26.5
8455,大拓-KY,30.6,30.8,30.6,-2.75,-8.25,46,12.12,-1,0,0,-1,0,0,0,0,0,0,0,0,0,0,0,0,0,0,47,47,0,56.67,112.74,-16.51,-6.69,1187.56,0.19,12.8,0.33,0,--,0,2.52
8462,柏文,138.5,139.5,139,-0.5,-0.36,183,37.36,8,0,0,8,49,60,-11,-0.06,-60,0,0,0,60,0,0.32,42,38,4,97,90,7,14.98,581.13,0.23,20.72,6438.52,2.42,33.57,7.55,5.24,4.66,937,8.04
8463,潤泰材,21.8,21.85,21.8,-0.6,-2.68,55,29.09,-20,0,-1,-21,0,0,0,0,0,0,0,0,0,0,0,0,0,0,56,56,0,10.28,629.04,5.65,6,7265.23,0.42,12.48,3.74,3.67,0.33,125,15
8464,億豐,327.5,328,327.5,-1,-0.3,1252,33.42,89,0,0,89,1102,1044,58,0.05,154,185,841,798,74,0.82,0.69,85,117,-32,69,95,-26,14.83,2625.17,-8.97,-5.29,29854.9,5.62,59.09,5.95,4.89,0.22,161,29.3
8466,美吉吉-KY,15.4,15.45,15.6,-0.8,-4.88,51,29.03,-5,0,0,-5,0,0,0,0,0,0,0,0,0,0,0,0,0,0,52,52,0,--,212.79,2.21,-11.64,2783.03,-0.89,8.25,-2.33,1.92,6.77,1351,7.98
8467,波力-KY,124.5,125,129,-0.5,-0.39,24,83.33,15,0,0,15,10,10,0,0,0,0,10,10,0,0.4,0.4,0,0,0,15,15,0,14.98,234.22,30.18,40.54,2458.58,0.83,37.02,1.47,5.47,2.45,296,4.84
8472,夠麻吉,88.9,89,92.2,3.7,4.18,76,63.38,8,0,0,8,0,0,0,0,0,0,0,0,0,0,0,16,20,-4,62,58,4,--,39.83,-15.78,-11.84,515.45,-0.26,33.78,-1.74,0,3.79,168,1.77
8473,山林水,53.9,54,53.9,-0.5,-0.92,3547,51.01,613,0,6,619,894,548,346,0.1,154,0,702,244,304,0.2,0.15,772,817,-45,1912,2214,-302,18.91,343.71,-47.02,19.78,5301.97,1.23,32.87,2.93,3.49,5.47,2334,18.12
8476,台境*,17.3,--,17.3,1.55,9.84,943,76.14,189,0,13,202,467,0,467,0.49,467,467,0,0,0,0.49,0,41,38,3,445,915,-470,43.25,96.69,-1.32,-37.44,1248.86,0,12.3,0.07,1.16,22.71,9439,8.31
8477,創業家,18.35,18.6,18.5,-0.9,-4.64,62,59.26,20,0,0,20,0,0,0,0,0,0,0,0,0,0,0,0,0,0,63,63,0,--,61.67,98.88,46.88,377.4,-0.03,20.17,-0.86,0,--,0,8.42
8478,東哥遊艇,159,160,159.5,-3,-1.85,314,56.27,-28,0,-3,-31,99,51,48,0.15,31,0,82,43,8,0.26,0.16,38,67,-29,185,204,-19,9.71,458.89,-24.05,-25.1,5561.13,3.8,42.63,3.84,4.08,4.55,1068,9.4
8481,政伸,40.75,41,40.75,-0.6,-1.45,45,17.78,-12,0,0,-12,0,0,0,0,0,0,0,0,0,0,0,0,0,0,46,46,0,13.36,101.08,-3.47,-0.68,1152.97,0.77,47,3.01,6.75,0.02,4,6.66
8482,商億-KY,48.4,49.9,48.45,-1.45,-2.91,3,33.33,-2,0,0,-2,0,0,0,0,0,0,0,0,0,0,0,0,0,0,3,3,0,21.07,279.32,-10.4,16.34,3511.35,0.66,32.74,2.07,4.05,0.61,164,10.74
8488,吉源-KY,9.59,9.69,9.64,-0.23,-2.33,3,100,-1,0,0,-1,0,0,0,0,0,0,0,0,0,0,0,0,0,0,3,3,0,--,329.47,-17.07,67.99,3576.98,-0.19,3.81,-0.59,0,0.11,21,7.35
8489,三貝德,22.9,23.15,23.4,-0.3,-1.27,157,25.16,-32,0,0,-32,0,0,0,0,0,0,0,0,0,0,0,0,0,0,195,195,0,--,162.1,-9.37,57.79,1681.11,0.38,54.59,2.72,0,27.58,2823,5.99
8499,鼎炫-KY,273,274,273.5,-19,-6.5,91,41.86,0,0,-1,-1,0,8,-8,-0.09,-8,0,0,8,0,0,0.09,31,28,3,63,58,5,27.4,333.11,19.39,95.5,3471.62,2.61,44.52,1.3,2.93,6.24,642,4.12
8905,裕國,29.55,29.65,29.6,-0.3,-1,34,50,-6,0,0,-6,0,0,0,0,0,0,0,0,0,0,0,0,0,0,34,34,0,53.82,199.3,3.75,18.64,2144.61,0.15,11.05,0.62,2.4,0.08,23,11.94
8906,花王,23.5,23.75,23.5,-1,-4.08,103,27.18,15,0,0,15,0,45,-45,-0.44,-45,0,0,0,45,0,0.44,0,0,0,103,58,45,--,13.77,-13.76,-22.99,206.64,-0.28,9.97,-2.54,0,0.8,88,4.4
8908,欣雄,41.2,41.3,41.25,-1.2,-2.83,175,36.21,6,0,0,6,30,0,30,0.17,0,0,0,0,0,0,0,42,72,-30,106,106,0,19.55,918.7,-5.29,-1.22,10125.33,0.46,10.04,3.29,4.36,0.15,121,31.53
8916,光隆,44.8,44.9,44.9,-0.25,-0.55,134,49.61,2,0,-5,-3,0,0,0,0,0,0,0,0,0,0,0,0,15,-15,136,121,15,19.19,615.83,4.2,-26.52,8093.17,0.17,11.78,0.5,6.68,0.39,145,15.03
8917,欣泰,51.4,51.7,52,-0.1,-0.19,4,50,1,0,0,1,0,0,0,0,0,0,0,0,0,0,0,0,0,0,4,4,0,22.51,281.11,-5.3,-0.79,3069.96,0.62,17.48,3.62,4.04,0.06,25,16.27
8921,沈氏,17.2,18.2,18.4,0.45,2.51,1,100,0,0,0,0,0,0,0,0,0,0,0,0,0,0,0,0,0,0,1,1,0,--,53.74,2.31,11.01,640.25,-0.26,7.03,-1.73,1.47,--,0,4.66
8923,時報,18.8,19.05,19.05,0,0,5,75,-1,0,0,-1,0,0,0,0,0,0,0,0,0,0,0,0,0,0,5,5,0,29.31,36.7,31.17,40.87,436.79,0.18,43.53,1.16,4.72,5.82,442,3.04
8924,大田,56.7,57,56.9,-1,-1.73,135,30,-33,0,0,-33,0,0,0,0,0,0,0,0,0,0,0,20,38,-18,123,105,18,11.36,402.36,2.5,30.06,4860.77,0.05,11.5,0.11,7.56,2.87,602,8.38
8926,台汽電,66.8,66.9,66.9,-2.7,-3.88,8505,40.63,-1340,40,1,-1299,3180,4959,-1779,-0.21,-2028,0,2931,4675,284,0.34,0.58,1492,1053,439,3947,2607,1340,18.64,7279.77,7.26,768.17,31507.44,2.11,8.52,8.06,3.6,3.15,6536,83.03
8927,北基,20.2,20.3,20.2,0.2,1,711,58.81,318,0,1,319,0,0,0,0,0,0,0,0,0,0,0,119,68,51,600,651,-51,39.61,1357.7,-14.16,50.68,11946.79,0.18,16.24,0.93,1.49,3.15,3337,41.91
8928,鉅明,20.7,20.75,20.65,-0.7,-3.28,77,7.89,2,0,0,2,0,0,0,0,0,0,0,0,0,0,0,0,0,0,78,78,0,36.23,175.99,-4.93,-27.63,2938.82,0.66,12.73,3.09,3.87,5.03,640,5.09
8929,富堡,14.65,14.7,14.6,-0.35,-2.34,69,26.87,-3,0,0,-3,0,0,0,0,0,0,0,0,0,0,0,0,0,0,80,80,0,--,64.95,-5.03,6.51,717.42,-0.06,24.06,-0.36,0,1.55,196,5.06
8930,青鋼,27.9,28.05,28,-0.5,-1.75,68,48.98,-4,0,0,-4,0,0,0,0,0,0,0,0,0,0,0,0,0,0,70,70,0,11.97,117.79,-1.77,-9.44,1385.48,0.62,26.19,3.54,7.86,3.4,695,8.18
8931,大汽電,41.65,42.05,41.65,-1.45,-3.36,77,41.1,-16,0,0,-16,0,0,0,0,0,0,0,0,0,0,0,0,0,0,78,78,0,27.4,223.25,-3.7,18.8,2511.5,0.38,16.86,2.27,3.84,17.95,5486,12.23
8932,智通*,100.5,101,100.5,-1.5,-1.47,4090,54.76,7,0,20,27,2317,1835,482,0.12,1389,1365,864,785,55,0.54,0.2,556,879,-323,1251,1410,-159,51.28,253.62,7.62,27.19,2410.64,0.53,61.19,8.43,1.19,63.07,56443,8.95
8933,愛地雅,4.73,4.75,4.75,-0.02,-0.42,157,44.16,-54,0,0,-54,0,0,0,0,0,0,0,0,0,0,0,0,0,0,163,163,0,--,203.6,7.86,-21.61,1881.6,-0.3,0.06,-5.91,0,--,0,32.67
8935,邦泰,23.7,23.8,23.8,0.05,0.21,1625,56.87,-59,0,0,-59,50,113,-63,-0.04,0,50,0,0,50,0.03,0.03,161,130,31,1419,1387,32,--,40.02,-45.77,-9.04,519.31,-0.09,17.49,-1.22,0,--,0,11.35
8936,國統,57.6,57.7,57.7,-5.1,-8.12,12226,41.74,-2547,-9,-217,-2773,3591,6102,-2511,-0.2,-2812,0,3290,5511,591,0.27,0.5,2457,2053,404,6280,4173,2107,13.29,556.46,-15.74,9.32,6718.87,0.99,22.58,3.01,5.2,21.4,13273,24.81
8937,合騏*,24.15,24.2,24.15,-1.4,-5.48,436,73.76,-130,0,-17,-147,189,200,-11,-0.03,-11,0,189,200,0,0.43,0.46,23,50,-27,225,187,38,--,89.41,-14.66,1337.24,396.4,-0.07,25.39,-1.05,0,--,21620,10.79
8938,明安,52.7,52.8,52.7,-0.4,-0.75,172,50.92,9,0,0,9,0,0,0,0,0,0,0,0,0,0,0,10,39,-29,164,135,29,16.84,1012.38,-6.72,-8.31,14627.18,1.33,13.86,2.61,7.59,2.1,823,15.7
8940,新天地,16.3,16.35,16.35,-0.5,-2.97,62,50,-10,0,-4,-14,0,0,0,0,0,0,0,0,0,0,0,0,0,0,70,70,0,25.95,120.31,42.63,-6.3,1608.03,1.34,53.28,10.83,0,0.58,98,6.75
8941,關中,43.6,44.25,44.3,0.95,2.19,3,33.33,-1,0,0,-1,0,0,0,0,0,0,0,0,0,0,0,0,0,0,4,4,0,47.63,287.5,15.85,-13.94,2955.19,1.36,29.43,4.49,2.26,0.24,21,3.5
8942,森鉅,40.15,40.2,40.2,-1.2,-2.9,357,38.24,-68,0,1,-67,0,0,0,0,0,0,0,0,0,0,0,20,22,-2,343,341,2,23.1,289.42,15.56,-19.67,2439.08,1.05,13.24,1.7,2.49,1.21,600,19.88
8996,高力,1210,1215,1210,85,7.56,5635,56.45,1287,321,-32,1576,5766,5690,76,0.01,2693,3195,2071,2074,499,0.9,0.44,8,24,-16,58,118,-60,85.94,631.68,-33.42,40.03,9609.06,6.54,29.02,13.73,0.38,19.31,4513,9.35
9802,鈺齊-KY,77.7,77.8,77.7,-1.3,-1.65,1125,60.16,312,0,-2,310,299,275,24,0.02,24,0,299,275,0,0.26,0.24,232,268,-36,604,592,12,13.7,1598.84,-2.24,-19.58,17056.84,0.89,15.85,1.3,6.56,5.34,2685,20.1
9902,台火,13.6,13.7,13.6,-0.6,-4.23,215,38.42,10,0,0,10,0,0,0,0,0,0,0,0,0,0,0,41,0,41,178,219,-41,--,2.18,-77.2,-94.04,303.85,0.17,31.74,1.4,0,14.03,3440,9.8
9904,寶成,25.9,25.95,25.9,-0.55,-2.08,21093,48.28,-2109,-107,180,-2036,14141,17403,-3262,-0.15,-6483,0,10920,12932,4471,0.52,0.82,1646,1416,230,5364,2333,3031,5.38,22344.46,15.28,3.85,248284,0.76,22.14,1.34,5.02,2.87,21126,294.68
9905,大華,20.45,20.5,20.45,-0.2,-0.97,349,19.88,-4,0,5,1,84,131,-47,-0.13,-131,0,0,0,131,0,0.37,33,0,33,234,220,14,14.5,834.92,24,18.32,8607.41,0.35,10.07,1.26,5.38,0.05,38,30.5
9906,欣巴巴,42.1,42.3,42.3,-0.3,-0.7,386,61.3,7,0,-2,5,0,0,0,0,0,0,0,0,0,0,0,13,0,13,379,392,-13,15.9,134.65,-3.41,75.88,2228.81,1.57,37.52,10.01,0.19,1.71,386,9.04
9907,統一實,16.45,16.5,16.45,-0.2,-1.2,4149,48.25,335,-107,63,291,1572,1434,138,0.03,138,0,1572,1370,64,0.38,0.34,696,1026,-330,1892,1700,192,14.82,3516.54,-8.82,-20.05,43744.03,0.17,10.71,1.07,7.17,1.1,4358,157.91
9908,大台北,29.25,29.3,29.25,-0.2,-0.68,325,36.54,44,0,-1,43,0,0,0,0,0,0,0,0,0,0,0,19,70,-51,308,257,51,17.01,284.31,-9.36,-0.91,3364.19,0.33,21.44,1.06,4.1,0.13,164,51.64
9910,豐泰,78.2,78.5,78.5,1.6,2.08,8264,65.24,-3865,3823,5,-37,5159,5242,-83,-0.01,3774,4219,879,1267,57,0.61,0.16,896,1014,-118,2248,2047,201,16.99,6819.94,3.37,-6.17,81575.65,0.68,17.39,2.37,5.22,0.72,1775,98.75
9911,櫻花,83.9,84,84,-0.6,-0.71,570,40.29,135,0,19,154,349,222,127,0.22,-130,0,92,28,194,0.16,0.38,34,91,-57,196,266,-70,13.33,855.53,0.07,8.67,10545.12,1.87,35.66,6.09,5.95,0.61,338,22.24
9912,偉聯,12.45,12.55,12.55,0,0,67,56.92,-6,0,4,-2,0,0,0,0,0,0,0,0,0,0,0,0,0,0,68,68,0,--,35.06,-9.68,-10.14,490.82,-0.19,44.34,-3.22,0,--,0,5.42
9914,美利達,67.8,68,68,-1.1,-1.59,1670,56.96,220,0,-11,209,615,494,121,0.07,67,0,561,431,63,0.33,0.29,437,384,53,630,804,-174,18.38,2189.33,-8.99,-14.32,24290.48,1.09,16.6,1.63,4.12,4.04,3018,29.9
9917,中保科,116,116.5,116.5,0,0,809,50.07,207,-14,0,193,593,416,177,0.21,300,379,76,62,93,0.55,0.19,92,162,-70,140,247,-107,17.44,1589.95,0.12,2.82,19093.69,1.6,33.9,4.99,5.32,0.08,94,45.12
9918,欣天然,43.8,44,43.8,-1.15,-2.56,44,20.45,-6,0,0,-6,0,0,0,0,0,0,0,0,0,0,0,0,0,0,45,45,0,26.23,192.95,-1.9,11.21,2014.05,0.63,30.74,3.44,3.42,0.25,114,18.05
9919,康那香,14,14.15,14,-0.2,-1.41,676,51.82,220,0,0,220,0,0,0,0,0,0,0,0,0,0,0,107,105,2,572,574,-2,--,215.68,-4.55,8.52,2682.72,-0.52,9.64,-4.89,0,16.95,8277,19.54
9921,巨大,70.4,70.6,70.6,-0.2,-0.28,1816,53.63,147,0,39,186,776,560,216,0.12,190,27,708,504,41,0.4,0.29,374,372,2,701,919,-218,176.5,5547.23,-0.91,-3.15,55751.95,-0.51,19.63,-0.4,2.55,2,1962,39.21
9924,福興,42.8,42.95,42.8,-0.4,-0.93,266,43.18,-98,0,-2,-100,0,0,0,0,0,0,0,0,0,0,0,13,18,-5,262,257,5,15.51,602.74,22.26,3.13,7115.38,0.54,19.92,1.19,5.84,1.87,706,15.08
9925,新保,40.2,40.25,40.2,-0.25,-0.62,436,41.24,69,0,2,71,51,127,-76,-0.17,-76,0,51,92,35,0.12,0.29,73,44,29,315,268,47,16.82,689.88,2.9,4.07,8304.63,0.47,32.17,1.31,4.98,0.01,9,38.75
9926,新海,48.9,49.05,48.9,-0.25,-0.51,43,16.67,-7,0,0,-7,0,0,0,0,0,0,0,0,0,0,0,0,0,0,43,43,0,17.91,208.86,-12.6,-1.62,2459.13,0.68,26.18,2.82,4.29,0.03,12,17.95
9927,泰銘,68.9,69.3,68.9,-0.8,-1.15,236,30.92,-26,0,0,-26,80,31,49,0.2,0,0,0,0,0,0,0,17,33,-16,145,178,-33,14.06,815.65,-6.03,18.75,8275.76,1.12,9.02,2.48,7.26,0.12,36,12
9928,中視,17.75,17.95,17.9,0,0,44,60.47,0,0,2,2,0,0,0,0,0,0,0,0,0,0,0,0,0,0,45,45,0,--,60.74,-6.39,0.02,896.32,-0.51,-1.42,-1.68,0,2.14,332,7.07
9929,秋雨,11.2,11.45,11.2,-0.15,-1.32,48,68.75,-4,0,0,-4,0,0,0,0,0,0,0,0,0,0,0,0,0,0,49,49,0,41.48,62.45,9.12,41.74,664.25,0.22,24.78,3,0,--,0,10.13
9930,中聯資源,68.6,69.2,68.7,-0.8,-1.15,129,46.46,15,0,7,22,0,0,0,0,0,0,0,0,0,0,0,10,26,-16,124,108,16,14.52,1135.59,-5.76,-11.47,13669.22,1.1,15.01,3.99,5.82,0.02,13,24.85
9931,欣高,34.4,34.75,34.45,-0.65,-1.85,57,35.19,-5,0,0,-5,0,0,0,0,0,0,0,0,0,0,0,0,0,0,59,59,0,14.47,141.69,-1.69,-4.5,1570.3,0.69,16.69,2.48,5.22,0.29,87,12.04
9933,中鼎,41.75,41.8,41.8,-1.65,-3.8,8520,39.97,-365,61,51,-253,3528,3443,85,0.01,-940,0,2503,2050,1393,0.29,0.4,1050,1286,-236,4014,3863,151,9.91,6895.78,8.96,-2.59,84551.58,1,13.05,4.45,2.39,2.12,4769,94.44
9934,成霖,10.7,10.75,10.75,-0.3,-2.71,3169,45.17,554,0,2,556,445,478,-33,-0.01,-33,0,445,478,0,0.14,0.15,597,618,-21,2134,2080,54,--,1566.85,-8.31,3.17,17715.02,0.28,34.21,1.84,0.93,5.86,6020,41.1
9935,慶豐富,18.95,19,19,-0.3,-1.55,263,54.66,70,0,0,70,0,0,0,0,0,0,0,0,0,0,0,0,0,0,264,264,0,11.73,412.41,2.65,9.36,4995.56,0.51,27.29,3.42,6.32,2.49,1109,17.78
9937,全國,55.8,56.1,55.8,0.1,0.18,96,52.08,-17,0,3,-14,0,0,0,0,0,0,0,0,0,0,0,37,22,15,60,75,-15,22.41,2203.62,6.48,18.88,22644.73,0.66,13.34,3.43,3.94,0.21,160,30.9
9938,百和,45,45.05,45,-0.55,-1.21,1582,53.29,250,-10,7,247,343,255,88,0.06,58,0,313,255,0,0.2,0.16,339,376,-37,912,962,-50,13.08,1212.93,-9.08,4.41,15559.79,0.87,31.81,1.76,6.67,5.06,3769,29.8
9939,宏全,126,126.5,126,-1.5,-1.18,1036,51.26,228,-8,-2,218,727,543,184,0.17,184,0,727,543,0,0.69,0.51,105,186,-81,225,329,-104,13.97,2786.6,8.85,13.55,28789.02,2.25,22.34,3.38,4.92,1.39,1028,29.58
9940,信義,19.3,19.35,19.3,-0.2,-1.03,859,53.58,258,0,-1,257,65,0,65,0.07,65,65,0,0,0,0.07,0,172,115,57,632,754,-122,52.16,942.25,-18.3,22.12,12292.5,0.22,23.12,1.23,3.11,0.53,983,73.68
9941,裕融,82.6,83,83,1.1,1.34,6755,71.89,-2768,3589,6,827,4658,3895,763,0.11,1693,2051,2153,1676,835,0.62,0.37,630,932,-302,1532,1993,-461,10.36,3313.42,4.08,-4.67,39292.2,1.82,43.67,2.6,5.52,0.58,840,57.56
9942,茂順,118,119,118.5,-2,-1.66,144,35.97,-15,0,0,-15,45,68,-23,-0.16,-68,0,0,0,68,0,0.46,25,34,-9,78,46,32,14.43,381.48,-7.02,10.77,4229.7,2.22,39.96,4.18,5.91,0.47,98,8.32
9943,好樂迪,56.5,56.9,56.6,-0.8,-1.39,107,32.08,10,0,1,11,0,0,0,0,0,0,0,0,0,0,0,10,13,-3,100,97,3,15.72,183.74,6.84,-1.26,2338.59,1.88,53.23,4.21,6.18,0.36,112,12.52
9944,新麗,16.8,16.95,16.8,-0.15,-0.88,50,34.48,-12,0,1,-11,0,0,0,0,0,0,0,0,0,0,0,0,0,0,53,53,0,336,239.65,-12.15,0.89,2345.92,0.65,34.63,2.11,1.79,20.82,5512,10.59
9945,潤泰新,24.55,24.6,24.6,-0.55,-2.19,9834,46,-251,-21,-141,-413,6172,6065,107,0.01,-2284,0,3781,3634,2431,0.38,0.61,963,1411,-448,2750,2409,341,4.68,3938.61,40.21,58.78,42051.03,0.99,24.74,2.81,4.47,3.39,24115,284.42
9946,三發地產,16.8,16.85,16.85,-0.3,-1.75,1090,50.9,263,0,0,263,0,0,0,0,0,0,0,0,0,0,0,260,211,49,832,881,-49,4.07,250.85,-53.41,7453.42,4291.09,2.56,53.82,12.01,8.13,1.79,1462,32.66
9949,琉園,22.95,23.2,23.15,-0.15,-0.64,21,42.86,-4,0,-2,-6,0,0,0,0,0,0,0,0,0,0,0,0,0,0,24,24,0,4.25,11.17,24.88,26.57,141.69,0.03,66,0.22,9.5,74.27,8329,4.49
9950,萬國通,10.55,10.65,10.7,-0.3,-2.73,140,34.55,25,0,0,25,0,0,0,0,0,0,0,0,0,0,0,0,0,0,140,140,0,--,148.45,-26.31,-2.74,2123.59,-0.03,22.15,-0.32,0,--,0,16.77
9951,皇田,52.3,52.5,52.5,-0.4,-0.76,134,24.24,-38,0,0,-38,0,0,0,0,0,0,0,0,0,0,0,12,0,12,123,135,-12,10.58,520.71,3.08,2.66,6586.47,1.46,22.84,2.8,6.13,1.52,279,7.33
9955,佳龍,27.4,27.5,27.4,-1,-3.52,271,37.7,-22,0,-3,-25,0,0,0,0,0,0,0,0,0,0,0,0,0,0,284,284,0,38.59,136.84,-25.13,7.13,1688.39,0.05,13.61,0.41,0,5.48,1431,10.44
9958,世紀鋼,115,115.5,115,-6,-4.96,5552,44.04,-1262,0,-100,-1362,2821,3901,-1080,-0.19,-1145,0,2756,3688,213,0.49,0.7,737,484,253,2074,1247,827,14.67,1708.14,-3.28,28.98,15928.85,2.63,33.19,4.49,3.91,15.71,9698,24.69
9960,邁達康,31.2,31.4,31.4,-0.6,-1.88,27,50,0,0,0,0,0,0,0,0,0,0,0,0,0,0,0,0,0,0,27,27,0,16.79,73.75,3.74,49.32,708.96,0.53,36.38,2.7,4.94,6.05,508,3.36
9962,有益,9.65,9.72,9.72,-0.15,-1.52,60,29.82,-5,0,0,-5,0,0,0,0,0,0,0,0,0,0,0,0,0,0,61,61,0,--,151.18,-23.83,-2.33,1621.49,0.05,7.63,0.47,0,1.29,291,9.02
