代碼,商品,買進,賣出,成交,漲跌,漲幅%,總量,內外盤比%,外資買賣超,投信買賣超,自營商買賣超,法人買賣超,控盤者買進,控盤者賣出,控盤者買賣超,控盤者買賣超比,控盤者主動買賣超,控盤者拉高買盤,控盤者作多買盤,控盤者偏空賣盤,控盤者殺低賣盤,控盤者主動買力,控盤者主動賣力,實戶買進,實戶賣出,實戶買賣超,散戶買進,散戶賣出,散戶買賣超,PE(市盈率),營收,營收期增率%,營收年增率%,營收(12),盈餘,毛利率%,ROE%,殖利率%,融資使用率%,融資餘額,股本
1101,台泥,23.95,24,23.95,0.1,0.42,27252,47.11,-7119,55,-8,-7072,22453,22565,-112,0,22334,22379,0,0,45,0.82,0,1089,1095,-6,3813,3695,118,--,12213.2,-1.61,-3.69,148481.34,0.1,18.72,0.4,3.34,1.8,33762,752.32
1102,亞泥,33.9,33.95,33.9,0.15,0.44,13133,52.15,-5836,8,-91,-5919,10619,11954,-1335,-0.1,10438,10619,0,0,181,0.81,0.01,750,387,363,1797,827,970,11.38,5694.46,6.45,-9.27,68693.16,0.56,12.96,0.89,6.78,0.29,2527,354.66
1103,嘉泥,13.35,13.4,13.4,0.2,1.52,551,36.21,-4,0,25,21,76,97,-21,-0.04,76,76,0,0,0,0.14,0,175,104,71,307,357,-50,20.3,207.62,-14.46,-23.55,2887.3,0.08,21.15,0.27,4.1,2.09,4136,83.29
1104,環泥,29.05,29.1,29.05,0.15,0.52,818,62.6,-169,0,-22,-191,178,102,76,0.09,178,178,0,0,0,0.22,0,144,109,35,504,615,-111,11.35,635.96,9.5,-8.98,7689.7,0.41,27.95,1.14,6.37,0.84,1442,68.67
1108,幸福,13.75,13.8,13.75,0.15,1.1,459,48.98,33,0,-1,32,0,0,0,0,0,0,0,0,0,0,0,147,189,-42,316,274,42,6.81,335.1,3.79,-13.76,4077.49,0.17,16.14,1.23,7.27,0.49,498,40.47
1109,信大,14.6,14.65,14.65,0.05,0.34,158,47.86,-41,0,-7,-48,0,0,0,0,0,0,0,0,0,0,0,0,0,0,161,161,0,18.54,340.19,8.34,-21.62,4203.15,0.01,6.23,-0.15,6.14,0.35,300,34.12
1110,東泥,15.35,15.4,15.4,0,0,236,52.94,-56,0,1,-55,0,0,0,0,0,0,0,0,0,0,0,0,0,0,237,237,0,48.13,237.55,5.8,-10.21,2666.66,0.05,14.33,0.26,1.95,1.89,2708,57.2
1201,味全,12.25,12.3,12.25,-0.05,-0.41,558,38,26,0,-10,16,0,0,0,0,0,0,0,0,0,0,0,132,165,-33,435,402,33,31.41,1793.56,6.46,-3.42,21564.35,0.2,27.41,1.32,1.71,1.22,1549,50.61
1203,味王,42,42.4,42,-0.35,-0.83,33,72.41,-20,0,0,-20,0,0,0,0,0,0,0,0,0,0,0,0,0,0,33,33,0,24.71,437.7,-5.83,-12.21,5340.21,0.49,34.47,2.41,2.38,0.01,3,24
1210,大成,54.4,54.5,54.5,0.5,0.93,8722,75.36,-2551,4990,-265,2174,7595,6486,1109,0.13,7501,7564,0,0,63,0.86,0.01,394,707,-313,766,1562,-796,13.8,9065.71,-0.36,10.16,104814.75,0.94,14.07,2.77,5.5,0.44,989,89.48
1213,大飲,8.39,8.52,8.41,-0.02,-0.24,14,21.43,0,0,0,0,0,0,0,0,0,0,0,0,0,0,0,0,0,0,14,14,0,--,22.83,-10.1,14.3,311.41,-0.37,-2,-3.29,0,--,0,5.66
1215,卜蜂,115,115.5,115,0,0,3199,24.82,937,-1820,-14,-897,2336,2869,-533,-0.16,1947,1947,0,0,0,0.6,0,249,137,112,663,243,420,12.39,2316.77,-7.75,-2.92,28841.27,1.26,17.75,3.12,6.09,0.6,440,29.48
1216,統一,74.1,74.2,74.1,1.2,1.65,14710,47.27,4500,-154,-158,4188,13655,11654,2001,0.14,13655,13655,0,0,0,0.92,0,441,924,-483,705,2223,-1518,20.03,57480.11,0.18,2.26,679885.44,1.15,33.78,4.5,4.05,0.08,1125,568.2
1217,愛之味,9.84,9.88,9.84,-0.02,-0.2,568,24.95,-183,0,-9,-192,0,0,0,0,0,0,0,0,0,0,0,0,53,-53,575,522,53,20.5,396.67,3.15,5.27,5036.36,-0.13,26.35,-0.76,2.54,1,1240,49.45
1218,泰山,19.4,19.45,19.4,0,0,1703,51.66,-380,0,-11,-391,262,750,-488,-0.28,84,204,0,0,120,0.12,0.07,209,232,-23,1244,733,511,12.93,844.39,-3.2,6.37,10321.74,0.32,17.14,1.24,6.8,1.2,1497,50
1219,福壽,12.5,12.55,12.5,0.05,0.4,596,49.39,-210,0,-16,-226,100,86,14,0.02,100,100,0,0,0,0.17,0,235,118,117,265,396,-131,26.6,1115.08,-8.73,-6.86,14340.45,0.11,7.81,-0.08,4,0.7,596,34.12
1220,台榮,11.7,11.75,11.7,-0.05,-0.43,171,49.07,0,0,-1,-1,0,0,0,0,0,0,0,0,0,0,0,49,60,-11,136,125,11,585,239.79,-19.9,-12.6,3352.56,-0.17,7.79,-0.98,1.71,2.55,1129,17.71
1225,福懋油,30.05,30.15,30.1,-0.25,-0.82,378,50.16,-103,0,-60,-163,50,50,0,0,-50,0,0,0,50,0,0.13,0,0,0,331,331,0,17.6,1031.01,-7.13,2.27,12369.11,0.44,9.3,2.82,3.32,12.21,7395,24.23
1227,佳格,28.55,28.6,28.6,0.3,1.06,1362,53.19,281,0,-10,271,431,350,81,0.06,431,431,0,0,0,0.31,0,263,181,82,682,845,-163,19.72,1931.5,-8.11,-4.84,28668.11,0.52,23.44,2.51,4.69,0.6,1364,91.51
1229,聯華,41.5,41.55,41.55,0.6,1.47,2385,53.6,-390,0,-36,-426,586,748,-162,-0.07,535,586,0,0,51,0.24,0.02,425,540,-115,1418,1141,277,16.04,604.37,-35.18,-45.4,13275.29,0.55,23.32,1.33,4.81,0.81,3655,179.6
1231,聯華食,87.2,87.3,87.2,0.5,0.58,305,46.15,-61,0,-7,-68,24,30,-6,-0.02,24,24,0,0,0,0.07,0,57,39,18,243,255,-12,19.82,986.34,-2.15,-3.15,13067.73,1,21.66,4,2.87,0.38,284,29.85
1232,大統益,148.5,149,148.5,0.5,0.34,114,46.73,13,0,-11,2,35,9,26,0.22,35,35,0,0,0,0.29,0,30,50,-20,56,62,-6,17.17,1831.69,-3.1,9.9,22232.16,2.33,13.69,6.17,4.85,0.02,6,16
1233,天仁,27.95,28.05,28,0.6,2.19,48,68.89,-5,0,0,-5,0,0,0,0,0,0,0,0,0,0,0,0,0,0,48,48,0,34.15,188.91,9.04,-3.79,2184.92,0.34,61.08,2.21,0.71,0.21,47,9.06
1234,黑松,34.65,34.85,34.75,0.25,0.72,170,31.37,-34,0,-1,-35,0,0,0,0,0,0,0,0,0,0,0,15,21,-6,159,153,6,20.68,685.65,-5.88,-14.24,9495.82,0.29,23.95,0.62,4.75,0.02,21,40.19
1235,興泰,37.15,37.6,37.15,-0.45,-1.2,40,51.43,-16,0,-4,-20,0,0,0,0,0,0,0,0,0,0,0,0,0,0,40,40,0,--,14.86,-22.83,3.02,206.9,-0.54,28.55,-4.06,2.69,2.09,983,18.86
1236,宏亞,25.6,25.65,25.6,0,0,49,4.88,-17,0,-1,-18,0,0,0,0,0,0,0,0,0,0,0,0,0,0,51,51,0,--,122.25,18.38,-2.44,1839.97,0.23,28.09,0.8,6.45,0.59,128,8.67
1240,茂生農經,57.6,58,57.9,0.6,1.05,12,100,1,0,0,1,0,0,0,0,0,0,0,0,0,0,0,0,0,0,12,12,0,12.4,236.45,-11.88,11.59,2774.69,0.89,12.79,2.4,6.04,0.2,22,4.42
1256,鮮活果汁-KY,182,183.5,182,5.5,3.12,67,51.56,-13,0,-1,-14,0,0,0,0,0,0,0,0,0,0,0,16,24,-8,55,47,8,13.75,475.68,4.42,23.65,4775.69,3.24,30.39,2.85,3.63,4.61,412,3.58
1259,安心,57,58.5,57.7,-0.3,-0.52,6,66.67,-2,0,0,-2,0,0,0,0,0,0,0,0,0,0,0,0,0,0,6,6,0,25.76,547.07,11.99,2.9,6140.89,0.06,22.76,0.07,2.08,0.53,43,3.24
1264,德麥,269.5,270,269.5,2,0.75,14,50,4,0,0,4,0,0,0,0,0,0,0,0,0,0,0,2,8,-6,15,9,6,12.98,555.51,-11.87,2.72,6862.9,5.5,33.22,5.4,5.57,0.01,1,3.71
1268,漢來美食,170,170.5,170,2.5,1.49,20,60,3,0,0,3,0,0,0,0,0,0,0,0,0,0,0,0,6,-6,22,16,6,14.66,514.78,-11.85,25.42,6584.17,5.87,48.89,10.21,4.71,0.18,19,4.22
1294,漢田生技,82.7,82.9,82.9,5.4,6.97,115,80.53,-13,0,0,-13,0,0,0,0,0,0,0,0,0,0,0,6,0,6,111,117,-6,16.95,76.65,0.71,5.99,836.25,1.41,36.8,5.01,6.03,2.21,169,3.06
1295,生合,48.4,49.45,49.45,1.5,3.13,121,52.63,35,0,0,35,0,0,0,0,0,0,0,0,0,0,0,0,0,0,122,122,0,11.37,80.33,-23.05,-23.38,983.05,0.39,47.44,1.03,6.07,1.76,152,3.45
1301,台塑,45.55,45.6,45.55,-0.3,-0.65,24684,37.36,-10641,0,-200,-10841,11293,21098,-9805,-0.39,-16368,123,4447,6239,14699,0.18,0.84,4005,1121,2884,9581,2660,6921,--,14951.42,-18.42,0.67,172447.04,0.51,3.7,0.87,1.1,1.08,17138,636.57
1303,南亞,99.1,99.2,99.2,1.7,1.74,67770,46.66,-6549,721,-723,-6551,47671,55318,-7647,-0.11,4736,13854,31900,36946,4072,0.67,0.6,6498,4326,2172,13993,8518,5475,42.94,28830.98,4.15,31.35,274333.84,1.8,11.94,3.8,0.81,1.48,29271,793.08
1304,台聚,12.7,12.75,12.75,-0.05,-0.39,4457,45.17,-1421,0,-5,-1426,770,2054,-1284,-0.29,-1868,86,0,0,1954,0.02,0.44,1033,577,456,2676,1848,828,--,3720.86,-15.68,-1.43,43235.49,-0.41,2.86,-2.76,1.18,4.3,12768,118.88
1305,華夏,12.55,12.6,12.55,-0.05,-0.4,2820,47.36,-997,0,-60,-1057,316,456,-140,-0.05,-140,129,187,102,354,0.11,0.16,417,712,-295,2149,1713,436,--,973.04,-18.39,20.69,9959.75,-0.21,1.97,-1.65,0.8,4.97,7226,58.11
1307,三芳,34.6,34.65,34.6,0.05,0.14,2264,47.88,208,-15,42,235,188,194,-6,0,158,158,0,0,0,0.07,0,531,483,48,1560,1602,-42,12.63,876.39,-10.69,9.15,10987.41,0.97,32.59,3.89,6.36,1.31,1298,39.78
1308,亞聚,13.35,13.4,13.4,0,0,1812,37.12,-507,0,-5,-512,407,395,12,0.01,-395,0,0,0,395,0,0.22,146,468,-322,1271,962,309,--,521.63,1.87,10.42,5632.56,-0.2,5.66,-1.13,1.49,5.18,7687,59.37
1309,台達化,15.2,15.25,15.2,-0.05,-0.33,4098,36.23,-912,0,-5,-917,614,1018,-404,-0.1,-1018,0,0,0,1018,0,0.25,598,986,-388,2900,2108,792,--,974.08,-22.85,-20.62,13221.14,-0.53,-1.76,-3.69,0.99,8.56,8507,39.76
1310,台苯,8.71,8.72,8.71,-0.03,-0.34,2777,36.24,-553,0,-7,-560,0,0,0,0,0,0,0,0,0,0,0,62,68,-6,2730,2724,6,--,891.39,4.31,5.29,8608.64,-0.94,8.94,-6.61,0,9.55,12606,52.79
1312,國喬,13.75,13.8,13.75,0.1,0.73,14086,42.74,69,0,-76,-7,5134,6563,-1429,-0.1,5134,5134,0,0,0,0.36,0,1779,2128,-349,7212,5435,1777,--,2489.49,-19.98,-5.46,24371.95,-1.17,-1.73,-4.14,0,5.23,14463,110.66
1313,聯成,10.8,10.85,10.8,-0.1,-0.92,3901,31.06,261,0,-15,246,873,2330,-1457,-0.37,-2003,0,0,0,2003,0,0.51,932,511,421,2113,1077,1036,--,5371.03,-8.64,4.71,60660.52,0.08,6.21,0.35,0.93,3.51,11842,133.08
1314,中石化,7.78,7.79,7.78,-0.16,-2.02,37381,31.09,-10194,0,-808,-11002,4707,16864,-12157,-0.32,-14972,502,780,1934,14320,0.03,0.43,5742,6585,-843,27027,14027,13000,--,1556.46,10.83,-10.37,16626.02,-0.07,-7.12,-0.34,0,5.01,47450,378.49
1315,達新,61.5,61.6,61.5,0.3,0.49,29,52,-15,0,0,-15,0,0,0,0,0,0,0,0,0,0,0,0,0,0,31,31,0,41.55,233.65,77.66,3.43,2128.06,0.15,11,0.14,7.32,0.02,6,9.91
1316,上曜,10.45,10.5,10.45,0,0,1252,46.87,-50,0,-1,-51,240,113,127,0.1,137,137,0,0,0,0.11,0,114,318,-204,901,824,77,--,683.94,4.3,115.49,5968.9,-0.19,32.15,0.3,0,11.53,10835,40.16
1319,東陽,104.5,105,105,7.2,7.36,10797,76.59,1523,2949,-110,4362,8326,5720,2606,0.24,8000,8117,104,89,132,0.75,0.02,778,1465,-687,1809,3728,-1919,18.85,1847.63,-8.03,2.54,23148.68,1.62,32.51,3.22,4.76,3.17,4685,59.15
1321,大洋,29.45,29.5,29.45,0.45,1.55,350,69.91,48,0,-3,45,94,100,-6,-0.02,94,94,0,0,0,0.27,0,0,19,-19,257,232,25,--,361.97,2.8,13.39,3536.03,0.16,11.97,0.61,0,12.54,7126,22.72
1323,永裕,19.65,19.7,19.7,-0.15,-0.76,119,17.09,-35,0,2,-33,0,0,0,0,0,0,0,0,0,0,0,0,0,0,120,120,0,35.18,186.58,-8.1,5.09,2034.03,0.36,18.63,1.26,4.57,1.16,265,9.13
1324,地球,10.5,10.6,10.6,0.2,1.92,60,16.95,-15,0,0,-15,0,0,0,0,0,0,0,0,0,0,0,0,0,0,66,66,0,--,51.22,-29.76,-24.22,702.64,-0.06,16.15,-0.5,0,7.32,1375,7.51
1325,恆大,26.3,26.35,26.35,0,0,334,13.81,-178,0,-1,-179,138,138,0,0,138,138,0,0,0,0.41,0,0,25,-25,198,173,25,--,24.47,35.3,-13.39,262.13,-0.08,-20.01,-0.29,0,10.68,2277,8.53
1326,台化,48.25,48.3,48.25,-0.5,-1.03,24280,37.43,-7415,0,-191,-7606,11494,18600,-7106,-0.29,-12348,2442,641,856,14575,0.13,0.63,3434,1581,1853,9513,4260,5253,321.67,27386.9,-14.69,15.45,300607.44,1.07,7.74,1.65,1.24,0.91,13334,586.12
1336,台翰,13.75,13.8,13.8,0.1,0.73,64,55.17,-2,0,0,-2,0,0,0,0,0,0,0,0,0,0,0,0,0,0,65,65,0,37.3,203.81,-4.85,-8.9,2411.46,0.1,12.26,0.4,1.88,13.45,2610,7.76
1337,再生-KY,4.98,5,4.98,-0.04,-0.8,667,55.51,-148,0,3,-145,0,0,0,0,0,0,0,0,0,0,0,100,0,100,573,673,-100,--,42.07,-32.04,-31.33,615.05,-0.43,-8.67,-3.14,0,31.6,21245,26.9
1338,廣華-KY,16.7,16.8,16.8,0.25,1.51,135,43.61,-14,0,0,-14,0,0,0,0,0,0,0,0,0,0,0,0,0,0,136,136,0,--,426.71,-6.86,6.24,5225.36,-1.15,25.08,-1.37,1.79,14.48,3036,8.38
1339,昭輝,43.35,43.6,43.6,0.9,2.11,133,48.12,16,0,-2,14,0,0,0,0,0,0,0,0,0,0,0,0,13,-13,134,121,13,10.31,141.13,0.81,-10.02,1543.54,2.78,24.62,5.41,5.73,3.36,622,7.41
1340,勝悅-KY,5.45,5.49,5.49,-0.07,-1.26,223,40.72,-106,0,6,-100,0,0,0,0,0,0,0,0,0,0,0,0,0,0,237,237,0,--,5.28,53.49,-81.22,82.69,-0.3,-181.27,-1.74,0,2.75,1052,15.29
1341,富林-KY,62.9,63,62.9,0.2,0.32,15,26.67,-6,0,-1,-7,0,0,0,0,0,0,0,0,0,0,0,0,0,0,15,15,0,15.42,198.46,-25.35,14.54,2623.37,1.62,25.06,6.92,6.36,--,0,5.29
1342,八貫,111,111.5,111.5,-0.5,-0.45,2470,48,356,0,0,356,1198,961,237,0.1,-53,0,908,561,400,0.36,0.39,401,503,-102,909,1043,-134,18.74,337.47,-3.38,37.2,3199.56,2.08,27.2,7.23,5.38,4.01,782,7.8
1402,遠東新,27.65,27.7,27.7,0.95,3.55,59330,65.95,-16106,25133,-21,9006,54240,48018,6222,0.1,54023,54023,0,0,0,0.91,0,1926,3898,-1972,3218,7468,-4250,17.2,22888.48,7.02,14.34,254108.68,0.61,21.9,1.74,4.51,0.84,11220,535.29
1409,新纖,24.85,24.9,24.9,0.1,0.4,13759,52.84,-1587,0,73,-1514,2235,6180,-3945,-0.43,-3630,423,1510,4594,969,0.21,0.61,1932,1955,-23,9714,5746,3968,18.72,4373.93,7.22,35.13,40791.5,0.39,24.36,1.68,3.61,5.43,21953,161.84
1410,南染,25.3,25.65,25.3,-0.45,-1.75,49,18.37,-15,0,0,-15,0,0,0,0,0,0,0,0,0,0,0,20,0,20,30,50,-20,46.85,23.11,-0.38,12.78,191.66,0.03,31.62,0.04,0.79,2.04,316,6.2
1413,宏洲,9.41,9.5,9.49,0.1,1.06,11,22.22,-2,0,-1,-3,0,0,0,0,0,0,0,0,0,0,0,0,0,0,12,12,0,17.25,178.75,-20.2,-16.46,1920.41,-0.13,-0.87,-1.51,0,--,0,13.21
1414,東和,17.4,17.5,17.5,0.15,0.86,550,34.61,-50,0,0,-50,0,0,0,0,0,0,0,0,0,0,0,40,70,-30,515,485,30,60.34,45.98,-0.51,11.12,451.54,0.06,11.1,0.38,1.14,1.87,924,19.8
1416,廣豐,10.95,11.05,10.95,-0.15,-1.35,549,32.95,-159,0,-1,-160,0,0,0,0,0,0,0,0,0,0,0,0,51,-51,558,507,51,12.73,33.56,-4.63,26.52,391.28,0.18,34.96,0.8,5.21,9.13,4231,18.53
1417,嘉裕,8.42,8.44,8.42,-0.03,-0.36,250,35.6,-56,0,0,-56,0,0,0,0,0,0,0,0,0,0,0,0,0,0,255,255,0,18.71,21.31,-3.18,-10.25,420.53,-0.22,66.83,-1.81,2.97,3.54,1683,18.99
1418,東華,18.8,18.95,18.8,-0.05,-0.27,18,52.94,2,0,0,2,0,0,0,0,0,0,0,0,0,0,0,0,0,0,19,19,0,--,0.55,3158.82,59.2,3.34,-0.75,-8.18,-3.38,0,6.36,745,5.68
1419,新紡,64.9,65.3,65,-0.1,-0.15,164,56.58,-32,0,-6,-38,0,0,0,0,0,0,0,0,0,0,0,19,18,1,147,148,-1,4.95,402.04,-28.64,39.74,5236.81,9.37,25.86,14.78,2.77,1.69,1264,30
1423,利華,43.85,43.9,43.9,0.25,0.57,791,52.8,10,0,-6,4,442,390,52,0.07,442,442,0,0,0,0.56,0,188,201,-13,162,201,-39,11.64,4.17,-47.9,-33.97,86.09,0.15,25.08,0.42,8.2,0.22,54,9.96
1432,大魯閣,17.4,17.45,17.4,0.25,1.46,594,41.81,-136,0,-2,-138,128,123,5,0.01,66,128,0,62,0,0.21,0.1,40,68,-28,437,414,23,2.66,66.52,10.86,-39.79,1140.71,-0.54,16.5,-3.46,11.49,1.02,229,10.8
1434,福懋,16.35,16.45,16.35,0.2,1.24,2540,58.4,406,0,-29,377,954,647,307,0.12,954,954,0,0,0,0.37,0,501,545,-44,1096,1360,-264,27.25,2497.99,-3.35,5.63,26878.71,0.2,11.18,0.77,3.06,0.62,2601,168.47
1436,華友聯,45,45.05,45.05,0.05,0.11,287,34.44,-76,-2,11,-67,0,0,0,0,0,0,0,0,0,0,0,12,38,-26,281,255,26,10.45,110.85,106.27,44.62,3668.32,-0.31,49.22,-0.95,11.21,1.86,902,19.42
1437,勤益控,28.65,28.7,28.7,0.15,0.53,82,69.74,-45,0,0,-45,0,0,0,0,0,0,0,0,0,0,0,0,0,0,83,83,0,10.36,61.7,8.14,-0.61,898.13,0.68,61.41,1.67,3.34,3.89,1962,20.19
1438,三地開發,19.9,19.95,19.95,-0.1,-0.5,63,42.86,-26,0,0,-26,0,0,0,0,0,0,0,0,0,0,0,0,0,0,63,63,0,7.23,11.99,-93.93,--,1648.35,0.65,39.56,2.26,5.01,0.37,85,11.12
1439,雋揚,24.65,24.8,24.7,-0.1,-0.4,31,56.67,-12,0,-1,-13,0,0,0,0,0,0,0,0,0,0,0,0,0,0,31,31,0,8.02,11.67,110.98,-38.28,746.3,0.59,30.12,1.68,2.02,4.59,1055,9.2
1440,南紡,13.25,13.3,13.25,-0.15,-1.12,4686,34.11,-1790,0,-92,-1882,683,2181,-1498,-0.32,-1827,77,0,0,1904,0.02,0.4,1078,1032,46,2948,1496,1452,--,1117.88,8.88,-13.43,13227.71,-0.05,8.73,-0.26,2.26,1.29,5352,165.68
1441,大東,9.13,9.24,9.14,-0.04,-0.44,46,13.95,-8,0,0,-8,0,0,0,0,0,0,0,0,0,0,0,0,0,0,53,53,0,--,94.13,-28.52,-1.28,1403.27,-0.62,1.42,-10.07,0,--,0,7.17
1442,名軒,26.5,26.55,26.5,-0.15,-0.56,282,24.72,-192,0,0,-192,0,0,0,0,0,0,0,0,0,0,0,0,52,-52,285,233,52,13.52,74.34,-6.36,-76.32,2016.31,0.23,49.87,1.07,9.06,3.42,3128,36.62
1443,立益物流,26.15,26.4,26.35,-0.1,-0.38,64,61.4,-28,0,-2,-30,0,0,0,0,0,0,0,0,0,0,0,0,0,0,65,65,0,23.95,79.13,-1.68,-2.27,949.33,0.52,47.69,3.95,0,0.09,31,13.53
1444,力麗,6.93,6.96,6.93,-0.17,-2.39,2217,36.55,239,0,-4,235,0,0,0,0,0,0,0,0,0,0,0,164,187,-23,2075,2052,23,--,623.27,-34.41,9.21,7376.57,0.07,5.47,0.58,0,--,888,99.56
1445,大宇,11.3,11.35,11.35,0,0,69,34.33,-17,0,-6,-23,0,0,0,0,0,0,0,0,0,0,0,0,0,0,70,70,0,--,56.55,132.01,-12.21,689.26,0.03,24.65,0.19,4.41,4.03,1315,13.07
1446,宏和,16.45,16.55,16.5,0.2,1.23,220,46.95,32,0,0,32,0,0,0,0,0,0,0,0,0,0,0,34,0,34,187,221,-34,9.71,62.95,-35.66,-83.63,584.94,0.5,39.1,2.44,9.09,6,2067,13.77
1447,力鵬,6.61,6.62,6.61,-0.14,-2.07,2904,35.46,-253,0,-74,-327,0,0,0,0,0,0,0,0,0,0,0,393,350,43,2535,2578,-43,--,3258.89,-15.82,27.79,29701.74,0.1,2.66,1.09,0,--,1755,91.01
1449,佳和,16.35,--,16.35,1.45,9.73,3280,97.94,-106,0,-25,-131,1940,922,1018,0.31,1940,1940,0,0,0,0.59,0,183,713,-530,1184,1672,-488,--,377.32,34.69,75.49,3008.72,-0.23,10.06,-0.95,0.61,11.26,3578,12.71
1451,年興,16.55,16.6,16.55,0.05,0.3,232,28.88,-27,0,-2,-29,0,0,0,0,0,0,0,0,0,0,0,0,0,0,237,237,0,18.6,525.25,2.31,-18.98,6293.58,0.47,16.45,1.26,6.04,1.42,704,19.8
1452,宏益,10.85,10.9,10.85,-0.2,-1.81,82,47.56,-16,0,-1,-17,0,0,0,0,0,0,0,0,0,0,0,0,0,0,83,83,0,--,121.12,-17.9,14.96,1366.03,-0.09,3.3,-0.43,1.84,0.32,107,13.26
1453,大將,11.15,11.3,11.15,0,0,24,27.27,-3,0,0,-3,0,0,0,0,0,0,0,0,0,0,0,0,0,0,31,31,0,101.36,0.13,-0.79,0.81,1.48,-0.05,63.93,-0.36,2.69,4.39,1243,11.32
1454,台富,13,13.05,13,0.25,1.96,29,32.14,-8,0,-1,-9,0,0,0,0,0,0,0,0,0,0,0,0,0,0,35,35,0,--,126.2,1.55,7.83,1402.93,-0.2,3.8,-1.77,0.77,6.75,2190,12.98
1455,集盛,9.95,9.96,9.96,-0.04,-0.4,6345,37.29,-321,0,-335,-656,461,689,-228,-0.04,-155,200,0,0,355,0.03,0.06,190,231,-41,5721,5452,269,--,543.39,-8.72,-4.87,5561.64,-0.05,2.13,-0.46,1.61,2.42,3214,53.17
1456,怡華,13.95,14,14,-0.05,-0.36,70,50.72,-22,0,-1,-23,0,0,0,0,0,0,0,0,0,0,0,0,0,0,70,70,0,4.06,64.1,14.38,23.71,896.39,-0.43,39.68,-2.12,0,2.24,525,9.37
1457,宜進,14.65,14.7,14.65,-0.25,-1.68,342,22.46,-40,0,0,-40,0,0,0,0,0,0,0,0,0,0,0,0,0,0,345,345,0,21.87,249.33,-15.62,-8.69,2742.99,0.2,5.92,0.36,6.83,0.92,730,31.67
1459,聯發,11.65,11.7,11.65,0.05,0.43,143,48,-40,0,-2,-42,0,0,0,0,0,0,0,0,0,0,0,0,0,0,145,145,0,8.5,82.21,-12.87,-3.48,1056.17,0.03,18.88,0.27,1.72,0.44,391,35.86
1460,宏遠,6.94,6.95,6.95,-0.09,-1.28,941,32.09,-251,0,-2,-253,0,0,0,0,0,0,0,0,0,0,0,0,99,-99,951,852,99,--,426.2,-27.21,-27.61,6853.27,0.02,17.68,0.23,0,--,0,69.46
1463,強盛新,17.55,17.75,17.65,0,0,30,33.33,-13,0,-1,-14,0,0,0,0,0,0,0,0,0,0,0,0,0,0,31,31,0,--,20.9,-17.1,34.51,226.01,-0.01,17.06,-0.09,0.74,0.84,362,17.33
1464,得力,10.35,10.4,10.35,-0.05,-0.48,579,40.75,12,0,-40,-28,0,0,0,0,0,0,0,0,0,0,0,0,61,-61,588,527,61,64.69,990.95,-12.28,4.57,12144.19,0.3,20.88,2.07,2.42,2.08,2218,42.56
1465,偉全,12.35,12.4,12.4,0,0,181,50.84,-15,0,0,-15,0,0,0,0,0,0,0,0,0,0,0,0,44,-44,185,141,44,--,27.07,-25.48,18.69,371.56,0.27,2.36,1.79,2.42,12.88,3336,10.36
1466,聚隆,14.1,14.15,14.15,-0.25,-1.74,699,40.83,109,0,0,109,0,168,-168,-0.24,-168,0,0,0,168,0,0.24,165,124,41,535,408,127,--,187.41,-3.06,-17.51,2427.43,0.17,12.64,1.29,1.41,16.76,4657,11.12
1467,南緯,7.75,7.78,7.78,-0.16,-2.02,385,46.75,-81,0,-18,-99,0,0,0,0,0,0,0,0,0,0,0,0,0,0,393,393,0,--,413.81,-10.62,27.49,5178.56,0.11,19.76,0.93,0,12.5,5258,23.36
1468,昶和,11.6,11.8,11.85,0,0,57,56.14,-17,0,1,-16,0,0,0,0,0,0,0,0,0,0,0,0,0,0,57,57,0,98.75,44.43,4.71,-37.47,645.71,0.17,25.9,1.81,0,--,0,16.04
1470,大統新創,22.15,22.45,22.65,0.05,0.22,11,63.64,-6,0,-1,-7,0,0,0,0,0,0,0,0,0,0,0,0,0,0,11,11,0,26.03,55.31,8.67,-18.4,755.46,0.31,26.99,2.67,2.87,0.03,6,8.58
1471,首利,11,11.1,11.1,0.05,0.45,671,34.09,43,0,-1,42,100,0,100,0.15,0,0,0,0,0,0,0,0,212,-212,573,461,112,--,8,4.94,-52.38,148.74,-0.03,-20.25,-0.25,0,--,0,15.04
1472,三洋實業,88.5,89.2,88.5,-0.6,-0.67,13,30,-7,0,0,-7,0,0,0,0,0,0,0,0,0,0,0,0,0,0,13,13,0,13.76,307.21,35.42,-8.15,3619.14,1.78,14.67,3.94,6.78,46.13,4035,5.25
1473,台南,20.8,20.9,20.9,-0.1,-0.48,192,61.98,44,0,1,45,0,0,0,0,0,0,0,0,0,0,0,47,79,-32,152,120,32,--,378.67,-31.82,-13.6,6080.36,0.69,18.38,2.59,2.39,2.36,861,14.62
1474,弘裕,10.2,10.25,10.2,-0.1,-0.97,73,27.78,-13,0,-1,-14,0,0,0,0,0,0,0,0,0,0,0,0,0,0,75,75,0,42.5,231.33,-8.24,4.68,2858.36,0.09,10.9,0.46,2.45,10.15,3295,12.99
1475,業旺,26.9,27.2,27.15,1.65,6.47,109,66.97,-22,0,1,-21,0,0,0,0,0,0,0,0,0,0,0,0,0,0,109,109,0,10.65,125.36,0.3,5.82,1427.98,0.88,17.89,3.77,5.52,2.64,435,6.6
1476,儒鴻,348.5,349,348.5,11,3.26,1089,46.98,-273,20,-4,-257,904,804,100,0.09,897,904,0,0,7,0.82,0.01,70,104,-34,135,200,-65,16.86,3059.19,-6.28,0.69,38130.19,6.69,32.17,6.42,4.3,1.13,775,27.44
1477,聚陽,226,226.5,226,1,0.44,1610,49.52,-19,-6,-19,-44,1160,1162,-2,0,911,1065,0,0,154,0.65,0.09,118,140,-22,370,345,25,16.32,2708.74,3.94,8.84,33863.02,4.35,26.14,7.91,6.64,2.45,1513,24.67
1503,士電,229,229.5,229.5,-0.5,-0.22,6690,48.05,-1408,0,-230,-1638,3785,4793,-1008,-0.15,-4001,220,262,350,4133,0.07,0.65,745,603,142,2342,1476,866,34.15,3404.4,-19.52,32.53,39277.5,2.79,23.77,3.99,2.18,3.31,4310,52.1
1504,東元,73,73.1,73.1,1.5,2.09,21400,48.06,-4364,4,-240,-4600,9868,13880,-4012,-0.19,2662,7021,2289,4839,1809,0.43,0.31,3602,2517,1085,8186,5259,2927,32.93,5685.65,1.05,10.55,60781.92,0.51,23.47,1.31,2.74,6.42,38115,237.64
1506,正道,10.1,10.15,10.15,0.1,1,372,40.72,25,0,-6,19,0,0,0,0,0,0,0,0,0,0,0,50,0,50,322,372,-50,84.58,105.8,3.05,9.01,1121.24,0.02,17.44,0.18,0,--,0,30.04
1512,瑞利,6.79,6.93,6.93,0.12,1.76,111,27.52,0,0,2,2,0,0,0,0,0,0,0,0,0,0,0,0,0,0,112,112,0,24.75,76.63,5.19,-9.81,1169.36,0.09,31.8,1.28,0,--,0,9.82
1513,中興電,169.5,170,169.5,0,0,10717,42.17,-1682,-4,-298,-1984,6889,8169,-1280,-0.12,-5028,297,2393,2523,5195,0.25,0.71,1688,1161,527,2371,1618,753,20.98,2392.02,3.65,3.62,27701.06,1.94,25.98,4.49,3.54,9.37,11788,50.31
1514,亞力,125.5,126,125.5,0.5,0.4,9942,54.16,-1900,0,-75,-1975,5870,7245,-1375,-0.14,-3546,1910,0,0,5456,0.19,0.54,1053,859,194,3146,1966,1180,36.8,858.23,7.89,40.12,11319.11,0.73,17.54,3.08,1.75,8.45,5768,27.31
1515,力山,23.85,23.9,23.85,0,0,1307,33.44,-176,0,-23,-199,0,270,-270,-0.2,-270,0,0,189,81,0,0.2,85,178,-93,1233,870,363,24.34,325.36,4.41,-19.27,5377.47,0.07,14.74,0.29,2.52,4.61,2090,18.15
1516,川飛,20.6,20.85,20.6,0,0,27,30.77,-2,0,1,-1,0,0,0,0,0,0,0,0,0,0,0,0,0,0,27,27,0,1030,7.47,-21.35,--,90.65,-0.05,6.11,-1.02,0,--,2,4
1517,利奇,10.15,10.25,10.15,-0.1,-0.98,192,25.81,-55,0,-2,-57,0,0,0,0,0,0,0,0,0,0,0,0,0,0,198,198,0,--,172.84,8.14,-15.62,1874.46,-0.19,1.13,-1.05,1.97,3.16,1738,22
1519,華城,842,843,843,28,3.44,2707,55.91,-291,253,39,1,1770,1847,-77,-0.03,961,1387,233,344,315,0.57,0.23,960,915,45,98,66,32,57.9,2248.96,10.43,6.38,24893.28,3.29,43.61,10.54,1.42,4.97,3928,31.59
1521,大億,26.15,26.35,26.15,-0.3,-1.13,126,51.61,20,0,1,21,0,0,0,0,0,0,0,0,0,0,0,0,36,-36,127,91,36,36.83,328.36,-6.29,23.05,3861.15,0.44,15.05,1.8,2.87,2.46,469,7.62
1522,堤維西,31.05,31.1,31.1,0.75,2.47,911,50.64,77,-3,-8,66,77,85,-8,-0.01,77,77,0,0,0,0.08,0,151,145,6,691,689,2,91.47,2205.38,-11.61,53.32,26984.65,-0.19,15.48,-0.23,3.86,5.8,4540,31.29
1524,耿鼎,30.75,31,30.95,0.9,3,972,40.04,-8,0,3,-5,0,0,0,0,0,0,0,0,0,0,0,118,36,82,864,946,-82,20.63,188.07,-14.48,18.84,2473.59,0.53,30.28,2.95,4.52,11.38,4704,16.53
1525,江申,66.8,67.4,67.3,0.8,1.2,36,65.62,-9,0,-5,-14,0,0,0,0,0,0,0,0,0,0,0,0,0,0,36,36,0,42.06,107.2,1.34,4.35,1254.94,-0.82,14.43,-1.18,4.16,1.34,245,7.34
1526,日馳,14.6,14.65,14.6,0.05,0.34,92,34.44,-20,0,0,-20,0,0,0,0,0,0,0,0,0,0,0,0,0,0,92,92,0,--,52.12,-21.79,-22.19,717.56,-0.44,12.58,-1.96,0,4.1,615,6
1527,鑽全,33.15,33.2,33.2,0.15,0.45,143,45.19,24,0,3,27,0,0,0,0,0,0,0,0,0,0,0,0,0,0,145,145,0,36.48,236.84,-2.84,-2.66,2703.38,0.32,18.41,0.92,4.52,1.81,627,13.86
1528,恩德,26.15,26.2,26.15,0.15,0.58,4743,39.16,-1241,-1,-2,-1244,507,1547,-1040,-0.22,-1205,66,197,378,1090,0.06,0.31,666,889,-223,3604,2340,1264,--,241.07,-12.98,1.23,2946.99,-0.15,30.47,-1.33,0,16.02,7663,19.13
1529,樂事綠能,22.6,22.65,22.6,0.5,2.26,556,41.05,-80,0,-1,-81,0,0,0,0,0,0,0,0,0,0,0,0,0,0,561,561,0,19.82,35.57,7.69,-71.99,816.05,0.16,16.08,1.5,4.42,8.47,3283,15.51
1530,亞崴,31.65,31.7,31.7,-0.3,-0.94,127,26.98,9,0,0,9,0,0,0,0,0,0,0,0,0,0,0,0,0,0,130,130,0,27.57,213.32,23.55,68.97,1906,0.18,12.79,0.43,3.15,1.19,282,9.46
1531,高林股,12.85,12.9,12.9,0,0,124,39.02,-48,0,-1,-49,0,0,0,0,0,0,0,0,0,0,0,0,0,0,128,128,0,--,131.71,5.1,-4.9,1417.82,0.03,14.69,0.15,7.75,3.91,1781,18.21
1532,勤美,22.15,22.2,22.15,0.15,0.68,703,58.39,-193,-3,-31,-227,119,0,119,0.17,119,119,0,0,0,0.17,0,76,86,-10,513,622,-109,19.26,1098.43,-11.22,5.47,15748.84,-0.09,21.6,-0.12,3.61,2.32,2455,42.26
1533,車王電,38.5,38.8,38.5,0.7,1.85,367,30.17,-41,0,-7,-48,0,0,0,0,0,0,0,0,0,0,0,13,0,13,358,371,-13,23.62,482.81,1.25,54.89,4872.12,0.84,27.81,4.77,0,3.16,778,9.85
1535,中宇,49.6,49.85,49.65,0.1,0.2,105,30.39,-46,0,0,-46,0,0,0,0,0,0,0,0,0,0,0,0,0,0,106,106,0,12.76,581.51,-3.76,-45.64,10398.34,0.77,11.64,2.44,6.04,0.19,60,12.37
1536,和大,49.5,49.55,49.5,0.85,1.75,1358,47.27,-83,0,-11,-94,164,192,-28,-0.02,164,164,0,0,0,0.12,0,146,236,-90,1061,943,118,--,405.21,-18.03,-4.8,4701.53,-0.52,6.52,-1.91,0,12.73,8880,27.9
1537,廣隆,126.5,127,126.5,0.5,0.4,47,50,8,0,-2,6,0,0,0,0,0,0,0,0,0,0,0,16,15,1,32,33,-1,16.64,577.62,0.36,8.81,6586.33,2.11,20.29,3.84,5.69,0.24,49,8.21
1538,正峰,11.5,12.2,11.6,0.45,4.04,10,0,-1,0,0,-1,0,0,0,0,0,0,0,0,0,0,0,0,0,0,11,11,0,--,3.52,-61.78,-65.38,89.74,-1.11,15.69,-26.91,0,--,0,3.23
1539,巨庭,15.9,15.95,15.9,0,0,86,40.7,-12,0,0,-12,0,0,0,0,0,0,0,0,0,0,0,0,0,0,86,86,0,397.5,105.86,0.84,-14.81,1147.89,0.08,8.51,0.33,0,8.05,1316,6.54
1540,喬福,22.15,22.2,22.2,0.25,1.14,204,37.62,15,0,0,15,0,0,0,0,0,0,0,0,0,0,0,0,0,0,205,205,0,23.87,35.52,25.24,-24.12,440.55,0.32,24.28,1.81,4.5,8.37,1788,8.55
1541,錩泰,21.05,21.15,21.05,0.05,0.24,34,47.06,-14,0,1,-13,0,0,0,0,0,0,0,0,0,0,0,0,0,0,35,35,0,9.27,200.94,25.95,-43.66,3224.75,0.48,18.74,1.77,0,0.59,117,7.88
1558,伸興,90.2,90.5,90.2,0.2,0.22,65,31.03,0,0,-6,-6,0,0,0,0,0,0,0,0,0,0,0,9,18,-9,59,50,9,16.05,813.08,15.91,-1.6,8043.28,1.23,24.2,1.78,5.54,1.69,272,6.45
1560,中砂,665,666,665,16,2.47,1331,40.32,-51,-50,-4,-105,1066,1107,-41,-0.03,1066,1066,0,0,0,0.77,0,278,250,28,41,29,12,64.81,829.27,-0.13,17.78,8927.84,2.94,35,5.18,0.75,4.18,1565,15.01
1563,巧新,62,62.1,62,1.5,2.48,1848,45.86,-547,0,70,-477,776,1166,-390,-0.22,-372,131,593,1007,89,0.41,0.62,419,270,149,668,427,241,147.62,635.26,6.7,18.74,7063.62,0.6,22.01,1.54,3.23,6.26,3528,22.56
1565,精華,95.5,95.9,95.8,0.8,0.84,84,42.17,21,0,1,22,0,0,0,0,0,0,0,0,0,0,0,0,6,-6,87,81,6,13.71,275.32,-9.38,-16.7,3789.64,1.39,20.32,1.09,6.05,8.72,1099,5.04
1568,倉佑,41.6,41.8,41.6,2.15,5.45,756,50.14,139,0,-1,138,381,230,151,0.2,212,322,26,67,69,0.45,0.18,58,116,-58,327,420,-93,31.04,109.32,-0.6,32.75,1045.45,0.51,37,2.6,2.4,23.56,6072,10.31
1569,濱川,49.8,50,50,0.55,1.11,696,20.03,-168,0,-2,-170,80,229,-149,-0.21,-179,20,30,168,61,0.07,0.32,105,118,-13,520,358,162,--,303.92,13.93,-0.79,3211.75,-0.73,7.14,-3.1,0,45.26,13742,14.42
1570,力肯,43.9,44,43.9,0.1,0.23,356,32.76,-29,0,0,-29,0,0,0,0,0,0,0,0,0,0,0,0,40,-40,358,318,40,112.56,55.52,6.43,17.38,500.17,0.23,22.61,1.18,2.28,18.26,2351,5.15
1580,新麥,125,125.5,125.5,-1,-0.79,183,28.74,-53,0,0,-53,97,103,-6,-0.03,-84,10,0,0,94,0.05,0.5,27,36,-9,63,48,15,9.96,359.01,-14,-10.99,4797.64,2.73,43.36,4.36,6.77,0.17,21,4.93
1582,信錦,93.9,94,93.9,-4.8,-4.86,5778,31.52,-373,-1111,-61,-1545,1534,3343,-1809,-0.31,-3343,0,0,0,3343,0,0.57,843,675,168,3524,1882,1642,34.15,610.79,-20.77,-10.76,8469.09,0.35,19.97,0.71,3.19,17.1,6169,14.43
1583,程泰,51.9,52.2,52,0,0,73,49.25,-11,0,-3,-14,0,0,0,0,0,0,0,0,0,0,0,0,0,0,74,74,0,18.64,440.43,6.28,40.74,4083.25,0.18,18.03,0.39,1.92,0.28,76,10.94
1584,精剛,19.6,19.65,19.6,-0.1,-0.51,728,41.72,228,0,-100,128,0,64,-64,-0.09,-64,0,0,0,64,0,0.09,182,205,-23,549,462,87,75.38,182.56,-5.98,-20.94,2344.75,0.09,10.8,0.41,1.33,11.84,6882,23.25
1586,和勤,21.45,21.55,21.55,0.1,0.47,128,78.12,29,0,0,29,0,0,0,0,0,0,0,0,0,0,0,27,30,-3,102,99,3,179.58,198.26,-3.93,17.25,2322.28,0.17,17.74,0.9,0,69.16,15017,10.68
1587,吉茂,28.85,28.9,28.85,0.35,1.23,388,48.04,-118,0,3,-115,0,0,0,0,0,0,0,0,0,0,0,46,24,22,344,366,-22,70.37,214.38,8.29,4.43,2829.93,0.04,16.81,0.2,0,11.02,2205,8.01
1590,亞德客-KY,1300,1305,1305,25,1.95,455,54.21,-22,1,-10,-31,461,463,-2,0,58,74,372,373,15,0.95,0.83,3,3,0,6,4,2,28.57,3909.47,-9.97,40.39,38246.79,13.35,47.97,5.16,2.23,0.37,186,20
1591,駿吉-KY,34.5,34.6,34.6,-2.3,-6.23,715,23.4,74,0,-5,69,138,158,-20,-0.03,-106,0,52,0,158,0.07,0.22,173,93,80,409,469,-60,--,36.52,-23.14,219.72,308.95,-0.08,31.69,-0.66,0,--,1273,3.8
1593,祺驊,31.6,31.65,31.65,-0.05,-0.16,21,33.33,-2,0,0,-2,0,0,0,0,0,0,0,0,0,0,0,0,0,0,21,21,0,13.53,104.66,-14.34,10.76,1313.39,0.58,30.71,2.18,6.32,1.46,145,3.98
1595,川寶,75.4,75.5,75.5,0.3,0.4,958,34.05,-72,0,12,-60,59,38,21,0.02,6,0,44,38,0,0.05,0.04,136,218,-82,776,715,61,--,90,56.15,173.85,712.76,-0.74,14.17,-1.49,0.66,45.28,6161,5.5
1597,直得,159.5,160,160,4.5,2.89,1968,46.69,36,-1,5,40,970,1098,-128,-0.06,802,916,0,0,114,0.46,0.06,264,251,13,774,660,114,137.93,153.9,27.72,70.97,1283.24,0.43,41.76,1.58,0.44,22.6,5043,8.93
1598,岱宇,21.25,21.35,21.25,0.25,1.19,469,42.58,138,0,-6,132,0,0,0,0,0,0,0,0,0,0,0,26,68,-42,447,405,42,--,452.73,-32.76,-16.34,5799.07,0.25,42.12,0.77,2.35,4.75,2126,17.91
1599,宏佳騰,23.8,23.85,23.85,0.15,0.63,22,40.91,1,0,0,1,0,0,0,0,0,0,0,0,0,0,0,0,0,0,24,24,0,--,158.21,-35.72,8,2017.6,0.28,22.02,0.62,2.1,1.96,358,7.3
1603,華電,31.9,32,31.9,0.45,1.43,212,46.5,-22,0,2,-20,0,0,0,0,0,0,0,0,0,0,0,0,0,0,215,215,0,14.3,575.32,7.1,17.88,5488.31,0.29,8.83,0.6,6.27,4.55,2181,19.17
1604,聲寶,23.25,23.3,23.25,-0.2,-0.85,402,45.43,-84,0,-11,-95,0,0,0,0,0,0,0,0,0,0,0,59,47,12,351,363,-12,14.9,815.21,4.35,2.93,8984.92,0.51,20.15,2.13,6.45,0.23,225,38.42
1605,華新,36.5,36.55,36.5,0.7,1.96,45161,46.32,-1093,34,-1100,-2159,25714,29907,-4193,-0.09,2435,13341,8113,11004,8015,0.47,0.42,4267,4191,76,15380,11264,4116,26.64,17459.11,12.42,11.13,170075.87,0.81,7.77,2,1.37,6.65,73693,443.13
1608,華榮,34.3,34.35,34.3,0.6,1.78,5504,43.49,-1786,-14,-17,-1817,1614,2870,-1256,-0.23,-235,1152,130,443,1074,0.23,0.27,782,775,7,3130,1881,1249,9.3,1119.63,7.47,7.83,12118.48,0.37,14.01,1.88,5.83,5.32,8423,63.28
1609,大亞,37.7,37.75,37.75,0.8,2.17,8334,44.78,-2518,0,32,-2486,1791,3748,-1957,-0.23,403,1681,0,0,1278,0.2,0.15,924,1114,-190,5696,3549,2147,15.79,3124.83,1.17,16.23,32938.44,0.66,18.85,3.02,1.85,6.96,13655,78.53
1611,中電,13.75,13.8,13.75,0.25,1.85,1969,39.8,-400,0,-12,-412,142,75,67,0.03,67,0,142,75,0,0.07,0.04,363,211,152,1474,1693,-219,343.75,86.95,1.36,-4.36,1021.33,0.13,38.27,1.04,5.82,4.11,3319,32.27
1612,宏泰,38.1,38.15,38.15,0.4,1.06,1737,42.61,-162,-13,4,-171,242,299,-57,-0.03,163,193,0,30,0,0.11,0.02,322,317,5,1185,1133,52,12.72,661.95,-1.69,-13.63,7586.64,0.82,17.4,3.14,6.55,2.4,1898,31.61
1614,三洋電,31.75,31.8,31.75,0,0,66,50,-33,0,-5,-38,0,0,0,0,0,0,0,0,0,0,0,0,0,0,66,66,0,25,439.23,-9.97,-19.34,5129.26,0.47,18.47,2.16,3.06,0.5,339,26.91
1615,大山,44.9,45,44.9,0.2,0.45,169,44.97,19,0,3,22,24,0,24,0.14,24,24,0,0,0,0.14,0,14,20,-6,134,152,-18,9.47,479.6,-3.67,14.85,5643.13,0.94,23.41,3.98,5.79,0.38,186,19.67
1616,億泰,22.65,22.75,22.65,0.25,1.12,904,41.49,-84,0,-1,-85,47,0,47,0.05,47,47,0,0,0,0.05,0,54,98,-44,809,812,-3,18.88,475.29,8.23,-5.28,5318.86,0.28,9.86,2.38,6,6.83,3313,19.41
1617,榮星,16.55,16.6,16.55,0.45,2.8,191,50.26,-3,0,-1,-4,0,0,0,0,0,0,0,0,0,0,0,0,0,0,195,195,0,18.81,389.13,-3.39,23.66,3579.22,0.08,8.27,0.55,3.63,2.9,1227,16.95
1618,合機,44.9,--,44.9,4.05,9.91,3260,90.2,249,0,30,279,2466,1377,1089,0.33,2466,2466,0,0,0,0.75,0,184,357,-173,632,1549,-917,9.87,615.76,233.39,153.16,4649.66,1.57,33.74,4.64,3.79,8.05,3880,19.27
1623,大東電,221.5,224,222,1.5,0.68,168,48.19,1,0,-15,-14,46,38,8,0.05,41,41,0,0,0,0.24,0,33,45,-12,95,90,5,16.05,477.37,-26.15,-8.68,--,4.33,21.93,8.07,3.6,--,0,6.6
1626,艾美特-KY,10.05,10.1,10.05,0,0,85,46.34,1,0,-2,-1,0,0,0,0,0,0,0,0,0,0,0,0,0,0,89,89,0,--,960.28,8.03,-10.14,7512.41,-1.11,13.37,-6.08,0,6.86,2569,14.98
1702,南僑,31.15,31.2,31.15,0.3,0.97,319,38.66,84,0,-5,79,0,0,0,0,0,0,0,0,0,0,0,20,0,20,304,324,-20,51.07,1966.99,-4.78,-3.17,23058.81,0.12,24.11,0.59,5.14,0.51,376,29.41
1707,葡萄王,101.5,102,102,1.5,1.49,307,66.89,15,0,-8,7,145,139,6,0.02,145,145,0,0,0,0.46,0,40,48,-8,129,127,2,12.75,806.39,-5.98,-6.01,10225.67,1.18,69.67,2.4,5.88,0.66,244,14.81
1708,東鹼,45.3,45.35,45.35,1.15,2.6,14077,52.36,-4016,0,1,-4015,4290,7037,-2747,-0.19,1439,3507,754,2619,203,0.3,0.2,1843,1920,-77,8041,5217,2824,13.46,538.7,-22.68,18.38,6481.36,1.11,30.57,3.75,3.53,14.5,9025,24.9
1709,和益,20.25,20.3,20.25,0.25,1.25,1121,40.46,-2,0,-28,-30,121,147,-26,-0.02,121,121,0,0,0,0.11,0,132,144,-12,879,841,38,14.57,902.78,19.4,5.38,8882.87,0.55,20.33,2.91,4.94,1.51,1798,47.7
1710,東聯,14.6,14.65,14.65,-0.05,-0.34,8925,40.87,-1226,0,-842,-2068,3770,4477,-707,-0.08,-643,1630,300,619,1954,0.22,0.29,1807,1490,317,3377,2988,389,--,2424.13,8.71,12.9,21743.21,-0.15,1.66,-1.71,0,2.84,6298,88.57
1711,永光,44.6,44.65,44.6,0.15,0.34,7294,45.39,389,0,-31,358,2470,2336,134,0.02,-177,83,1946,1507,699,0.28,0.3,1004,1524,-520,3886,3500,386,--,719.16,-0.35,9.42,7724.95,0.09,21.52,0.59,0,15.73,21534,54.78
1712,興農,39.1,39.25,39.1,-0.2,-0.51,964,34.49,-332,0,-14,-346,87,248,-161,-0.16,-56,60,27,143,0,0.09,0.15,211,232,-21,680,498,182,15.77,1913.83,2.07,9.4,18671.7,0.67,30.67,3.46,6.39,0.45,473,42.05
1713,國化,48.75,49,48.8,0.15,0.31,94,64.37,-1,0,0,-1,0,0,0,0,0,0,0,0,0,0,0,0,0,0,96,96,0,10.89,46.49,14.41,12.17,477.93,1.36,10.27,5.24,6.35,7.5,2831,15.1
1714,和桐,13.9,--,13.9,1.25,9.88,14743,100,-1009,0,4546,3537,14392,8369,6023,0.41,14392,14392,0,0,0,0.97,0,101,1887,-1786,334,4570,-4236,21.72,3477.94,9.24,84.85,28917.1,0.23,11.24,2.29,1.29,5.19,12874,99.18
1717,長興,72.2,72.3,72.3,1,1.4,12533,45.56,-2069,0,-83,-2152,5703,7775,-2072,-0.16,-255,3169,1590,2698,2316,0.38,0.4,1940,1384,556,5051,3534,1517,48.85,3860.95,-8.8,14.88,41853.8,0.37,22.16,1.48,1.38,9.5,27853,117.22
1718,中纖,9.41,9.42,9.41,-0.59,-5.9,39183,42.67,-1138,0,-34,-1172,9181,16885,-7704,-0.2,-246,7151,1109,2403,6103,0.22,0.22,2596,3164,-568,27751,19479,8272,49.53,3777.93,-15.02,9.14,46096.6,0.17,46.05,2.21,0,2.65,11159,168.59
1720,生達,63.4,63.5,63.4,0.5,0.79,241,46.15,41,0,-4,37,18,22,-4,-0.02,18,18,0,0,0,0.07,0,0,36,-36,227,187,40,11.74,580.98,-14.22,-5.02,7027.77,1.3,43.62,3.25,4.73,0.81,361,17.87
1721,三晃,25.15,25.2,25.15,0,0,1887,31.27,-220,0,-3,-223,180,247,-67,-0.04,-130,45,0,0,175,0.02,0.09,155,395,-240,1570,1263,307,--,118.88,-22.43,5.22,1679.85,-0.36,-5.63,-4.05,0,--,127,18.49
1722,台肥,47.55,47.6,47.6,-0.1,-0.21,2531,48.21,18,0,-12,6,1279,1034,245,0.1,431,295,984,823,25,0.5,0.33,367,445,-78,907,1074,-167,45.77,962.35,-21.28,-1.02,12589.89,0.19,6.99,0.34,4.2,1.44,3520,98
1723,中碳,83.8,83.9,83.8,-0.5,-0.59,792,32.73,-59,4,-3,-58,80,90,-10,-0.01,-37,28,0,21,44,0.03,0.08,158,230,-72,568,486,82,34.49,636.66,-12.94,58.44,5891.22,0.77,24.93,2.25,2.21,1.36,803,23.69
1725,元禎,31.15,31.4,31.15,-0.6,-1.89,234,32.89,-69,0,1,-68,0,0,0,0,0,0,0,0,0,0,0,56,17,39,180,219,-39,19.23,773.48,-26.41,18.1,8509.28,0.23,4.81,0.62,3.43,0.49,225,18.18
1726,永記,78.2,78.3,78.2,0.2,0.26,130,17.07,-88,0,3,-85,29,56,-27,-0.21,15,15,0,0,0,0.11,0,18,19,-1,84,56,28,13.19,950.56,-8.37,16.23,10025.09,2.03,29.03,3.08,4.73,0.1,41,16.2
1727,中華化,92.9,93,92.9,0.1,0.11,5504,36.16,-270,0,-1,-271,1847,2312,-465,-0.08,27,912,385,304,966,0.23,0.23,777,974,-197,2950,2289,661,251.08,186.54,-19.36,12.07,2056.88,0.28,17.95,1.71,0.16,29.25,9360,12.8
1730,花仙子,52.9,53,52.9,0.4,0.76,101,69.07,-9,0,-1,-10,20,0,20,0.19,20,20,0,0,0,0.19,0,39,10,29,44,93,-49,11.43,194.23,9.59,8.67,2411.99,1.48,50.64,4.58,5.67,0.07,11,6.32
1731,美吾華,21.45,21.6,21.45,0,0,134,42.11,-26,0,-1,-27,0,0,0,0,0,0,0,0,0,0,0,0,0,0,136,136,0,15.32,137.15,3.01,13.15,1638.38,0.43,62.29,2.63,5.69,0.98,326,13.29
1732,毛寶,26.3,26.45,26.4,0.2,0.76,119,38.14,7,0,-1,6,0,0,0,0,0,0,0,0,0,0,0,0,0,0,120,120,0,29.33,63.25,-0.91,6.3,697.24,0.35,41.83,3.02,2.27,5.05,536,4.24
1733,五鼎,28.65,28.9,28.65,0.05,0.17,361,36.34,-157,0,-27,-184,0,0,0,0,0,0,0,0,0,0,0,24,72,-48,340,292,48,15.74,145.66,-3.56,-18.09,1837.49,0.81,33.8,4.41,4.54,10.51,2625,10
1734,杏輝,31.25,31.45,31.25,-0.1,-0.32,482,45.59,138,0,-1,137,83,58,25,0.05,25,0,83,58,0,0.17,0.12,39,70,-31,365,359,6,18.17,291.46,-8.11,7.56,3412.14,0.39,43.85,1.81,5.12,1.01,480,19.02
1735,日勝化,24.05,24.15,24.05,0.15,0.63,240,29.54,-71,0,-2,-73,0,0,0,0,0,0,0,0,0,0,0,0,0,0,242,242,0,29.69,203.85,-23.37,10.47,2356.41,0.2,19.26,1.25,2.7,3.61,896,9.94
1736,喬山,107.5,108,108,-0.5,-0.46,717,50.64,-3,1,-39,-41,412,430,-18,-0.02,-282,0,148,86,344,0.2,0.59,94,129,-35,220,168,52,13.12,4061.05,1.57,1.64,55804.58,0.08,51.33,0.17,4.17,2.27,1723,30.34
1737,臺鹽,31.55,31.6,31.55,-0.05,-0.16,187,30.39,-15,0,-14,-29,106,0,106,0.56,106,72,34,0,0,0.56,0,0,63,-63,84,127,-43,15.85,249.35,-5.29,-21.14,3216.84,0.47,40.4,1.38,4.44,0.07,34,20
1742,台蠟,14.75,15.3,15.3,-0.2,-1.29,42,28.57,0,0,0,0,0,0,0,0,0,0,0,0,0,0,0,0,0,0,42,42,0,--,8.62,18.48,-29.31,84.91,-0.13,6.78,-0.97,0,29.76,3468,9.27
1752,南光,33,33.15,33,0.3,0.92,102,37.62,-43,0,-1,-44,0,0,0,0,0,0,0,0,0,0,0,38,39,-1,64,63,1,16.26,186.76,-5.08,7.45,2143.46,0.32,35.4,1.32,4.85,1.41,355,10.1
1760,寶齡富錦,61.4,61.5,61.5,0.7,1.15,157,44.74,9,0,-2,7,0,0,0,0,0,0,0,0,0,0,0,10,13,-3,150,147,3,24.7,234.48,62.13,1.78,2114.69,0.6,51.87,2.73,3.25,4.9,1050,8.57
1762,中化生,40.3,40.5,40.3,0,0,574,37.48,-43,0,-2,-45,30,0,30,0.05,30,30,0,0,0,0.05,0,46,51,-5,507,532,-25,--,130.98,-0.35,75.98,1029.7,1.64,41.69,2.89,0,4.3,826,7.69
1773,勝一,172.5,173.5,173,1,0.58,522,39.36,-109,0,-19,-128,203,286,-83,-0.15,134,196,0,0,62,0.36,0.11,115,93,22,224,162,62,23.86,1171.78,-1.17,28.39,12337.84,2.02,37.55,5.18,2.31,1.64,1231,30
1776,展宇,18.45,18.6,18.45,0.3,1.65,230,33.62,-49,0,-1,-50,0,0,0,0,0,0,0,0,0,0,0,60,0,60,171,231,-60,37.65,98.79,-23.11,9,1038.8,0.35,23.08,2.48,3.25,7.72,1160,6.01
1777,生泰,72.1,72.4,72.2,1,1.4,17,52.94,1,0,0,1,0,0,0,0,0,0,0,0,0,0,0,0,0,0,18,18,0,12.49,109.25,7.86,-6.73,1243.94,1.61,40.35,2.82,5.54,0.41,46,4.46
1781,合世,12.05,12.1,12.05,0.05,0.42,103,16.5,6,0,0,6,0,0,0,0,0,0,0,0,0,0,0,52,0,52,51,103,-52,--,40.05,80.74,89.12,391.06,-0.19,12.52,-2.81,0,--,0,4.74
1783,和康生,38.95,39,38.95,-0.05,-0.13,80,25.97,-7,0,-7,-14,0,0,0,0,0,0,0,0,0,0,0,0,0,0,81,81,0,12.9,73.6,20.13,-4.44,830.21,0.59,70.5,3.34,5.13,3.22,652,8.97
1784,訊聯,67.6,67.8,67.7,-0.1,-0.15,169,36.14,-31,0,0,-31,0,0,0,0,0,0,0,0,0,0,0,0,33,-33,172,139,33,73.59,116.5,-8.39,13.51,1274.36,0.25,53.81,-0.05,1.29,12.58,1670,5.31
1785,光洋科,133,133.5,133,2.5,1.92,9440,49.06,-1172,0,0,-1172,5447,6598,-1151,-0.12,3013,4546,199,348,1384,0.49,0.18,1338,1116,222,2821,1891,930,26.23,5595.66,-6.05,49.08,47715.89,2.54,18.23,9.87,1.5,26.98,40198,59.6
1786,科妍,60.7,60.9,60.8,0.2,0.33,977,42.21,-216,0,-38,-254,125,41,84,0.09,84,0,125,0,41,0.13,0.04,150,153,-3,713,794,-81,35.76,63.23,-15.5,0.12,887.69,0.29,70.72,1.14,3.14,30.16,5642,7.48
1788,杏昌,134,135,134.5,0.5,0.37,18,20,-1,0,0,-1,0,0,0,0,0,0,0,0,0,0,0,0,0,0,20,20,0,15.42,369.64,-5.7,2.56,4382.15,2.34,28.53,3.36,5.2,0,0,4.45
1789,神隆,20.7,20.8,20.75,0.5,2.47,1620,43.69,68,0,-6,62,0,170,-170,-0.1,0,0,0,0,0,0,0,244,282,-38,1386,1178,208,148.21,175.22,-31.28,-33.25,3077.85,0.02,33.58,0.16,1.4,1.47,2914,79.07
1795,美時,200.5,201,201,5.5,2.81,1752,55.56,142,3,-6,139,1124,842,282,0.16,1124,1124,0,0,0,0.62,0,174,254,-80,509,711,-202,13.93,3085.76,-29.13,19.91,24928.34,2.18,50.73,2.37,1.34,13.52,9017,26.69
1796,金穎生技,35.1,35.4,35.1,-0.1,-0.28,27,29.63,-1,0,0,-1,0,0,0,0,0,0,0,0,0,0,0,0,0,0,27,27,0,92.37,46.91,-8.76,-8.89,651.85,-0.16,18.32,-0.84,1.99,3.2,332,4.15
1799,易威,32.65,33.05,32.65,0.25,0.77,70,47.83,-21,0,0,-21,0,0,0,0,0,0,0,0,0,0,0,20,0,20,51,71,-20,--,88.54,-11.57,240.44,745.09,0.16,52.16,3.06,0,--,0,12.47
1802,台玻,63,63.1,63,1,1.61,41751,40.88,-6800,-3600,-743,-11143,21940,29628,-7688,-0.18,12330,16119,5821,9610,0,0.52,0.23,7642,4376,3266,12714,8292,4422,484.62,3930.04,-5.03,6.46,42455.07,0.2,19.23,1.14,0,8.61,62579,290.81
1805,寶徠,10.25,10.45,10.45,0.25,2.45,165,41.36,-45,0,-3,-48,0,0,0,0,0,0,0,0,0,0,0,0,0,0,167,167,0,80.38,0.12,0.88,0.88,292.04,0.14,35.31,1.12,0,4.07,1372,13.5
1806,冠軍,8.09,8.12,8.1,0.03,0.37,140,31.34,-29,0,-6,-35,0,0,0,0,0,0,0,0,0,0,0,0,0,0,149,149,0,57.86,280.41,10.16,-10.18,3031.51,-0.1,16.13,-0.75,1.85,3.06,2991,39.04
1808,潤隆,30.9,30.95,30.95,0.3,0.98,2025,44.99,200,0,5,205,268,422,-154,-0.08,268,268,0,0,0,0.13,0,405,326,79,1375,1300,75,11.55,2246.36,2.02,6493.74,14069.45,1.06,27.35,7.1,4.85,2.64,5904,89.3
1809,中釉,56.2,56.3,56.3,2.6,4.84,24503,55.56,-1601,0,2,-1599,10152,11607,-1455,-0.06,8594,9804,48,189,1069,0.4,0.05,3797,3920,-123,10638,9060,1578,296.32,190.87,-11.55,0.99,2490.22,0.05,19.37,-0.01,0.44,22.03,9201,16.7
1810,和成,21.45,21.5,21.5,-0.5,-2.27,8290,38.77,-1285,0,-33,-1318,1770,2589,-819,-0.1,-1849,390,99,291,2047,0.06,0.28,799,1093,-294,5746,4633,1113,5.69,370.5,1.38,-6.22,4458.49,3.64,17.36,14.54,0.93,26.57,20084,30.23
1813,寶利徠,11.75,11.8,11.8,0.05,0.43,32,75,9,0,0,9,0,0,0,0,0,0,0,0,0,0,0,0,0,0,38,38,0,--,26.64,-0.39,-0.29,294.32,0.11,-10.09,0.32,0,0.23,27,4.66
1815,富喬,98.8,98.9,98.9,2,2.06,12253,44.17,-464,-126,-13,-603,5494,6966,-1472,-0.12,2802,4213,1282,2693,0,0.44,0.22,1832,1574,258,5155,3941,1214,50.72,708.43,-3.45,49.9,6964.13,0.79,35.97,3.55,1.01,41.64,60945,58.55
1817,凱撒衛,39.4,39.6,39.5,0.35,0.89,39,69.44,-1,0,0,-1,0,0,0,0,0,0,0,0,0,0,0,18,0,18,23,41,-18,9.43,223.25,-1.98,-2.21,2607.96,1.21,38.82,3.77,5.57,0.09,17,7.26
1903,士紙,47.7,47.75,47.7,-0.1,-0.21,331,41.38,-126,0,-1,-127,56,112,-56,-0.17,5,56,0,21,30,0.17,0.15,32,50,-18,246,172,74,36.98,12.33,-8.56,-7.38,152.73,-0.07,65.99,-0.35,0,4.5,2924,26
1904,正隆,22.6,22.65,22.6,0.9,4.15,9994,50.21,295,0,32,327,2546,2112,434,0.04,2335,2446,100,211,0,0.25,0.02,2320,2045,275,5205,5911,-706,18.52,3847.99,-2.8,12.89,44118.94,0.56,20.63,2.06,1.99,1.45,4012,110.83
1905,華紙,12.8,12.85,12.8,0.1,0.79,8513,35.5,166,-6,63,223,2107,3670,-1563,-0.18,-1211,1054,0,0,2265,0.12,0.27,1518,1348,170,4911,3512,1399,--,1584.51,-13.76,-5.45,18240.22,-0.16,5.24,-0.95,0,3.47,9566,110.28
1906,寶隆,11.1,11.2,11.15,-0.4,-3.46,1233,38.23,158,0,-1,157,95,259,-164,-0.13,-259,0,0,0,259,0,0.21,61,168,-107,1102,831,271,--,224.8,-8.48,3.25,3069.52,-0.03,8.01,-0.14,0,19.53,7372,15.1
1907,永豐餘,25.55,25.6,25.55,0.2,0.79,1591,42.88,123,0,-18,105,256,203,53,0.03,215,256,0,0,41,0.16,0.03,355,294,61,991,1107,-116,18.25,6791.2,-3.42,8.24,74050.87,0.13,13.5,0.27,3.91,5.94,24654,166.04
1909,榮成,9.63,9.64,9.64,0.08,0.84,3726,46.78,54,0,-17,37,231,0,231,0.06,231,231,0,0,0,0.06,0,748,991,-243,2754,2742,12,--,4390.75,0.91,12.68,46025.43,-0.02,10.31,-0.14,0,2.89,9606,132.77
2002,中鋼,18.7,18.75,18.75,0.1,0.54,54874,52.23,-18019,76,-781,-18724,35119,44533,-9414,-0.17,147,17081,9769,12752,13951,0.49,0.48,6632,3243,3389,13407,7382,6025,--,30891.43,7.93,2.15,313796.66,-0.16,3.33,-0.56,0.8,1.26,49455,1573.49
2006,東和鋼鐵,66.7,66.9,66.8,1.4,2.14,2676,37.88,853,-11,-18,824,1799,1692,107,0.04,1777,1799,0,0,22,0.67,0.01,429,438,-9,477,575,-98,10.08,5419.14,0.53,4.57,57148.28,1.66,14.74,3.64,6.44,0.65,1180,73.02
2007,燁興,7.42,7.53,7.52,0.1,1.35,370,35.65,-162,0,-4,-166,0,0,0,0,0,0,0,0,0,0,0,72,0,72,300,372,-72,--,448.13,12.76,-6.91,4588.63,-0.45,-8.42,-5.87,0,--,5,53.07
2008,高興昌,29.7,30.25,29.75,0.7,2.41,43,45.95,-19,0,1,-18,0,0,0,0,0,0,0,0,0,0,0,0,0,0,45,45,0,39.67,150.29,16.2,-21.9,1668.42,0.13,17.22,0.64,3.36,0.32,151,19.09
2009,第一銅,40.5,40.55,40.55,0.95,2.4,3171,51.09,-323,0,-3,-326,531,655,-124,-0.04,-20,354,50,109,315,0.13,0.13,486,705,-219,2181,1838,343,71.14,292.29,-0.07,12.54,3153.21,0.21,11.23,0.85,0.99,7.96,7153,35.96
2010,春源,23.95,24,24,0.3,1.27,1113,56.63,-307,0,-24,-331,228,366,-138,-0.12,228,228,0,0,0,0.2,0,231,184,47,661,569,92,10.3,2142.7,-9.86,0.5,25090.17,0.57,10.61,2.9,8.33,1.11,1800,64.77
2012,春雨,14.2,14.25,14.2,0,0,93,43.21,-40,0,-1,-41,0,0,0,0,0,0,0,0,0,0,0,0,0,0,95,95,0,--,700.36,18.21,-0.28,8005.85,-0.12,11.33,-0.61,2.11,0.1,78,30.22
2013,中鋼構,42.65,42.75,42.75,0.4,0.94,121,60,-15,0,-2,-17,0,0,0,0,0,0,0,0,0,0,0,0,0,0,124,124,0,13.24,1683.48,-9.34,-6.07,20104.86,0.66,4.88,2.31,5.61,2.89,1444,20
2014,中鴻,17.65,17.7,17.7,0.05,0.28,6980,33.99,-3292,0,11,-3281,1905,4249,-2344,-0.33,-1686,323,0,0,2009,0.05,0.29,1337,791,546,3760,1962,1798,--,1948.46,-3.99,4.26,17629.96,-0.1,-0.95,-1.22,0,--,2010,143.55
2015,豐興,61.9,62,61.9,1,1.64,389,50.67,87,29,-10,106,99,64,35,0.09,99,99,0,0,0,0.25,0,118,84,34,175,244,-69,15.59,2662.95,9.77,-8.29,27484.46,0.91,12.81,2.4,5.33,0.03,41,58.16
2017,官田鋼,9.21,9.22,9.22,-0.08,-0.86,576,32.63,-141,0,-5,-146,0,0,0,0,0,0,0,0,0,0,0,0,0,0,581,581,0,--,253.48,13.63,6.85,2688.85,-0.14,2.64,-1.26,0,6.52,7281,44.69
2020,美亞,21.55,21.6,21.55,-0.05,-0.23,730,22.02,-329,0,-3,-332,400,250,150,0.2,400,400,0,0,0,0.54,0,0,132,-132,336,354,-18,11.11,308.9,-24.43,-10.15,4643,0.4,22.31,2.49,8.35,1.32,883,26.7
2022,聚亨,7.86,7.89,7.89,0.04,0.51,508,47.71,-196,0,-11,-207,0,0,0,0,0,0,0,0,0,0,0,0,0,0,524,524,0,--,849.41,-24.94,24.16,11196.33,-0.09,6.34,-0.32,0,1.45,1221,33.72
2023,燁輝,13.65,13.7,13.65,-0.1,-0.73,2026,30.97,-707,0,-68,-775,536,783,-247,-0.12,-690,0,0,0,690,0,0.34,285,353,-68,1219,904,315,--,6070.23,1.34,-2.78,64687.82,-0.4,8.54,-2.57,0,0.85,4001,184.12
2024,志聯,14,14.4,14,-0.3,-2.1,14,69.23,-7,0,0,-7,0,0,0,0,0,0,0,0,0,0,0,0,0,0,15,15,0,200,92.04,-4.4,0.86,969.39,0.16,8.37,1.39,0,0.23,57,9.75
2025,千興,15.2,15.3,15.3,0.6,4.08,3007,48.73,12,0,-40,-28,94,502,-408,-0.13,-178,94,0,0,272,0.03,0.09,341,474,-133,2600,2059,541,95.63,237.73,18.39,562.38,1312.72,0.47,22.21,5.24,0,--,0,17.27
2027,大成鋼,42.85,42.9,42.9,1.1,2.63,26395,52.19,12854,-8152,-728,3974,21257,18305,2952,0.11,21257,21257,0,0,0,0.8,0,1253,2557,-1304,3962,5610,-1648,13.79,11666.07,-5.96,42.53,113879.04,1.17,27.32,3.86,3.5,5.24,33874,258.43
2028,威致,16.55,16.65,16.6,0,0,178,44.29,-50,0,-10,-60,0,0,0,0,0,0,0,0,0,0,0,0,0,0,179,179,0,47.43,1015.88,69.64,25.13,8587.04,0.15,5.05,1.02,1.2,1.48,1207,32.57
2029,盛餘,20.5,20.55,20.55,0.2,0.98,187,52.3,35,0,-4,31,0,0,0,0,0,0,0,0,0,0,0,0,0,0,188,188,0,33.15,1242.29,-0.44,2.14,12610.36,0.42,14.15,1.39,2.92,0.61,491,32.12
2030,彰源,19.15,19.2,19.2,0.4,2.13,3660,56.47,-58,0,-33,-91,1319,331,988,0.27,1319,1319,0,0,0,0.36,0,556,770,-214,1801,2575,-774,29.54,1192.32,18.26,37.91,10524.07,0.61,15.07,3.4,2.6,2.94,2063,28.05
2031,新光鋼,41.85,41.9,41.9,0.45,1.09,1818,58.8,-601,-15,-7,-623,656,553,103,0.06,656,656,0,0,0,0.36,0,302,454,-152,869,820,49,9.17,1553.14,-8.73,24.81,16450.77,0.22,12.37,0.67,5.97,1.66,1334,32.11
2032,新鋼,17.75,17.8,17.8,-0.1,-0.56,918,35.57,-42,0,-6,-48,0,76,-76,-0.08,-76,0,0,0,76,0,0.08,169,156,13,751,688,63,20.7,287.42,-8.31,28.67,3155.87,0.49,11.9,3.65,2.81,9.5,3101,13.05
2033,佳大,15.6,15.7,15.65,-0.3,-1.88,154,30.52,-49,0,0,-49,0,0,0,0,0,0,0,0,0,0,0,37,0,37,118,155,-37,47.42,57.57,-9.65,-1.94,703.98,0.09,15.54,0.7,0,12.8,2582,8.07
2034,允強,20.05,20.1,20.05,0,0,1250,32.97,-455,0,-18,-473,308,481,-173,-0.14,221,308,0,0,87,0.25,0.07,158,199,-41,789,575,214,--,1149.33,5.87,-9.2,11651.77,0,8.41,0.02,4.99,3.56,4711,52.9
2035,唐榮,27.65,28.25,28.25,-0.05,-0.18,7,42.86,0,0,0,0,0,0,0,0,0,0,0,0,0,0,0,0,0,0,7,7,0,--,984.71,-12.68,26.59,9726.19,0.33,4.23,4.89,0,--,0,35
2038,海光,13.7,13.75,13.75,0.15,1.1,339,55.79,-60,0,-2,-62,0,0,0,0,0,0,0,0,0,0,0,0,46,-46,341,295,46,--,734.05,-5.85,-14.72,8214.17,0.16,1.9,0.67,0,10.52,5106,19.41
2049,上銀,344.5,345,345,15.5,4.7,3923,49.99,-265,100,-103,-268,2772,2990,-218,-0.05,2548,2642,130,224,0,0.69,0.06,356,324,32,913,726,187,75.16,2480.2,0.24,28.17,25772.42,1.64,31.94,1.46,0.58,5.62,4969,35.38
2059,川湖,6795,--,6795,615,9.95,2018,73.37,36,177,-66,147,2059,2053,6,0,1820,1820,239,239,0,0.99,0.11,8,12,-4,17,20,-3,59.89,3791.3,46.05,172.05,22540.95,36.58,77.74,11.71,0.75,2.55,608,9.53
2061,風青,37.5,37.6,37.6,1.75,4.88,528,68.17,-30,0,0,-30,150,202,-52,-0.1,150,150,0,0,0,0.29,0,71,90,-19,311,240,71,--,115.94,-1.99,15.73,1248.38,0.3,12.58,2.77,0,25.15,3608,5.74
2062,橋椿,18.8,18.9,18.85,-0.1,-0.53,350,32.34,-101,0,-3,-104,0,0,0,0,0,0,0,0,0,0,0,0,75,-75,352,277,75,89.76,594.57,-4.12,13.19,6580.25,0,10.6,0,5.31,3.26,1628,20
2063,世鎧,25.3,25.35,25.45,0.45,1.8,27,7.41,1,0,0,1,0,0,0,0,0,0,0,0,0,0,0,0,0,0,27,27,0,16.85,80.85,-6.92,-4.31,945.11,0.33,21,1.71,5.89,0.83,100,4.81
2064,晉椿,14.5,14.75,14.85,0.4,2.77,44,36.36,-5,0,0,-5,0,0,0,0,0,0,0,0,0,0,0,0,0,0,45,45,0,--,152.37,-5.91,26.95,1710.41,0,6.19,-0.02,0,0.12,21,6.93
2065,世豐,33.7,33.85,33.8,0.1,0.3,38,50,-9,0,0,-9,0,0,0,0,0,0,0,0,0,0,0,0,0,0,40,40,0,27.7,181.62,-2.45,18.56,2083.22,0.92,18.1,3.3,4.44,0.55,88,6.35
2066,世德,59.9,60.4,60.4,0.5,0.83,185,51.91,20,0,0,20,0,0,0,0,0,0,0,0,0,0,0,43,10,33,144,177,-33,48.32,231.74,-8.82,8.61,2595.86,1.96,35.94,4.01,3.56,34.11,3790,4.44
2067,嘉鋼,6.4,6.47,6.4,0.12,1.91,12,58.33,0,0,0,0,0,0,0,0,0,0,0,0,0,0,0,0,0,0,12,12,0,--,77.7,0.88,-17,974.27,-0.68,4.57,-12.85,0,--,0,4.51
2069,運錩,20.05,20.1,20.05,0.05,0.25,363,31.77,-87,0,-29,-116,70,0,70,0.19,70,0,70,0,0,0.19,0,0,54,-54,294,310,-16,10.9,916.91,6.83,10.66,9667.67,0.64,12.06,2.49,4.99,1.07,446,16.64
2070,精湛,63.3,63.4,63.3,3,4.98,475,41.36,-101,0,0,-101,30,47,-17,-0.04,13,30,0,17,0,0.06,0.04,13,18,-5,439,417,22,34.4,50.37,-27.78,-10.59,726.99,0.28,46.63,1,2.37,17.47,1825,4.18
2072,世紀風電,183,185,183,-6,-3.17,613,20.33,-55,0,2,-53,117,307,-190,-0.3,-307,0,0,0,307,0,0.48,197,168,29,321,160,161,14,1542.25,-5.81,81.09,--,5.26,30.92,4.2,3.87,--,0,19.2
2073,雄順,24.9,26.5,--,--,--,0,--,0,0,0,0,0,0,0,--,0,0,0,0,0,--,--,0,0,0,0,0,0,--,66.34,39.16,35.97,541.43,-0.28,5.76,-1.89,1.15,--,0,2.75
2101,南港,32.4,32.45,32.45,0.85,2.69,2266,50.63,472,0,23,495,994,649,345,0.15,994,994,0,0,0,0.43,0,404,491,-87,897,1155,-258,10.64,2151.55,4.5,158.75,14345.35,1.86,41.26,10.29,2.16,13.62,24987,73.39
2102,泰豐,18,18.05,18.05,0.15,0.84,283,48.7,39,0,3,42,0,0,0,0,0,0,0,0,0,0,0,59,0,59,227,286,-59,2.87,16.44,24.88,-20.43,221.28,0.01,15.08,0.06,0,3.37,3984,47.33
2103,台橡,21,21.05,21.05,-0.1,-0.47,3913,38.93,-1380,0,82,-1298,740,1629,-889,-0.23,-1132,100,342,432,1142,0.11,0.4,808,830,-22,2382,1472,910,31.42,4060.76,3.93,32.96,38056.83,0.53,12.25,2.3,1.28,5.8,11971,82.57
2104,國際中橡,10.6,10.65,10.6,0.05,0.47,2099,47.65,-120,0,-16,-136,568,129,439,0.21,568,568,0,0,0,0.27,0,475,834,-359,1064,1144,-80,--,1409.92,42.3,-15.6,14407.12,-0.81,-16.88,-3.93,0,8.79,21649,98.47
2105,正新,34.15,34.2,34.2,0.7,2.09,31302,71.32,-13387,14074,68,755,24131,24174,-43,0,23541,23916,145,162,358,0.77,0.02,2177,1967,210,5044,5207,-163,21.11,7820.45,-9.48,1.22,91904.05,0.57,24.84,2.15,5.26,1.03,8343,324.14
2106,建大,17.75,17.85,17.75,0.25,1.43,652,38.52,-55,0,-14,-69,0,75,-75,-0.11,0,0,0,0,0,0,0,139,103,36,520,480,40,98.61,3379.61,-2.86,8.93,34121.42,0.12,19.75,0.57,3.66,1.23,2939,95.49
2107,厚生,25.6,25.7,25.7,0.2,0.78,462,64.46,-18,0,-1,-19,92,113,-21,-0.04,92,92,0,0,0,0.2,0,173,144,29,203,211,-8,17.85,108.47,1.35,6.6,1389.85,0.23,33.26,0.52,5.45,0.18,133,30.36
2108,南帝,29.15,29.25,29.2,-0.1,-0.34,2843,32.36,-315,0,-32,-347,187,183,4,0,-183,0,0,0,183,0,0.06,460,899,-439,2215,1780,435,33.56,1084.55,-17.2,15.92,10440.49,0.34,27.24,1.7,3.42,2.46,3026,49.24
2109,華豐,14.25,14.3,14.3,0.1,0.7,106,32.04,-49,0,-1,-50,0,0,0,0,0,0,0,0,0,0,0,0,0,0,106,106,0,11.92,408.82,10.93,7.43,4411.28,0.41,22.76,2.81,6.99,1.08,752,27.93
2114,鑫永銓,88.8,89,89,0.6,0.68,145,40.44,-55,0,-4,-59,42,0,42,0.28,42,42,0,0,0,0.28,0,21,24,-3,85,124,-39,15.48,140.87,0.54,7.23,1647.5,1.41,40.27,3.42,5.62,0.16,32,7.8
2115,六暉-KY,21.9,22,21.95,0.2,0.92,150,55.7,26,0,-1,25,0,64,-64,-0.42,0,0,0,0,0,0,0,57,0,57,94,87,7,17.28,311.58,-7.6,32.47,3093.41,0.27,18.4,0.84,6.83,3.02,787,10.44
2201,裕隆,27.75,27.8,27.75,0.35,1.28,2299,50.21,250,0,-53,197,1018,508,510,0.22,1018,1018,0,0,0,0.44,0,262,437,-175,1037,1372,-335,32.65,5824.01,-2.54,3.93,72273.24,0.35,32.99,1.11,2.02,3.97,10610,107
2204,中華,55.3,55.6,55.3,0.5,0.91,1260,57.13,-108,-16,-10,-134,674,447,227,0.18,651,651,0,0,0,0.51,0,191,256,-65,405,567,-162,10.2,2819.36,-11.43,-5.23,33402.85,1.18,13.91,1.5,6.51,1.21,1676,55.36
2206,三陽工業,61.2,61.3,61.2,-2.1,-3.32,2141,39.51,-521,0,-53,-574,747,984,-237,-0.11,-892,0,92,86,898,0.04,0.45,465,532,-67,953,648,305,10.97,5248.21,-5.81,-8.9,62054.67,1.37,21.2,2.57,4.9,3.04,5948,77.37
2207,和泰車,483,483.5,483,10,2.11,1067,66.14,-430,0,-7,-437,764,814,-50,-0.05,726,755,0,0,29,0.7,0.03,123,80,43,190,185,5,13.9,30160.25,25.01,30.03,282974.93,7.95,19.18,4.38,4.14,0.06,88,55.71
2208,台船,17.75,17.85,17.75,0.25,1.43,3340,46.47,-479,0,-4,-483,484,1128,-644,-0.19,-98,284,200,582,0,0.14,0.17,734,473,261,2140,1758,382,--,1937.45,45.87,132.19,23724.74,0.07,0.05,1.19,0,--,0,127.45
2211,長榮鋼,92.6,92.7,92.6,0.1,0.11,521,41.41,-135,-8,-5,-148,11,188,-177,-0.33,11,11,0,0,0,0.02,0,123,71,52,396,271,125,11.32,1295.22,-2.85,-7.13,14663.08,1.07,23.15,1.68,7.02,0.46,482,41.71
2221,大甲,43.4,43.6,43.4,-0.35,-0.8,862,27.55,-144,0,0,-144,25,30,-5,-0.01,-30,0,0,0,30,0,0.03,48,71,-23,794,766,28,18.47,140.43,7.03,17.06,1431.16,0.69,19.48,2.63,3.46,5.46,578,4.23
2227,裕日車,48.95,49.2,49,0,0,54,51.02,-30,0,-2,-32,0,0,0,0,0,0,0,0,0,0,0,0,0,0,56,56,0,52.69,1232.36,3.67,4.58,13792.95,-0.89,11.08,-1.46,1.71,--,0,30
2228,劍麟,85.3,85.4,85.3,1.3,1.55,115,56.76,11,0,-7,4,0,0,0,0,0,0,0,0,0,0,0,19,20,-1,98,97,1,19.98,408.23,-8.38,-7.66,4861.3,0.87,22.39,1.35,5.28,9.47,1889,7.98
2230,泰茂,27.9,28,28,1.1,4.09,206,46.46,33,0,2,35,0,0,0,0,0,0,0,0,0,0,0,0,18,-18,209,191,18,--,131.75,-27.3,62.62,2437.23,-1.21,-1.69,-7.13,2.14,21.49,3655,6.8
2231,為升,95.4,95.8,95.4,0.3,0.32,320,36.74,-44,0,-14,-58,15,11,4,0.01,15,15,0,0,0,0.05,0,54,53,1,255,260,-5,--,218.18,-20.27,-24.07,3490.17,0.4,36.71,0.38,0.52,10.41,3537,13.59
2233,宇隆,305,306,305.5,10.5,3.56,1351,49.55,-298,0,58,-240,687,783,-96,-0.07,687,687,0,0,0,0.5,0,292,254,38,408,350,58,48.72,297.58,-1.76,8.32,3232.25,1.59,27.59,2.69,1.31,44.85,6760,6.03
2235,謚源,30.15,30.75,30.7,0.6,1.99,5,80,0,0,0,0,0,0,0,0,0,0,0,0,0,0,0,0,0,0,5,5,0,43.86,52.53,-2.98,61.88,577,0.27,14.51,0.79,4.89,0.4,36,3.59
2236,百達-KY,133.5,135,134,-1,-0.74,233,46.26,-79,0,-17,-96,103,104,-1,0,-104,0,0,11,93,0,0.44,43,58,-15,88,72,16,--,954.69,-0.39,5.2,9824.04,0.19,13.57,0.37,0.49,78.26,12155,6.33
2239,英利-KY,23.1,23.35,23.1,-0.05,-0.22,128,48.44,-32,0,-4,-36,0,0,0,0,0,0,0,0,0,0,0,0,0,0,129,129,0,--,1715.53,49.14,-6.66,18535.55,-1.68,8.41,-1.45,0,5.2,1531,11.77
2241,艾姆勒,39.65,39.7,39.7,0.8,2.06,10745,57.15,465,0,-26,439,2711,2606,105,0.01,2542,2676,35,102,67,0.25,0.02,1877,1623,254,6194,6552,-358,--,62.16,-34.89,40.22,880.29,-0.15,11.2,-0.7,0,27.59,7215,10.46
2243,宏旭-KY,28.45,28.5,28.5,0.75,2.7,989,41.32,-147,-1,1,-147,190,170,20,0.02,74,140,0,0,66,0.14,0.07,213,119,94,590,704,-114,11.45,91.03,-0.88,16.98,2123.87,0.66,15.46,5.43,0,4.76,826,6.94
2247,汎德永業,226.5,228,226.5,-1.5,-0.66,103,43.56,20,0,5,25,33,36,-3,-0.03,-9,5,17,11,20,0.21,0.29,10,19,-9,64,52,12,14.26,3606.35,26.45,-29.1,45771.77,2.35,11.96,1.5,6.4,0.72,146,8.07
2248,華勝-KY,56.2,56.5,56.4,0.9,1.62,71,82.61,29,0,0,29,0,0,0,0,0,0,0,0,0,0,0,0,0,0,72,72,0,9.53,232.85,-9.09,58.99,2288.99,1.87,31.84,5.16,5.46,2.56,305,4.76
2250,IKKA-KY,61.3,61.4,61.3,0,0,108,35.85,16,0,0,16,0,0,0,0,0,0,0,0,0,0,0,10,19,-9,102,93,9,18.19,230.88,-17.42,-15.38,3232.26,0.64,17.07,1.09,4.89,14.51,1320,3.64
2301,光寶科,223.5,224,224,5.5,2.52,30055,46.06,-1964,-160,166,-1958,24240,26037,-1797,-0.06,13556,18256,3510,4354,3856,0.71,0.27,1885,1465,420,4401,3024,1377,33.58,17353.66,3.95,29.56,180325.23,1.66,21.66,4.24,2.23,2.94,17050,231.61
2302,麗正,33.9,33.95,33.95,2.35,7.44,937,54.71,-66,0,-4,-70,142,209,-67,-0.08,53,42,100,89,0,0.17,0.11,87,111,-24,720,629,91,42.97,98.38,36.62,26.94,889.47,0.25,32.72,2.31,1.03,8.76,3642,16.63
2303,聯電,127.5,128,127.5,6.5,5.37,371998,45.81,2006,-65815,8334,-55475,343269,346979,-3710,-0.01,189377,234855,69754,71750,43482,0.81,0.31,16892,14774,2118,14166,12600,1566,32.04,22943.76,1.23,17.78,246405.26,1.29,29.19,4.1,2.04,5.85,183923,1257.7
2305,全友,22.95,23,23,0.4,1.77,2599,51.58,-68,-1,20,-49,50,52,-2,0,50,50,0,0,0,0.02,0,320,291,29,2249,2276,-27,85.19,115.96,-3.1,97.83,938.69,0.16,42.21,2.04,0,15.1,7765,20.57
2308,台達電,2415,2420,2415,160,7.1,14581,51.88,439,854,452,1745,15330,15142,188,0.01,12699,13919,189,187,1222,0.91,0.09,50,135,-85,190,291,-101,89.05,58961.82,0.46,43.65,631144.95,7.91,37,6.98,0.48,0.83,5381,259.75
2312,金寶,37.2,37.25,37.2,1.8,5.08,78880,48.7,-9301,25,310,-8966,36806,46367,-9561,-0.12,2796,22996,3038,4965,18273,0.33,0.29,7429,7380,49,34978,25466,9512,35.43,12356.53,1.93,-8.1,155309.69,0.35,6.87,1.94,1.61,12.75,47993,150.58
2313,華通,276,276.5,276,24,9.52,71382,55.49,16735,-78,449,17106,59675,58086,1589,0.02,55784,57121,2554,3891,0,0.82,0.05,7178,9022,-1844,6029,5774,255,48.68,6761.66,7.07,13.02,79406.87,1.26,17.98,3.18,1.01,14.92,44453,119.18
2314,台揚,15.55,15.6,15.55,0.05,0.32,131,68.6,-5,0,0,-5,0,0,0,0,0,0,0,0,0,0,0,0,0,0,139,139,0,--,195.16,22.96,89.93,1905.78,-0.97,14.44,-107.17,0,--,0,10.61
2316,楠梓電,168,168.5,168.5,2,1.2,7308,57.35,653,0,37,690,4851,4948,-97,-0.01,2895,3971,239,310,1005,0.57,0.18,823,927,-104,1699,1498,201,10.99,429.72,6.39,74.29,4079.15,3.53,6.2,4.86,1.19,10.72,4897,18.27
2317,鴻海,277,277.5,277.5,8,2.97,71763,56.79,-10735,125,167,-10443,65495,66133,-638,-0.01,51355,57401,3538,3882,5702,0.83,0.13,5023,4316,707,3031,3100,-69,19.71,859409.33,3.28,39.57,9021624.65,3.56,6.18,2.88,2.59,1.33,46782,1402.86
2321,東訊,13.5,14.4,--,--,--,0,--,0,0,0,0,0,0,0,--,0,0,0,0,0,--,--,0,0,0,0,0,0,--,64.86,9.01,-2.53,732.97,-0.12,32.7,0.46,0,--,0,3.03
2323,中環,11.25,11.3,11.3,0.35,3.2,15172,53.15,1251,36,136,1423,7746,7988,-242,-0.02,7469,7746,0,277,0,0.51,0.02,1560,1924,-364,5896,5290,606,5.18,601.76,-8.19,-1.53,7451.56,-0.41,26.38,-2.31,1.77,10.4,28321,108.93
2324,仁寶,38.4,38.45,38.45,-0.15,-0.39,161483,51.47,-39353,0,-1006,-40359,99826,123188,-23362,-0.14,-95177,3683,20108,20008,98960,0.15,0.73,16380,10801,5579,46155,28372,17783,29.13,70461.81,-2.11,22.28,782236.4,0.45,5.26,1.63,2.86,5.97,65730,440.71
2327,國巨*,826,--,826,75,9.99,48440,66.51,-12595,2421,555,-9619,45025,45730,-705,-0.01,36976,38109,6916,8049,0,0.9,0.16,4957,4208,749,249,289,-40,65.56,15058.22,7.26,47.46,147374.39,3.9,38.1,4.69,0.73,11.19,57932,51.79
2328,廣宇,52.9,53,52.9,1.9,3.73,7428,49.12,94,0,21,115,3091,3337,-246,-0.03,1879,2760,261,741,401,0.4,0.15,1250,1185,65,3143,2962,181,53.98,1701.75,-1.96,1.03,19984.38,-0.16,7.79,-0.62,1.7,15.11,19576,51.83
2329,華泰,56.1,56.2,56.2,4.1,7.87,9318,58.86,148,0,451,599,3562,2848,714,0.08,2491,3063,499,885,186,0.38,0.11,1635,1731,-96,4201,4819,-618,25.43,1857.9,3.44,3.7,20614.98,0.33,12.79,2.08,1.78,10.94,18015,65.89
2330,台積電,2305,2310,2305,10,0.44,33206,59.33,-15008,2660,-1254,-13602,36081,36129,-48,0,29332,29697,6019,6019,365,0.98,0.18,114,69,45,78,74,4,30.99,410725.12,-1.08,17.5,4165062.23,22.08,66.25,10.06,0.95,0.44,28350,2593.24
2331,精英,22,22.05,22,0.5,2.33,6621,49.19,-970,0,-2,-972,1184,1540,-356,-0.05,-276,557,0,0,833,0.08,0.13,951,1318,-367,4509,3787,722,44,1554.78,-19.25,-16.79,21469.03,0.11,8.69,0.58,0,6.93,9656,55.74
2332,友訊,15.3,15.35,15.35,-0.05,-0.32,6531,59.92,-1695,0,-43,-1738,3428,4278,-850,-0.13,1708,2215,1213,1650,70,0.52,0.26,608,702,-94,2512,1569,943,--,1205.41,-0.77,18.53,13660.91,-0.05,25.27,-0.18,0,13.08,19687,60.22
2337,旺宏,145.5,146,145.5,2,1.39,22153,14.24,545,-650,-3087,-3192,17157,19457,-2300,-0.14,-1798,418,16642,18668,190,1.03,1.14,2676,1254,1422,3098,2220,878,--,6255.65,5.8,175.8,40781.03,0.9,40.8,3.69,0,18.2,90158,198.18
2338,光罩,47.45,47.5,47.5,1.2,2.59,5522,49.18,-1147,0,-151,-1298,547,1457,-910,-0.16,-433,499,25,297,660,0.09,0.17,947,1052,-105,4099,3080,1019,--,517.71,6.28,-7.54,5872.2,0.52,17.55,3.01,0,10.07,7640,36.68
2340,台亞,34.95,35,35,2.3,7.03,7667,47.8,-1582,0,27,-1555,823,2123,-1300,-0.17,303,633,32,0,362,0.09,0.05,1097,1036,61,5797,4558,1239,--,407.47,27.78,5.66,4304.32,-0.49,-3.96,-3.44,0,10.57,10007,43.86
2342,茂矽,41.35,41.4,41.35,2.45,6.3,5181,52.3,129,0,1,130,787,814,-27,-0.01,628,760,0,0,132,0.15,0.03,758,730,28,3667,3667,0,--,171.63,4.06,-3.46,1966.46,-0.11,15.86,-0.72,0,12.21,4810,15.75
2344,華邦電,156.5,157,156.5,2.5,1.62,201166,44.32,-48095,1014,-1399,-48480,189348,192556,-3208,-0.02,-1745,4125,181807,183119,4558,0.91,0.92,8149,5828,2321,5735,4849,886,46.44,20001.44,3.93,181.97,133000.49,2.25,53.37,8.54,0.32,11.18,125744,450
2345,智邦,2470,2475,2475,55,2.27,2424,57.32,-96,47,-27,-76,2460,2465,-5,0,621,1418,0,0,797,0.57,0.32,5,5,0,32,28,4,46.99,28622.86,4.61,56.58,295565.02,14.92,19.55,13.55,0.61,1.1,1538,56.11
2347,聯強,91,91.1,91,5.7,6.68,16425,52.77,-9407,9484,42,119,13221,13052,169,0.01,12930,13152,69,291,0,0.8,0.02,1102,1166,-64,2162,2267,-105,15.83,67818.92,18.28,129.27,509570.34,1.77,4.3,3.75,4.62,0.63,2609,166.79
2348,海悅,71,71.1,71,0.1,0.14,425,37.83,-141,0,4,-137,33,64,-31,-0.07,-46,0,18,47,17,0.04,0.15,60,68,-8,340,301,39,14.31,170.12,21.86,-55.01,6194.8,0.16,28.12,0.15,7.75,5.02,1907,15.19
2349,錸德,13.55,13.6,13.55,0.25,1.88,5074,41.83,-1768,0,-19,-1787,392,1749,-1357,-0.27,-1445,100,204,1119,630,0.06,0.34,811,958,-147,3894,2390,1504,--,755.28,10.11,-1.15,7416.8,0.02,21.21,-0.2,0,--,0,69.37
2351,順德,192,192.5,192.5,9.5,5.19,6115,49.97,1562,590,-12,2140,4515,4359,156,0.03,1902,3006,577,603,1078,0.58,0.27,602,639,-37,1080,1199,-119,85.18,1156.26,-1.62,36.8,11071.23,1.22,19.12,3.13,0.57,61.68,28087,19.28
2352,佳世達,30.6,30.65,30.65,0.55,1.83,9190,46.49,-1470,54,-68,-1484,3443,4255,-812,-0.09,-682,50,3293,3720,305,0.36,0.43,1144,1432,-288,4681,3581,1100,49.44,17244.92,2.56,-1.73,209378.72,0.2,16.67,0.62,3.26,3.64,14391,158.05
2353,宏碁,36.9,36.95,36.95,1.65,4.67,49268,46.06,-15646,992,-1169,-15823,26196,32547,-6351,-0.13,11203,20870,1060,2059,8668,0.44,0.22,5152,3366,1786,18237,13672,4565,28.42,31311.75,4.74,68.39,299368.61,0.23,11.16,1.37,3.52,5.05,38451,304.79
2354,鴻準,58.7,58.8,58.8,2.4,4.26,9074,45.28,-105,0,33,-72,4888,4772,116,0.01,3296,3857,1031,1592,0,0.54,0.17,1251,1451,-200,3005,2921,84,27.87,8757.71,34.17,-40.64,139123.01,0.47,4.84,0.61,2.55,7.05,24936,141.45
2355,敬鵬,54.8,54.9,54.8,2.1,3.98,11995,51.24,-1196,-5,-2,-1203,4926,5762,-836,-0.07,4474,4831,50,113,294,0.4,0.03,2034,1646,388,5128,4675,453,32.43,1390.75,-1.34,-3.09,15901.33,0.62,12.08,1.41,1.82,17.02,16910,39.75
2356,英業達,70.5,70.6,70.6,1.4,2.02,94755,51.59,-11117,-76,-164,-11357,61513,70627,-9114,-0.1,29718,49605,0,0,19887,0.52,0.21,11087,8869,2218,22919,16023,6896,26.84,82807.87,-2.33,35.3,778737.32,0.68,5.08,3.24,2.83,3.72,33406,358.75
2357,華碩,849,850,850,6,0.71,5030,46.34,-104,-652,30,-726,4311,4621,-310,-0.06,-1983,92,2433,2457,2051,0.49,0.87,767,494,273,106,70,36,15.19,69094,-15.65,9.3,831163.91,13.19,14.86,3.63,4.94,1.07,1990,74.28
2359,所羅門,144.5,--,144.5,13,9.89,2951,87.11,119,0,161,280,2575,1311,1264,0.42,2575,2575,0,0,0,0.85,0,178,596,-418,284,1130,-846,74.48,525.76,47.2,66.8,4184.17,0.78,21.44,2.29,0.69,14.95,6410,17.15
2360,致茂,2385,2390,2390,-60,-2.45,3160,48.59,511,-462,64,113,3196,3245,-49,-0.02,-2933,93,0,0,3026,0.03,0.93,10,3,7,57,14,43,75.66,4549.61,-6.5,133.09,38643.26,9.12,62.6,12.93,0.82,0.95,1015,42.52
2362,藍天,48.15,48.2,48.15,3.3,7.36,3008,49.41,-641,0,-34,-675,226,366,-140,-0.05,226,226,0,0,0,0.07,0,396,651,-255,2412,2016,396,23.15,2405.77,27.12,9.59,21598.52,0.61,20.88,0.8,4.15,1.98,3085,62.23
2363,矽統,58.3,58.4,58.3,1.2,2.1,7410,45.11,-929,20,-102,-1011,2842,3464,-622,-0.08,436,2107,90,159,1602,0.29,0.24,1106,1194,-88,3536,2826,710,34.29,345.12,36.07,87.15,3562.19,0.17,28.79,0.45,1.03,17.11,22028,51.5
2364,倫飛,70.9,71,70.9,0.1,0.14,353,44.67,37,0,0,37,0,0,0,0,0,0,0,0,0,0,0,49,79,-30,311,281,30,18.13,161.29,-8.17,2.74,1531.65,0.83,38.46,5.64,4.23,6.41,839,5.24
2365,昆盈,35.55,35.6,35.55,1,2.89,3336,44.87,112,0,2,114,775,581,194,0.06,775,775,0,0,0,0.23,0,590,684,-94,1985,2085,-100,91.15,79.16,-10.1,25.63,997.3,0.14,39.26,0.98,0.84,19.35,10719,22.15
2367,燿華,63.9,64,63.9,3.4,5.62,26948,53.7,922,0,245,1167,13270,13160,110,0,13270,13270,0,0,0,0.49,0,3875,4387,-512,9993,9592,401,--,1533.48,27.62,15.91,15668.73,-0.4,5.77,-2.23,0.31,22.56,39830,70.63
2368,金像電,1495,--,1495,135,9.93,11272,70.62,-476,2096,-39,1581,11947,11731,216,0.02,10920,11002,859,855,86,0.99,0.08,15,69,-54,61,219,-158,68.17,8773.23,20.35,87.3,73891.12,6.87,34.81,10.19,0.66,3.01,3913,52.11
2369,菱生,32.35,32.4,32.35,0.9,2.86,10372,53.02,-844,0,-77,-921,2255,3306,-1051,-0.1,1429,2020,0,0,591,0.19,0.06,1554,1580,-26,6628,5551,1077,--,571.77,-4.03,30.2,6170.05,0.1,7.25,0.68,0,13.07,12416,38.01
2371,大同,28.85,28.9,28.85,0,0,16522,34.87,-4008,26,-387,-4369,6271,10213,-3942,-0.24,-7315,100,2609,3120,6904,0.16,0.6,2202,2009,193,8167,4419,3748,--,4138.89,-2.87,-3.5,51166.81,-0.05,16.44,-0.14,0,10.92,58724,215.08
2373,震旦行,57,57.7,57.5,0.7,1.23,61,70.18,-20,0,-1,-21,0,0,0,0,0,0,0,0,0,0,0,0,0,0,62,62,0,15.58,946.78,17.83,-1.83,10592.77,0.72,45.13,1.92,6.43,0.08,45,23.62
2374,佳能,74.7,74.8,74.7,2.1,2.89,6225,49.64,-116,0,103,-13,2142,2190,-48,-0.01,1887,1990,152,255,0,0.34,0.04,1176,1276,-100,2970,2821,149,26.87,1005.8,-6.99,27.82,11706.56,0.73,24.32,2.72,2.68,26,21874,33.8
2375,凱美,165,--,165,15,10,4866,69.56,63,0,67,130,3045,2221,824,0.19,2772,2793,252,273,0,0.69,0.06,613,928,-315,1386,1896,-510,50.15,496.78,-6.11,2.04,5699.86,0.78,16.96,0.86,0.73,29.84,8107,10.87
2376,技嘉,358,359,359,14,4.06,12171,45.84,-2933,893,112,-1928,9770,10489,-719,-0.06,4025,5525,3433,3808,1125,0.72,0.4,881,599,282,1744,1308,436,16.77,49053.47,-6.15,4.98,400745.27,7.86,12.01,8.8,3.34,6.31,10568,66.99
2377,微星,139.5,140,139.5,7.5,5.68,20306,52.92,817,9,176,1002,15396,14366,1030,0.05,14934,15161,235,462,0,0.75,0.02,1737,2254,-517,3416,3930,-514,14.58,16358.37,-8.33,-22.26,228229.99,4.04,15,6.24,3.01,8.97,18941,84.49
2379,瑞昱,650,651,651,55,9.23,7036,65.02,-2222,2633,-86,325,6142,5855,287,0.04,5241,5611,325,409,286,0.83,0.1,952,1212,-260,85,111,-26,23.43,12523.52,-1.54,21.87,127642.53,8.44,49.66,8.89,3.84,2.23,2868,51.55
2380,虹光,5.66,5.7,5.66,-0.04,-0.7,212,43.22,5,0,0,5,0,0,0,0,0,0,0,0,0,0,0,0,0,0,218,218,0,18.87,302.56,6.04,32.56,3095.39,0.4,38.61,4.35,0,--,0,21.69
2382,廣達,375,375.5,375,-1.5,-0.4,49978,47.77,-12263,9533,-285,-3015,46141,47654,-1513,-0.03,-12478,10600,13304,13649,22733,0.47,0.71,2437,1374,1063,2343,1892,451,18.89,311481.02,-8.37,94.38,2784387.64,5.5,4.78,8.97,4.16,1.27,12231,386.26
2383,台光電,5060,5065,5065,295,6.18,2224,53.25,-281,298,-30,-13,2391,2307,84,0.03,1671,1645,746,720,0,0.98,0.3,13,44,-31,33,86,-53,109.87,15618.57,12.17,114.63,120698.83,14.9,29.42,10.86,0.49,2.16,1937,35.83
2385,群光,139,139.5,139.5,3.5,2.57,3701,65.81,-1081,-76,-53,-1210,3068,2953,115,0.03,3048,3048,0,0,0,0.82,0,213,293,-80,450,485,-35,16.45,7226.93,-0.63,-11.04,93602.25,2,16.15,3.28,5.16,0.74,1412,76.57
2387,精元,41.55,41.6,41.55,-0.1,-0.24,694,39.53,45,0,-3,42,27,0,27,0.04,0,0,0,0,0,0,0,49,119,-70,627,584,43,14.84,1349.18,0.86,-12.56,18243.69,0.49,11.65,1.11,9.63,2.93,1429,19.53
2388,威盛,66.3,66.4,66.4,1.6,2.47,4271,49.83,-657,24,-21,-654,1148,1703,-555,-0.13,593,985,163,555,0,0.27,0.13,838,785,53,2338,1835,503,368.89,1114.12,-1.27,84.79,10140.82,0.08,23.95,0.02,0.08,10.24,14233,55.6
2390,云辰,12,12.1,12,0.15,1.27,1503,36.49,-92,0,-5,-97,94,0,94,0.06,94,94,0,0,0,0.06,0,141,262,-121,1284,1257,27,--,51.61,1.3,-10.78,630.19,0.54,23.23,4.38,0,3.78,1819,19.26
2392,正崴,39.05,39.1,39.05,-0.15,-0.38,1854,27.74,-448,0,-27,-475,122,358,-236,-0.13,-254,28,0,0,282,0.01,0.15,238,490,-252,1519,1031,488,--,6222.37,-22.37,-5.5,92999.4,-0.46,19.32,6.81,2.56,3.93,5038,51.23
2393,億光,68.9,69,69,3.1,4.7,6272,65.7,1706,-119,116,1703,3476,1512,1964,0.31,3456,3476,0,0,20,0.55,0,1049,1481,-432,1811,3343,-1532,16.47,1772.22,1.04,10.21,19780.36,0.91,24.73,2,6.52,2.59,2868,44.34
2395,研華,489,489.5,489.5,18.5,3.93,3976,53.34,319,3,-3,319,3281,3338,-57,-0.01,3281,3281,0,0,0,0.81,0,223,234,-11,553,484,69,37.98,7733.83,-6.48,32.1,77922.1,3.85,39.15,6.33,2.29,0.99,2146,86.83
2397,友通,61.7,61.8,61.7,1.1,1.82,608,58.7,240,0,-8,232,94,122,-28,-0.05,94,94,0,0,0,0.15,0,112,125,-13,406,366,40,26.59,1187.62,-3.87,27.03,11944.86,0.76,24.89,2.14,3.97,5.17,1483,11.45
2399,映泰,47.55,47.6,47.6,2.95,6.61,6330,57.88,305,-2,-2,301,1552,1438,114,0.02,674,1057,344,319,408,0.22,0.11,1010,945,65,3802,3981,-179,30.51,178.13,34.68,21.9,1702.37,1.48,16.47,11.28,0,21.04,9367,17.81
2401,凌陽,26.45,26.5,26.5,1.25,4.95,5024,51.78,240,20,-107,153,522,1050,-528,-0.1,192,482,40,118,212,0.1,0.07,1168,780,388,3360,3220,140,--,684.72,-5.49,14.11,6584.89,-0.02,49.74,0.88,0,7.54,11163,59.2
2402,毅嘉,63.8,63.9,63.8,0.3,0.47,3896,42.08,-818,0,53,-765,1378,1565,-187,-0.05,569,1212,0,0,643,0.31,0.16,576,718,-142,1996,1667,329,32.72,1065.55,-0.5,13.58,11497.76,0.07,12.82,0.28,3.13,19.78,15209,30.75
2404,漢唐,1190,1195,1190,80,7.21,4267,37.71,308,-82,99,325,4345,4314,31,0.01,3051,3607,182,182,556,0.86,0.17,14,15,-1,55,78,-23,22.32,8106.87,5.39,102.23,78946.91,16.31,23.32,18.43,3.36,5.74,2737,19.06
2405,輔信,19.75,19.8,19.75,0.35,1.8,6565,39.25,661,0,-12,649,1528,1224,304,0.05,1085,1528,0,91,352,0.23,0.07,946,778,168,4117,4589,-472,--,166.95,0.42,23.65,1761.54,0,44.93,0.01,0.51,11.82,10151,34.34
2406,國碩,35,35.05,35,3,9.38,19950,61.33,1182,0,5,1187,7271,6495,776,0.04,3693,6290,336,513,2420,0.33,0.15,3146,3086,60,9627,10464,-837,--,1053.24,5.99,143.29,8696.58,0.27,19.19,3.43,0,14.81,12996,35.09
2408,南亞科,362.5,363,363,23.5,6.92,98236,49.98,-15642,1825,-220,-14037,89235,88688,547,0.01,35777,37295,51940,53458,0,0.89,0.54,5041,4992,49,5590,6185,-595,32.5,27669.56,8.55,730.14,155194.34,8.41,67.89,14.33,0.37,12.74,98692,345.02
2409,友達,24,24.05,24,-0.4,-1.64,504528,42.62,-80412,-4,-7867,-88283,353337,405647,-52310,-0.1,-100672,55251,193407,224100,125230,0.49,0.69,72062,41434,30628,80573,58891,21682,75,23838.34,7.86,-1.4,276940.74,-0.15,11.85,-0.64,1.67,11.58,218562,754.71
2412,中華電,142,142.5,142,3.5,2.53,18377,59.45,1907,22,361,2290,17903,16259,1644,0.09,16722,17386,0,0,664,0.94,0.04,218,965,-747,336,1234,-898,28.23,20497.86,-1.4,7.61,241743.83,1.3,37.92,2.61,3.66,0.01,281,775.74
2413,環科,54.2,54.3,54.2,0.8,1.5,6458,42.97,205,0,-3,202,1381,1290,91,0.01,470,419,962,911,0,0.21,0.14,1327,1386,-59,3782,3815,-33,70.39,311.42,-2.04,16.44,3404.05,0.51,15.58,3.18,0.92,16.56,5272,12.74
2414,精技,56.9,--,56.9,5.1,9.85,1506,74.26,-71,0,-1,-72,448,203,245,0.16,448,448,0,0,0,0.29,0,222,295,-73,856,1028,-172,16.12,4100.5,38.2,73.48,32454.16,1.17,8.16,4.65,5.27,0.82,333,16.17
2415,錩新,27.2,27.4,27.2,-0.25,-0.91,108,24.3,-20,0,-1,-21,0,0,0,0,0,0,0,0,0,0,0,19,19,0,91,91,0,14.17,192.22,-11.21,5.87,2460.67,0.35,24.89,1.35,5.85,10.99,2472,9
2417,圓剛,47,47.05,47,0.95,2.06,2775,41.83,-837,0,-22,-859,349,676,-327,-0.12,275,349,0,30,44,0.13,0.03,309,427,-118,2134,1688,446,223.81,304.75,-7.77,3.1,3571.93,0.28,57.98,1.74,0.53,11,4324,15.72
2419,仲琦,28.7,28.75,28.7,0.3,1.06,1799,38.27,-649,-1,-15,-665,140,167,-27,-0.01,-82,45,0,0,127,0.02,0.07,120,326,-206,1562,1329,233,--,639.21,41.1,-27.07,8717.6,0.07,19.16,0.68,0,8.11,6517,32.13
2420,新巨,64,64.3,64.2,1.2,1.9,866,41.97,-90,0,-11,-101,142,125,17,0.02,142,142,0,0,0,0.16,0,188,263,-75,545,487,58,16.29,202.92,-0.14,5.5,2185.33,1.05,47.76,3.91,4.67,4.58,1746,15.26
2421,建準,160,160.5,160,3,1.91,7693,50.58,-2233,-1,49,-2185,4479,5079,-600,-0.08,578,2811,0,0,2233,0.36,0.29,852,727,125,2482,2005,477,19.61,1692.06,-9.59,14.93,19998.84,2.36,31.66,6.42,3.28,7,5022,28.69
2423,固緯,77.2,77.3,77.2,3.7,5.03,223,41.46,22,0,-10,12,0,0,0,0,0,0,0,0,0,0,0,18,17,1,208,209,-1,21.75,287.48,6.78,28.07,3203.81,1.3,56.19,6.52,3.24,1.46,529,14.5
2424,隴華,12,12.1,12,-0.6,-4.76,150,31.03,12,0,0,12,0,0,0,0,0,0,0,0,0,0,0,0,0,0,152,152,0,--,5.28,-64.99,-64.07,158.35,-0.58,-1.92,-12.34,0,--,0,5.96
2425,承啟,34.3,34.35,34.3,1.1,3.31,419,52.52,79,0,-9,70,0,0,0,0,0,0,0,0,0,0,0,15,16,-1,407,406,1,--,1694.94,10.1,87.78,10650.43,0.62,7.7,0.16,0.29,8.25,1991,9.65
2426,鼎元,68.2,--,68.2,6.2,10,13121,53.94,120,1,-36,85,5718,5337,381,0.03,3276,4482,678,961,923,0.39,0.14,1940,2204,-264,5557,5673,-116,--,233.36,11.39,3.12,2260.94,0.06,19.63,0.44,0.15,27.27,20495,30.06
2427,三商電,23.7,23.8,23.7,-0.2,-0.84,1694,27.62,-349,0,-1,-350,114,167,-53,-0.03,-97,70,0,0,167,0.04,0.1,46,318,-272,1542,1217,325,18.37,296.11,-35.22,-73.63,6591.18,0.28,18.91,1.66,2.95,10.62,5255,19.8
2428,興勤,289,289.5,289,16.5,6.06,3656,49.5,-116,-1,60,-57,1887,2061,-174,-0.05,1341,1591,215,354,111,0.48,0.12,665,699,-34,1178,969,209,26.27,867.74,0.62,29.74,8534.78,2.21,33.97,2.46,2.04,7.8,2497,12.81
2429,銘旺科,42.3,42.35,42.35,2.1,5.22,432,63.49,12,0,-1,11,79,25,54,0.12,79,79,0,0,0,0.18,0,58,32,26,301,381,-80,--,28.94,-37.19,10.75,489.52,-0.45,4.24,-5.02,0,--,4546,8.55
2430,燦坤,18.55,18.6,18.55,0.25,1.37,156,45.1,-33,0,-1,-34,0,0,0,0,0,0,0,0,0,0,0,0,0,0,157,157,0,38.65,1458.4,8.89,-1.89,17602.21,0.07,14.8,0.2,4.31,0.35,103,11.68
2431,聯昌,11.05,11.1,11.05,0.3,2.79,421,49.73,-51,0,0,-51,100,0,100,0.24,100,100,0,0,0,0.24,0,50,55,-5,273,368,-95,--,22.42,1.67,-47.88,300.92,-0.2,-6.38,-2.09,0,--,1855,11.09
2433,互盛電,43.3,43.7,43.3,-0.3,-0.69,69,46.15,-25,0,-4,-29,0,0,0,0,0,0,0,0,0,0,0,0,0,0,70,70,0,14.2,228.11,1.23,-0.24,2722.48,0.51,34.88,1.93,6.24,0.09,34,14.45
2434,統懋,34.6,34.95,34.6,1.9,5.81,54,26.92,-5,0,0,-5,0,0,0,0,0,0,0,0,0,0,0,0,0,0,58,58,0,--,3.95,-11.68,-9.29,45.7,-0.13,-26.22,-1.01,0,4.08,97,3.7
2436,偉詮電,67.6,67.7,67.6,1.9,2.89,3208,43.67,-123,10,9,-104,977,1179,-202,-0.06,872,927,50,105,0,0.3,0.03,612,629,-17,1662,1444,218,20.36,397.04,1.68,26.11,3994.49,0.7,33.54,3.23,2.96,14.71,7360,20.01
2438,翔耀,22.8,23.1,22.8,0.4,1.79,253,29.25,-73,0,-4,-77,0,0,0,0,0,0,0,0,0,0,0,0,51,-51,255,204,51,--,38.3,-29.79,-28.01,518.13,-0.32,15.02,-5.05,0,--,0,7.12
2439,美律,90.6,90.7,90.6,0.5,0.55,1560,40.61,294,-6,-2,286,634,674,-40,-0.03,132,263,371,462,40,0.4,0.32,282,274,8,667,635,32,18.53,3741.67,15.72,6.06,48661.55,1.03,11.83,2.05,4.42,5.56,3528,25.36
2440,太空梭,17.55,17.6,17.6,0.1,0.57,1422,47.16,-169,0,-1,-170,0,0,0,0,0,0,0,0,0,0,0,105,264,-159,1323,1164,159,--,395.63,-2.58,44.93,3776.97,0.14,5.87,1.12,0,6.06,1571,13.91
2441,超豐,125,125.5,125,1.5,1.21,7259,40.57,-2892,-334,-143,-3369,3651,5786,-2135,-0.29,-402,1377,1958,2964,773,0.45,0.51,1191,395,796,2534,1195,1339,26.77,1744.36,4.79,20.92,18085.91,1.4,23.63,3.23,2.4,6.54,9307,56.88
2442,新美齊,19.45,19.5,19.5,-0.05,-0.26,2216,40.57,-889,0,-8,-897,0,637,-637,-0.29,-586,0,0,109,477,0,0.26,511,416,95,1718,1176,542,3.71,177.52,-89.23,168.44,13586.04,1.14,28.85,7.17,13.85,6.11,4837,32.52
2444,兆勁,13.2,13.25,13.2,0.1,0.76,321,42.86,54,0,-3,51,0,0,0,0,0,0,0,0,0,0,0,0,0,0,324,324,0,--,72.32,-0.43,-14,1034.1,-0.51,0.85,-6.73,0,--,0,10.16
2449,京元電子,290.5,291,291,2.5,0.87,22153,48.89,-4857,-108,-489,-5454,16020,19012,-2992,-0.13,1216,8787,2629,2942,7258,0.49,0.44,3766,2130,1636,3328,1971,1357,39.48,3776.93,0.91,36.61,39783.48,1.87,39.74,4.36,0.52,8.18,25011,122.27
2450,神腦,30.65,30.85,30.8,0.7,2.33,292,41.75,49,0,1,50,0,0,0,0,0,0,0,0,0,0,0,20,0,20,275,295,-20,20.13,2663.79,-10.49,9.37,35083.18,0.25,9.67,1.03,5.03,0.27,173,25.83
2451,創見,305.5,306.5,306,11.5,3.9,8269,44.45,1539,-2587,2,-1046,6059,6683,-624,-0.07,3159,4086,1956,2826,57,0.72,0.34,941,705,236,1385,996,389,9.9,6297.95,-15.46,469.83,39340.33,18.93,76.39,33.01,3.86,4.52,4865,43.13
2453,凌群,58.3,58.5,58.3,0.5,0.87,521,30.33,-81,0,-4,-85,20,91,-71,-0.13,-53,20,0,73,0,0.04,0.14,104,114,-10,406,325,81,18.63,543.72,-11.38,6.79,7596.4,0.9,24.72,4.16,4.8,11.25,2813,10
2454,聯發科,4475,--,4475,405,9.95,14302,66.58,-1209,827,-162,-544,15144,14960,184,0.01,14719,14721,423,425,0,0.98,0.03,62,133,-71,186,268,-82,71.67,46736.66,-26.07,-4.14,589786.2,15.17,46.3,6.04,1.2,2.99,11992,160.39
2455,全新,395,--,395,35.5,9.87,1905,41,280,-110,-144,26,1648,1482,166,0.09,1447,1455,193,201,0,0.88,0.11,110,192,-82,224,308,-84,124.61,320.79,0.69,46.51,3734.93,1.06,38.09,5.6,0.67,18.17,8415,18.66
2457,飛宏,31.05,--,31.05,2.8,9.91,12356,65.21,-2119,0,407,-1712,5160,2968,2192,0.18,3317,4206,878,1194,573,0.41,0.14,1939,2423,-484,5321,7031,-1710,--,723.56,-7.28,-10.09,9470.53,-0.34,21.18,-1.61,0,11.47,12183,42.48
2458,義隆,160.5,161,161,4.5,2.88,5435,46.6,-580,-4,-12,-596,3058,3766,-708,-0.13,-843,201,2514,2722,836,0.49,0.65,579,533,46,1853,1190,663,18.83,1004.28,-12,3.59,12534.9,2.46,47.63,6.67,4.39,4.15,3149,30.39
2459,敦吉,68.7,68.9,68.7,0.8,1.18,247,41.25,-44,0,-2,-46,0,43,-43,-0.17,0,0,0,0,0,0,0,44,14,30,204,191,13,13.14,454.18,4.72,28.03,5063.35,1.41,30.51,2.47,6.11,0.44,117,10.56
2460,建通,31.2,31.25,31.2,1.35,4.52,382,47.96,-66,0,-5,-71,0,0,0,0,0,0,0,0,0,0,0,0,0,0,388,388,0,--,427.6,-0.38,71.83,3941.31,0.11,11.43,1.22,0,--,345,16.92
2461,光群雷,19.25,19.3,19.25,-0.85,-4.23,7623,27.26,-33,0,-14,-47,543,1395,-852,-0.11,-1228,67,100,208,1187,0.02,0.18,1236,1727,-491,5866,4523,1343,--,447.94,5.25,3.08,5303.77,0.3,26.61,1.06,0,18.63,8936,19.19
2462,良得電,25.5,25.55,25.55,1.35,5.58,2481,73.53,-99,0,-4,-103,1232,1284,-52,-0.02,1232,1232,0,0,0,0.49,0,113,96,17,1146,1111,35,365,353.83,3.24,-8.76,4024.79,0.01,8.7,0.04,0.78,9.61,2930,15.08
2464,盟立,150,150.5,150,1.5,1.01,19402,46.1,-1343,-155,-99,-1597,11412,13661,-2249,-0.11,-4039,4008,1478,1694,7831,0.28,0.48,2278,1819,459,5991,4200,1791,--,701.69,7.25,30.83,7105.07,0.24,18.67,0.98,0.33,24.37,12571,21.04
2465,麗臺,80.6,80.7,80.6,1.2,1.51,2821,39.43,-587,0,0,-587,295,734,-439,-0.15,-602,47,53,58,644,0.03,0.25,564,633,-69,2001,1492,509,61.06,704.38,-18.41,135.34,6162.22,1.15,10.65,9.41,0,14.89,2567,9.39
2466,冠西電,43.9,44,44,0,0,269,44.03,-42,0,-1,-43,105,104,1,0,-104,0,0,0,104,0,0.39,0,0,0,165,166,-1,58.67,70.82,21.75,-27.21,876.91,0.03,7.19,0.26,0,12.12,4965,17.35
2467,志聖,574,575,574,6,1.06,1793,40.4,-258,-1,-14,-273,1135,1443,-308,-0.17,222,425,709,912,0,0.61,0.49,667,384,283,60,34,26,78.52,1022.23,14.7,74.55,7905.75,3.06,49.47,6.19,0.96,5.55,2175,16.24
2468,華經,43.1,43.2,43.1,-1.85,-4.12,17202,42.84,-653,0,-62,-715,2880,4229,-1349,-0.08,1505,2055,0,0,550,0.12,0.03,2816,3820,-1004,11573,9220,2353,33.67,188.03,6.85,-25.38,2442.64,0.3,10.73,1.66,2.32,22.96,4015,7
2471,資通,53.7,53.8,53.8,0.2,0.37,181,48.31,-35,0,1,-34,0,0,0,0,0,0,0,0,0,0,0,30,16,14,155,169,-14,14.01,73.67,-3.74,6.07,1033.11,0.49,31.14,2.42,6.15,12.14,1434,4.73
2472,立隆電,372.5,--,372.5,33.5,9.88,2386,67.82,5,-146,17,-124,1731,1631,100,0.05,1731,1731,0,0,0,0.83,0,224,303,-79,538,560,-22,43.06,1209.88,1.17,29.96,11972.08,1.6,30.01,2.81,0.94,37.46,15426,16.47
2474,可成,220,220.5,220,0,0,11039,37.82,-1844,-825,-90,-2759,7047,8986,-1939,-0.17,-5460,207,3034,3164,5537,0.29,0.78,1145,643,502,3048,1611,1437,21.53,958.62,-20.15,-36.19,17515.99,2.63,28.8,1.06,4.62,7.97,11184,53.88
2476,鉅祥,125.5,126,125.5,7.5,6.36,6428,60.33,2149,0,308,2457,5046,4344,702,0.11,4754,4762,284,292,0,0.78,0.04,416,628,-212,1037,1527,-490,28.72,838.72,3.13,48.67,8402.8,1.14,29.92,2.82,2.39,53.7,29386,21.9
2477,美隆電,22.5,22.55,22.5,-0.05,-0.22,177,28.15,-37,0,-3,-40,0,0,0,0,0,0,0,0,0,0,0,0,0,0,180,180,0,13.89,129.27,-34.63,-35.74,2451.92,0.11,26.62,0.41,6.22,3.1,1228,15.86
2478,大毅,167,--,167,15,9.87,22172,70.28,-4542,0,98,-4444,15131,17140,-2009,-0.09,8829,11409,3645,5996,229,0.69,0.29,2064,1993,71,5121,3183,1938,45.63,542.15,-3.39,11.58,5615.65,1.14,25.01,2.24,1.2,30.47,11025,14.47
2480,敦陽科,158.5,159.5,159,-0.5,-0.31,509,57.82,-89,-3,-1,-93,270,272,-2,0,-44,115,0,0,159,0.22,0.3,66,65,1,187,187,0,18.95,769.55,5.72,7.95,8804.03,2.63,23.46,8.59,4.91,2.06,549,10.64
2481,強茂,145.5,146,146,-2.5,-1.68,40244,42.78,-2646,-2163,-1319,-6128,28180,32647,-4467,-0.11,-31457,435,0,0,31892,0.01,0.79,4540,3073,1467,7912,4826,3086,46.35,1297.4,4.44,8.76,13549.71,0.75,32.74,1.93,1.23,14.23,13597,38.21
2482,連宇,16.65,16.7,16.7,0,0,136,47.01,-25,0,0,-25,0,0,0,0,0,0,0,0,0,0,0,0,0,0,141,141,0,--,30.19,-27.99,-38.57,473.98,-0.23,38.24,-1.67,0.6,10.87,2116,7.79
2483,百容,33.55,33.6,33.6,0.15,0.45,18913,47.79,-1166,0,-3,-1169,5083,7118,-2035,-0.11,721,2708,2375,4362,0,0.27,0.23,2284,3323,-1039,11590,8515,3075,36.52,181.04,-3.09,15,1866.56,0.15,13.23,0.64,0.89,6.36,1716,10.79
2484,希華,60.8,--,60.8,5.5,9.95,60685,62.87,-3584,0,-16,-3600,34530,31846,2684,0.04,30932,32879,1588,3324,211,0.57,0.06,7881,9645,-1764,18503,19423,-920,82.16,214.84,-8.07,4.72,2379.78,0.33,22.2,1.32,1.15,43.29,17255,15.94
2485,兆赫,68,68.1,68,4.8,7.59,14085,49.62,-1184,-3,-205,-1392,4987,5639,-652,-0.05,3410,4115,872,1577,0,0.35,0.11,2386,2193,193,6845,6386,459,1700,253.13,-33.61,11.3,3367.05,0.41,22.49,2.5,0,24.43,19403,31.77
2486,一詮,253,253.5,253,1,0.4,9015,44.86,-1686,1,-113,-1798,6086,6938,-852,-0.09,-4389,490,1672,1522,5029,0.24,0.71,1001,989,12,2098,1250,848,496.08,693.51,3.96,31.37,6599.62,0.29,21.05,1.12,0.2,36.12,21158,23.6
2488,漢平,53.1,53.2,53.1,0.9,1.72,130,82.11,19,0,-11,8,47,39,8,0.06,47,47,0,0,0,0.36,0,11,10,1,73,82,-9,11.44,303.41,45.36,29.78,2973.55,0.92,24.51,2.58,5.65,2.76,551,8
2489,瑞軒,44.25,44.3,44.25,0.65,1.49,29869,42.18,-4191,0,-684,-4875,10059,14879,-4820,-0.16,-3419,5619,0,0,9038,0.19,0.3,3795,3981,-186,16233,11218,5015,40.6,2348.23,-0.3,14.28,25417.68,0.15,8.69,0.72,2.71,39.83,60736,61
2491,吉祥全,31,31.2,31.1,-0.15,-0.48,742,52.33,9,0,-1,8,50,80,-30,-0.04,-30,50,0,0,80,0.07,0.11,43,97,-54,657,573,84,9.04,15.77,15,0.73,171.7,0.85,14.86,8.43,0,14.18,2908,8.2
2492,華新科,440,--,440,40,10,3918,100,1070,90,-204,956,3728,3149,579,0.15,3720,3728,0,0,8,0.96,0,108,376,-268,279,498,-219,84.29,3699.92,-0.14,16.48,38328.46,1.69,18.3,1.55,0.57,10.67,12946,48.52
2493,揚博,169,169.5,169,5,3.05,6329,50.47,-636,5,42,-589,3243,3661,-418,-0.07,787,2310,53,74,1502,0.37,0.25,863,951,-88,2287,1781,506,39.95,300.39,-1.92,-3.11,3769.13,1.26,29.19,5.19,2.37,37.82,11990,12.68
2495,普安,50.3,50.4,50.4,3.9,8.39,8847,57.77,-548,10,64,-474,2751,3005,-254,-0.03,2406,2707,0,0,301,0.3,0.03,1518,1464,54,4627,4427,200,44.21,137.42,-6.25,36.72,1309.14,0.33,39.81,1.95,1.59,14.53,9939,27.36
2496,卓越,64.6,64.7,64.7,0.2,0.31,23,61.9,-3,0,0,-3,0,0,0,0,0,0,0,0,0,0,0,9,10,-1,14,13,1,10.11,70.66,-3.56,2.05,888.01,1.65,55.51,3.54,7.73,0.86,41,1.91
2497,怡利電,65.6,65.8,65.8,5,8.22,2159,62.66,650,0,14,664,413,201,212,0.1,413,413,0,0,0,0.19,0,533,253,280,1239,1730,-491,26.32,454.55,-5.95,36.18,4742.4,0.8,26.29,3.68,3.04,12.43,3669,13.09
2498,宏達電,43.2,43.25,43.2,0.6,1.41,6140,42.19,-172,0,-121,-293,1590,1768,-178,-0.03,430,1340,0,34,876,0.22,0.15,928,1123,-195,3668,3294,374,20.87,170.43,12.59,-22.02,2791.43,-0.29,41.7,-0.9,1.16,14.66,30647,83.61
2501,國建,24.15,24.2,24.2,0.25,1.04,3595,45.28,1307,0,-32,1275,1946,1041,905,0.25,1902,1946,0,0,44,0.54,0.01,398,716,-318,1266,1853,-587,6.25,1122.76,-75.19,13.23,30419.7,1.21,24.15,4.84,4.96,1.61,4658,115.96
2504,國產,35.85,35.9,35.85,0.45,1.27,2915,45.8,607,-130,-10,467,1965,1557,408,0.14,1965,1965,0,0,0,0.67,0,202,396,-194,762,976,-214,10.93,1915.18,5.96,-6.12,21880.15,0.7,26.62,2.96,7.25,1.37,4028,118
2505,國揚,19.45,19.5,19.45,1.7,9.58,2334,61.22,-186,0,-18,-204,654,274,380,0.16,654,654,0,0,0,0.28,0,488,396,92,1199,1671,-472,9.77,56.46,5908.13,-24.51,4082.58,0.17,26.93,0.58,5.14,3.08,2924,38
2506,太設,8.88,8.95,8.95,0.05,0.56,162,65.96,-1,0,-1,-2,0,0,0,0,0,0,0,0,0,0,0,0,0,0,167,167,0,--,172.52,-10.22,182.93,1237.26,0.13,52.05,0.55,2.23,2.56,1925,38.7
2509,全坤建,13,13.05,13,-0.1,-0.76,138,14.6,-72,0,-1,-73,0,0,0,0,0,0,0,0,0,0,0,0,40,-40,145,105,40,--,20.95,2.73,-0.65,257.25,-0.45,27.57,-2.49,0,1.34,752,22.46
2511,太子,7.97,7.98,7.98,0.05,0.63,1496,45.44,86,0,-101,-15,0,0,0,0,0,0,0,0,0,0,0,172,312,-140,1329,1189,140,22.8,679.87,2.52,1.98,9671.12,0.06,30.48,0.36,3.76,0.89,3596,162.33
2514,龍邦,13.4,13.5,13.45,0.1,0.75,797,10.53,-17,0,-7,-24,600,600,0,0,600,600,0,0,0,0.75,0,0,0,0,202,202,0,8.46,1703.33,-2.83,2.82,22388.87,0.42,13.36,1.37,0,18.05,17812,39.47
2515,中工,12.7,12.75,12.7,-0.25,-1.93,8038,39.17,-4042,0,-17,-4059,1508,5378,-3870,-0.48,-4453,500,0,0,4953,0.06,0.61,1483,1135,348,5075,1553,3522,26.46,2270.75,5.01,57.1,24128.07,0.16,8.72,1.12,3.94,6.94,27899,160.79
2516,新建,12.9,13,13,0.05,0.39,167,33.53,-62,0,-3,-65,0,0,0,0,0,0,0,0,0,0,0,0,0,0,168,168,0,11.02,813.81,58.49,-1.74,9321.53,0.25,5.64,2.71,0,--,0,22.63
2520,冠德,32.35,32.4,32.4,0.95,3.02,1568,51.14,97,-6,-11,80,293,183,110,0.07,293,293,0,0,0,0.19,0,392,305,87,898,1095,-197,13.85,2622.65,71.6,66.98,24061.6,0.52,23.48,1.51,4.94,2.54,3874,60.95
2524,京城,33.8,34.1,34.1,0,0,155,33.11,-33,0,0,-33,0,0,0,0,0,0,0,0,0,0,0,0,15,-15,158,143,15,59.82,275.47,102.91,-0.65,2307.3,0.36,48.54,0.62,0,3.46,3170,36.6
2527,宏璟,35,35.2,35.05,0.5,1.45,332,50,21,-1,-10,10,0,0,0,0,0,0,0,0,0,0,0,53,75,-22,284,262,22,7.14,28.95,-99.36,3.72,5072.12,3.45,27.5,4.56,4.28,4.78,3231,27.03
2528,皇普,21.45,21.5,21.45,-0.2,-0.92,703,34.04,-340,-5,-2,-347,0,0,0,0,0,0,0,0,0,0,0,65,152,-87,646,559,87,8.97,17.29,9049.21,-98.93,8012.96,-0.11,7.92,-0.61,13.99,5.46,5946,43.6
2530,華建,19.1,19.15,19.15,-0.1,-0.52,1074,48.33,-66,0,4,-62,136,199,-63,-0.06,77,136,0,0,59,0.13,0.05,50,264,-214,891,614,277,9.72,0.83,-99.45,-96.84,6338.74,-0.04,19.68,-0.32,9.19,2.74,5772,84.13
2534,宏盛,18.1,18.15,18.1,0.05,0.28,525,50.9,-95,0,-6,-101,0,0,0,0,0,0,0,0,0,0,0,89,43,46,449,495,-46,17.57,32.98,-60.39,-96.86,2099.12,-0.02,73.99,-0.08,8.29,9.92,11763,47.42
2535,達欣工,90,90.7,90.7,5.1,5.96,1151,65.55,246,0,-108,138,296,174,122,0.1,296,296,0,0,0,0.25,0,222,241,-19,666,769,-103,11.32,1982.63,-36.43,-20.42,24121.04,2.88,14.3,7.15,5.07,0.55,369,27.08
2536,宏普,20.8,20.85,20.8,0.25,1.22,1200,40.43,268,0,6,274,50,306,-256,-0.21,-256,0,50,306,0,0.04,0.25,228,319,-91,926,580,346,6.28,4047.44,9513.2,367.43,12290.34,0.15,22.46,0.38,9.62,8.48,7054,33.28
2537,聯上發,10.1,10.15,10.1,0.05,0.5,1352,39.3,201,0,-41,160,290,406,-116,-0.09,290,290,0,0,0,0.21,0,320,205,115,744,743,1,31.56,71.21,145.91,128.49,2232.13,0.4,21.38,2.66,0,4.43,3332,30.06
2538,基泰,9.99,10.05,9.99,-0.01,-0.1,451,56.26,-22,0,-1,-23,0,0,0,0,0,0,0,0,0,0,0,77,58,19,376,395,-19,27.75,26.24,-17.62,32.83,302.16,0.02,96.3,0.15,5.01,2.34,2607,44.5
2539,櫻花建,36.9,37,36.9,0.3,0.82,767,42.88,-69,0,0,-69,40,30,10,0.01,40,40,0,0,0,0.05,0,104,198,-94,636,553,83,13.04,2065.07,545.62,559.1,12727.43,0.68,45.36,4.45,7.59,0.69,2059,119.31
2540,愛山林,50.9,51,50.9,-0.3,-0.59,965,35.39,-247,0,-22,-269,205,459,-254,-0.26,-254,20,165,338,101,0.19,0.44,164,157,7,622,375,247,83.44,537.63,0.8,-71.34,9258.17,-0.01,16.66,-0.07,11.79,1.3,3066,94.49
2542,興富發,43,43.2,43.2,1.3,3.1,18008,71.97,-4852,9046,92,4286,14916,11893,3023,0.17,14825,14891,0,0,66,0.82,0,989,1619,-630,2188,4582,-2394,13.71,7166.9,-0.36,4077.66,52880.12,1.15,30.11,4.98,9.26,1.51,8226,217.31
2543,皇昌,48.9,48.95,48.9,1.4,2.95,3051,46.02,-472,0,-19,-491,1034,512,522,0.17,915,847,187,119,0,0.34,0.04,308,512,-204,1727,2045,-318,19.72,1548.46,15.57,86.14,13576.99,0.37,13.32,1.89,3.07,9.25,12226,52.85
2545,皇翔,37.4,37.6,37.4,-0.2,-0.53,584,39.79,-66,0,-10,-76,29,85,-56,-0.1,-56,29,0,46,39,0.05,0.14,109,57,52,450,446,4,25.27,256.77,-75.68,-86.38,5496.94,-0.01,16.86,-0.03,7.49,3.03,2872,37.97
2546,根基,89.9,90.1,90.1,1.4,1.58,340,64.46,-41,0,-11,-52,0,21,-21,-0.06,0,0,0,0,0,0,0,48,65,-17,306,268,38,9.47,1925.44,39.19,19.08,22140.77,1.43,7.76,3.05,6.66,0.22,71,13.05
2547,日勝生,11.05,11.1,11.05,0.4,3.76,18255,46.63,-2026,-11,-21,-2058,7604,8340,-736,-0.04,7604,7604,0,0,0,0.42,0,1902,3394,-1492,8775,6547,2228,78.93,352.01,-49.34,-17.08,6341.6,0.06,50.58,0.54,7.24,4.59,11874,103.51
2548,華固,101,101.5,101.5,0,0,4451,42.07,1336,-506,115,945,3321,4037,-716,-0.16,-3671,165,0,0,3836,0.04,0.85,386,216,170,812,266,546,7.92,316.32,-67.05,9203.56,23703.33,2.28,26,3.38,8.37,2.64,2111,31.97
2596,綠意,29.55,29.7,29.55,0.75,2.6,33,39.39,-13,0,0,-13,0,0,0,0,0,0,0,0,0,0,0,0,0,0,33,33,0,18.47,94.16,7.31,-70.46,849.73,0.2,38.39,0.78,5.08,8.76,2189,10
2597,潤弘,189,191,191,6.5,3.52,3252,78.03,-575,1710,-36,1099,2803,2270,533,0.16,2766,2795,0,0,29,0.85,0.01,195,489,-294,288,528,-240,16.81,2729.07,18.23,16.53,32524.49,2.38,17.7,7.32,5.06,0.25,194,31.07
2601,益航,5.88,5.9,5.88,-0.01,-0.17,2027,32.31,-498,0,-5,-503,0,0,0,0,0,0,0,0,0,0,0,0,105,-105,2035,1930,105,--,123.25,-2.09,-64.6,3396.39,-0.02,26.95,0.15,0,--,838,82.48
2603,長榮,222,222.5,222,-2,-0.89,22207,40.08,-1619,-4250,-57,-5926,18716,20950,-2234,-0.1,-15002,937,4052,4423,15568,0.22,0.89,1280,483,797,2450,1013,1437,9.7,34656.23,10.51,31.41,365036.83,3.84,15.47,1.46,7.21,2.22,12034,216.5
2605,新興,30.6,30.65,30.65,-0.35,-1.13,7402,50.34,-3135,0,-249,-3384,2222,4497,-2275,-0.31,-4460,0,0,0,4460,0,0.6,1365,890,475,3858,2055,1803,14.67,403.24,-23.88,-5.46,4897.85,0.66,42.65,2.21,3.26,8.32,12171,58.54
2606,裕民,69.1,69.2,69.1,0.9,1.32,4108,59.8,-1143,154,-30,-1019,3010,2680,330,0.08,2306,2698,0,0,392,0.65,0.1,298,579,-281,816,865,-49,13.26,1607.32,-4.97,41.78,16974.17,1.17,31.88,2.49,4.05,1.14,2416,84.51
2607,榮運,49.25,49.4,49.4,0.8,1.65,592,52.87,-211,0,-9,-220,233,46,187,0.31,233,233,0,0,0,0.39,0,51,119,-68,317,436,-119,10.44,1436.64,0.23,1.4,16495.98,1.04,21.76,1.79,5.47,0.73,974,53.36
2608,嘉里大榮,30.15,30.2,30.15,0.25,0.84,769,36.97,-116,0,-23,-139,154,194,-40,-0.05,89,89,0,0,0,0.11,0,136,141,-5,487,442,45,15,1008.54,-3.78,-5.81,12802.02,0.47,18.59,2.06,5.47,1.11,1294,46.7
2609,陽明,51.6,51.7,51.6,-0.1,-0.19,61813,31.97,19146,-28984,-97,-9935,49342,55819,-6477,-0.1,-40925,3483,8282,8570,44120,0.19,0.85,3977,2005,1972,8658,4153,4505,16.75,14227.64,14.23,13.88,158631.81,0.41,7.3,0.46,3.88,4.02,35106,349.21
2610,華航,19.5,19.55,19.5,0.45,2.36,39673,58.77,2715,-944,-253,1518,32983,25586,7397,0.19,32983,32983,0,0,0,0.83,0,2228,4063,-1835,4522,10084,-5562,7.56,20854.47,0.33,16.49,216353.46,0.85,20.6,5.55,4.21,3.12,47910,614.5
2611,志信,13.9,13.95,13.9,0,0,323,23.44,-20,0,1,-19,150,0,150,0.46,150,150,0,0,0,0.46,0,0,45,-45,178,283,-105,10.61,127.67,-42.1,119.47,927.03,0.28,26.51,2.03,3.74,4.41,2085,18.9
2612,中航,56,56.1,56,1.2,2.19,843,51.85,-44,0,-4,-48,206,38,168,0.2,206,206,0,0,0,0.24,0,273,210,63,370,601,-231,10.2,458.53,5.42,12.01,4988.04,1.24,33.39,1.8,3.93,4.46,2200,19.75
2613,中櫃,21.95,22,21.95,-0.05,-0.23,266,52.09,22,0,0,22,0,0,0,0,0,0,0,0,0,0,0,27,30,-3,243,240,3,21.73,292.72,2.31,6.09,3441.38,0.18,13.46,0.77,4.56,6.05,2243,14.84
2614,東森,18.95,19,18.95,0,0,812,48.19,-156,0,-1,-157,0,0,0,0,0,0,0,0,0,0,0,69,188,-119,758,639,119,9.29,406.24,1.18,-12.99,5363.56,0.3,29.88,1.32,6.33,6.83,5589,32.73
2615,萬海,84.7,84.8,84.7,0.1,0.12,10321,41.9,-272,-8,-256,-536,6239,6565,-326,-0.03,-612,2714,1140,966,3500,0.37,0.43,1549,1327,222,2618,2514,104,7.81,12930.77,22.89,13.05,138418.02,2.73,22.76,2.73,3.54,2.95,20685,280.61
2616,山隆,13.6,13.65,13.65,0.05,0.37,315,24.68,-28,0,-1,-29,0,0,0,0,0,0,0,0,0,0,0,0,45,-45,328,283,45,--,831.7,7.34,24.27,8436.33,-1.37,7.37,-6.97,2.2,1.47,504,13.73
2617,台航,29.6,29.65,29.65,0.5,1.72,706,51.42,156,0,-14,142,102,59,43,0.06,102,102,0,0,0,0.14,0,112,94,18,496,557,-61,8.96,450.4,15.93,33.31,4503.69,0.71,41.99,1.65,5.06,2.4,2502,41.73
2618,長榮航,37,37.05,37,0.6,1.65,37123,49.89,4999,-7432,869,-1564,32110,28787,3323,0.09,31163,31781,0,0,618,0.85,0.02,1729,2423,-694,3374,6003,-2629,7.02,21968.79,1.77,18.89,229395.61,1.53,26.22,6.09,5.41,3.11,42015,540.04
2630,亞航,40.05,40.15,40.05,0.3,0.75,885,36.91,-53,0,2,-51,0,97,-97,-0.11,0,0,0,0,0,0,0,189,140,49,700,652,48,42.61,361.09,16.43,-29.25,5050.13,0.09,9.11,0.52,2.25,10.49,5495,20.94
2633,台灣高鐵,25.4,25.45,25.4,0.3,1.2,8603,59.71,235,21,-19,237,7251,6344,907,0.11,7251,7251,0,0,0,0.84,0,385,756,-371,989,1526,-537,9.81,4711.04,-1.82,3.5,55607.13,0.37,46.85,2.84,4.53,0.45,2928,562.83
2634,漢翔,46.8,46.85,46.8,1.8,4,3218,46.55,1214,0,-30,1184,1738,646,1092,0.34,1738,1738,0,0,0,0.54,0,402,514,-112,1107,2087,-980,58.5,3452.47,19.08,18.86,36364.87,0.28,7.8,1.45,1.67,9.59,22579,94.19
2636,台驊控股,70.3,70.4,70.4,0.7,1,429,46.43,21,0,-3,18,0,32,-32,-0.07,0,0,0,0,0,0,0,124,54,70,316,354,-38,10.68,1889.05,13.85,10.46,20247.79,1.1,15.67,1.51,7.1,1.8,640,14.18
2637,慧洋-KY,80.9,81,80.9,2.4,3.06,10285,43.69,760,-2022,50,-1212,8626,7575,1051,0.1,8626,8626,0,0,0,0.84,0,465,780,-315,1232,1969,-737,11.36,1817.17,10.41,45.87,18528.32,1.6,28.68,2.42,4.33,1.63,3049,74.64
2640,大車隊,158,160,160,3,1.91,10,87.5,-7,0,0,-7,0,0,0,0,0,0,0,0,0,0,0,4,0,4,6,10,-4,17.35,277.6,2.96,9.64,3198.38,2.36,50.31,6.65,5,3.62,536,5.93
2641,正德,19.25,19.3,19.25,0.25,1.32,4164,40.67,-688,0,4,-684,490,1150,-660,-0.16,-208,338,152,698,0,0.12,0.17,737,837,-100,2954,2194,760,8.02,188.84,-4.61,-0.18,2481.08,0.71,39.91,2.69,2.6,12.9,10652,33.03
2642,宅配通,22.3,--,22.3,2,9.85,421,96.86,153,0,9,162,201,0,201,0.47,201,201,0,0,0,0.47,0,30,0,30,199,430,-231,--,253.2,-1.31,-23.12,3515.33,-0.75,4.17,-3.69,2.24,2.54,607,9.55
2643,捷迅,65.9,66.2,66,0.2,0.3,37,48.65,3,0,0,3,0,0,0,0,0,0,0,0,0,0,0,0,0,0,37,37,0,12.67,648.78,6.43,6.72,7830.9,0.68,7.34,1.19,6.82,0.72,63,3.5
2645,長榮航太,173,173.5,173.5,7.5,4.52,2866,70.08,1121,0,85,1206,2252,1183,1069,0.36,2242,2242,0,0,0,0.76,0,292,566,-274,419,1214,-795,26.49,1708.81,0.64,11.75,18908.5,2.58,27.54,7.37,2.88,3.11,2915,37.46
2646,星宇航空,20.15,20.2,20.2,0.15,0.75,4670,51.11,1072,0,-67,1005,2374,2268,106,0.02,2037,2301,0,0,264,0.49,0.06,488,522,-34,1850,1922,-72,224.44,4680.26,-1,30.12,47701.74,0.3,20.17,2.88,0,0.53,4005,300.87
2701,萬企,10.3,10.35,10.35,0,0,256,50.42,-47,0,1,-46,0,0,0,0,0,0,0,0,0,0,0,0,0,0,259,259,0,18.16,22.16,7.4,-6.36,260.4,0.11,80.59,0.6,2.71,0.6,675,45
2702,華園,12.75,12.9,12.75,-0.1,-0.78,69,17.91,-28,0,5,-23,0,0,0,0,0,0,0,0,0,0,0,0,0,0,73,73,0,--,117.38,-15.76,1.79,1416.37,0.19,89.36,0.92,0,1.14,446,15.66
2704,國賓,42.45,42.65,42.65,0.7,1.67,121,60.18,-3,0,-1,-4,0,0,0,0,0,0,0,0,0,0,0,12,0,12,112,124,-12,23.83,107.98,6.43,-2.08,1364.44,0.16,29.89,0.23,1.17,0.24,222,36.69
2705,六福,15.55,15.65,15.65,0.2,1.29,173,57.23,4,0,0,4,0,0,0,0,0,0,0,0,0,0,0,0,0,0,178,178,0,17.01,170.89,-0.74,-6.34,2233.84,-0.21,28.27,-0.8,0,1.21,562,19.13
2706,第一店,12.15,12.2,12.2,0.05,0.41,138,45.45,-64,0,0,-64,0,0,0,0,0,0,0,0,0,0,0,0,0,0,143,143,0,18.21,30.02,-5.02,4.3,379.19,0.14,77.5,0.68,2.87,0.67,838,50
2707,晶華,178,178.5,178,-0.5,-0.28,143,35.77,5,0,-4,1,57,53,4,0.03,57,57,0,0,0,0.38,0,21,40,-19,72,57,15,12.71,513.14,-15.09,0.56,6927,5.73,35.95,18.11,6.04,0.35,112,12.74
2712,遠雄來,14.5,14.55,14.55,0.05,0.34,31,64.29,-11,0,0,-11,0,0,0,0,0,0,0,0,0,0,0,0,0,0,32,32,0,--,39.5,41.69,2.51,536.48,-0.14,15.88,-1.43,0,--,7,10.5
2718,全心投控,47.25,47.3,47.3,0,0,58,84.21,2,0,0,2,0,0,0,0,0,0,0,0,0,0,0,18,12,6,40,46,-6,2.51,35.78,11.77,-93.77,2605.12,2.63,54.76,3.59,11.63,1.57,284,8.76
2719,燦星旅,24.85,24.9,24.9,0.25,1.01,9,44.44,0,0,0,0,0,0,0,0,0,0,0,0,0,0,0,0,0,0,9,9,0,55.33,100.99,-17.44,-29.28,1785.3,0.75,16.71,7.11,0,3.26,70,6.92
2722,夏都,22.8,23.05,22.8,0.1,0.44,97,55.91,-38,0,-4,-42,0,0,0,0,0,0,0,0,0,0,0,0,0,0,99,99,0,--,48.92,7.5,0.01,567.09,-0.21,22.59,-1.31,0,1.16,416,14.32
2723,美食-KY,63,63.4,63,0,0,210,50.49,38,0,-3,35,32,40,-8,-0.04,32,32,0,0,0,0.15,0,8,0,8,173,173,0,--,1368.64,-1.37,-15.51,17064.54,1.31,61.06,2.35,0,4.85,2184,18
2724,藝舍-KY,11.8,12.4,12.45,-0.05,-0.4,65,49.23,0,0,0,0,0,0,0,0,0,0,0,0,0,0,0,0,0,0,66,66,0,--,31.6,188.64,44.88,170.69,-0.43,-28.83,-5.92,0,--,0,5.97
2726,雅茗-KY,9.82,9.83,9.83,0.08,0.82,30,26.67,0,0,0,0,0,0,0,0,0,0,0,0,0,0,0,0,0,0,31,31,0,--,36.3,-34.81,-33.06,537.83,-0.33,64.47,-3.5,0,--,376,3.79
2727,王品,245.5,246,246,4.5,1.86,635,58.27,195,0,-4,191,330,210,120,0.18,330,330,0,0,0,0.5,0,101,136,-35,235,319,-84,14.79,2358.78,22.42,15.02,24455.39,5.04,47.64,9.17,6.55,1.7,352,8.29
2729,瓦城,156.5,157.5,156.5,0,0,49,16.67,0,0,0,0,20,21,-1,-0.02,-21,0,0,0,21,0,0.4,0,8,-8,33,24,9,26.04,497.22,9.74,13.68,6220.02,1.64,49.44,2.76,4.35,0.26,28,4.3
2731,雄獅,156,156.5,156,-3,-1.89,4004,32.62,-270,-349,-1029,-1648,1664,3444,-1780,-0.43,-1703,292,1129,2719,405,0.35,0.76,715,237,478,1714,414,1300,9.13,2845.56,4.32,9.76,31508.3,4.17,15.95,7.26,8.21,4.93,1149,9.33
2732,六角,66.9,67.4,67.4,1.6,2.43,175,82.76,38,0,-2,36,35,17,18,0.1,35,35,0,0,0,0.19,0,31,25,6,115,139,-24,35.1,435.04,0.51,24.29,4896.75,1.1,49.63,2.77,5.19,2.41,280,4.65
2734,易飛網,15.15,15.2,15.2,0,0,65,60.94,19,0,0,19,0,0,0,0,0,0,0,0,0,0,0,0,0,0,67,67,0,--,148.87,-11.31,19.88,1821.46,0.17,15.66,1.5,0,4.09,585,5.73
2736,富野,12,12.05,12,-0.15,-1.23,70,18.84,-1,0,0,-1,0,0,0,0,0,0,0,0,0,0,0,0,0,0,71,71,0,--,47.67,-5.46,18.42,544.12,-0.1,53.75,-0.65,0,4.55,682,8
2739,寒舍,35.65,35.85,35.7,-0.1,-0.28,101,22,-46,0,-1,-47,0,0,0,0,0,0,0,0,0,0,0,0,29,-29,102,73,29,11.74,391.11,-15.75,5.94,5215.66,1.3,40.61,7.65,7.23,4.41,1010,9.15
2740,華軒,26.45,27.4,28.35,1.4,5.19,2,100,0,0,0,0,0,0,0,0,0,0,0,0,0,0,0,0,0,0,3,3,0,--,4.1,-1.28,-58.81,87.23,-1.32,35.3,-17.62,0,--,0,1.68
2743,山富,67.8,68.3,67.8,-0.7,-1.02,97,20.83,-52,0,0,-52,0,0,0,0,0,0,0,0,0,0,0,9,12,-3,93,90,3,34.77,533.12,-3.51,6.49,6852.8,1.71,12.37,6.59,4.72,9.2,1077,4.68
2745,五福,104,104.5,104,-0.5,-0.48,266,31.2,-162,0,0,-162,90,144,-54,-0.2,-144,0,0,0,144,0,0.53,30,43,-13,150,83,67,11.35,913.79,12.55,22.54,9364.39,3.44,14.83,11.15,7.21,13.11,1108,3.38
2748,雲品,39.5,39.6,39.5,0.05,0.13,121,45.13,47,0,-6,41,0,0,0,0,0,0,0,0,0,0,0,0,0,0,122,122,0,18.99,173.45,-9.8,5.02,2470.04,0.94,33.66,3.32,4.43,2.62,693,10.58
2751,王座,51.4,52.3,52.2,1.2,2.35,10,33.33,0,0,0,0,0,0,0,0,0,0,0,0,0,0,0,0,0,0,11,11,0,11.15,170.3,6.98,30.73,1992.51,1.01,50.05,4.91,7.64,0.06,3,1.98
2752,豆府,176,177.5,176.5,-1,-0.56,15,53.33,1,0,0,1,0,0,0,0,0,0,0,0,0,0,0,0,7,-7,17,10,7,11.55,344.56,3.53,13.56,4208.17,4.08,53.04,8.63,7.65,--,0,2.67
2753,八方雲集,183.5,184,183.5,3.5,1.94,467,62.55,239,-3,-1,235,268,167,101,0.21,268,268,0,0,0,0.55,0,88,92,-4,130,227,-97,13.62,761.09,-6.24,7.91,8932.41,3.56,36.45,5.54,6.54,4.35,725,6.66
2754,亞洲藏壽司,67.5,67.9,67.6,0.6,0.9,37,44.44,-9,0,0,-9,0,0,0,0,0,0,0,0,0,0,0,0,0,0,38,38,0,16.45,442.88,-3.58,4.49,5875.33,1.42,40.72,3.74,1.48,2.58,303,4.69
2755,揚秦,134,134.5,134,-2,-1.47,65,23.08,0,0,0,0,0,21,-21,-0.31,-21,0,0,0,21,0,0.31,9,11,-2,59,36,23,20.36,304.02,8.72,15.52,3272.06,1.65,27.31,5.57,4.48,0.72,67,3.74
2756,聯發國際,60,61.6,60,2.3,3.99,15,35.71,-2,0,0,-2,0,0,0,0,0,0,0,0,0,0,0,0,0,0,15,15,0,15.46,104.72,14.67,6.9,1275.74,0.51,49.01,2.23,5.5,3.95,243,2.46
2762,世界健身-KY,87.8,88.1,88,1.8,2.09,166,67.5,47,0,-6,41,0,0,0,0,0,0,0,0,0,0,0,14,25,-11,155,144,11,17.09,995.84,2.58,7.26,11384.46,2.01,21.78,7.88,6.76,0.64,181,11.25
2801,彰銀,22.25,22.3,22.3,1.3,6.19,92217,67.64,61780,-33,-262,61485,85312,58633,26679,0.29,85312,85312,0,0,0,0.92,0,2372,9845,-7473,4830,24036,-19206,13.94,4429.84,6.03,24.59,48186.64,0.44,--,2.34,4.71,0.52,15234,1176.6
2812,台中銀,19.7,19.75,19.7,0.65,3.41,24829,70,10300,-19,-119,10162,19627,12280,7347,0.29,19384,19384,0,0,0,0.78,0,1628,3824,-2196,3712,8865,-5153,12.71,1962.55,-18.32,28.33,22440.96,0.4,--,2.62,5.38,0.46,6930,602.16
2816,旺旺保,34.05,34.1,34.05,1.15,3.5,561,64.34,297,0,-1,296,45,125,-80,-0.14,45,45,0,0,0,0.08,0,111,56,55,409,384,25,5.4,1920.78,109.96,78.74,13563.97,1.78,--,4.69,4.41,0.94,523,22.36
2820,華票,17.35,17.4,17.4,0.5,2.96,4314,54.24,2274,0,-22,2252,3064,1746,1318,0.3,3064,3064,0,0,0,0.71,0,543,697,-154,728,1893,-1165,11.45,417.55,11.36,89.4,3801.25,0.48,--,2.3,5.17,0.23,778,134.3
2832,台產,55.2,55.5,55.5,1.7,3.16,524,70.82,150,0,1,151,30,0,30,0.06,30,30,0,0,0,0.06,0,143,130,13,362,405,-43,10.67,886.28,4.37,13.88,8307.19,1.64,--,3.41,6.31,0.61,385,25.35
2834,臺企銀,17.1,17.15,17.1,0.65,3.95,73969,61.24,40677,-23,152,40806,66473,49448,17025,0.23,66159,66159,0,0,0,0.89,0,2639,7961,-5322,5118,16822,-11704,13.05,3238.26,4.45,22.52,36130.22,0.35,--,2.32,5.85,0.39,9419,971.81
2836,高雄銀,12.35,12.4,12.35,0.45,3.78,10609,85.78,1833,0,-46,1787,8693,6225,2468,0.23,8693,8693,0,0,0,0.82,0,575,954,-379,1370,3458,-2088,16.47,423.86,15.08,9.16,5139.45,0.2,--,1.38,4.05,1.4,6439,183.99
2838,聯邦銀,21.75,21.8,21.8,1.05,5.06,3913,68.12,1579,0,-81,1498,2091,1053,1038,0.26,1924,2041,0,0,117,0.52,0.03,591,567,24,1265,2327,-1062,14.73,2349.24,-2.08,61.13,22717.59,0.35,--,1.74,4.86,0.12,1279,434.06
2845,遠東銀,12.75,12.8,12.8,0.55,4.49,39263,66.64,21753,-7,-130,21616,33817,21989,11828,0.3,33817,33817,0,0,0,0.86,0,1852,4877,-3025,3714,12516,-8802,14.55,1222.1,1.28,21.68,13715.84,0.25,--,1.73,4.92,0.4,4905,486.53
2849,安泰銀,14,14.05,14,0.4,2.94,328,42.35,-99,0,-15,-114,0,0,0,0,0,0,0,0,0,0,0,39,0,39,290,329,-39,12.5,584.64,9.42,27.51,6117.97,0.26,--,1.41,3.64,0.04,96,195.76
2850,新產,149.5,150,150,6,4.17,764,65.03,9,0,8,17,432,306,126,0.16,432,432,0,0,0,0.55,0,148,124,24,200,351,-151,10.71,2791.09,21.58,64.58,24393.08,3.99,--,5.77,4.85,0.28,224,31.6
2851,中再保,36.85,37,37,1.45,4.08,2535,58.63,910,0,-38,872,463,673,-210,-0.08,463,463,0,0,0,0.18,0,1043,411,632,1050,1472,-422,7.14,3681.43,572.63,605.14,24516.61,2.3,--,7.82,5.95,0.37,738,80.04
2852,第一保,27.7,27.8,27.8,0.55,2.02,948,53.05,205,-2,-2,201,269,330,-61,-0.06,269,269,0,0,0,0.28,0,248,190,58,436,433,3,9.03,795.44,-4.23,4.4,8275.15,1,--,3.21,5.97,1.06,795,30.12
2855,統一證,54,54.1,54,0.8,1.5,27715,55.59,-8440,8795,0,355,19299,19706,-407,-0.01,12519,16249,667,766,3631,0.61,0.16,3017,2963,54,5517,5164,353,12.08,4443.71,3286.61,1002.14,21342.31,1.43,83.15,5.65,3.91,1.9,7611,160.14
2867,三商壽,8.26,8.27,8.27,0.3,3.76,43233,67.65,26148,0,5142,31290,32298,13383,18915,0.44,32298,32298,0,0,0,0.74,0,4979,8274,-3295,6084,21704,-15620,59.07,19308.78,1066.88,577.22,89819.32,-0.03,--,-0.21,0,0.11,1551,589.95
2880,華南金,35.45,35.5,35.45,1.95,5.82,40198,43.43,-764,2280,-439,1077,34175,31660,2515,0.06,33208,33760,0,0,552,0.84,0.01,2277,2634,-357,3931,6090,-2159,17.13,7232.76,13.55,59.58,73851.45,0.55,--,3.15,4.09,0.02,816,1391.7
2881,富邦金,124.5,125,125,9,7.76,87560,68.68,-17485,24528,-381,6662,85031,79384,5647,0.06,83476,84313,21,29,829,0.96,0.01,1263,3260,-1997,2016,5667,-3651,15.43,53356.17,303.05,219.79,404299.96,2.4,--,3.24,3.4,0.21,7180,1400.74
2882,國泰金,103.5,104,104,9,9.47,55407,67.08,4854,-653,731,4932,50850,46021,4829,0.09,50850,50850,0,0,0,0.91,0,2059,3641,-1582,2964,6211,-3247,14.29,30515.22,53.36,153.91,339382.95,2.15,--,3.87,3.37,0.16,5739,1466.92
2883,凱基金,29.05,29.1,29.05,2.3,8.6,273928,57.83,-80408,93853,1940,15385,243933,223270,20663,0.08,243933,243933,0,0,0,0.89,0,9469,16870,-7401,21086,34348,-13262,14.9,13466.79,147.27,144.31,73274.73,0.69,--,3.15,3.44,0.42,17922,1697.48
2884,玉山金,34.15,34.2,34.2,1.3,3.95,87896,61.56,39677,-320,-1405,37952,82445,60454,21991,0.25,81627,81627,0,0,0,0.92,0,2119,8995,-6876,4041,19156,-15115,15.55,9259.08,-7.84,24.76,100594.04,0.62,--,3.61,4.09,0.19,7694,1619.2
2885,元大金,64.7,64.8,64.8,2.8,4.52,30799,62.39,-1075,621,61,-393,26208,24784,1424,0.05,25275,25275,0,0,0,0.82,0,1852,1997,-145,2942,4221,-1279,19.94,17253.77,38.9,324.9,150358.19,1.08,--,4.03,3.4,0.07,2340,1333.11
2886,兆豐金,43.5,43.55,43.55,2.35,5.7,58591,75.72,21844,20,-511,21353,55460,39661,15799,0.27,54140,54847,0,0,707,0.93,0.01,1572,4866,-3294,2170,14675,-12505,17.7,9055.06,47.18,63.04,87298.18,0.63,--,2.34,4.02,0.02,759,1483.34
2887,台新新光金,29.5,29.55,29.55,1.8,6.49,136790,63.39,44816,3789,-76,48529,124622,104037,20585,0.15,122957,123052,1569,1664,0,0.91,0.01,4031,9927,-5896,8736,23426,-14690,13.68,17221.19,33.11,16.09,183881.43,0.82,--,3.51,3.72,0.8,49601,2486.64
2889,國票金,15,15.05,15,0.3,2.04,7491,63.87,2781,0,-77,2704,4462,4323,139,0.02,4371,4462,0,0,91,0.59,0.01,833,854,-21,2252,2370,-118,19.48,1588.66,5.74,147.94,12000.3,0.25,--,2.07,3.93,0.22,1972,363.36
2890,永豐金,34.2,34.25,34.25,2.35,7.37,78480,70.14,36083,144,798,37025,72250,54681,17569,0.22,72079,72073,177,171,0,0.91,0,2163,6325,-4162,4561,17966,-13405,16.39,9977.46,4.89,82.69,90806.7,0.76,--,4.19,3.8,0.1,3571,1449.23
2891,中信金,69.1,69.2,69.2,3.8,5.81,53411,58.73,5891,-10158,1384,-2883,47547,43858,3689,0.07,45563,46585,215,197,1040,0.87,0.02,1931,2977,-1046,4230,6875,-2645,16.24,19691.97,50.38,1120.57,252842.87,1.18,--,3.97,3.61,0.07,3205,1967.69
2892,第一金,30.45,30.5,30.5,1.4,4.81,98637,69.99,64068,12,-1,64079,94204,57946,36258,0.37,93446,93446,0,0,0,0.94,0,2058,14373,-12315,3070,27012,-23942,15.64,7321.92,15.4,41.98,80271.59,0.57,--,2.77,4.26,0.37,13204,1437.95
2897,王道銀行,10.45,10.5,10.5,0.4,3.96,14308,64.88,7869,0,-270,7599,11934,6477,5457,0.38,11934,11934,0,0,0,0.83,0,1008,2563,-1555,1390,5292,-3902,14.38,1048.23,8.55,29.44,11024.14,0.28,--,1.89,4.95,0.32,2234,280.54
2901,欣欣,22.95,23.3,23,0.2,0.88,11,50,-1,0,-1,-2,0,0,0,0,0,0,0,0,0,0,0,0,0,0,14,14,0,56.1,10.95,4.51,-2.22,133.01,0.11,87.07,0.86,1.61,2.66,486,7.3
2903,遠百,23,23.05,23,0.15,0.66,2565,48.78,684,0,-137,547,1423,879,544,0.21,1423,1423,0,0,0,0.55,0,284,441,-157,868,1255,-387,14.29,2532.89,-12.49,0.54,34064.32,0.39,57.96,1.68,5.43,0.45,1584,141.69
2904,匯僑,13.9,13.95,13.95,0.1,0.72,120,16.81,-44,0,0,-44,0,0,0,0,0,0,0,0,0,0,0,0,0,0,123,123,0,24.05,37.02,2.47,-15.93,437.67,-0.09,23.1,-0.56,5.02,0.19,36,7.78
2905,三商,14.4,14.45,14.45,0.55,3.96,1040,51.71,225,0,-12,213,0,0,0,0,0,0,0,0,0,0,0,345,84,261,702,963,-261,20.07,26545.28,600.24,352.95,146659.87,0.03,-15.8,0,2.08,3.4,9427,111.04
2906,高林,12.65,12.7,12.65,-0.05,-0.39,144,20.42,-29,0,-29,-58,0,0,0,0,0,0,0,0,0,0,0,0,0,0,148,148,0,28.11,654.57,-8.61,4.94,8872,0.07,29.69,1.12,4.74,1.43,745,20.91
2908,特力,21.2,21.4,21.2,-0.2,-0.93,468,72.71,-49,0,-33,-82,175,60,115,0.25,42,102,0,0,60,0.22,0.13,105,149,-44,189,260,-71,53,2866.82,-1.49,4.56,35034.23,0.32,29.58,2.02,2.59,10.47,13346,50.99
2910,統領,21.55,21.8,21.45,-0.15,-0.69,11,80,-1,0,-1,-2,0,0,0,0,0,0,0,0,0,0,0,0,0,0,11,11,0,17.58,43,1.04,4.69,527.96,0.29,90.51,1.9,4.85,0,2,17.54
2911,麗嬰房,8.55,8.56,8.55,0.04,0.47,146,66.2,-32,0,-5,-37,0,0,0,0,0,0,0,0,0,0,0,0,0,0,151,151,0,2.28,121.81,-11.87,-41.19,2022.05,0.66,43.7,5.58,0,0.47,117,10.51
2912,統一超,223.5,224,224,2,0.9,3837,59.94,-1295,-1,-19,-1315,3262,3531,-269,-0.07,3166,3246,0,10,70,0.84,0.02,183,118,65,438,235,203,20.42,29913.63,0.51,4.88,356013.43,2.97,34.58,6.48,4.02,0.24,632,103.96
2913,農林,11,11.05,11,-0.05,-0.45,1478,34.96,233,0,-12,221,197,253,-56,-0.04,197,197,0,0,0,0.13,0,396,358,38,896,878,18,--,37.3,-6.33,-14.09,456.89,-0.04,37.85,-0.27,0,3.75,6629,79
2915,潤泰全,48.6,48.65,48.65,0.8,1.67,2053,57.98,197,0,-11,186,634,638,-4,0,608,634,0,0,26,0.31,0.01,476,314,162,960,1118,-158,3.78,156.99,17.22,-21.38,2147.55,2.59,44.7,2.44,3.91,4.11,11336,110.43
2916,滿心,42.6,42.65,42.6,-0.6,-1.39,268,10.21,-87,0,0,-87,0,0,0,0,0,0,0,0,0,0,0,33,78,-45,239,194,45,10.62,150.56,-14.46,-1.95,1988.28,1.26,52.6,5.21,8.45,2.08,336,6.46
2923,鼎固-KY,21.8,22.15,21.8,-0.85,-3.75,177,68.12,-94,0,-13,-107,0,0,0,0,0,0,0,0,0,0,0,0,28,-28,188,160,28,--,580.52,123.67,160.85,7459.98,0.02,59.16,0.06,0.55,--,0,174.03
2924,宏太-KY,16.05,17.35,16.05,-1.3,-7.49,21,38.1,0,0,0,0,0,0,0,0,0,0,0,0,0,0,0,0,0,0,21,21,0,--,3.47,-11.71,0.67,73.27,-0.22,21.09,-2.5,0,--,4,5.2
2926,誠品生活,34.5,34.55,34.55,0.05,0.14,35,57.14,6,0,2,8,0,0,0,0,0,0,0,0,0,0,0,0,0,0,35,35,0,62.82,570.16,-0.61,12.78,7111.01,0.17,38.63,1.31,1.33,0.03,3,4.74
2929,淘帝-KY,5.79,5.8,5.8,-0.05,-0.85,561,39.36,-140,0,0,-140,0,0,0,0,0,0,0,0,0,0,0,0,0,0,563,563,0,--,147.51,-30.54,-4.4,1710.72,-0.22,16.75,-0.88,0,7.32,2005,10.95
2937,集雅社,46.5,47.45,47.4,-0.35,-0.73,1,100,0,0,0,0,0,0,0,0,0,0,0,0,0,0,0,0,0,0,1,1,0,12.47,435.11,20.46,17.63,5316.67,0.62,20.66,2.45,6.54,--,0,4.35
2939,永邑-KY,21.2,21.35,21.25,-0.75,-3.41,23,34.78,-6,0,0,-6,0,0,0,0,0,0,0,0,0,0,0,0,0,0,23,23,0,--,21.89,-13.01,6.8,285.02,-0.3,15.47,-2.46,0,1.89,215,4.55
2941,米斯特,30,30.85,29.95,0.1,0.34,1,0,0,0,0,0,0,0,0,0,0,0,0,0,0,0,0,0,0,0,1,1,0,11.01,66.8,27.3,-9.36,935.15,0.89,63.71,3.9,7.61,--,0,1.54
2945,三商家購,40.7,41.05,40.7,-0.45,-1.09,30,26.67,-5,0,0,-5,0,0,0,0,0,0,0,0,0,0,0,0,0,0,30,30,0,18.09,1655.81,23.54,38.55,15628,0.54,26.96,1.7,3.69,--,0,6.75
2947,振宇五金,76,77.2,76.6,0.1,0.13,13,15.38,0,0,0,0,0,0,0,0,0,0,0,0,0,0,0,0,0,0,14,14,0,26.14,205,6.11,10.89,2366.96,1.02,41.3,2.73,4.05,--,0,2.15
2948,寶陞,36.7,37.7,36.75,-1,-2.65,7,57.14,0,0,0,0,0,0,0,0,0,0,0,0,0,0,0,0,0,0,7,7,0,17.01,185.99,-0.93,-5.21,2129.16,0.4,43.68,1.18,6.12,--,0,3.1
2949,欣新網,64.9,66,65,0,0,14,42.86,-1,0,0,-1,0,0,0,0,0,0,0,0,0,0,0,9,0,9,5,14,-9,18.79,511.68,-12.37,25.69,6022.53,0.74,12.37,1.99,3.08,--,0,3.06
3002,歐格,19.45,19.55,19.5,0.1,0.52,271,39.78,-34,0,-1,-35,0,0,0,0,0,0,0,0,0,0,0,44,0,44,229,273,-44,59.09,79.35,7.7,49.17,764.99,-0.01,8.44,-0.49,1.69,8.53,2176,10.2
3003,健和興,64.1,64.2,64.2,3.2,5.25,1808,66.91,415,0,1,416,458,149,309,0.17,458,458,0,0,0,0.25,0,377,389,-12,994,1292,-298,63.56,533,10.87,52.72,4925.86,0.47,23.07,1.23,1.56,9.18,3573,15.57
3004,豐達科,134,134.5,134.5,7,5.49,1043,61.72,300,0,8,308,489,179,310,0.29,465,462,27,16,8,0.46,0.02,249,270,-21,333,621,-288,25.14,469.13,11.86,56.16,4563.85,1.92,25.24,3.4,1.9,13.7,2205,6.44
3005,神基,105.5,106,105.5,1,0.96,4004,45.16,1010,-5,18,1023,3121,3103,18,0,2711,2810,311,410,0,0.77,0.1,278,316,-38,648,629,19,12.91,3696.02,3.74,15.07,39961.87,1.74,31.06,4.2,6.44,3.26,5081,62.44
3006,晶豪科,214,214.5,214.5,7.5,3.62,11866,52.14,-1357,30,8,-1319,7995,8776,-781,-0.06,1435,2927,4545,5128,909,0.62,0.5,1051,933,118,2985,2321,664,26.78,4466.52,-3.62,296.81,25882.73,7.22,47.52,17.89,0.47,27.34,20380,29.81
3008,大立光,3885,--,3885,350,9.9,2083,89.16,-359,108,94,-157,2231,2198,33,0.01,2136,2136,95,95,0,1,0.04,0,18,-18,1,17,-16,24.25,4592.69,-14.35,42.67,64429.9,46.63,49.41,3.27,2.06,5.26,1720,13.08
3010,華立,132,132.5,132,0.5,0.38,1492,31.95,217,-515,-8,-306,949,1209,-260,-0.17,587,748,178,306,33,0.61,0.22,157,109,48,404,192,212,14.07,8026.37,-0.08,28.13,84096.06,2.47,8.14,2.86,4.02,2.13,1381,25.94
3011,今皓,14.5,14.6,14.55,0,0,1417,38.17,-172,0,-1,-173,0,98,-98,-0.07,0,0,0,0,0,0,0,243,204,39,1178,1119,59,--,36.05,-29.56,-42.72,643.48,-0.73,2.36,-6.76,0,10.17,2981,12.96
3013,晟銘電,114,114.5,114.5,-6,-4.98,6007,42.01,-1307,0,-118,-1425,2689,4243,-1554,-0.25,-3867,0,377,545,3699,0.06,0.69,1102,615,487,2387,1319,1068,25.11,1005.98,-23.87,1.71,11450.29,1.37,21.15,5.26,0.7,25.8,13231,20.51
3014,聯陽,140,140.5,140.5,-2,-1.4,3430,48.22,-1022,-8,-14,-1044,1451,2417,-966,-0.28,-2417,0,0,0,2417,0,0.69,497,359,138,1540,712,828,15.19,593.46,-5.67,-8.24,6877.76,2.85,57.21,6.92,6.05,5.77,2393,16.6
3015,全漢,61.7,61.8,61.7,-0.4,-0.64,4796,39.54,-238,7,-37,-268,1065,1393,-328,-0.07,-1215,20,60,90,1205,0.02,0.27,906,968,-62,2865,2474,391,30.39,1114.72,3.67,-9.79,12795.51,0.37,17.94,0.63,3.57,4.66,2183,18.73
3016,嘉晶,112,112.5,112,8,7.69,6069,58,-342,0,16,-326,3163,3823,-660,-0.11,2140,2635,301,423,373,0.48,0.13,909,645,264,2059,1663,396,273.17,433.76,1.67,37.28,4276.96,0.35,17.77,2.05,0.45,11.37,8201,28.95
3017,奇鋐,2540,2545,2545,-25,-0.97,5953,52.25,-676,33,-46,-689,6103,6295,-192,-0.03,-5873,211,0,0,6084,0.03,0.96,54,19,35,205,45,160,41.78,15871.4,1.54,60.64,177858.94,20.17,29.77,17.03,0.83,4.35,4271,39.25
3018,隆銘綠能,12.1,12.3,12.1,0,0,32,62.5,0,0,0,0,0,0,0,0,0,0,0,0,0,0,0,0,0,0,35,35,0,--,27.23,-36.31,-23.49,334.6,-0.67,-2.58,-9.45,0,--,1,7.54
3019,亞光,151.5,152,151.5,9.5,6.69,10722,57.98,1378,0,378,1756,7636,6345,1291,0.12,7507,7556,80,129,0,0.7,0.01,934,1464,-530,2292,3052,-760,22.08,2624,5.38,16.24,28026.41,1.05,17.3,2.08,3.04,20.19,14093,27.92
3021,鴻名,28,28.3,28,-1.2,-4.11,887,47.33,-5,0,-17,-22,137,0,137,0.15,0,0,0,0,0,0,0,127,146,-19,632,750,-118,48.28,250.55,-3.72,-9.85,3353.83,0.19,19.42,0.96,2.14,3.33,789,9.49
3022,威強電,86.9,--,86.9,7.9,10,10855,75.75,2517,0,-337,2180,7161,5830,1331,0.12,7097,7116,45,64,0,0.65,0.01,1270,1575,-305,2512,3538,-1026,24.62,888.59,39.29,92.4,6730.65,0.96,28.15,1.45,4.03,13.42,5925,17.66
3023,信邦,329,329.5,329,6.5,2.02,2872,58.75,-1363,99,-34,-1298,2021,2140,-119,-0.04,1302,1546,408,467,185,0.67,0.22,316,300,16,578,475,103,25.76,3010.68,1.72,17.53,32272.22,3.6,24.51,5.03,3.04,2.05,1228,24.01
3024,憶聲,12.7,12.75,12.7,0,0,1893,26.65,-479,0,-11,-490,0,282,-282,-0.15,-282,0,0,0,282,0,0.15,150,475,-325,1758,1151,607,141.11,69.37,-8.62,-70.82,1173.43,0.02,25.75,0.2,1.73,7.1,4922,27.72
3025,星通,72.1,72.2,72.2,0.9,1.26,907,44.78,-123,0,0,-123,134,127,7,0.01,134,134,0,0,0,0.15,0,185,249,-64,598,541,57,18.05,57.72,49.52,134.59,763.2,0.6,66.34,3.76,4.43,14.7,2085,5.67
3026,禾伸堂,661,--,661,60,9.98,1806,76.43,283,-2,-58,223,1709,1561,148,0.09,1627,1633,76,82,0,1.03,0.05,146,272,-126,50,73,-23,85.18,1291.19,-9.55,21.34,14106.32,2.86,24.24,4.48,0.88,22.48,9321,16.59
3027,盛達,21,21.1,21,0.1,0.48,936,35.1,-110,0,-3,-113,0,0,0,0,0,0,0,0,0,0,0,93,108,-15,848,833,15,--,148.75,64.74,-8.37,1452.99,0.05,23.98,0.07,0,17.08,4910,13
3028,增你強,77.7,77.8,77.8,3.1,4.15,3282,40.41,76,0,14,90,1439,1454,-15,0,1439,1439,0,0,0,0.43,0,471,531,-60,1408,1333,75,15.23,6525.82,-6.72,102.54,57028.62,3.05,9.1,11.4,3.86,5.41,3208,23.72
3029,零壹,105,105.5,105.5,2,1.93,1882,40.99,27,-5,-14,8,1016,1217,-201,-0.11,-57,175,828,1040,20,0.52,0.55,287,201,86,608,492,116,14.45,2340.24,-1.06,27.41,25804.18,1.77,11.8,5.18,5.21,10.05,3895,16.7
3030,德律,344,345,344,-7,-1.99,2532,29.76,-822,0,-24,-846,1359,2104,-745,-0.28,-2019,31,0,8,2042,0.01,0.76,382,195,187,953,395,558,29.78,1070.8,-3.72,14.75,9533.74,3.5,60.27,8.24,2.03,18.7,11046,23.62
3031,佰鴻,28.85,28.9,28.85,0,0,1096,32.19,-229,-1,-11,-241,0,96,-96,-0.09,-96,0,0,46,50,0,0.09,50,89,-39,1061,926,135,25.76,119.01,-3.6,32.23,1221.55,0.13,26.21,0.74,3.47,16.41,7107,17.32
3032,偉訓,90.3,90.4,90.4,0.5,0.56,1682,45.89,-6,0,-1,-7,287,346,-59,-0.03,12,177,110,275,0,0.17,0.16,310,325,-15,1109,1035,74,--,944.49,8.57,-5.63,11438.15,0.85,23.16,2.99,0,35.93,9277,11.33
3033,威健,50.9,51,51,3.1,6.47,18487,61.49,5458,-19,-1008,4431,11660,8146,3514,0.19,11660,11660,0,0,0,0.63,0,2076,3066,-990,4862,7387,-2525,19.32,11695.61,2.54,27.81,117811.84,1.52,6.18,6.81,4.08,9.26,11233,51.02
3034,聯詠,480.5,481,480.5,7.5,1.59,6182,64.46,-610,-31,182,-459,5124,5375,-251,-0.04,3059,4281,22,16,1228,0.69,0.2,391,293,98,759,606,153,19.68,9412.49,2.03,9.35,97598.95,6.19,39.06,5.39,4.79,2.04,3103,60.85
3035,智原,186,186.5,186,10,5.68,6181,51.51,-980,2,696,-282,3541,3600,-59,-0.01,1582,2614,604,1039,597,0.51,0.26,922,929,-7,1885,1820,65,98.94,929.7,-3.86,-45.07,11647.97,0.4,47.3,0.97,0.97,22.33,14547,26.06
3036,文曄,249.5,250,250,0,0,15254,39.35,4630,-6479,-118,-1967,12717,14465,-1748,-0.11,-13666,152,466,739,13545,0.04,0.93,928,312,616,1777,647,1130,17.78,197924.57,-6.21,152.69,1637326.8,5.32,3.45,6.06,3.12,2.03,6456,127
3037,欣興,968,969,969,58,6.37,22561,49.17,-1356,327,-31,-1060,19197,19732,-535,-0.02,8933,9657,9540,10264,0,0.83,0.44,3784,3232,552,289,303,-14,141.25,14059.97,0.91,32.37,145053.28,3.28,17.96,4.81,0.21,9.31,37010,159.02
3038,全台,23.45,23.5,23.45,-0.15,-0.64,306,45.61,2,-1,-8,-7,0,0,0,0,0,0,0,0,0,0,0,0,0,0,308,308,0,26.35,246.93,-1.65,-6.46,2940.09,0.37,22.82,2.08,5.12,3.19,1254,15.74
3040,遠見,37.35,37.4,37.35,-0.15,-0.4,119,29.31,-39,0,0,-39,0,0,0,0,0,0,0,0,0,0,0,0,0,0,123,123,0,--,10.38,-15.78,-1.27,134.79,0.04,58.12,0.18,9.37,80.51,13329,6.62
3041,揚智,23.65,23.7,23.65,0.35,1.5,901,57.03,-62,0,-1,-63,0,0,0,0,0,0,0,0,0,0,0,92,23,69,822,891,-69,--,119.64,0.69,18.2,1191.02,-0.48,47.38,-9.41,0,13.34,3903,14.02
3042,晶技,228,228.5,228.5,18,8.55,64449,56.21,-5405,181,-793,-6017,49345,48902,443,0.01,31091,39567,4545,5627,7394,0.68,0.2,5072,5397,-325,10638,10672,-34,40.73,1217.16,-5.55,10.5,13655.28,1.32,32.33,2.88,2.1,35.84,28490,34.3
3043,科風,23.95,24.05,24,0.15,0.63,845,40.38,-40,0,-4,-44,0,0,0,0,0,0,0,0,0,0,0,23,50,-27,830,803,27,--,96.17,30.15,16.04,799.29,0.05,22.99,0.09,0,13.25,1291,3.9
3044,健鼎,499.5,500,500,22,4.6,4547,56.97,919,-831,27,115,3679,3600,79,0.02,3400,3539,42,60,121,0.78,0.04,347,435,-88,586,577,9,24.3,8654.21,5.52,46.57,81824.01,5.61,26.51,5.24,2.54,4.4,5776,52.56
3045,台灣大,116.5,117,117,2,1.74,18609,65.05,10295,230,-295,10230,18416,17421,995,0.05,18245,18245,0,0,0,0.98,0,87,554,-467,142,669,-527,29.18,15669.3,-8.42,1.79,200651.53,1.37,21.56,4.66,4.1,0.04,355,372.33
3046,建碁,58.2,58.3,58.2,1.4,2.46,349,38.01,-7,0,-3,-10,22,30,-8,-0.02,22,22,0,0,0,0.06,0,59,39,20,275,287,-12,14.2,803.61,15.09,3.53,7898.58,1.2,9.07,5.88,5.15,4.54,891,7.84
3047,訊舟,15.6,15.7,15.6,0.25,1.63,1033,46.48,35,0,1,36,0,0,0,0,0,0,0,0,0,0,0,81,128,-47,960,913,47,--,276.43,9.43,-8.16,2995.43,-0.1,23.06,-2.01,0,12.42,6977,22.48
3048,益登,71.6,71.7,71.6,5,7.51,24668,50.38,-1756,0,356,-1400,11027,12769,-1742,-0.07,9852,10700,144,574,418,0.44,0.04,3694,3522,172,10106,8536,1570,23.4,13850.85,5.91,61.74,128154.22,1.22,3.99,5.78,1.4,12.02,7357,26.98
3049,精金,15.15,15.2,15.15,0,0,13878,39.16,-1471,0,384,-1087,2250,7582,-5332,-0.36,-4426,211,833,2473,2997,0.07,0.37,1480,1188,292,11180,6139,5041,--,32.85,-47.93,-72.14,1313.79,-0.04,39.6,2.75,0,--,0,80.2
3050,鈺德,12.85,12.9,12.85,0.05,0.39,742,45.26,-6,0,-3,-9,0,0,0,0,0,0,0,0,0,0,0,44,50,-6,699,693,6,--,103.14,4.42,3.92,1240.77,-0.08,29.42,-0.34,1.95,9.86,3821,15.5
3051,力特,27.65,27.7,27.7,0.1,0.36,1458,44.55,-5,0,-4,-9,138,218,-80,-0.05,-16,62,76,154,0,0.09,0.11,126,174,-48,1202,1073,129,27.16,200.18,14.06,36.6,1837.44,0.45,30.49,2.95,1.81,12.52,4277,16.7
3052,夆典,10.85,10.9,10.9,0.2,1.87,561,58.65,-9,0,-1,-10,0,0,0,0,0,0,0,0,0,0,0,55,0,55,516,571,-55,13.13,486.16,86.22,34.24,3647.03,0.19,9.71,1.08,5.5,2.52,1471,23.32
3054,立萬利,70.5,70.8,70.5,-5,-6.62,717,32.12,-118,0,1,-117,15,19,-4,-0.01,15,15,0,0,0,0.02,0,25,117,-92,684,588,96,20.8,58.18,-32.36,786.02,376.92,1.41,75.63,9.49,1.13,5.15,1038,8.07
3055,蔚華科,87.7,87.8,87.8,-3.2,-3.52,3037,48.63,262,0,-11,251,1165,1133,32,0.01,-1077,0,0,0,1077,0,0.35,547,523,24,1388,1445,-57,--,22.65,-82.04,-75.04,505.92,-0.15,31.88,-0.99,0,29.5,7556,11.5
3056,富華新,14.4,14.45,14.4,0,0,1490,41.28,-209,0,-16,-225,506,354,152,0.1,506,506,0,0,0,0.34,0,0,171,-171,1002,983,19,--,80.01,0.67,2.38,983.8,0.01,16.43,0.04,4.24,5.79,6958,48.06
3057,喬鼎,21.95,22.25,21.95,0.4,1.86,423,64.45,158,0,0,158,80,90,-10,-0.02,80,80,0,0,0,0.18,0,0,0,0,358,348,10,--,54.65,-26.63,33.62,630.13,0.02,45.08,0.17,0,--,0,6.79
3058,立德,9.6,9.61,9.6,0.13,1.37,1104,33,-239,0,-2,-241,0,0,0,0,0,0,0,0,0,0,0,56,60,-4,1058,1054,4,--,307.91,6.57,1.94,3121.48,-0.19,13.27,-2.38,0,--,0,20.17
3059,華晶科,46.65,46.7,46.65,0.6,1.3,7632,39.68,-1682,0,-103,-1785,947,2299,-1352,-0.18,906,947,0,41,0,0.12,0.01,1167,1480,-313,5593,3929,1664,37.93,770.26,8.81,14.98,8944.79,0.26,23.94,1.18,2.14,18.81,14471,30.77
3060,銘異,30.75,30.8,30.8,1.9,6.57,2809,50.54,-256,0,-4,-260,239,312,-73,-0.03,146,239,0,93,0,0.08,0.03,264,346,-82,2321,2166,155,--,380.84,6.69,27.8,4013.75,0.33,15.4,1.83,0.65,21.77,7485,13.76
3062,建漢,26.45,26.5,26.45,0.25,0.95,4679,42.81,-1539,0,-15,-1554,678,1638,-960,-0.2,-733,240,338,761,550,0.12,0.28,664,701,-37,3369,2373,996,--,305.29,-18.26,5.9,4446.29,-0.54,1.17,-4.23,0,13.84,11418,33.01
3064,泰偉,16.65,19.3,--,--,--,0,--,0,0,0,0,0,0,0,--,0,0,0,0,0,--,--,0,0,0,0,0,0,--,8.05,22.8,15.19,80.77,-0.27,91.15,-5.6,0,--,0,1.3
3066,李洲,21.1,21.35,21.35,0.9,4.4,398,51.94,35,0,0,35,0,0,0,0,0,0,0,0,0,0,0,0,0,0,400,400,0,305,23.28,-1.54,83.95,268.57,0.52,35.75,4.31,0,4.15,804,8.31
3067,全域,18.65,19.35,18.65,0.05,0.27,6,0,0,0,0,0,0,0,0,0,0,0,0,0,0,0,0,0,0,0,6,6,0,--,3.25,-81.65,-7.1,69.91,0.12,30.4,0.94,0,--,0,2
3071,協禧,32.2,32.35,32.2,0.35,1.1,445,46.76,39,0,0,39,0,35,-35,-0.08,0,0,0,0,0,0,0,50,0,50,398,413,-15,46,267.7,2.06,38.54,2635.63,0.15,30.06,1.3,2.48,14.85,4083,11
3073,天方能源,21.4,21.5,21.4,-0.2,-0.93,81,30.77,-12,0,0,-12,0,0,0,0,0,0,0,0,0,0,0,0,0,0,83,83,0,--,9.19,17.77,68.92,145.61,0,12.72,-0.03,0,8.25,815,3.95
3078,僑威,57,57.1,57.1,1.4,2.51,883,65.11,-18,-3,-5,-26,428,346,82,0.09,428,428,0,0,0,0.48,0,128,204,-76,334,340,-6,11.58,605.56,23.9,-45.8,8356.27,0.72,20.56,2.32,7.01,10.26,5833,22.74
3081,聯亞,2490,2500,2490,-5,-0.2,2150,41.6,-323,8,-11,-326,2187,2248,-61,-0.03,-1247,177,647,658,1413,0.36,0.91,11,7,4,85,28,57,327.2,405.32,2.52,118.84,3084.61,3.44,54.76,7.53,0.16,19.62,4537,9.25
3083,網龍,27.8,28.05,27.8,0.15,0.54,118,42.74,-36,0,0,-36,0,0,0,0,0,0,0,0,0,0,0,0,19,-19,118,99,19,45.57,21.09,-30.77,2.25,417,0.3,80.89,1.99,1.19,6.18,1336,8.65
3085,新零售,12.4,12.55,12.5,-0.25,-1.96,9,11.11,0,0,0,0,0,0,0,0,0,0,0,0,0,0,0,0,0,0,10,10,0,--,7.83,56.84,96.81,57.64,-0.24,69.1,-4.16,0,--,0,6.9
3086,華義*,36.2,36.25,36.2,0.15,0.42,359,16.57,-183,0,1,-182,30,0,30,0.08,30,0,30,0,0,0.08,0,0,18,-18,335,347,-12,--,9.04,-12.81,-7.23,147.65,-0.01,34.71,-1.5,0,--,7577,2.73
3088,艾訊,136,136.5,136,6.5,5.02,1369,51.41,355,0,8,363,770,668,102,0.07,770,770,0,0,0,0.55,0,242,232,10,384,495,-111,24.03,859.78,3.82,49.04,8115.09,2.25,34.03,4.85,2.21,12.18,3308,10.99
3090,日電貿,230,--,230,20.5,9.79,2037,100,-27,0,-25,-52,1708,1425,283,0.14,1287,1535,0,0,248,0.77,0.12,105,214,-109,312,486,-174,47.82,1629.43,-11.6,20,17100.92,1.7,19.85,3.12,2.09,6.09,4380,28.76
3092,鴻碩,29.1,29.25,29.2,0.2,0.69,407,48.87,12,0,1,13,0,0,0,0,0,0,0,0,0,0,0,30,27,3,380,383,-3,--,155.91,18.53,16.21,1597.07,-0.95,9.24,-7.24,0,11.84,3158,10.66
3093,港建*,63.2,63.3,63.2,-2.8,-4.24,10009,38.99,-1094,0,-1,-1095,3386,4403,-1017,-0.1,-1847,981,0,0,2828,0.1,0.28,1649,1628,21,5012,4016,996,72.64,108.35,-44.6,-49.15,1388.54,0.08,27.06,1.11,1.82,18.86,6843,3.63
3094,聯傑,30.45,30.5,30.45,0.9,3.05,1013,52.44,26,0,-3,23,0,0,0,0,0,0,0,0,0,0,0,76,100,-24,941,917,24,117.12,19.74,1.07,16.49,189.65,0.07,74.98,0.57,0.82,12.18,2530,8.31
3095,及成,40.55,40.85,40.55,0.25,0.62,22,13.64,-2,0,0,-2,0,0,0,0,0,0,0,0,0,0,0,0,0,0,24,24,0,--,73.28,13.6,36.01,664.18,0.75,23.04,4.31,0,15.39,317,1
3105,穩懋,496.5,--,496.5,45,9.97,15085,65.64,445,-13,380,812,12277,10962,1315,0.09,10001,10839,1438,2276,0,0.8,0.15,916,1439,-523,2232,3024,-792,95.11,1755.49,1.23,40.3,18725.84,1.26,26.34,1.08,0.4,44.84,47526,42.39
3114,好德,41.3,41.35,41.35,-3.35,-7.49,2087,53.43,11,0,10,21,179,374,-195,-0.09,-350,0,24,30,344,0.01,0.18,136,382,-246,1804,1363,441,15.66,290.56,7.3,2.79,3099.73,0.73,11.17,2.95,3.41,7.48,1218,6.51
3115,富榮綱,8.95,9.59,9.5,0.35,3.83,7,71.43,2,0,0,2,0,0,0,0,0,0,0,0,0,0,0,0,0,0,7,7,0,--,0.87,1.04,--,5.79,-0.1,100,-1.36,0,--,0,7.22
3118,進階,33.7,33.95,33.7,0.05,0.15,259,47.01,-5,0,0,-5,38,35,3,0.01,38,38,0,0,0,0.15,0,0,60,-60,224,167,57,14.16,49.4,-15.16,-9.15,711.43,0.53,37.45,2.94,6.53,0.52,42,3.25
3122,笙泉,29.45,29.6,29.45,0.6,2.08,174,28.99,-34,0,0,-34,0,0,0,0,0,0,0,0,0,0,0,0,26,-26,176,150,26,--,26.1,-11.35,2.08,320.05,-0.29,36.48,-3.3,0,--,88,4.08
3128,昇銳,24.2,24.4,24.2,0,0,149,37.32,-11,0,0,-11,0,0,0,0,0,0,0,0,0,0,0,0,0,0,150,150,0,22.41,75.11,-13.97,-17.47,1054.72,0.31,30.69,1.94,4.13,18.61,2201,4.73
3130,一零四,221.5,222.5,221.5,0,0,41,56.41,2,0,-1,1,10,10,0,0,10,10,0,0,0,0.22,0,6,3,3,29,32,-3,14.68,245.03,-6.35,9.28,2722.19,3.57,86.46,6.71,6.64,0.07,6,3.32
3131,弘塑,3140,3165,3165,135,4.46,416,57.66,-35,62,10,37,424,423,1,0,230,231,193,194,0,0.96,0.44,4,4,0,15,15,0,61.18,559.08,4.23,7.17,6883,16.11,33.78,10.54,1.46,3.28,243,2.97
3135,凌航,216,216.5,216.5,5.5,2.61,3010,49.84,-548,0,0,-548,1497,1867,-370,-0.12,680,1088,295,474,229,0.45,0.23,407,310,97,1161,888,273,13.23,3852.95,169.38,607.83,13546.63,10.76,30.35,31.81,2.17,10.38,2461,9.7
3138,耀登,151,151.5,151,1,0.67,807,34.02,-81,0,9,-72,267,323,-56,-0.07,267,267,0,0,0,0.32,0,140,111,29,422,395,27,93.79,169.79,6.49,16.59,1835.99,-0.02,41.44,-0.07,1.11,23.03,3247,5.64
3141,晶宏,73.8,73.9,73.9,4.1,5.87,1512,44.54,181,0,3,184,329,364,-35,-0.02,43,122,187,241,25,0.2,0.17,298,238,60,898,923,-25,73.17,183.11,20.71,19.89,1686.64,0.84,42.51,2.15,0.49,20.28,3825,7.55
3147,大綜,312.5,--,312.5,28,9.84,596,100,-34,0,0,-34,562,407,155,0.28,562,562,0,0,0,1.03,0,32,100,-68,32,119,-87,34.99,1093.29,31.38,90.07,8528.79,3.66,12.58,9.61,2.08,24.26,2649,4.37
3149,正達,87.2,87.3,87.2,0.4,0.46,4822,48.22,182,0,0,182,1444,1502,-58,-0.01,379,489,715,692,133,0.3,0.2,1116,1012,104,2366,2412,-46,--,182.22,7.08,-6.74,2349.45,-0.37,-4.14,-3.36,0,41.92,22439,22.62
3152,璟德,187.5,188,188,10,5.62,859,62.99,198,0,35,233,359,152,207,0.23,359,359,0,0,0,0.41,0,205,230,-25,321,503,-182,20.11,136.11,7.06,17.65,1414.65,1.39,45.14,2.35,2.14,9.89,1707,6.9
3158,嘉實,83.7,83.8,83.7,0.2,0.24,12,16.67,-1,0,0,-1,0,0,0,0,0,0,0,0,0,0,0,0,0,0,12,12,0,12.49,91.92,4.37,11.84,1061.59,1.5,63.93,4.32,7.77,--,0,3.05
3162,精確,87,87.1,87,5,6.1,5440,69.52,1965,0,19,1984,2794,1290,1504,0.27,2794,2794,0,0,0,0.51,0,897,1273,-376,1812,2942,-1130,83.65,778.11,13.45,21.85,8033.86,0.02,10.41,0.19,1.15,24.02,6727,15.43
3163,波若威,981,982,982,27,2.83,2861,46.65,-458,1,1,-456,1847,2144,-297,-0.1,488,752,1050,1235,79,0.6,0.44,1044,804,240,95,39,56,113.66,211.52,6.22,29.97,2434.82,3.03,18.86,7.78,0.36,33.43,6732,8.05
3164,景岳,16.35,16.45,16.4,0.1,0.61,42,29.73,-12,0,0,-12,0,0,0,0,0,0,0,0,0,0,0,0,0,0,46,46,0,31.54,37.79,-1.27,-5.41,391.54,0.05,54.08,0.13,4.88,1.4,300,8.6
3167,大量,951,--,951,86,9.94,3557,73.56,239,-1,98,336,3214,3115,99,0.03,3050,3073,141,164,0,0.91,0.05,483,552,-69,8,39,-31,92.69,955.55,10.77,120.27,7162.44,3.19,42.34,8.06,0.42,50.88,11449,9.04
3168,眾福科,46.75,47.2,46.75,0.15,0.32,41,21.95,-10,0,-1,-11,0,0,0,0,0,0,0,0,0,0,0,0,0,0,42,42,0,17.44,300.01,-3.98,9.83,3536.91,0.6,22.81,2.36,6.42,0.3,57,7.51
3169,亞信,110,110.5,110,4,3.77,361,52.63,50,0,-2,48,54,66,-12,-0.03,19,54,0,0,35,0.15,0.1,123,109,14,191,193,-2,31.34,87.29,8.62,3.22,918.95,0.97,54.2,3.3,2.91,7.92,1250,6.33
3171,炎洲流通,79.4,--,79.4,7.2,9.97,250,80.4,42,0,0,42,15,15,0,0,15,15,0,0,0,0.06,0,33,35,-2,214,212,2,16.11,264.63,-7.36,109.78,2477.32,1.44,25.76,6.55,5.84,1.61,93,3.31
3176,基亞,34,--,34,3.05,9.85,683,89.75,-32,0,5,-27,354,31,323,0.47,354,354,0,0,0,0.51,0,20,59,-39,314,598,-284,--,94.37,-6.07,-10.29,1333.8,-0.38,52.75,-1.57,0,3.06,1067,13.93
3178,公準,63.7,63.9,63.8,0,0,106,40,-27,0,0,-27,0,0,0,0,0,0,0,0,0,0,0,0,12,-12,108,96,12,--,120.18,4.5,10.04,1238.49,0,13.72,0.02,0,10.99,1238,4.51
3188,鑫龍騰,23.85,23.9,23.9,0.7,3.02,498,40.94,15,0,0,15,0,0,0,0,0,0,0,0,0,0,0,0,81,-81,501,420,81,3.96,401.89,40.78,826.23,4753.19,2.24,39.65,13.11,13.39,5.96,2809,18.86
3189,景碩,713,714,714,16,2.29,5223,61.81,641,-356,-304,-19,4455,4573,-118,-0.03,2192,3045,692,697,848,0.92,0.38,911,776,135,171,189,-18,201.13,4199.87,3.13,33.02,43738.36,1.17,21.16,1.89,0.25,17.59,23169,52.69
3191,雲嘉南,20.9,20.95,20.95,1.55,7.99,190,65.41,0,0,0,0,0,0,0,0,0,0,0,0,0,0,0,0,0,0,193,193,0,95.23,15.59,-13.25,-1.89,171.34,-0.32,29.51,-5.67,0,--,0,4.36
3205,佰研,54.3,54.5,54.3,0.9,1.69,344,32.84,-100,0,0,-100,100,23,77,0.22,100,100,0,0,0,0.29,0,10,45,-35,236,278,-42,--,60.4,-1.21,67.9,416.68,0.05,9.15,0.31,0,18.58,1512,6.75
3206,志豐,37.9,38.1,38,1,2.7,113,47.32,-11,0,0,-11,0,0,0,0,0,0,0,0,0,0,0,0,0,0,115,115,0,22.89,317.88,13.28,19.47,3118.95,0.26,20.65,1.09,3.95,6.19,912,5.89
3207,耀勝,65.4,65.7,65.4,-1.2,-1.8,931,31.95,-74,0,-8,-82,80,50,30,0.03,1,0,51,17,33,0.05,0.05,167,193,-26,690,694,-4,--,132.01,-17.44,-9.8,1945.99,-0.45,17.63,0.24,0,39.1,6078,6.64
3209,全科,71.3,71.4,71.4,1.5,2.15,2109,33.69,-168,-6,-8,-182,627,903,-276,-0.13,345,543,34,116,116,0.27,0.11,425,385,40,1075,839,236,19.89,6945.42,1.98,83.85,53253.17,1.52,5.03,6.43,3.5,12.5,7358,23.54
3211,順達,422,422.5,422,29,7.38,9462,51.77,605,-286,230,549,7109,6722,387,0.04,7047,7092,17,62,0,0.74,0.01,722,885,-163,1809,2034,-225,42.54,1163.03,9.7,-10.82,14225.22,2.05,20.03,3.35,2.73,25.87,9985,15.43
3213,茂訊,135,135.5,135.5,1,0.74,2470,52.48,26,0,-6,20,1252,1462,-210,-0.08,368,931,0,0,563,0.37,0.23,433,369,64,812,666,146,18.92,364.65,18.19,78.78,3072.43,2.59,35.97,4.24,5.17,14.35,2106,5.87
3217,優群,176.5,177,177,-2.5,-1.39,1722,39.54,-260,0,-7,-267,604,1167,-563,-0.32,-1167,0,0,0,1167,0,0.66,351,248,103,818,358,460,14.1,306.46,-3.2,-17.66,4058.65,2.82,48.93,5.15,5.65,9.79,2205,9.01
3218,大學光,134,134.5,134.5,3,2.28,214,66.2,16,-4,0,12,58,30,28,0.13,58,58,0,0,0,0.26,0,55,49,6,110,144,-34,11.86,380.4,3.21,7.27,4196.44,3.31,57.38,7.25,5.76,3.59,760,8.47
3219,倚強科,78.9,--,78.9,7.1,9.89,163,96.03,35,0,1,36,128,39,89,0.55,128,128,0,0,0,0.79,0,0,9,-9,38,118,-80,38.87,236.54,2.14,38.42,1972.71,0.48,63.89,1.64,1.74,7.89,1415,7.18
3221,台嘉碩,63.9,--,63.9,5.8,9.98,28405,65.49,-227,0,116,-111,13576,10566,3010,0.11,13576,13576,0,0,0,0.48,0,3774,5677,-1903,11242,12350,-1108,220.34,212.74,-3.3,14.69,2281.61,0.36,21.42,1.59,0.44,18.2,4780,10.51
3224,三顧,37.4,37.8,37.6,0.55,1.48,75,31.08,-12,0,0,-12,0,0,0,0,0,0,0,0,0,0,0,0,0,0,76,76,0,--,141.84,5.73,15.92,1551.64,0.03,16.15,-0.92,0,50.83,8663,7.82
3226,龍鋒,48,48.4,48.85,0.65,1.35,11,90.91,1,0,0,1,0,0,0,0,0,0,0,0,0,0,0,0,0,0,11,11,0,--,114.79,17.34,-1.83,1299.65,0.02,7.24,0.07,0,0.01,2,6.44
3227,原相,219,219.5,219.5,8.5,4.03,1085,63.45,350,-1,49,398,694,509,185,0.17,542,541,153,152,0,0.62,0.14,120,151,-31,302,457,-155,19.94,867.68,2.06,10.33,9103.34,2.65,59.48,3.24,4.6,9.7,3648,15.19
3228,金麗科,170.5,171.5,171,3.5,2.09,342,34.69,-100,2,0,-98,45,132,-87,-0.24,-87,0,45,132,0,0.13,0.37,62,75,-13,249,149,100,--,28.74,-11.21,37.71,312.5,-0.55,60.74,-6.01,0,--,0,7.19
3229,晟鈦,45.2,--,45.2,4.1,9.98,396,60.71,-98,0,2,-96,25,0,25,0.06,25,0,25,0,0,0.06,0,14,14,0,363,388,-25,452,148.54,-2.35,56.27,1201.77,0.55,10.96,5.72,0,--,0,6.43
3230,錦明,29.8,29.9,29.8,-0.1,-0.33,202,26.26,-67,0,0,-67,0,0,0,0,0,0,0,0,0,0,0,0,19,-19,204,185,19,--,34.15,-14.47,17.64,391.13,-0.45,4.31,-4.04,0,21.59,3833,8.6
3231,緯創,165.5,166,165.5,2,1.22,63985,49.61,-15505,553,-803,-15755,55010,58760,-3750,-0.06,28808,32160,22316,24594,1074,0.84,0.4,5211,2790,2421,4597,3267,1330,16.6,290183.47,2.38,39.24,2917852.09,3.06,5.21,6.82,3.32,5.41,43001,318.04
3232,昱捷,23.45,23.6,23.5,-0.25,-1.05,52,25,-8,0,0,-8,0,0,0,0,0,0,0,0,0,0,0,0,0,0,52,52,0,102.17,101.26,26.29,21.43,900.8,0.18,16.51,1.25,2.13,26.31,3063,4.66
3234,光環,124.5,125,124.5,0.5,0.4,3317,33.82,-1418,0,0,-1418,1299,2432,-1133,-0.33,-1180,70,1121,2111,260,0.35,0.69,554,332,222,1598,686,912,--,57.15,-8.49,13.34,673.35,-0.32,9.79,-4.88,0,--,0,11.15
3236,千如,56.5,56.6,56.5,3.5,6.6,2558,46.96,-206,0,17,-189,231,189,42,0.02,177,231,0,25,29,0.1,0.02,400,454,-54,1967,1955,12,134.52,178.95,-30.36,2.77,2231.13,0.1,22.79,0.65,0.88,14.53,3815,10.5
3252,海灣,17.75,17.9,17.85,0.25,1.42,25,48,0,0,1,1,0,0,0,0,0,0,0,0,0,0,0,0,0,0,25,25,0,119,37.81,-16.4,-9.61,502.74,0.09,40.46,0.75,0,99.21,12449,5.02
3257,虹冠電,56,56.1,56,0,0,772,41.92,36,0,-2,34,142,93,49,0.06,-53,21,0,0,74,0.03,0.1,157,278,-121,479,407,72,18.92,60.2,19.6,-43.1,890.31,0.19,44.98,0.91,5,14.3,2853,7.98
3259,鑫創,16.6,17.2,17.15,0.8,4.89,49,44.9,-2,0,0,-2,0,0,0,0,0,0,0,0,0,0,0,0,0,0,51,51,0,--,23.65,20.95,5.38,280.2,-0.6,15.77,-10.82,0,--,0,7.3
3260,威剛,420.5,421,421,18,4.47,10752,50.1,-2031,13,-34,-2052,7768,8560,-792,-0.07,-284,420,7348,8052,0,0.71,0.73,1241,968,273,2025,1506,519,8.51,12942.6,22.61,210.44,84667.43,30.05,55.7,35.47,4.04,27.82,22914,33.17
3264,欣銓,216,216.5,216.5,5.5,2.61,4586,45.21,-693,-29,10,-712,2678,3151,-473,-0.1,910,1825,646,1057,504,0.53,0.33,432,332,100,1558,1185,373,33.57,1517.84,3.69,32.96,15493.73,1.95,38.36,4.68,1.94,6.25,7662,49.02
3265,台星科,175,175.5,175.5,3.5,2.03,1073,41.64,-169,32,-13,-150,513,555,-42,-0.04,27,147,349,402,67,0.46,0.43,164,206,-42,416,333,83,30.79,484.23,-1.08,22.06,5093.74,1.76,25.55,3.87,2.34,11.44,3897,13.63
3266,昇陽,12.6,12.7,12.65,0.15,1.2,129,31.25,-16,0,-1,-17,0,0,0,0,0,0,0,0,0,0,0,0,0,0,129,129,0,19.77,168.34,3.08,18.88,1789.83,0.12,25.38,0.7,3.95,0.54,474,35.23
3268,海德威,19.3,19.95,19.3,-0.55,-2.77,331,25.43,-39,0,7,-32,50,0,50,0.15,50,50,0,0,0,0.15,0,0,50,-50,281,281,0,--,99.12,-6.05,4.37,950.68,-0.09,6.27,-0.67,0,13.04,1132,3.47
3272,東碩,16.7,16.8,16.7,-0.15,-0.89,49,14.29,-12,0,0,-12,0,0,0,0,0,0,0,0,0,0,0,0,0,0,49,49,0,--,239.57,-5.96,-10.59,2851.39,-2.8,7.08,-18.16,0,6.79,1038,6.12
3276,宇環,14.3,14.35,14.3,0.25,1.78,150,52.67,2,0,0,2,0,0,0,0,0,0,0,0,0,0,0,0,0,0,150,150,0,71.5,58.75,-13.18,42.89,524.28,0,0.31,-0.78,0.42,9.11,1588,6.97
3284,太普高,20.3,20.35,20.35,1,5.17,900,41.94,-130,0,-8,-138,0,0,0,0,0,0,0,0,0,0,0,38,0,38,870,908,-38,8.96,68.55,8.51,1.12,845.49,0.5,27.73,3.12,2.46,4.29,1164,10.85
3285,微端,31.15,31.5,31.15,0.05,0.16,24,33.33,-6,0,0,-6,0,0,0,0,0,0,0,0,0,0,0,0,0,0,24,24,0,33.14,73.08,9.34,2.33,763.46,0.26,24.2,1.96,1.61,1.51,161,4.27
3287,廣寰科,34.95,35,35,0.8,2.34,159,50.96,10,0,0,10,0,0,0,0,0,0,0,0,0,0,0,0,0,0,161,161,0,12.37,68.09,-18.76,15.75,971,1.01,33.38,7.91,4.29,17.51,1925,4.4
3288,點晶,23.3,--,23.3,2.1,9.91,94,74.73,0,0,0,0,0,0,0,0,0,0,0,0,0,0,0,0,0,0,96,96,0,--,8.68,-3.9,68.12,78.15,-0.08,76.96,-1.19,0,--,0,1.64
3289,宜特,174.5,175,175,3,1.74,2634,49.57,-218,0,-37,-255,1381,1415,-34,-0.01,-486,368,244,189,909,0.23,0.41,404,419,-15,903,853,50,36.31,371.3,6.12,-3.8,4779.87,2.05,17.27,3.59,2.55,40.11,8638,8.67
3290,東浦,53.9,54,54,4.85,9.87,5102,70.49,1351,0,-59,1292,2119,1321,798,0.15,2119,2119,0,0,0,0.41,0,1001,1127,-126,2074,2747,-673,11.61,314.66,6.37,96.16,3011.99,2.65,20.14,10.49,2.78,44.75,8996,9.02
3293,鈊象,798,800,800,20,2.56,3216,66.82,-493,1384,-25,866,2883,2690,193,0.06,2642,2739,0,0,97,0.81,0.03,419,561,-142,62,113,-51,19.82,2123.84,0.03,11.96,23437.42,11.18,97.82,20.27,4.5,4.4,3097,28.18
3294,英濟,38.7,38.75,38.75,2,5.44,1468,51.78,8,0,-3,5,116,0,116,0.08,116,116,0,0,0,0.08,0,42,172,-130,1318,1304,14,--,261.12,9.76,-10.34,3540.49,-0.45,5.82,-2.79,0,24.68,8145,13.2
3296,勝德,21.05,21.1,21.05,0.1,0.48,36,37.14,-4,0,-2,-6,0,0,0,0,0,0,0,0,0,0,0,0,0,0,38,38,0,161.92,146.33,22.38,8.21,1562.39,-0.37,14.4,-2.85,0,7.81,1888,9.67
3297,杭特,31.95,32.4,31.95,0.25,0.79,142,26.47,-39,0,0,-39,0,0,0,0,0,0,0,0,0,0,0,0,0,0,146,146,0,63.9,18.93,-13.15,8.88,215.62,-0.05,36.68,-0.29,0,12.44,1121,3.6
3303,岱稜,51.7,51.8,51.7,0.8,1.57,666,49.09,-94,0,2,-92,131,52,79,0.12,111,131,0,20,0,0.19,0.03,116,90,26,425,530,-105,12.11,307.07,14.21,18.44,3084.38,0.92,34.29,3.79,5.8,7.2,1694,9.41
3305,昇貿,142,142.5,142,-3,-2.07,12139,42.27,-1885,0,-53,-1938,5735,8040,-2305,-0.19,-7623,109,38,111,7659,0.01,0.63,1728,1532,196,4889,2781,2108,41.16,1348.8,-7.94,71.37,13099.76,1.73,18.27,4.11,1.62,27.89,10086,14.46
3306,鼎天,47.4,47.5,47.5,0.55,1.17,246,56.73,22,0,0,22,56,57,-1,-0,-8,25,0,0,33,0.1,0.13,15,16,-1,176,174,2,21.59,84.77,-14.42,-20.75,1086.56,0.11,27.54,0.16,3.58,8.08,1022,5.06
3308,聯德,20.9,21,21,0.25,1.2,179,43.5,-59,0,0,-59,0,0,0,0,0,0,0,0,0,0,0,0,0,0,182,182,0,175,0.52,0.58,-6.85,7.88,0.01,62.63,0.08,0,5.53,830,6
3310,佳穎,69.6,70.3,70.2,0.7,1.01,22,90.91,9,0,0,9,0,0,0,0,0,0,0,0,0,0,0,0,0,0,23,23,0,45.58,175.85,-6.71,43.72,1771.5,0.34,21.8,1.23,4.99,13.22,2477,7.49
3311,閎暉,39.8,39.85,39.8,-0.7,-1.73,2107,37.68,-71,0,-3,-74,90,218,-128,-0.06,-129,40,0,32,137,0.02,0.08,161,322,-161,1871,1582,289,27.07,213.03,6.93,13.75,2300.05,0.5,11.06,1.36,1.51,16.01,4003,10
3312,弘憶股,62.3,62.4,62.3,1.5,2.47,8578,46.09,-1498,0,21,-1477,1670,2881,-1211,-0.14,-235,1222,0,187,1270,0.14,0.17,1729,1958,-229,5241,3801,1440,37.31,1982.06,-18.5,18.3,21694.54,1.03,5.33,4.52,2.09,14.2,6483,18.26
3313,斐成,11.4,11.5,11.45,0.4,3.62,200,66.48,-18,0,0,-18,0,0,0,0,0,0,0,0,0,0,0,0,0,0,205,205,0,--,0.48,89.64,125.59,16.07,0.07,-44.42,0.71,0,--,1364,22.11
3317,尼克森,78.2,78.3,78.3,4,5.38,4387,55.94,211,0,8,219,1070,933,137,0.03,861,1011,0,0,150,0.23,0.03,833,1068,-235,2531,2434,97,42.55,213.9,-19.21,-13.08,2778.65,0.84,29.35,2.35,0.64,12.89,2900,9
3321,同泰,20.95,21,21,0.45,2.19,1660,59.91,182,0,-13,169,162,112,50,0.03,-2,0,110,112,0,0.07,0.07,183,283,-100,1327,1277,50,--,236.87,16.18,36.45,2212.76,-0.69,1.68,-8.6,0,--,0,8.61
3322,建舜電,15.65,--,15.65,1.4,9.82,2502,75.08,476,0,4,480,722,173,549,0.22,722,722,0,0,0,0.29,0,88,182,-94,1712,2167,-455,--,275.45,1.79,31.77,3105.01,-0.64,10.16,-4.86,0,36.69,12620,13.76
3323,加百裕,36.2,36.25,36.2,-1.05,-2.82,2194,30.1,-620,0,-8,-628,96,449,-353,-0.16,-449,0,0,0,449,0,0.2,138,327,-189,1979,1437,542,--,386.5,-13.28,-4.19,4826.62,-0.56,8.48,-2.18,0,27,6713,9.95
3324,雙鴻,1105,1110,1110,15,1.37,3880,49.04,-266,1,-5,-270,3938,3979,-41,-0.01,-2451,78,1372,1386,2515,0.36,0.97,10,12,-2,93,50,43,32.03,3138.89,10.43,93.75,29758.97,12.61,29.66,9.95,1.07,21.07,4903,9.31
3325,旭品,12.95,13,13,0.1,0.78,231,44.74,-15,0,0,-15,0,0,0,0,0,0,0,0,0,0,0,0,0,0,232,232,0,--,58.13,-1.57,-57.73,1118.24,-0.6,-5.33,-7.26,0,--,607,11.02
3332,幸康,64.2,65.1,64.3,-1.6,-2.43,90,44.94,4,0,0,4,20,31,-11,-0.12,-31,0,0,0,31,0,0.34,8,10,-2,63,50,13,16.36,137.42,-21.85,-12.03,1692.62,1.38,35.9,3.53,3.11,1.79,215,4.81
3338,泰碩,77,77.2,77.1,-0.2,-0.26,1551,40.07,-109,0,-3,-112,165,292,-127,-0.08,-183,53,0,13,223,0.03,0.15,218,427,-209,1194,857,337,53.54,324.64,-8.53,-6.54,3520.17,0.27,18.98,1.16,1.69,20.06,4408,8.79
3339,泰谷,46.55,46.65,46.65,1.25,2.75,1388,49.27,-187,0,0,-187,55,106,-51,-0.04,-26,25,30,55,26,0.04,0.06,152,117,35,1193,1177,16,--,72.14,-0.77,10.51,895.79,-0.77,13.67,-7.13,0,41.76,6949,6.66
3346,麗清,24.7,24.8,24.8,-0.2,-0.8,965,53.42,-71,0,9,-62,0,88,-88,-0.1,-88,0,0,0,88,0,0.1,30,105,-75,949,786,163,--,686.76,9.53,-15.08,8065.85,-0.67,8.89,-2.26,0.44,8.48,2570,12.12
3349,寶德,18.65,18.7,18.65,0.9,5.07,437,55.28,-19,0,0,-19,0,130,-130,-0.29,0,0,0,0,0,0,0,50,50,0,393,263,130,--,18.36,-23.43,-60.68,414.88,-0.48,6.06,-6.56,0,--,0,4.61
3354,律勝,28.55,28.65,28.55,0.05,0.18,547,34.27,-20,0,-8,-28,0,0,0,0,0,0,0,0,0,0,0,0,0,0,551,551,0,--,13.79,22.15,52.03,105.78,-0.17,29.18,-1.52,0,9.89,1733,7.01
3356,奇偶,59.7,60,60,0.9,1.52,775,55.6,152,0,-12,140,116,61,55,0.07,116,116,0,0,0,0.15,0,147,161,-14,522,563,-41,5.92,77.32,-27.95,-4.06,1054.8,2.21,49.63,6.85,5.83,9.95,1989,8.05
3357,臺慶科,298,298.5,298,15,5.3,18551,53.05,-338,15,31,-292,11740,12942,-1202,-0.06,1979,4780,6042,6971,1872,0.58,0.47,3015,2697,318,4001,3117,884,30.66,709.4,0.75,37.77,7089.56,2.51,28.86,2.88,1.74,26.62,7183,11.62
3360,尚立,14.25,14.35,14.25,0,0,167,41.36,1,0,0,1,0,0,0,0,0,0,0,0,0,0,0,0,0,0,168,168,0,--,707.88,5.31,-3.73,8284.21,0,3.22,-0.67,0,15.13,2890,7.64
3362,先進光,155.5,--,155.5,14,9.89,2540,80.53,-411,0,33,-378,1943,1417,526,0.2,1935,1943,0,8,0,0.75,0,175,443,-268,468,726,-258,--,315.24,-15.44,-13.86,4349.58,-0.5,13.11,-1.95,0,13.16,4850,14.74
3363,上詮,830,832,830,1,0.12,2939,36.93,-721,1,-1,-721,1762,2180,-418,-0.14,-739,53,1329,1555,566,0.45,0.69,1215,827,388,84,54,30,--,143.8,12.39,-24.81,1739,-0.98,1.88,-2.58,0,24.86,6753,11.36
3372,典範,20.1,20.35,20.35,0.65,3.3,525,56.79,-50,0,-6,-56,0,0,0,0,0,0,0,0,0,0,0,65,0,65,463,528,-65,--,110.37,-3.91,15.7,1224.06,-0.03,4.11,-0.36,0,--,2,17.53
3373,熱映,16.7,16.8,16.75,0.15,0.9,84,52.5,-13,0,0,-13,0,0,0,0,0,0,0,0,0,0,0,0,0,0,85,85,0,--,31.26,-27.07,-9.94,394.94,-0.26,13.71,-1.55,6.57,7.17,853,4.76
3374,精材,240.5,241,241,8,3.43,5301,50.73,-277,-118,-19,-414,3169,3370,-201,-0.04,1154,2330,302,467,1011,0.48,0.27,529,509,20,1732,1551,181,46.89,723.82,3.48,25.64,7754.56,1.42,29.66,3.86,1.04,20.15,13670,27.14
3376,新日興,235,235.5,235,-1.5,-0.63,33840,50.23,-3539,341,-319,-3517,23408,25791,-2383,-0.07,16,9816,5931,7377,8354,0.46,0.46,3597,2743,854,7177,5648,1529,345.59,802.26,-11.57,-16.74,10007.93,0.15,14.28,0.17,1.7,26.2,12822,19.58
3379,彬台,38.05,38.2,38.05,0.55,1.47,302,41.61,-57,0,0,-57,0,0,0,0,0,0,0,0,0,0,0,0,0,0,304,304,0,24.24,20.69,-36.09,-78.59,1813.88,-0.39,19.03,-2.29,3.15,22.89,2177,3.8
3380,明泰,34.65,34.7,34.7,0.25,0.73,3951,43.89,-1197,0,-32,-1229,653,1116,-463,-0.12,-556,0,510,463,603,0.13,0.27,488,738,-250,2834,2119,715,--,1800.53,64.62,-7.97,22606,0.1,18.36,0.21,1.44,3.97,5375,54.17
3388,崇越電,94.3,94.5,94.3,0.4,0.43,446,34.25,-75,0,0,-75,0,49,-49,-0.11,-49,0,0,49,0,0,0.11,38,42,-4,422,369,53,21.38,864.39,8.08,33.25,7814.33,1.2,19.51,1.95,3.54,15.46,2862,7.72
3390,旭軟,27.2,27.3,27.25,-0.05,-0.18,858,42.38,151,0,0,151,0,0,0,0,0,0,0,0,0,0,0,97,211,-114,770,656,114,--,91,15.99,48.58,838.19,-0.18,16.14,-1.05,0.73,12.48,2476,7.93
3402,漢科,136.5,137,137,4.5,3.4,411,55.2,22,0,-2,20,131,134,-3,-0.01,115,131,0,16,0,0.31,0.04,68,78,-10,221,208,13,18.69,503.19,7.4,20.14,5462,1.56,21,5.41,4.38,8.61,1572,7.3
3406,玉晶光,719,--,719,65,9.94,3780,80.61,-1323,49,126,-1148,3397,3040,357,0.09,3392,3393,4,5,0,0.89,0,457,780,-323,15,48,-33,21.79,1628.91,-29.62,30.24,26643.86,7.9,33.56,3.39,2.36,8.23,2319,11.27
3413,京鼎,312,312.5,312.5,15,5.04,1363,57.13,233,29,100,362,860,677,183,0.13,767,829,31,77,16,0.61,0.07,203,267,-64,342,461,-119,16.57,1972.95,5.54,16.75,21927.19,4.28,23.84,2.94,3.51,14.27,3951,11.08
3416,融程電,176,176.5,176.5,2,1.15,352,45.7,4,0,5,9,132,98,34,0.09,98,118,0,0,20,0.33,0.06,71,112,-41,159,152,7,24.18,370.98,-5.05,52.42,4054.8,1.8,36.52,4.3,3.17,5.41,1089,8.05
3419,譁裕,13.65,13.8,13.8,0.15,1.1,127,51.2,2,0,-2,0,0,0,0,0,0,0,0,0,0,0,0,0,0,0,128,128,0,--,143.35,-14.3,-0.17,1780.48,-0.32,12.19,-4.08,0,--,1398,12.05
3430,奇鈦科,143,143.5,143.5,5.5,3.99,1034,58.04,-9,0,0,-9,375,347,28,0.03,157,214,93,54,96,0.29,0.14,181,233,-52,496,472,24,41.72,161.06,-19.9,13.83,1849.92,1.45,23.24,4.28,1.11,31.74,2675,3.37
3432,台端,18.05,18.6,18.6,0.65,3.62,34,58.82,-5,0,0,-5,0,0,0,0,0,0,0,0,0,0,0,0,0,0,35,35,0,--,16.94,-43.36,39.4,213.43,-0.23,14.22,-3.16,0,--,0,4.22
3434,哲固,31.95,32,31.95,-0.05,-0.16,176,35.43,-29,0,0,-29,0,0,0,0,0,0,0,0,0,0,0,0,0,0,178,178,0,--,28.08,-53.73,-49.82,551.57,0.08,19.93,0.55,3.76,22,1966,3.58
3437,榮創,21.95,22,22,0.5,2.33,945,41.6,-35,0,1,-34,0,0,0,0,0,0,0,0,0,0,0,106,88,18,844,862,-18,--,115.81,-4.47,-22.17,1460.69,-0.56,3.92,-3.32,0,9,3251,14.45
3438,類比科,69.2,69.5,69.4,2.9,4.36,286,48.75,25,0,0,25,0,0,0,0,0,0,0,0,0,0,0,17,8,9,270,279,-9,77.11,78.13,-8.69,-15.47,922.17,0.24,38.67,0.49,2.16,8.16,962,4.72
3441,聯一光,59.1,--,59.1,5.3,9.85,1856,92.88,142,0,83,225,1379,412,967,0.52,1379,1379,0,0,0,0.74,0,180,439,-259,312,1020,-708,51.84,41.79,-28.86,46.19,479.2,0.47,29.79,2.28,1.44,25.73,2575,4
3443,創意,4305,4310,4310,55,1.29,1688,44.46,-435,61,-47,-421,1717,1745,-28,-0.02,1388,1432,246,250,40,0.95,0.16,11,7,4,49,25,24,129.66,4674.01,8.85,132.13,43847.88,12.28,27.2,11.97,0.46,13.09,4386,13.4
3444,利機,99.8,99.9,99.8,0,0,733,29.99,-98,0,0,-98,83,236,-153,-0.21,-180,0,56,198,38,0.08,0.32,199,155,44,458,349,109,56.38,112.93,-2.08,-1.81,1287.76,0.41,19.76,1.77,1.8,16.45,1850,4.5
3447,展達,42.65,--,42.65,3.85,9.92,843,68.89,56,0,5,61,205,103,102,0.12,205,205,0,0,0,0.24,0,55,39,16,595,713,-118,29.83,290.5,-4.93,34.2,3820.25,0.17,9.4,1.06,2.58,14.31,2770,7.74
3450,聯鈞,507,--,507,46,9.98,6520,67.27,555,174,6,735,4880,4551,329,0.05,4424,4510,371,457,0,0.73,0.07,601,1038,-437,1179,1072,107,150.89,960.22,9.39,49.91,8507.66,0.69,24.8,2.3,0.2,51.19,18643,14.57
3455,由田,215,215.5,215.5,6.5,3.11,969,40.38,-165,0,-1,-166,413,548,-135,-0.13,274,375,28,85,44,0.4,0.13,125,151,-26,476,316,160,121.07,125.16,261.21,-2.51,1456.24,-0.81,54.54,-2,1.62,27.82,4162,5.99
3465,進泰電子,32.4,32.65,32.65,2.95,9.93,89,100,15,0,1,16,0,40,-40,-0.44,0,0,0,0,0,0,0,0,0,0,90,50,40,--,231.79,19.74,190.5,1770.39,-0.92,5.92,-5.04,0,6.96,615,3.53
3466,德晉,33.5,33.55,33.55,1.15,3.55,435,48.83,-25,0,0,-25,0,0,0,0,0,0,0,0,0,0,0,17,67,-50,421,371,50,--,218.52,374.39,2243.13,327.25,-0.31,7.8,-1.7,0,58.11,11316,7.79
3467,台灣精材,68.2,68.5,68.3,4,6.22,131,37.3,1,0,0,1,0,0,0,0,0,0,0,0,0,0,0,0,0,0,132,132,0,100.44,69.42,10.96,39.7,648.73,0.3,24.71,1.57,0.73,6.02,468,3.11
3479,安勤,125,125.5,125.5,3.5,2.87,1260,44.52,361,0,0,361,714,777,-63,-0.05,692,704,10,22,0,0.56,0.02,162,137,25,398,360,38,18.48,779.37,1.37,10.81,8848.87,2.22,28.15,4.46,3.67,8.56,1555,7.26
3481,群創,49.05,49.1,49.1,0.75,1.55,122638,64.25,-5292,-4,-6830,-12126,69088,85068,-15980,-0.13,-17435,14261,39235,51041,19890,0.43,0.57,18497,13098,5399,36930,26347,10583,409.17,21237.44,-14.97,11.79,239714.59,0.2,14.43,0.79,2.04,19.54,390313,798.92
3483,力致,96.2,96.7,96.3,-0.5,-0.52,933,43.29,-149,0,-10,-159,83,165,-82,-0.09,-154,0,11,41,124,0.01,0.17,106,176,-70,766,615,151,25.01,791.27,5.23,-16.38,9107.78,0.17,17.08,0.34,3.12,19.6,4854,9.9
3484,崧騰,45.3,45.35,45.3,1.45,3.31,545,51.19,214,0,1,215,129,116,13,0.02,129,129,0,0,0,0.23,0,101,59,42,320,375,-55,11.56,416.64,14.96,3.72,4525.87,0.63,22.07,1.49,5.52,9.52,1877,7.88
3485,敘豐,327.5,328,328,8,2.5,268,38.85,-10,0,-2,-12,53,108,-55,-0.18,-79,0,29,23,85,0.1,0.36,69,82,-13,177,109,68,71.3,52.52,0.28,9.87,--,1.69,53.21,4.28,1.37,--,0,3.85
3489,森寶,21.85,22,21.85,-0.15,-0.68,110,8.49,-39,0,0,-39,0,0,0,0,0,0,0,0,0,0,0,0,0,0,110,110,0,--,83.46,9,35.49,931.32,-0.03,3.3,-0.19,13.73,7.51,1698,9.05
3490,單井,34.55,34.65,34.6,0.35,1.02,861,43.82,54,0,0,54,0,0,0,0,0,0,0,0,0,0,0,36,107,-71,832,761,71,12.91,19.74,-36.55,-2.15,265.94,2.07,20.05,8.71,1.45,26.09,3588,5.5
3491,昇達科,1805,1810,1810,25,1.4,3439,48.27,15,-509,-8,-502,3524,3633,-109,-0.03,-41,499,2597,2683,454,0.86,0.87,21,14,7,141,39,102,198.03,296.25,-15.13,57.24,3119.4,3.68,57.98,7.13,0.38,18.88,3247,6.88
3492,長盛,22.2,22.35,22.2,-0.05,-0.22,54,31.48,10,0,0,10,0,0,0,0,0,0,0,0,0,0,0,0,0,0,54,54,0,14.8,73.65,-2.47,14.15,820.07,0.31,28.25,1.65,4.95,8.95,795,3.55
3494,誠研,8.05,8.06,8.05,0.14,1.77,100,50.52,-1,0,-7,-8,0,0,0,0,0,0,0,0,0,0,0,0,0,0,101,101,0,--,81.23,-17.5,-4.51,972.85,-0.29,14.85,-4.47,0,--,0,9.48
3498,陽程,132,132.5,132,4.5,3.53,2179,44.67,-424,0,3,-421,771,1058,-287,-0.13,-199,69,694,911,51,0.35,0.44,346,414,-68,1091,737,354,100.76,341.95,351.07,137.82,1644.31,-0.2,26.04,-0.53,0,35.65,4588,6.13
3499,環天科,14.55,14.75,14.7,-0.2,-1.34,87,28.74,-32,0,0,-32,0,0,0,0,0,0,0,0,0,0,0,0,0,0,90,90,0,--,28.72,11.63,-20.18,325.08,-0.51,12.89,-6.19,0,--,0,5.5
3501,維熹,42.05,42.1,42.1,0,0,696,39.48,-243,0,3,-240,0,0,0,0,0,0,0,0,0,0,0,32,82,-50,672,622,50,23.52,429.48,-7.72,-18.52,5239.81,0.15,15.37,0.25,4.75,2.27,671,11.83
3504,揚明光,80.1,--,80.1,7.2,9.88,2014,72.04,339,0,24,363,673,368,305,0.15,655,673,0,18,0,0.33,0.01,318,326,-8,1039,1336,-297,--,243.55,-13.64,2.24,2728.77,0.05,18.23,0.21,0,9.71,2769,11.41
3508,位速,19.2,19.25,19.2,0.5,2.67,182,30.77,-11,0,1,-10,0,0,0,0,0,0,0,0,0,0,0,30,0,30,154,184,-30,--,70.59,-21.73,-18.99,811.95,-0.1,14.49,-3.65,0,--,0,10.43
3511,矽瑪,24.65,24.8,24.8,0.45,1.85,782,45.53,-37,0,0,-37,0,0,0,0,0,0,0,0,0,0,0,24,26,-2,765,763,2,--,153.82,3.05,27.47,1774.01,-0.09,16.41,-0.67,0,22.58,2821,8
3512,皇龍,20.6,20.65,20.65,0.2,0.98,49,67.35,-6,0,0,-6,0,0,0,0,0,0,0,0,0,0,0,0,0,0,50,50,0,11.87,27.41,63.82,190.41,966.65,0.46,40.42,2,8.72,1.88,531,11.31
3515,華擎,251.5,252,252,8.5,3.49,834,61.41,-16,0,16,0,546,391,155,0.18,451,500,0,0,49,0.58,0.06,81,127,-46,233,342,-109,15.91,2741.89,-44.39,-46.53,48384.94,4.14,14.96,5.8,4.37,5.93,1830,12.35
3516,亞帝歐,23.45,23.6,23.65,-0.15,-0.63,229,33.19,8,0,-1,7,0,0,0,0,0,0,0,0,0,0,0,40,44,-4,192,188,4,81.55,85.96,-10.98,32.31,1156.13,0.08,16.93,0.45,0.85,60.92,9071,5.96
3518,柏騰,30.35,30.4,30.35,-0.45,-1.46,634,24.76,-208,0,-1,-209,0,0,0,0,0,0,0,0,0,0,0,25,125,-100,612,512,100,13.2,18.5,2.54,-32.28,287.89,2.81,-13.12,18.52,0,17.03,3983,10.25
3520,華盈,19.1,19.15,19.15,0.4,2.13,7598,43.35,-407,0,0,-407,527,1094,-567,-0.07,276,348,0,0,72,0.05,0.01,990,1474,-484,6105,5054,1051,--,114.21,12.59,5.94,1276.43,-0.07,10.12,-0.59,0,15.4,2393,6.88
3521,台鋼建設,12.4,12.45,12.45,0.1,0.81,21,42.11,-1,0,0,-1,0,0,0,0,0,0,0,0,0,0,0,0,0,0,21,21,0,6.84,1.08,-88.13,-58.7,237.86,2.12,-42.64,19.16,0,12.25,1401,18.58
3522,御嵿,11.45,11.55,11.5,0,0,148,19.47,-26,0,0,-26,0,0,0,0,0,0,0,0,0,0,0,0,0,0,149,149,0,--,62.51,-50.93,-0.59,1208.41,0.4,54.24,6.14,0,--,0,10.41
3523,迎輝,17.4,18.1,17.8,-1.1,-5.82,46,30.23,0,0,0,0,0,0,0,0,0,0,0,0,0,0,0,0,0,0,47,47,0,--,10.87,90.6,197.78,97.17,-0.45,-88.58,-7.01,0,--,0,6.43
3526,凡甲,344.5,345,345,-23,-6.25,1748,32.5,-171,-106,-14,-291,922,1173,-251,-0.14,-1170,0,3,7,1166,0,0.64,228,252,-24,681,407,274,19.77,365.79,-16.22,22.07,4294,4.7,50.38,7.91,4.88,15.78,2597,6.63
3527,聚積,60,60.1,60,3.2,5.63,219,56.02,34,0,0,34,0,0,0,0,0,0,0,0,0,0,0,9,10,-1,211,210,1,--,134.86,27.38,15.91,1398.69,0.01,39.59,0.02,1.67,10.27,1141,4.44
3528,安馳,132.5,133,133,8.5,6.83,473,77.96,18,0,-2,16,193,128,65,0.14,136,146,0,0,10,0.31,0.02,81,95,-14,209,259,-50,42.9,1108.97,-18.67,83.24,11238.62,2.83,13.88,9.38,1.04,23.78,3962,6.66
3529,力旺,3155,3160,3155,-45,-1.41,687,50.95,18,-39,4,-17,693,714,-21,-0.03,-670,9,25,24,680,0.05,0.97,4,5,-1,32,10,22,115.15,305.06,-50.24,12.04,4134.31,7.98,100,14.73,0.65,6.96,1299,7.47
3530,晶相光,61.5,61.7,61.5,1.4,2.33,205,43,-24,0,-1,-25,0,0,0,0,0,0,0,0,0,0,0,0,0,0,209,209,0,30.3,199.68,-13.51,26.61,2147.61,0.44,20.46,1.39,1.3,7.05,1365,7.75
3531,先益,22.85,23.5,--,--,--,0,--,0,0,0,0,0,0,0,--,0,0,0,0,0,--,--,0,0,0,0,0,0,96.04,101.15,-1.81,-28.02,1166.03,0.33,19.96,1.01,2.17,0.4,61,6.12
3532,台勝科,284.5,285,284.5,23.5,9,689,61.64,-71,0,70,-1,493,492,1,0,447,441,52,46,0,0.69,0.06,147,125,22,71,103,-32,360.13,1217.61,4.21,24.43,13041.51,-0.18,0.83,-0.28,0.35,8.62,8361,38.78
3533,嘉澤,2330,2335,2335,45,1.97,896,24.97,-93,-45,-23,-161,912,910,2,0,842,865,24,24,23,0.96,0.05,2,4,-2,13,13,0,32.9,3041.08,-10.34,8.98,36176.91,21.37,49.55,5.76,1.5,2.08,584,11.25
3535,晶彩科,134,134.5,134.5,11.5,9.35,1388,54.84,141,0,28,169,517,341,176,0.13,402,460,57,115,0,0.38,0.08,345,265,80,562,819,-257,336.25,110.65,458.51,2229.03,839.65,0.99,46.09,7.26,0,39.88,7882,7.91
3537,堡達,81,81.1,81,4.3,5.61,8248,53.51,13,0,2,15,2088,2094,-6,-0,1951,2063,0,0,112,0.25,0.01,1312,1507,-195,4904,4702,202,31.76,225.87,-20.45,3.46,2958.02,1.28,16.43,5.46,2.47,19.66,2764,5.62
3540,曜越,27.05,27.2,27.2,1.2,4.62,361,58.89,33,0,0,33,0,0,0,0,0,0,0,0,0,0,0,30,49,-19,334,315,19,93.79,300.93,-26.72,-31.04,4952.15,0.15,28.11,0.6,1.1,6.99,1267,7.25
3541,西柏,22.25,22.5,22.35,0,0,32,34.37,-6,0,0,-6,0,0,0,0,0,0,0,0,0,0,0,0,0,0,33,33,0,--,88.17,6.19,-15.8,1021.23,0.03,35.46,0.25,0,1.78,251,5.63
3543,州巧,33.75,33.85,33.85,-0.05,-0.15,653,27.73,-2,0,0,-2,0,34,-34,-0.05,-34,0,0,0,34,0,0.05,89,159,-70,566,462,104,--,288.9,-1.76,-8.76,3182.59,-0.16,9.41,-0.73,1.77,22.51,6204,11.03
3545,敦泰,53.9,54,54,2.4,4.65,1440,54.25,153,4,-11,146,293,305,-12,-0.01,241,293,0,22,30,0.2,0.04,305,238,67,857,912,-55,--,901.11,-5.5,-14.78,11117.47,0.02,23.02,0.06,1.48,8.83,4881,22.11
3546,宇峻,81.6,81.8,81.6,0.2,0.25,252,21.94,40,0,3,43,0,27,-27,-0.11,-27,0,0,27,0,0,0.11,55,43,12,200,185,15,23.93,132.92,-0.4,61.34,1679.37,2.34,88.59,8.7,3.06,15.92,2326,5.84
3548,兆利,97,97.1,97,-2,-2.02,2278,37.2,-173,0,-22,-195,553,635,-82,-0.04,-106,231,27,60,304,0.11,0.16,205,423,-218,1542,1242,300,1940,833.38,10.93,-6.91,8084.46,-1.35,8.1,-1.47,1.03,25.29,4283,6.77
3550,聯穎,25.9,--,25.9,2.35,9.98,11625,72.31,381,0,33,414,4594,3270,1324,0.11,4313,4540,54,0,281,0.39,0.02,1271,1945,-674,5811,6460,-649,--,391.68,-12.6,36.57,3905.07,0.21,17.41,1.32,0,60.53,16275,10.76
3551,世禾,191,191.5,191.5,3,1.59,670,44.28,-184,-50,11,-223,170,350,-180,-0.26,-180,0,170,350,0,0.25,0.51,116,126,-10,404,216,188,23.33,275.78,0.26,11.99,3151.57,2.46,37.44,3.03,2.51,12.58,1959,6.23
3552,同致,49.9,50,50,1.15,2.35,244,45.68,-19,0,-10,-29,0,0,0,0,0,0,0,0,0,0,0,0,12,-12,254,242,12,83.33,736.8,41.23,2.59,8168.92,0.01,18.43,0.02,1,6.93,1696,9.79
3555,博士旺,202,202.5,202,-2.5,-1.22,341,36.14,-73,0,-4,-77,38,83,-45,-0.13,-78,0,5,0,83,0.01,0.24,48,76,-28,265,192,73,29.11,59.68,-13.47,904.24,669.77,5.45,42.55,32.91,0,15.67,982,4
3556,禾瑞亞,71.4,71.5,71.5,2,2.88,463,56.11,-21,0,2,-19,0,35,-35,-0.08,-35,0,0,20,15,0,0.08,62,64,-2,416,379,37,24.4,103.34,-4.9,28.74,1046.45,1.19,49.34,6.25,2.73,7.48,1191,6.37
3557,嘉威,23,23.1,23.1,-0.1,-0.43,81,48.1,-28,0,-4,-32,0,0,0,0,0,0,0,0,0,0,0,0,0,0,82,82,0,--,262.73,-43.35,-6.31,3736.01,0.48,34.33,1.62,1.3,2.16,388,8.43
3558,神準,136,--,136,12,9.68,370,76.5,-34,0,11,-23,82,76,6,0.02,82,82,0,0,0,0.22,0,64,71,-7,236,234,2,50,1195.83,13.15,-9.49,13629.85,0.1,16.24,0.31,2.21,11.28,1665,5.91
3563,牧德,741,743,742,8,1.09,716,42.14,-8,-17,8,-17,396,547,-151,-0.2,-133,14,373,507,13,0.5,0.67,325,201,124,52,25,27,47.35,349.02,1.68,5.14,3293.63,4.61,60.58,5.32,1.75,50.63,6227,6.4
3564,其陽,49.6,49.9,49.6,1.4,2.9,284,41.52,-82,0,-1,-83,0,0,0,0,0,0,0,0,0,0,0,0,23,-23,288,265,23,165.33,234.81,-5.11,16.63,2603.34,-0.32,22.26,-1.36,0.54,4.84,716,5.91
3567,逸昌,27.5,27.55,27.5,0.45,1.66,58,35.71,-2,0,0,-2,0,0,0,0,0,0,0,0,0,0,0,0,0,0,59,59,0,28.95,24.02,-0.78,14.17,279.38,0.13,25.13,0.79,3.64,6.53,554,3.4
3570,大塚,188,189.5,188,2,1.08,125,40.32,-5,0,0,-5,14,19,-5,-0.04,14,14,0,0,0,0.11,0,22,20,2,95,92,3,13.64,276.99,30.77,22.24,2422.81,4.12,28.92,6.75,5.16,3.28,140,1.71
3576,聯合再生,17.25,--,17.25,1.55,9.87,12937,71,-1639,0,-7,-1646,4081,3747,334,0.03,2738,3612,468,1342,0,0.31,0.1,1960,1834,126,6977,7437,-460,41.07,324.46,43.95,27.63,2662.84,1.07,-45.65,14.84,0,--,0,162.78
3577,泓格,140,140.5,140.5,4.5,3.31,481,50.75,-11,0,0,-11,52,125,-73,-0.15,52,52,0,0,0,0.11,0,122,111,11,315,253,62,45.77,153.91,-8.94,89.01,1316.08,1.47,59.75,6.56,1.42,8.05,1288,6.4
3580,友威科,100.5,101,101,1.4,1.41,1937,42.29,-193,0,-1,-194,526,568,-42,-0.02,-163,77,278,258,260,0.18,0.26,275,354,-79,1164,1042,122,72.14,47.45,94.5,71.25,424.74,-0.18,34.99,-0.7,1.19,39.84,3931,3.95
3581,博磊,--,141,141,-15.5,-9.9,210,0,25,0,2,27,71,175,-104,-0.45,-175,0,0,0,175,0,0.76,44,14,30,116,43,73,105.22,128.17,-16.03,47.69,1660.61,0.31,35.65,2.49,0.43,22.04,2810,5.1
3583,辛耘,864,866,866,59,7.31,1946,46.06,278,-7,-19,252,1380,1303,77,0.04,1147,1195,185,233,0,0.68,0.12,591,664,-73,46,50,-4,58.67,971,-1.82,1.49,11788.99,4.14,33.58,4.76,0.69,10.78,2166,8.03
3587,閎康,302.5,303,303,17,5.94,1091,43.58,-118,0,9,-109,481,609,-128,-0.11,424,467,14,57,0,0.42,0.05,265,204,61,396,328,68,42.56,544.46,0.69,26.87,5946.21,2.24,30.89,3,1.49,19.78,3520,7.17
3588,通嘉,56.6,56.8,56.6,1.8,3.28,342,61.58,11,0,1,12,46,48,-2,-0.01,46,46,0,0,0,0.13,0,38,24,14,261,273,-12,94.33,143.35,0.1,21.71,1445.35,0.37,33.61,1.28,0.88,9.03,1400,6.2
3591,艾笛森,22.95,23,22.95,-0.2,-0.86,771,36.91,-271,0,0,-271,0,0,0,0,0,0,0,0,0,0,0,77,183,-106,698,592,106,--,215.7,-7.3,5.15,2330.24,0.12,22.25,0.64,0,74.88,27215,14.54
3592,瑞鼎,265,266,265,10,3.92,560,52.02,58,-32,-1,25,238,243,-5,-0.01,216,225,13,22,0,0.41,0.04,163,143,20,175,190,-15,16.56,2272.07,-2,17.82,22629.87,3.82,28.58,2.6,5.51,4.13,783,7.59
3593,力銘,16.05,16.45,16.45,0.35,2.17,46,56.52,9,0,0,9,0,0,0,0,0,0,0,0,0,0,0,0,0,0,49,49,0,--,74.98,35.65,-51.1,911.74,-0.7,-10.15,-15.57,0,--,0,6.08
3594,磐儀,45.7,45.85,45.7,1.45,3.28,185,39.13,-14,0,2,-12,0,0,0,0,0,0,0,0,0,0,0,0,0,0,191,191,0,69.24,188.85,-16.28,50.37,2208.86,-0.07,33.94,-0.92,0.88,19.86,3638,9.59
3596,智易,184.5,185.5,185.5,4.5,2.49,853,46.24,-13,1,-6,-18,629,606,23,0.03,629,629,0,0,0,0.73,0,90,95,-5,143,160,-17,14.66,4615.78,1.92,4.23,53296.66,3.12,15.16,4.19,4.85,2.64,1455,22.04
3597,映興,26.95,27,26.95,-0.35,-1.28,77,39.47,-11,0,0,-11,0,0,0,0,0,0,0,0,0,0,0,0,0,0,78,78,0,112.29,83.81,17.3,26.59,874.51,0.08,22.71,0.55,1.48,12.2,1197,3.92
3605,宏致,72.6,72.7,72.7,0.5,0.69,1658,45.65,-49,0,-16,-65,491,485,6,0,15,85,330,287,113,0.25,0.24,288,311,-23,905,888,17,22.44,1108.23,-1.46,15.34,11410.54,0.67,24.59,1.35,2.31,14.82,6480,17.52
3607,谷崧,16.6,16.65,16.6,-0.2,-1.19,1005,38.78,106,0,0,106,0,91,-91,-0.09,-91,0,0,0,91,0,0.09,85,32,53,923,885,38,42.56,246.69,-0.9,-11.2,2776.02,0.03,13.13,0.2,4.82,6.97,2119,12.17
3609,三一東林,28.9,29,28.9,1.2,4.33,207,67.96,40,0,0,40,0,0,0,0,0,0,0,0,0,0,0,24,0,24,183,207,-24,4.62,21.76,-18.78,1.86,610.3,-1.05,25.08,-8.03,0,23.68,1816,3.84
3611,鼎翰,190.5,191.5,191,2,1.06,33,46.87,9,0,0,9,0,0,0,0,0,0,0,0,0,0,0,7,14,-7,27,20,7,9.4,1019.05,-0.49,-0.64,11439.08,4.56,33.81,3.96,5.24,1.37,163,4.76
3615,安可,53.5,53.7,53.5,-0.7,-1.29,9763,40.6,-632,0,-20,-652,2067,2393,-326,-0.03,1037,1528,30,101,420,0.16,0.05,1592,1843,-251,6173,5598,575,51.94,63.24,-14.83,-30.1,854.93,0.16,23.75,0.72,1.31,29.76,5094,6.85
3617,碩天,213.5,214,213.5,5.5,2.64,286,47.86,1,0,-4,-3,107,91,16,0.05,107,107,0,0,0,0.37,0,68,50,18,117,151,-34,15.12,1027.69,-10.02,1.22,11945.19,4.13,53.86,4.26,4.68,8.65,2049,9.48
3622,洋華,57.4,57.7,57.4,1.3,2.32,577,48.06,5,0,-1,4,29,43,-14,-0.02,29,29,0,0,0,0.05,0,119,68,51,433,470,-37,9.83,137.67,0.11,-0.88,1736.03,1.09,38.43,2.23,5.57,5.27,1992,15.13
3623,富晶通,23.6,23.7,23.65,0.65,2.83,61,49.15,-14,0,0,-14,0,0,0,0,0,0,0,0,0,0,0,0,0,0,62,62,0,62.24,20.23,-30.77,-26.93,296.78,0.26,10.19,2.13,0,9.18,670,2.92
3624,光頡,112.5,--,112.5,10,9.76,24851,68.58,170,-58,201,313,17902,17709,193,0.01,14038,16182,547,946,1745,0.67,0.11,2127,2387,-260,4963,4896,67,54.35,290.38,2.81,30.83,2901.74,0.75,28.56,2.51,0.98,38.79,11380,11.73
3625,西勝,15.5,15.6,15.5,0.4,2.65,295,58.5,-52,0,0,-52,0,0,0,0,0,0,0,0,0,0,0,40,40,0,257,257,0,--,32.07,40.26,5.63,402.27,0.01,12.84,0.28,0,--,0,11.42
3628,盈正,71.4,71.5,71.4,0.9,1.28,264,44.11,-51,0,0,-51,0,15,-15,-0.06,0,0,0,0,0,0,0,57,28,29,211,225,-14,17.12,277.38,-2.84,13.12,3493.53,0.34,27.19,1,4.55,9.76,1098,4.5
3629,地心引力,14.5,17.25,--,--,--,0,--,0,0,0,0,0,0,0,--,0,0,0,0,0,--,--,0,0,0,0,0,0,--,0.71,-90.9,1328,31.84,-0.15,28.29,-10.15,0,--,0,3.3
3630,新鉅科,30.6,--,30.6,2.75,9.87,1853,83.04,2,0,10,12,1111,146,965,0.52,1111,1111,0,0,0,0.6,0,62,221,-159,694,1500,-806,14.5,201,-10.73,5.68,2406.5,-0.27,11.07,-1.83,0,8.18,3766,20.42
3631,晟楠,33.45,33.55,33.5,0.25,0.75,70,47.69,-10,0,0,-10,0,0,0,0,0,0,0,0,0,0,0,0,0,0,70,70,0,--,2.67,-50.27,38.72,28.74,-0.15,18.14,-1.11,0,4.18,856,8.18
3632,研勤,8.01,8.3,8.3,0,0,6,16.67,0,0,0,0,0,0,0,0,0,0,0,0,0,0,0,0,0,0,14,14,0,--,19.11,-37.43,-18.38,265.92,0.06,61.89,2.28,0,--,0,4.09
3645,達邁,98.6,99,99,2.6,2.7,2579,41.98,-413,-1,55,-359,749,936,-187,-0.07,719,729,20,30,0,0.29,0.01,346,401,-55,1522,1279,243,52.11,237.11,3.56,16.43,2415.82,0.67,35.12,2.6,1.21,26.25,8974,13.68
3646,艾恩特,23.7,24,24.15,0.45,1.9,26,65.38,-5,0,0,-5,0,0,0,0,0,0,0,0,0,0,0,0,0,0,26,26,0,150.94,69.59,16.57,16.68,677.51,-0.36,23.64,-2.78,3.73,10.49,1031,3.93
3652,精聯,33.6,33.7,33.5,1.65,5.18,202,45.54,56,0,-3,53,0,0,0,0,0,0,0,0,0,0,0,0,16,-16,203,187,16,23.93,249.44,-3.16,42.39,2650,0.4,34.92,1.58,3.58,4.24,796,7.51
3653,健策,3935,3940,3935,115,3.01,2128,49.54,-365,459,-59,35,2218,2162,56,0.02,1776,1770,448,442,0,0.98,0.2,9,21,-12,36,62,-26,108.85,2313.45,0.1,37.75,21952.64,9.53,41.78,6.32,0.55,7.14,2618,14.67
3661,世芯-KY,4245,4250,4250,80,1.92,1024,48.19,-174,6,14,-154,1053,1079,-26,-0.02,466,736,57,60,267,0.71,0.29,11,6,5,47,26,21,60.61,2132.65,10.32,-32.31,23729.91,17.55,50.18,3.4,0.8,25.59,5075,8.21
3663,鑫科,71.6,71.8,71.6,-0.7,-0.97,2036,34.29,-466,0,-17,-483,278,504,-226,-0.11,-504,0,0,0,504,0,0.24,322,440,-118,1467,1124,343,716,514.09,8.67,-13.87,6934.97,0.26,5.18,1.08,0,16.97,3986,10.85
3664,安瑞-KY,7.4,7.85,7.4,0.19,2.64,10,0,0,0,0,0,0,0,0,0,0,0,0,0,0,0,0,0,0,0,10,10,0,--,17.13,4.73,-26.86,751.37,-1.77,36.1,-155.95,0,--,0,7.19
3665,貿聯-KY,2155,2160,2155,60,2.86,2422,49.51,-72,155,-10,73,2456,2481,-25,-0.01,1901,1957,449,455,50,0.96,0.2,10,4,6,55,35,20,43.48,7352.12,-0.42,41.35,79068.73,11.66,28.77,4.87,0.7,6.4,3122,19.51
3666,光耀,25.9,25.95,25.95,0.35,1.37,62,53.23,-17,0,0,-17,0,0,0,0,0,0,0,0,0,0,0,0,0,0,63,63,0,--,44.56,23.74,2.1,419.04,-0.4,-18.51,-3.11,0,8.56,1261,13.89
3669,圓展,36.4,36.75,36.4,-0.35,-0.95,338,40.12,-112,0,-3,-115,0,0,0,0,0,0,0,0,0,0,0,51,31,20,289,309,-20,20,218.35,-5.88,-5.58,2682.36,0.7,60.62,1.99,2.75,3.53,820,9.29
3672,康聯訊,11.9,--,11.9,1.05,9.68,65,98.46,0,0,0,0,0,0,0,0,0,0,0,0,0,0,0,0,0,0,66,66,0,--,22.63,-32.45,120.07,211.7,-0.39,32.75,-4.97,0,--,0,4.08
3673,TPK-KY,86.8,86.9,86.9,4.1,4.95,23340,53.21,1116,0,207,1323,10679,10334,345,0.01,5350,9187,232,292,3777,0.4,0.17,3638,3670,-32,9171,9467,-296,23.87,6149.32,-9.62,-2.6,67229.69,1.33,9.38,1.22,2.07,19.53,19855,40.67
3675,德微,--,311.5,311.5,-34.5,-9.97,3064,15.93,-1207,0,-62,-1269,1682,2466,-784,-0.25,-2426,0,0,0,2426,0,0.76,650,339,311,847,374,473,110.46,267.07,5.2,24.42,2789.1,1.51,38.26,3.19,1.28,23.73,3148,5.31
3679,新至陞,129,130,130,7.5,6.12,402,77.39,-66,0,-5,-71,272,48,224,0.55,272,272,0,0,0,0.67,0,31,82,-51,105,278,-173,15.31,355.78,-6.13,-2.58,4275.79,2.67,31.24,3.47,6.92,0.62,97,6.3
3680,家登,517,519,519,18,3.59,1471,50.45,49,1,-18,32,1121,1163,-42,-0.03,1000,1060,59,112,7,0.73,0.08,365,339,26,54,38,16,53.07,885.96,34.13,52.74,7805.57,2.55,42.63,2.29,1.33,14.72,3535,9.61
3684,榮昌,58.9,59,58.9,0.4,0.68,156,58.82,5,0,0,5,32,52,-20,-0.13,32,32,0,0,0,0.2,0,15,42,-27,110,63,47,16.32,109.16,7.84,21.15,1197.01,0.7,35.11,2.84,4.7,5.44,412,3.03
3685,元創精密,27.7,28,27.7,-0.75,-2.64,170,22.29,-59,0,0,-59,0,0,0,0,0,0,0,0,0,0,0,0,0,0,170,170,0,--,161.41,-4.6,74.3,1380.96,0.1,23.33,2.54,0,--,63,7.96
3686,達能,16.95,17,16.95,0.5,3.04,222,45.41,-3,0,-6,-9,0,0,0,0,0,0,0,0,0,0,0,0,0,0,227,227,0,--,2.06,-76.53,-64.13,86.97,-0.01,0.04,-0.16,0,--,0,7.65
3687,歐買尬,80.5,80.6,80.6,4.7,6.19,1299,48.74,-102,0,0,-102,150,77,73,0.06,150,150,0,0,0,0.11,0,181,190,-9,977,1042,-65,18.19,162.39,-10.86,10.88,1902.51,0.31,40.71,1.7,2.49,14.44,1085,3.01
3689,湧德,122,122.5,122,-5.5,-4.31,6388,27.92,-2591,0,-310,-2901,2893,5073,-2180,-0.34,-4989,0,0,0,4989,0,0.77,1057,382,675,2546,1041,1505,16.87,666.77,-15.14,20.17,6996.43,2.04,30.25,3.79,3,26.03,5818,8.94
3691,碩禾,166.5,167,167,12.5,8.09,4339,55.83,48,0,-6,42,1943,1601,342,0.08,1539,1818,48,93,234,0.42,0.07,708,764,-56,1746,2032,-286,--,1008.61,9.8,163.41,8047.67,2.97,18.28,4.21,0,20.29,4017,9.19
3693,營邦,535,536,535,-29,-5.14,1335,32.32,-262,0,-24,-286,805,1100,-295,-0.21,-1097,0,3,10,1090,0,0.77,547,301,246,68,19,49,62.14,663.71,-7.58,24.82,6816.18,1.54,23.22,1.05,1.5,44.42,4774,4.3
3694,海華,62.9,63,62.9,0.9,1.45,1248,47.78,21,0,-15,6,315,439,-124,-0.1,176,295,20,139,0,0.25,0.11,242,245,-3,701,574,127,14.91,896.48,-24.59,-3.35,12010.26,1.02,14.75,4.11,3.66,18.9,7321,15.49
3701,大眾控,52.1,52.3,52.1,0.5,0.97,869,41.78,-79,0,-1,-80,41,179,-138,-0.16,41,41,0,0,0,0.05,0,196,116,80,639,581,58,--,749.86,5.11,-29.99,8545.71,-0.59,14.28,-2.3,0.38,16.34,8808,23.67
3702,大聯大,110.5,111,110.5,2.5,2.31,14857,30.11,4898,-5689,-85,-876,13245,13825,-580,-0.04,11435,12084,856,1084,421,0.87,0.1,528,364,164,1144,728,416,13.49,127337.86,-10.1,38.74,1102342.67,3.3,4.49,6.47,3.44,1.06,4463,169.33
3703,欣陸,21.4,21.45,21.45,0.45,2.14,1349,59.21,118,0,-127,-9,649,348,301,0.22,649,649,0,0,0,0.48,0,206,337,-131,502,672,-170,10.31,2154.92,-17.36,-9.39,33346.52,0.33,14.38,1.02,4.9,0.67,1388,82.32
3704,合勤控,48.85,48.9,48.85,2.15,4.6,5914,64.74,-1238,0,-14,-1252,2014,1766,248,0.04,1595,1847,0,0,252,0.31,0.04,1091,1081,10,2852,3111,-259,43.23,2881.18,3.9,43.39,25442.27,0.29,24.01,0.98,0.82,6.33,6572,41.54
3705,永信,56.9,57,57,0.5,0.88,400,64.97,69,0,-19,50,122,123,-1,0,122,122,0,0,0,0.3,0,85,67,18,199,216,-17,19.19,693.85,11.87,-1.53,8020.3,0.89,44.23,2.91,5.26,0.6,402,26.64
3706,神達,91.7,91.8,91.8,4.5,5.15,30249,49.2,-6458,-147,-213,-6818,15702,20461,-4759,-0.16,-2821,2014,13688,18523,0,0.52,0.61,4846,3021,1825,9955,7021,2934,17.52,13638.5,17.24,49.3,121091.01,1.1,9.21,2.24,4.36,9.98,33112,132.72
3707,漢磊,75,75.3,75.3,4.7,6.66,8759,54.93,5,0,6,11,2854,2982,-128,-0.01,1521,2434,359,676,596,0.32,0.14,1619,1456,163,4369,4405,-36,--,590.34,0.99,27.97,6290.77,-0.35,5.06,-1.03,0,16.87,14614,39.68
3708,上緯投控,120.5,121,120.5,3.5,2.99,554,48.95,50,3,18,71,216,166,50,0.09,216,216,0,0,0,0.38,0,112,93,19,235,304,-69,2.94,132.55,22.08,70.6,933.09,0.13,16.26,-0.04,4.98,16.66,3837,9.23
3709,鑫聯大投控,77.7,77.8,77.7,-2,-2.51,2458,26.62,-744,0,-109,-853,763,1274,-511,-0.21,-929,115,130,143,1031,0.1,0.48,354,519,-165,1366,691,675,9.15,3473.69,-23.05,1.51,44408.9,3.69,7.6,11.91,3.22,17.91,5622,14.56
3710,連展投控,5.89,5.9,5.9,-0.14,-2.32,1365,36.56,-625,0,0,-625,0,0,0,0,0,0,0,0,0,0,0,0,213,-213,1369,1156,213,--,647.61,5.06,8.73,7068.98,-0.74,17.77,-12.41,0,--,0,28.73
3711,日月光投控,569,570,569,29,5.37,17597,45.86,-5557,-29,-76,-5662,15794,16258,-464,-0.03,15729,15738,56,65,0,0.87,0,2090,1749,341,374,251,123,53.73,63033.31,1.26,28.57,694939.32,3.24,20.07,3.86,1.16,0.81,9012,447.06
3712,永崴投控,18.45,18.5,18.45,0.2,1.1,580,32.46,-100,0,-6,-106,100,99,1,0,100,100,0,0,0,0.17,0,0,0,0,492,493,-1,--,1641.57,-51.48,-8.29,30699.51,-1.94,37.74,33.76,0,4.56,2806,24.62
3713,新晶投控,16.05,16.2,16.2,0.1,0.62,109,74.31,-12,0,0,-12,0,0,0,0,0,0,0,0,0,0,0,51,44,7,59,66,-7,--,40.04,27.77,106.35,360.96,-0.22,22.86,-2.72,0,--,0,8.81
3714,富采,65.9,66,66,1.2,1.85,13097,47.79,9,0,-265,-256,5941,6729,-788,-0.06,2166,4849,77,49,2711,0.37,0.21,2042,1994,48,5223,4483,740,--,2089.66,-0.5,8.12,22039.48,-0.2,11.14,-0.32,1.36,22.26,37165,73.79
3715,定穎投控,174.5,175,174.5,8.5,5.12,15832,57.46,4838,-3,240,5075,12264,10293,1971,0.12,11933,11706,558,331,0,0.76,0.02,1513,2382,-869,2294,3396,-1102,179.9,2516.22,21.81,69.11,22115.23,-0.74,16.12,-2,0.62,37.82,26814,28.36
3716,中化控股,35.5,35.55,35.55,0.75,2.16,458,57.46,84,0,3,87,0,0,0,0,0,0,0,0,0,0,0,39,36,3,429,432,-3,14.11,675.65,-7.16,-6.24,8499.81,1.57,40.66,2.5,2.81,1.63,612,14.98
3717,聯嘉投控,21.15,21.2,21.15,-0.3,-1.4,1632,39.8,-286,0,43,-243,0,48,-48,-0.03,-48,0,0,0,48,0,0.03,448,314,134,1191,1277,-86,62.21,549.99,-5.14,--,--,0.47,17.27,2.99,0.95,18.34,9540,24.69
4102,永日,17.7,17.8,17.8,0.1,0.56,60,57.63,-19,0,0,-19,0,0,0,0,0,0,0,0,0,0,0,0,0,0,60,60,0,--,48.43,29.86,27.69,471.09,0.09,26.55,0.69,0,2.33,247,4.24
4104,佳醫,70.8,70.9,70.9,0.5,0.71,224,43.18,35,0,-4,31,15,0,15,0.06,15,15,0,0,0,0.06,0,17,45,-28,200,187,13,16.37,790.64,-6.06,14.66,9084.98,1.12,21.31,1.99,6.06,0.31,144,18.84
4105,東洋,74.1,74.2,74.1,-0.4,-0.54,1074,30.04,-73,-205,-2,-280,312,634,-322,-0.3,-322,105,30,63,394,0.12,0.42,184,167,17,588,283,305,11.44,518.35,0.03,-3.6,6574.35,1.78,59.99,6,6.07,1.46,905,24.87
4106,雃博,23.9,24.05,24.05,0.1,0.42,118,48.7,-31,0,-3,-34,0,0,0,0,0,0,0,0,0,0,0,23,0,23,97,120,-23,16.82,221.72,6.65,17.46,2464.22,0.46,49.46,1.85,4.16,3.21,811,10.09
4107,邦特,116.5,117,117,2,1.74,48,64.58,18,0,0,18,0,0,0,0,0,0,0,0,0,0,0,23,0,23,26,49,-23,14.75,193.67,-0.25,6.39,2174.95,2.09,45.21,4.15,4.7,1.19,207,6.93
4108,懷特,12.4,12.45,12.4,0.1,0.81,252,34.98,-25,0,-2,-27,0,0,0,0,0,0,0,0,0,0,0,0,0,0,256,256,0,--,11.87,21.66,18.45,140.33,-0.08,35.36,-1.19,0,--,0,19.86
4109,加捷生醫,12.25,12.3,12.3,0.3,2.5,693,35.39,-179,0,0,-179,0,0,0,0,0,0,0,0,0,0,0,0,98,-98,695,597,98,26.17,43.83,-30.66,17.73,493.18,0.15,28.29,1.08,1.63,13.35,3637,11.87
4111,濟生,29.9,30,29.9,-0.1,-0.33,115,40.35,5,0,0,5,0,0,0,0,0,0,0,0,0,0,0,20,38,-18,96,78,18,9.97,124.86,-2.04,0.27,1421.81,0.9,40.99,3.83,4.35,4.39,657,5.98
4113,聯上,14.9,15,15,0,0,107,50.94,-8,0,0,-8,0,0,0,0,0,0,0,0,0,0,0,0,0,0,108,108,0,--,0.08,0,-99.83,111.95,-0.22,44.51,-1.18,0,18.07,10444,23.11
4114,健喬,30.45,30.5,30.5,0.25,0.83,1007,45.43,-39,0,1,-38,173,251,-78,-0.08,173,173,0,0,0,0.17,0,207,222,-15,640,547,93,19.3,570.41,1.39,13.53,6431.62,0.38,42.33,1.34,5.41,2.13,2717,51.02
4116,明基醫,37.6,37.65,37.7,0.25,0.67,41,58.54,1,0,0,1,0,0,0,0,0,0,0,0,0,0,0,0,0,0,42,42,0,24.48,456.73,-9.9,1.21,5420.56,0.28,32.25,2.18,5.31,2.62,292,4.46
4119,旭富,42.6,42.75,42.75,1.65,4.01,943,49.46,-327,0,-2,-329,153,0,153,0.16,81,81,0,0,0,0.08,0,111,128,-17,689,825,-136,53.44,60.93,-31.31,-47.12,1227.86,0.17,21.91,0.37,1.75,2.2,656,11.95
4120,友華,45.4,46.35,45.85,0.35,0.77,7,57.14,2,0,0,2,0,0,0,0,0,0,0,0,0,0,0,0,0,0,7,7,0,--,395.3,-0.94,5.16,4605.81,-0.29,52,-0.05,8.72,3.37,731,8.67
4121,優盛,13.8,13.85,13.8,0.05,0.36,76,31.58,-15,0,0,-15,0,0,0,0,0,0,0,0,0,0,0,0,0,0,76,76,0,--,317.89,5.63,-3.49,3770.18,-0.11,33.88,-0.75,0,25.23,5241,8.31
4123,晟德,37.8,37.9,37.8,-0.1,-0.26,2380,32.31,-688,0,-2,-690,98,1077,-979,-0.41,-991,30,0,457,564,0.01,0.43,329,364,-35,1973,958,1015,2.71,138.46,-21.92,8.07,1653.66,2.62,46.58,7.17,5.95,7,12689,76.95
4126,太醫,79.3,79.5,79.3,-0.2,-0.25,49,18.75,-6,0,0,-6,0,0,0,0,0,0,0,0,0,0,0,0,7,-7,50,43,7,16.22,212.21,15.7,-1.97,2388.34,1.44,31.3,3.46,5.67,3.93,714,7.26
4127,天良,63,64,64,-3,-4.48,257,54.31,3,0,-47,-44,22,48,-26,-0.11,-26,0,22,48,0,0.09,0.2,58,68,-10,181,145,36,457.14,60.56,-11.89,27.02,635.73,0.75,59.74,7,0,8.05,921,4.58
4128,中天,15,15.05,15,0,0,2243,39.16,-267,0,2,-265,66,94,-28,-0.01,-28,66,0,0,94,0.03,0.04,151,369,-218,2049,1803,246,--,158.26,-1.02,4.11,1948.32,-0.31,39.02,-2.47,0,4.94,7265,58.82
4129,聯合,90.1,90.2,90.1,0.4,0.45,225,26.67,14,0,0,14,105,75,30,0.13,105,105,0,0,0,0.46,0,0,19,-19,122,133,-11,18.93,500.6,-6.31,19.55,5989.65,0.91,79.59,2.07,4.99,6.18,1489,9.64
4130,健亞,25.8,25.9,25.9,0.05,0.19,105,43.81,6,0,1,7,0,0,0,0,0,0,0,0,0,0,0,0,0,0,107,107,0,--,40.48,2.23,2.33,466.07,-0.09,30.18,-0.67,0,4.49,1547,13.79
4131,浩泰,35.5,35.75,35.8,1.3,3.77,48,57.89,-14,0,0,-14,0,0,0,0,0,0,0,0,0,0,0,0,0,0,48,48,0,--,33.63,20.2,135.43,260.81,-0.05,50.74,-0.44,0,--,0,3.99
4133,亞諾法,20.8,20.9,20.9,0.3,1.46,92,26.09,-20,0,0,-20,0,0,0,0,0,0,0,0,0,0,0,0,0,0,96,96,0,696.67,29.1,-15.38,-4.6,347.3,0.28,52.5,1.32,0.53,6.78,1026,6.06
4137,麗豐-KY,109,109.5,109,-4.5,-3.96,569,28.27,-89,0,-5,-94,172,253,-81,-0.14,-253,0,0,0,253,0,0.44,77,145,-68,328,179,149,13.87,285.2,-18.23,-14.58,3964.61,1.41,79.65,2.14,9.17,5.14,1061,8.25
4138,曜亞,51.4,51.6,51.5,-0.3,-0.58,39,28.95,0,0,0,0,0,0,0,0,0,0,0,0,0,0,0,0,0,0,41,41,0,14.27,116.65,-8.14,10.58,1389.46,0.84,40.5,1.91,8.16,0.48,48,3.99
4139,馬光-KY,22.4,23.5,22.8,0.5,2.24,9,55.56,1,0,0,1,0,0,0,0,0,0,0,0,0,0,0,0,0,0,9,9,0,--,96.28,5.08,6.18,1087.99,-0.55,5.76,-6.49,0,--,1305,4.5
4142,國光生,17.6,17.7,17.6,-0.05,-0.28,902,24.66,-83,0,-10,-93,0,85,-85,-0.09,0,0,0,0,0,0,0,201,84,117,707,739,-32,--,6.77,-70.22,51.88,1432.81,-0.44,-90.58,-4.05,0,6.19,6648,42.95
4147,中裕,55,55.3,55,0.9,1.66,1128,46.49,-20,0,-1,-21,113,183,-70,-0.06,113,113,0,0,0,0.1,0,218,167,51,809,790,19,--,63.34,34.1,42.94,628.68,0.06,62.5,0.43,0,13.87,9476,27.32
4148,全宇生技-KY,32,32.15,32,0.15,0.47,16,25,-5,0,0,-5,0,0,0,0,0,0,0,0,0,0,0,0,0,0,16,16,0,14.81,276.16,-23.71,21.75,3114.81,0.08,27.89,0.43,3.13,2.89,485,6.72
4153,鈺緯,31.6,31.95,31.65,0,0,33,60.61,2,0,0,2,0,0,0,0,0,0,0,0,0,0,0,0,0,0,34,34,0,20.55,75.71,2.12,-4,867.38,0.42,27.84,2.52,6.32,1.89,277,5.87
4154,樂威科-KY,13,13.8,13.95,0.45,3.33,4,50,0,0,0,0,0,0,0,0,0,0,0,0,0,0,0,0,0,0,4,4,0,--,2.44,8.34,99.27,26.89,-0.25,17.23,-3.77,0,--,0,3.84
4155,訊映,14.9,15.05,14.9,-0.1,-0.67,553,43.19,-152,0,0,-152,0,0,0,0,0,0,0,0,0,0,0,56,84,-28,502,474,28,19.1,139.23,9.46,-2.96,1510.66,0.39,31.96,2.46,2.01,2.33,842,14.47
4157,太景*-KY,8.88,8.9,8.88,-0.03,-0.34,1711,33.67,-589,0,0,-589,0,118,-118,-0.07,-118,0,0,0,118,0,0.07,151,59,92,1570,1544,26,111,2.92,28.25,-22.75,256.69,-0.02,52.51,-1.35,0,4.88,8685,0.01
4160,訊聯基因,40.2,40.65,40.6,0.25,0.62,39,29.73,-1,0,0,-1,0,0,0,0,0,0,0,0,0,0,0,0,0,0,46,46,0,78.08,52.78,-18.45,7.48,612.8,0.01,40.36,0.04,1.23,2.52,168,2.67
4161,聿新科,22.6,22.7,22.65,-0.25,-1.09,83,20.48,13,0,0,13,0,0,0,0,0,0,0,0,0,0,0,0,0,0,83,83,0,18.27,95.98,48.79,73.81,913.84,0.3,29.15,1.78,3.09,8.03,1201,5.98
4162,智擎,56.9,57,57,0.5,0.88,630,54.93,52,0,-1,51,114,68,46,0.07,114,114,0,0,0,0.18,0,203,136,67,318,431,-113,19.66,28.15,17.27,51.89,972.92,0.96,93.65,2.75,3.51,7.57,2756,14.57
4163,鐿鈦,116.5,117,117,2.5,2.18,196,47.13,-38,0,0,-38,20,45,-25,-0.13,20,20,0,0,0,0.1,0,56,62,-6,123,92,31,25.6,220.58,-7.11,8.08,2472.39,1.29,42.88,2.29,2.99,2.18,276,5.07
4164,承業醫,30,30.05,30,0,0,617,46.6,-167,0,-3,-170,120,73,47,0.08,44,44,0,0,0,0.07,0,42,58,-16,463,494,-31,28.04,304.39,-47.25,21.8,4608.45,0.13,23.13,0.46,3.67,15.56,7412,19.53
4166,友霖,23.25,23.35,23.3,0,0,223,36.41,-19,0,0,-19,0,0,0,0,0,0,0,0,0,0,0,0,47,-47,223,176,47,28.77,113.02,-13.75,-0.9,1441.98,0.16,55.85,1.5,0,1.38,836,24.3
4167,松瑞藥,20.45,20.5,20.45,0.1,0.49,2104,46.25,144,0,6,150,181,328,-147,-0.07,-275,53,0,0,328,0.03,0.16,408,148,260,1521,1634,-113,26.22,87.98,-8.05,-23.04,1122.05,0.29,30.97,2.44,7.24,14.09,10937,31.04
4168,醣聯,25,25.1,25.1,0,0,172,31.4,-59,0,-1,-60,0,0,0,0,0,0,0,0,0,0,0,0,0,0,173,173,0,--,1.9,--,185.71,37.58,-0.67,45.25,-8.03,0,--,166,11.25
4169,泰宗,150,151,150,-1,-0.66,82,33.75,-7,0,-1,-8,0,13,-13,-0.15,-13,0,0,0,13,0,0.15,15,13,2,71,60,11,--,57.16,-3.34,-17.16,--,-0.45,44.65,-2.43,0.24,--,0,6.64
4171,瑞基,17.65,17.75,17.65,-0.15,-0.84,95,25.26,-35,0,0,-35,0,0,0,0,0,0,0,0,0,0,0,0,0,0,96,96,0,--,20.19,-6.42,4.66,233.45,-0.09,71.8,-1.05,0,5.17,750,5.81
4173,久裕,18.35,18.4,18.4,0.2,1.1,38,32.43,-8,0,0,-8,0,0,0,0,0,0,0,0,0,0,0,0,0,0,44,44,0,17.69,109.74,-10.58,-6.44,1574.16,0.26,20.38,0.97,5.65,2.35,438,7.46
4174,浩鼎,28.75,28.9,28.75,0.15,0.52,234,18.86,6,0,0,6,0,0,0,0,0,0,0,0,0,0,0,0,0,0,242,242,0,--,1.52,-56.03,-59.54,45.77,-3.35,-497.41,-20.28,0,4.32,1422,13.16
4175,杏一,53.2,53.3,53.4,0.4,0.75,16,37.5,0,0,0,0,0,0,0,0,0,0,0,0,0,0,0,0,0,0,18,18,0,17.34,644.4,-5.53,3.57,8019.38,0.43,33.47,1.16,5.62,0.3,32,4.23
4178,永笙-KY,18.5,18.55,18.5,0.15,0.82,206,48.76,-49,0,-1,-50,0,0,0,0,0,0,0,0,0,0,0,30,0,30,177,207,-30,--,32.67,17.61,29.7,--,-0.19,27.68,-2.13,0,--,0,21.59
4183,福永生技,13.05,14.6,--,--,--,0,--,0,0,0,0,0,0,0,--,0,0,0,0,0,--,--,0,0,0,0,0,0,--,28.3,49.98,-22.56,434.65,-0.52,15.27,-4.47,0,--,0,2.38
4188,安克,10.5,10.75,10.75,0.25,2.38,149,40.94,0,0,0,0,0,0,0,0,0,0,0,0,0,0,0,56,54,2,93,95,-2,--,2.18,-18.67,-8.74,29.75,-0.21,48.76,-2.76,0,--,0,6.33
4190,佐登-KY,25.15,25.3,25.15,0.25,1,83,37.8,-23,0,0,-23,0,0,0,0,0,0,0,0,0,0,0,0,0,0,95,95,0,--,179.9,-13.88,5.22,2227.89,-0.26,65.46,-0.96,1.99,2.33,358,6.14
4192,杏國,20.45,21,21.1,0,0,8,100,0,0,0,0,0,0,0,0,0,0,0,0,0,0,0,0,0,0,9,9,0,--,2.72,41.65,-18.74,26.71,-0.37,64.05,-5.43,0,--,0,3.52
4198,欣大健康,36.8,37.95,37.85,0.35,0.93,17,64.71,0,0,0,0,0,0,0,0,0,0,0,0,0,0,0,0,0,0,17,17,0,--,8.47,-35.2,-38.53,172.69,-0.39,36.4,-3.5,0,--,0,2.41
4205,中華食,72.7,72.9,72.5,0.1,0.14,38,7.89,-2,0,0,-2,0,15,-15,-0.37,0,0,0,0,0,0,0,0,0,0,41,26,15,17.68,158.64,-5.07,-7.45,2061.57,0.89,36.33,3.66,4.83,0.02,4,9.76
4207,環泰,19.6,19.7,19.7,0.05,0.25,123,76.42,47,0,0,47,0,0,0,0,0,0,0,0,0,0,0,61,0,61,66,127,-61,10,477.79,-3.77,5.63,5289.69,0.49,20.07,3.36,6.09,1.99,990,19.85
4303,信立,46.5,46.65,46.55,0.25,0.54,382,37.93,8,0,0,8,0,0,0,0,0,0,0,0,0,0,0,28,62,-34,363,329,34,14.92,96.35,2.08,23.25,1009.77,-0.48,19.53,-1.23,10.74,35.11,8304,9.46
4304,勝昱,24.2,25.3,24.2,-0.5,-2.02,36,36.11,0,0,0,0,0,0,0,0,0,0,0,0,0,0,0,0,0,0,36,36,0,--,31.6,-32.49,-3.95,346.32,-0.13,14.08,-2.6,0,--,0,6.1
4305,世坤,44.25,44.65,44.2,0.35,0.8,15,66.67,0,0,0,0,0,0,0,0,0,0,0,0,0,0,0,0,0,0,15,15,0,11.42,87.98,-15.06,-18.3,1051.62,1.13,33.92,4.85,7.01,0.01,1,5.5
4306,炎洲,15.1,15.2,15.1,0.15,1,2609,46.17,140,0,-99,41,429,234,195,0.07,429,429,0,0,0,0.16,0,785,629,156,1418,1769,-351,40.81,1398.62,8.94,40.04,14193.5,0.24,17.04,1.36,4.64,2.18,3689,67.68
4401,東隆興,13.65,13.85,13.65,-0.25,-1.8,285,38.95,22,0,6,28,0,100,-100,-0.35,-100,0,0,0,100,0,0.35,0,90,-90,287,97,190,18.96,348.23,1.75,1.32,3841.33,0.16,8.22,0.72,4.4,2.14,656,12.27
4402,郡都開發,16.1,--,16.1,1.45,9.9,146,91.27,96,0,4,100,84,0,84,0.56,84,84,0,0,0,0.56,0,0,35,-35,67,116,-49,--,1.22,-37.8,-32.95,20.86,-0.05,9.18,-0.62,0,--,0,6.8
4406,新昕纖,9.9,9.95,9.92,0.12,1.22,6,50,-1,0,0,-1,0,0,0,0,0,0,0,0,0,0,0,0,0,0,6,6,0,--,9.91,-20.13,-79.26,348,-0.32,-6.05,-2.7,0,2.79,362,5.19
4413,飛寶企業,16.5,17,--,--,--,0,--,0,0,0,0,0,0,0,0,0,0,0,0,0,0,0,0,0,0,1,1,0,18.01,60.54,196.58,-28.33,826.31,0.15,21.88,1.33,1.79,14.94,387,3.13
4414,如興,8.46,8.5,8.46,-0.26,-2.98,520,30.6,-160,0,-1,-161,0,0,0,0,0,0,0,0,0,0,0,0,0,0,525,525,0,--,1215.79,22.13,0.01,14039.81,-1.2,15.54,-7.11,1.3,1.41,755,26.38
4416,三圓,10.7,10.75,10.7,-0.55,-4.89,488,35.45,-141,0,0,-141,0,0,0,0,0,0,0,0,0,0,0,0,98,-98,492,394,98,13.37,7.51,-98.79,-8.53,2128.27,0.23,45.88,0.96,0,1.52,279,7.36
4417,金洲,46.1,46.2,46.1,0.5,1.1,82,58.54,6,0,0,6,0,0,0,0,0,0,0,0,0,0,0,0,0,0,82,82,0,7.92,291.95,35.8,2.22,3370.88,0.83,30.46,2.12,7.59,0.46,96,8.4
4419,皇家美食,45.5,45.7,45.7,0.1,0.22,42,52.38,0,0,0,0,0,0,0,0,0,0,0,0,0,0,0,0,12,-12,42,30,12,--,229.5,-0.61,-2.5,2677.15,-0.27,29.7,-2.48,0,--,0,16.92
4420,光明,38.2,38.4,38.3,-0.4,-1.03,31,28.57,-13,0,0,-13,0,0,0,0,0,0,0,0,0,0,0,0,0,0,34,34,0,47.28,79.33,-14.1,-8.88,999.19,0.17,6.06,0.46,7.83,3.07,310,4.05
4426,利勤,8.13,8.15,8.13,0.03,0.37,155,31.58,-53,0,2,-51,0,0,0,0,0,0,0,0,0,0,0,0,0,0,158,158,0,--,87.94,3.19,26.83,885.67,-0.28,-1.82,-2.64,0,2.1,906,17.27
4430,耀億,17.45,17.5,17.5,0.05,0.29,50,92,21,0,0,21,0,0,0,0,0,0,0,0,0,0,0,0,34,-34,52,18,34,--,201.85,10.78,11.37,2084.75,0.24,22.09,0.78,2.86,0.33,47,5.63
4432,銘旺實,16.4,16.6,16.55,0.1,0.61,21,57.14,2,0,0,2,0,0,0,0,0,0,0,0,0,0,0,0,0,0,21,21,0,4.91,53.7,-23.9,13.33,1080.07,2.97,25.07,9.95,2.42,4.11,520,5.06
4433,興采,20.3,20.35,20.3,-0.1,-0.49,14,33.33,2,0,0,2,0,0,0,0,0,0,0,0,0,0,0,0,0,0,16,16,0,23.07,129.67,-21.77,-52.66,3299.06,0.14,16.23,3.52,4.93,1.93,295,6.13
4438,廣越,62.9,63,63,2.7,4.48,169,67.47,10,0,0,10,0,0,0,0,0,0,0,0,0,0,0,60,40,20,111,131,-20,16.07,1635.44,8.55,-9.95,19680.03,-0.04,11.91,0.53,3.65,3.39,961,11.34
4439,冠星-KY,89.4,90.2,90.2,-0.1,-0.11,21,60,-11,0,0,-11,0,0,0,0,0,0,0,0,0,0,0,0,0,0,21,21,0,10.92,787.28,14.87,15.56,7244.84,2.59,19.37,2.87,4.43,2.47,235,3.81
4440,宜新實業,17.25,17.35,17.3,-0.65,-3.62,464,26.72,-131,0,0,-131,0,0,0,0,0,0,0,0,0,0,0,0,178,-178,465,287,178,10.06,73.47,-30.83,-10.34,1155.52,0.51,17.32,2.62,5.78,0.77,130,6.76
4441,振大環球,206.5,207.5,207,4,1.97,71,63.08,14,0,0,14,5,6,-1,-0.01,5,5,0,0,0,0.07,0,18,17,1,49,49,0,14.52,381.81,-52.35,-35.24,7870.63,4.81,25.32,4.85,5.22,0.44,75,6.82
4442,竣邦-KY,51.3,51.7,51.5,1.4,2.79,20,78.95,0,0,0,0,0,0,0,0,0,0,0,0,0,0,0,0,0,0,20,20,0,11.5,213.75,29.65,4.2,1706.2,1.17,27.15,4.22,6.6,0.41,33,3.23
4502,健信,15.9,15.95,15.8,-0.1,-0.63,5,20,0,0,0,0,0,0,0,0,0,0,0,0,0,0,0,0,0,0,5,5,0,--,107.89,16.07,18.51,1008.77,0.11,20.02,1.1,0,--,530,5.75
4503,金雨,37.85,37.95,37.85,-0.35,-0.92,120,33.03,-28,0,0,-28,0,0,0,0,0,0,0,0,0,0,0,0,0,0,121,121,0,17.36,70.1,-21.09,38.44,730.51,0.81,36.36,3.83,0,19.12,2450,7.83
4506,崇友,117.5,118,117.5,0.5,0.43,40,52.5,19,0,0,19,12,0,12,0.29,12,12,0,0,0,0.29,0,11,12,-1,19,30,-11,16.88,516.69,-25.24,4.3,6268.35,2.11,33.53,6.2,4.51,0,2,17.7
4510,高鋒,46.95,47,46.95,0.35,0.75,1417,38.78,-243,0,-2,-245,50,81,-31,-0.02,50,50,0,0,0,0.03,0,157,314,-157,1223,1035,188,--,177.3,3.03,45.75,1829.67,0.2,18.25,2.25,0,21.68,5907,10.9
4513,福裕,15.2,15.25,15.2,-0.25,-1.62,583,31.37,-131,0,0,-131,0,0,0,0,0,0,0,0,0,0,0,0,0,0,589,589,0,--,109.83,27.92,14.97,1191.99,0.05,19.76,0.48,0,12.87,2646,14.38
4523,永彰,28.95,29.05,28.95,0.3,1.05,85,40.96,-18,0,0,-18,0,0,0,0,0,0,0,0,0,0,0,0,0,0,87,87,0,1.22,63.35,-29.91,-2.26,767.42,-0.15,18.06,-0.87,9.12,7.52,1221,6.49
4526,東台,39.25,39.3,39.25,-0.85,-2.12,6357,29.87,-1623,0,-32,-1655,1043,2007,-964,-0.15,-1730,50,0,0,1780,0.01,0.28,720,1242,-522,4641,3154,1487,38.11,439.75,-3.86,-10.24,4865.03,-0.65,12.1,-3.44,2.55,12.56,8003,25.48
4527,方土霖,41.4,41.5,41.4,0.45,1.1,22,14.29,-2,0,0,-2,0,0,0,0,0,0,0,0,0,0,0,0,0,0,22,22,0,11.69,256.27,0.58,40.08,3155.38,0.65,26.04,2.75,7.25,0.56,107,7.62
4528,江興鍛,15.8,15.9,15.85,0.1,0.63,29,60.71,1,0,0,1,0,0,0,0,0,0,0,0,0,0,0,0,0,0,32,32,0,--,116.58,-6.69,9.37,1541.56,-0.16,13.08,-0.61,1.26,0.86,182,8.42
4529,淳紳,5.06,5.18,5.15,-0.12,-2.28,58,28.85,4,0,0,4,0,0,0,0,0,0,0,0,0,0,0,0,0,0,58,58,0,--,3.5,36.2,689.84,10.38,-0.17,40.11,-5.17,0,--,0,8.45
4530,宏易,24.3,25.1,--,--,--,0,--,0,0,-1,-1,0,0,0,0,0,0,0,0,0,0,0,0,0,0,4,4,0,100.8,72.69,236.74,230.49,437.96,-0.2,24.6,-0.45,0,0.79,25,3.58
4532,瑞智,24.35,24.4,24.4,0.2,0.83,1332,49.92,-151,-19,-10,-180,102,96,6,0,6,102,0,50,46,0.08,0.07,209,268,-59,1027,973,54,13.63,2025.38,-12.85,16.66,20163.83,0.48,14.09,2.23,6.15,2.31,2858,49.49
4533,協易機,31,31.05,31.05,1.9,6.52,1606,51.7,120,0,19,139,263,145,118,0.07,196,219,44,67,0,0.16,0.04,284,179,105,1067,1290,-223,1552.5,415.19,36.57,9.54,3901.26,0.2,25.94,1.21,0.64,24.02,9513,15.84
4534,慶騰,35,--,35,3.15,9.89,5112,72.31,124,0,25,149,2169,990,1179,0.21,2169,2169,0,0,0,0.39,0,677,851,-174,2705,3710,-1005,184.21,79.92,-8.61,36.46,878.44,0.02,16.31,0.19,0,--,0,8.68
4535,至興,27.05,27.15,27.1,0.05,0.18,14,42.86,1,0,0,1,0,0,0,0,0,0,0,0,0,0,0,0,0,0,14,14,0,26.83,227.21,3.56,-0.38,2470.39,0.29,17.65,1.62,2.95,0.7,132,7.57
4536,拓凱,163.5,164,163.5,3,1.87,180,64,42,0,-3,39,49,17,32,0.17,49,49,0,0,0,0.26,0,45,35,10,91,133,-42,12.18,860.7,0.76,-17.22,8938.86,3.61,34.31,3.75,4.89,3.68,836,9.08
4538,大詠城,18.1,18.2,18.1,-0.05,-0.28,24,26.09,-1,0,0,-1,0,0,0,0,0,0,0,0,0,0,0,0,0,0,24,24,0,64.64,37.33,15.92,23.97,404.41,0.1,16.52,0.71,5.52,3.65,542,5.95
4540,全球傳動,66.4,66.5,66.5,1.7,2.62,2692,45.45,-334,0,0,-334,548,754,-206,-0.08,489,548,0,59,0,0.2,0.02,516,553,-37,1663,1419,244,--,254.26,-26.7,33.35,2939.5,-0.19,13.94,-0.64,0,21.03,6056,11.52
4541,晟田,46.95,47,47,0.5,1.08,665,47.85,112,0,0,112,33,22,11,0.02,33,33,0,0,0,0.05,0,52,71,-19,585,577,8,22.6,183.26,10.01,10.16,1820.12,0.68,20.52,2.72,2.98,25.37,4291,6.76
4542,科嶠,345.5,--,345.5,31,9.86,483,100,-19,0,6,-13,479,406,73,0.15,479,479,0,0,0,0.98,0,4,38,-34,8,47,-39,290.34,108.12,12.37,57.55,806.75,0.4,39.18,1.78,0.27,62.14,5373,3.46
4543,萬在,39.2,39.45,39.4,0.15,0.38,378,55.96,35,0,0,35,0,26,-26,-0.07,0,0,0,0,0,0,0,48,66,-18,334,290,44,39.8,76.94,1.7,0.02,877.77,0.76,34.05,2.52,1.78,6.82,1019,5.98
4545,銘鈺,38.6,38.7,38.6,1.3,3.49,243,32.64,-15,0,0,-15,0,27,-27,-0.11,0,0,0,0,0,0,0,21,0,21,223,217,6,--,222.62,41.36,22.6,2361.32,0.21,15.23,0.85,0.34,6.7,1290,7.7
4549,桓達,111.5,112,111.5,3,2.76,340,45.99,22,0,0,22,64,50,14,0.04,21,43,0,0,22,0.12,0.06,57,62,-5,227,236,-9,36.56,110.42,26.02,-2.28,1174.33,0.74,62.38,2.18,2.87,7.82,1114,5.7
4550,長佳,25.25,25.3,25.25,-0.05,-0.2,77,20.78,0,0,0,0,0,0,0,0,0,0,0,0,0,0,0,0,0,0,78,78,0,14.19,41.22,-0.61,-5.28,916.53,0.62,22.76,2.44,4.83,1.47,139,3.78
4551,智伸科,144,144.5,144,4.5,3.23,1852,55,472,-641,-1,-170,1447,1542,-95,-0.05,1245,1395,0,0,150,0.75,0.08,129,105,24,290,218,72,21.59,760.53,-1.53,26.74,8366.13,2.7,23.48,3.47,2.92,6.16,1773,11.52
4552,力達-KY,21,21.05,21,0,0,131,45.67,-16,0,0,-16,0,0,0,0,0,0,0,0,0,0,0,0,0,0,132,132,0,13.64,314.24,-1.85,0.72,3362.19,0.12,17.72,0.21,2.86,7.36,2134,11.6
4554,橙的,30.5,30.6,30.5,0,0,70,32.86,-12,0,0,-12,0,0,0,0,0,0,0,0,0,0,0,0,0,0,71,71,0,23.64,55.64,11.41,22.14,504.45,0.04,38.79,0.21,6.56,0.9,59,2.63
4555,氣立,51,51.1,51,0.3,0.59,351,37.2,-29,0,0,-29,0,0,0,0,0,0,0,0,0,0,0,43,23,20,315,335,-20,221.74,160.09,-1.16,17.78,1661.66,0.04,30.13,0.19,0.98,21.08,3688,7
4556,旭然,50.3,--,50.3,4.55,9.95,506,100,30,0,5,35,373,236,137,0.27,373,373,0,0,0,0.73,0,75,96,-21,65,181,-116,48.83,55.63,-6.09,1.56,695.56,0.13,36.53,0.67,1.19,2.42,256,4.23
4557,永新-KY,46,46.2,46.15,1.05,2.33,81,52.5,13,0,0,13,0,0,0,0,0,0,0,0,0,0,0,0,0,0,82,82,0,--,307.69,6.69,-19.61,3498.65,0.11,23,-0.2,4.33,3.02,362,4.8
4558,寶緯,19,19.05,19,-0.15,-0.78,121,19.83,3,0,0,3,0,0,0,0,0,0,0,0,0,0,0,0,0,0,121,121,0,1900,170.98,-32.41,36.06,1605.7,0.06,11.17,0.35,0,2.17,271,5
4560,強信-KY,31.9,32,31.95,0.35,1.11,212,51.43,20,0,-10,10,0,0,0,0,0,0,0,0,0,0,0,67,79,-12,145,133,12,11.13,168.34,-3.28,21.97,1784.28,0.76,36.23,2.53,4.69,1.61,274,6.81
4561,健椿,44.6,44.8,44.6,0.5,1.13,345,32.44,-60,0,0,-60,0,0,0,0,0,0,0,0,0,0,0,0,0,0,350,350,0,69.69,93.82,-27.65,15.01,979.81,0.25,23.03,1.08,0.45,9.36,1369,5.85
4562,穎漢,38.5,38.55,38.5,0.85,2.26,806,34.59,-194,0,-1,-195,0,0,0,0,0,0,0,0,0,0,0,29,69,-40,785,745,40,--,64.19,-11.85,10.03,706.97,0.11,40.69,1.04,0,12.17,2663,8.75
4563,百德,45.8,46.15,45.8,-0.35,-0.76,193,18.85,-85,0,0,-85,0,0,0,0,0,0,0,0,0,0,0,0,0,0,198,198,0,--,261.09,9.16,17.89,2649.93,-0.52,27.17,-2.19,0,8.52,1171,5.5
4564,元翎,15.3,15.35,15.35,-0.25,-1.6,553,32.84,-136,0,-5,-141,0,0,0,0,0,0,0,0,0,0,0,0,0,0,562,562,0,--,65.31,1.21,-42.74,906.3,-0.3,-21.44,-1.68,0,18.3,10648,23.28
4566,時碩工業,63.2,63.6,63.2,-0.4,-0.63,1101,44.03,10,0,1,11,134,333,-199,-0.18,-125,75,0,0,200,0.07,0.18,209,200,9,770,580,190,67.96,456.48,-5.14,9.95,5145.02,0.37,21.89,0.85,1.08,16.8,4621,11
4568,科際精密,40.45,40.6,40.5,-1.35,-3.23,58,70.69,5,0,0,5,0,31,-31,-0.53,-31,0,0,0,31,0,0.53,0,0,0,58,27,31,27.93,95.07,-12.76,-4.66,1201.81,0.48,29.31,1.36,4.94,0.64,51,3.17
4569,六方科-KY,163,168,163,1.5,0.93,53,44.23,-12,0,1,-11,0,0,0,0,0,0,0,0,0,0,0,5,9,-4,49,45,4,33.82,167.87,11.66,14.59,1870.83,3.22,28.11,3.55,1.99,11.19,856,3.06
4571,鈞興-KY,191,191.5,191,0,0,343,35.76,-85,0,-3,-88,75,149,-74,-0.21,-57,29,40,78,48,0.2,0.36,63,64,-1,213,139,74,21.66,259.05,9.99,7.22,3033.1,2.41,34.5,3.82,2.76,12.26,1625,5.3
4572,駐龍,143,145,143,0,0,40,36.11,5,0,1,6,0,0,0,0,0,0,0,0,0,0,0,6,0,6,34,40,-6,53.96,52.38,-18.19,-9.62,676.22,0.92,33.39,1.9,3.5,3.12,312,4
4576,大銀微系統,213.5,214,214,4,1.9,1678,44.86,-395,12,-6,-389,658,1004,-346,-0.2,205,431,204,360,70,0.37,0.25,203,194,9,873,536,337,84.25,335.39,-1.95,48.04,3188.68,0.96,39.01,2.93,0.37,9.45,2831,11.98
4577,達航科技,94.3,94.7,94.3,0.4,0.43,572,34.45,-127,0,2,-125,18,13,5,0.01,5,0,18,13,0,0.03,0.02,51,98,-47,519,477,42,--,66.37,-5.77,62.58,846.37,-0.21,21.85,-1.08,0,11.02,1354,4.91
4580,捷流閥業,81.4,82,81.8,0.4,0.49,31,45.16,-2,0,0,-2,0,0,0,0,0,0,0,0,0,0,0,0,0,0,32,32,0,13.45,180.9,-12.31,-0.09,2305.96,1.76,28.53,2.94,4.89,0.94,110,4.68
4581,光隆精密-KY,49.6,49.65,49.55,-0.35,-0.7,24,34.78,-4,0,0,-4,0,0,0,0,0,0,0,0,0,0,0,0,0,0,24,24,0,11.83,111.93,11.45,8.42,1092.16,0.88,33.23,2.37,6.05,0.59,50,3.39
4583,台灣精銳,643,647,647,5,0.78,131,49.6,-38,0,-3,-41,78,80,-2,-0.01,50,59,17,21,5,0.55,0.19,54,54,0,6,4,2,56.75,285.61,-16.62,6.89,3151.8,3.56,53.13,2.87,1.55,19.1,3828,8.02
4584,君帆,40.8,42.85,--,--,--,0,--,0,0,0,0,0,0,0,--,0,0,0,0,0,--,--,0,0,0,0,0,0,13.59,86.79,-2.94,-15.05,1169.07,0.91,30.16,2.53,4.89,--,0,3
4585,達明,330.5,331,330.5,4.5,1.38,251,35.44,-48,0,3,-45,35,56,-21,-0.08,31,35,0,4,0,0.13,0.01,69,73,-4,166,141,25,250.38,155.71,9.54,27.05,1863.13,0.65,49.88,0.99,0.3,2.36,617,10.46
4588,玖鼎電力,59,59.3,59.2,1.4,2.42,132,37.01,-14,0,1,-13,0,0,0,0,0,0,0,0,0,0,0,0,0,0,133,133,0,16.63,98.98,743.46,33.37,949.08,0.63,32.2,2.86,5.07,4.15,446,4.3
4609,唐鋒,5.4,5.74,5.78,0,0,1,--,0,0,0,0,0,0,0,0,0,0,0,0,0,0,0,0,0,0,1,1,0,--,22.86,191.61,37.98,161.05,-0.08,0.58,-2.62,0,--,0,4.79
4702,中美實,10.1,10.2,10.15,0,0,138,50.36,5,0,0,5,0,0,0,0,0,0,0,0,0,0,0,0,0,0,143,143,0,6.72,2.68,-47.04,107.6,70.19,0.45,37.27,2.45,4.93,8.64,1562,7.23
4706,大恭,31.2,32.2,31.7,-0.05,-0.16,16,73.33,3,0,0,3,0,0,0,0,0,0,0,0,0,0,0,0,0,0,16,16,0,72.05,94.2,-15.95,24.83,1177.74,0.28,19.48,1.46,0.95,0.47,93,7.9
4707,磐亞,20.45,20.5,20.5,1.25,6.49,1587,49.6,-77,0,161,84,228,206,22,0.01,228,228,0,0,0,0.15,0,151,126,25,1225,1272,-47,22.04,98.62,55.42,-5.3,1254.95,0.26,-4.03,1.64,2.44,10.91,11008,40.37
4711,永純,17.9,18.1,17.9,-0.65,-3.5,688,32.56,-11,0,0,-11,0,0,0,0,0,0,0,0,0,0,0,0,118,-118,693,575,118,47.11,74.11,-18.58,8.86,788.08,0.23,18.67,1.38,2.79,8.54,1304,6.11
4714,永捷,13.4,13.45,13.4,0,0,542,27.95,-85,0,-1,-86,0,0,0,0,0,0,0,0,0,0,0,0,79,-79,547,468,79,--,203.77,-0.94,96.03,1932.24,-0.02,12.99,-0.32,0,15.85,7055,17.81
4716,大立,16.5,16.6,16.5,-0.3,-1.79,752,22.35,-207,0,0,-207,0,0,0,0,0,0,0,0,0,0,0,64,70,-6,696,690,6,--,46.54,-27.36,-2.12,529.91,0.17,14.34,1.4,0,45.12,10103,9.44
4720,德淵,24.7,24.75,24.7,-0.3,-1.2,4136,42.52,-881,-2,1,-882,746,1527,-781,-0.19,-870,0,0,0,870,0,0.21,331,872,-541,3074,1752,1322,40.49,331.3,-8.79,15.22,3720.25,0.2,22.2,1.32,1.62,14.67,4199,11.45
4721,美琪瑪,94.5,94.6,94.5,7.2,8.25,2999,62.22,575,0,75,650,699,384,315,0.1,699,699,0,0,0,0.23,0,696,470,226,1655,2196,-541,23.98,259.19,3.82,-31.86,2691.11,1.67,25.66,9.39,2.43,11.33,2124,7.5
4722,國精化,244.5,245,245,-4.5,-1.8,3515,50.95,-242,108,-92,-226,2434,2673,-239,-0.07,-1588,113,870,866,1705,0.28,0.72,284,280,4,851,617,234,144.12,295.44,-22.8,-6.72,3688.55,0.22,14.15,0.7,0.49,64.21,16500,10.35
4726,永昕,27.05,27.35,27.1,0.5,1.88,136,57.35,-8,0,0,-8,0,0,0,0,0,0,0,0,0,0,0,0,0,0,137,137,0,--,106.74,12.87,301.01,895.46,-0.56,-30.01,-7.58,0,--,335,20.7
4728,雙美,376,378.5,379,0,0,3,33.33,3,0,0,3,0,0,0,0,0,0,0,0,0,0,0,2,0,2,2,4,-2,28.52,202.15,-10.29,29.7,2083.11,4.07,78.91,15.81,3.19,13.5,1838,5.45
4729,熒茂,22.85,22.95,22.85,-0.2,-0.87,746,22.87,-100,0,0,-100,0,46,-46,-0.06,-46,0,0,0,46,0,0.06,85,96,-11,665,608,57,228.5,101.65,19.48,11.06,1058.54,0.04,24.61,0.39,0,15.84,3137,7.92
4735,豪展,31.45,31.7,31.5,-0.2,-0.63,20,5,-2,0,0,-2,0,0,0,0,0,0,0,0,0,0,0,0,0,0,21,21,0,10.16,84.14,-21.91,2.98,987.29,1.19,33.12,4.54,6.38,2.81,292,4.16
4736,泰博,124.5,125,125,0.5,0.4,170,56.63,115,0,0,115,84,27,57,0.33,84,84,0,0,0,0.49,0,43,48,-5,46,98,-52,6.85,319.24,-13.3,-15.04,4220.94,2.99,49.5,2.93,4.8,1.12,268,9.54
4737,華廣,54.6,54.8,54.6,0.9,1.68,63,40.32,-7,0,0,-7,0,0,0,0,0,0,0,0,0,0,0,0,0,0,63,63,0,--,141.32,-15.62,-8.43,1749.4,-1.09,30.17,-3.99,0,5.28,1021,7.74
4739,康普,130,--,130,11.5,9.7,17269,68.86,-495,0,-90,-585,12560,12260,300,0.02,10727,11381,1179,1833,0,0.72,0.11,1575,1999,-424,3284,3160,124,40.75,1159.55,12.92,140.95,8690.1,1.51,17.93,3.21,0.77,33.73,10244,12.47
4741,泓瀚,76,--,76,6.9,9.99,1944,90.98,130,0,-11,119,1124,1035,89,0.05,1124,1124,0,0,0,0.57,0,205,292,-87,632,635,-3,152,51.52,8.34,20.25,500.17,0.31,35.31,1.14,0.39,37.35,3251,3.48
4743,合一,49.8,49.85,49.8,0.15,0.3,2142,48.22,-389,0,-1,-390,406,568,-162,-0.07,-98,226,100,188,236,0.15,0.2,372,423,-51,1388,1175,213,--,7.79,-64.05,1.86,151.59,-0.31,18.79,-1.45,0,11.81,14182,48.04
4744,皇將,37.85,37.9,37.85,1.35,3.7,744,53.51,123,0,0,123,62,40,22,0.03,62,62,0,0,0,0.08,0,56,116,-60,631,593,38,19.02,49.63,-65.86,-27.5,1384.55,-0.11,43.71,-0.49,2.64,21.6,3075,5.69
4745,合富-KY,16.3,16.4,16.35,-0.15,-0.91,1901,71.18,-233,0,0,-233,1077,976,101,0.05,1077,1077,0,0,0,0.57,0,54,260,-206,772,667,105,--,287.48,11.27,-10.88,2876.2,-0.4,16.53,-0.99,0,1.47,256,6.97
4746,台耀,52.3,52.4,52.3,-0.2,-0.38,678,51.89,-15,0,-2,-17,227,256,-29,-0.04,227,227,0,0,0,0.33,0,34,117,-83,423,311,112,18.55,358.65,8.51,-4.92,4638.66,0.16,42.98,0.17,5.74,7.01,2106,12.03
4747,強生,54.7,55,55,0.3,0.55,7,85.71,0,0,0,0,0,0,0,0,0,0,0,0,0,0,0,0,0,0,8,8,0,25.46,52.51,12.24,15.66,576.92,1.46,39.8,3.81,1.91,13.94,1584,4.55
4749,新應材,991,992,991,44,4.65,1232,46.98,-265,12,3,-250,1002,966,36,0.03,997,1002,0,5,0,0.76,0,255,299,-44,61,53,8,78.15,425.6,20.69,10.42,4538.48,3.66,45.41,3.72,0.81,21.9,5076,9.27
4754,國碳科,39.4,39.45,39.4,1.75,4.65,149,67.83,10,0,0,10,0,0,0,0,0,0,0,0,0,0,0,0,0,0,156,156,0,14.7,65.8,4.16,23.15,608.7,0.95,49.27,5.23,5.84,1.51,114,3.03
4755,三福化,138.5,139,139,-1.5,-1.07,411,37.1,-33,6,-10,-37,76,256,-180,-0.43,-234,0,0,0,234,0,0.55,122,38,84,224,128,96,38.5,375.96,-3.79,-5.76,4728.11,1.01,22.06,1.61,2.66,4.44,1119,10.07
4760,勤凱,392.5,393,392.5,-7.5,-1.88,1419,36.11,-281,0,-2,-283,598,839,-241,-0.17,-541,53,158,232,520,0.14,0.52,172,225,-53,688,394,294,52.06,233,1.81,64.81,2301.56,2.55,19.74,7.85,1.2,49.3,3971,3.22
4763,材料*-KY,45.3,45.35,45.35,3,7.08,14399,57.66,1238,0,126,1364,6267,4434,1833,0.13,6267,6267,0,0,0,0.43,0,2251,2679,-428,5980,7385,-1405,8.77,952.05,8.48,-22.69,10885.9,1.13,55.58,5.33,6.73,18.73,46318,9.89
4764,雙鍵,271,271.5,271.5,1,0.37,1386,41.67,-42,0,-10,-52,704,876,-172,-0.12,208,477,42,75,236,0.37,0.22,257,301,-44,458,241,217,144.41,336.39,0.53,20.92,3070.96,1.03,26.53,3.7,0.37,35.85,7667,8.55
4766,南寶,372.5,373.5,373.5,13.5,3.75,752,59.89,35,8,25,68,547,438,109,0.14,511,515,0,0,4,0.67,0.01,84,94,-10,139,237,-98,17.99,2204.49,-3.53,12.34,24022.02,6.55,35.11,5.6,4.82,4.98,1501,12.06
4767,誠泰科技,26.4,26.8,27.1,0.7,2.65,2,100,0,0,0,0,0,0,0,0,0,0,0,0,0,0,0,0,0,0,2,2,0,19.22,75.57,-5.65,-6.51,940.02,0.58,27.28,1.96,4.06,0.08,6,3.14
4768,晶呈科技,408,410,410,0,0,802,35.46,-306,0,0,-306,311,535,-224,-0.26,-507,8,7,20,502,0.02,0.6,144,107,37,415,227,188,--,173.68,-1.2,191.53,1613.36,-0.58,13.39,-1.85,0.24,32.89,3904,4.75
4770,上品,218.5,219,218.5,-7,-3.1,1778,37.81,45,0,-8,37,742,1416,-674,-0.37,-1411,0,5,5,1411,0,0.78,228,136,92,854,272,582,21.59,347.27,-28.7,-26.07,4846.18,2.52,34.94,2.47,2.75,5.82,1163,8
4771,望隼,192.5,193.5,192.5,1,0.52,115,26.79,-1,0,1,0,0,21,-21,-0.18,-7,0,0,0,7,0,0.06,29,29,0,89,68,21,14.82,381,-9.32,33.13,3937.31,3.66,40.99,5.3,3.64,3.34,490,5.87
4772,台特化,283,283.5,283.5,0,0,1060,35.76,-339,0,-9,-348,427,724,-297,-0.27,-535,37,108,189,491,0.13,0.61,244,169,75,461,240,221,58.7,307.7,7.93,241.19,3039.13,1.33,50.96,6.02,1.06,13.23,4885,14.77
4806,桂田文創,9.96,10.1,9.95,0,0,18,55.56,0,0,0,0,0,0,0,0,0,0,0,0,0,0,0,0,0,0,19,19,0,--,7.03,-49.53,-12.99,112.4,-0.04,36.91,-0.55,0,--,0,9.99
4807,日成-KY,33.95,34,33.95,-0.7,-2.02,390,49.16,-4,0,-4,-8,0,30,-30,-0.11,-30,0,0,30,0,0,0.11,39,63,-24,357,303,54,24.78,173.1,-30.3,47.28,2271.06,1.7,27.72,6.79,0,10.81,1324,4.9
4903,聯光通,41.15,41.2,41.15,0.25,0.61,1282,38.02,-36,0,1,-35,0,112,-112,-0.09,-112,0,0,62,50,0,0.09,40,117,-77,1254,1065,189,26.21,104.52,-11.74,26.01,1569.19,0.37,7.53,3.26,0.73,25.3,4449,10.53
4904,遠傳,105,105.5,105.5,4.5,4.46,10086,66.02,1325,106,-94,1337,9868,9089,779,0.08,9616,9616,0,0,0,0.94,0,193,277,-84,163,857,-694,26.11,9539.71,4.42,11.34,113079.87,1.03,33.02,3.89,3.61,0,32,360.77
4905,台聯電,76.4,77.2,76.5,1.2,1.59,12,33.33,-5,0,0,-5,0,0,0,0,0,0,0,0,0,0,0,0,0,0,12,12,0,18.48,74.73,-11.09,-0.52,804.56,1.75,27.75,1.89,1.96,1.5,110,2.93
4906,正文,45,45.05,45.05,1.35,3.09,19121,50.99,-2541,-5,99,-2447,6582,8405,-1823,-0.09,1394,4804,741,891,3260,0.29,0.22,2822,2722,100,9830,8107,1723,--,1270.89,10.64,-11.92,13922.36,-0.32,10.35,-1.13,1.04,30.51,34084,45.18
4907,富宇,37.85,38,38,0.2,0.53,74,41.89,0,0,0,0,0,0,0,0,0,0,0,0,0,0,0,0,0,0,74,74,0,10.33,127.41,-90.01,216.65,3486.98,2.76,45.43,12.38,3.95,1.61,476,11.81
4908,前鼎,220,222.5,222,18,8.82,1836,41.19,175,0,43,218,824,841,-17,-0.01,440,548,275,383,0,0.44,0.2,260,274,-14,791,759,32,112.12,74.05,-18.42,5.02,871.38,0.76,46.86,3.37,0.45,19.28,3770,7.82
4909,新復興,48.5,48.6,48.5,0.1,0.21,603,29.08,-149,0,-10,-159,0,26,-26,-0.04,-26,0,0,26,0,0,0.04,15,71,-56,597,515,82,--,17.85,4.56,-12.91,232.12,0.05,-19.82,0.17,0,23.76,5546,9.34
4911,德英,31.7,31.75,31.7,0.3,0.96,22,63.64,0,0,0,0,0,0,0,0,0,0,0,0,0,0,0,0,0,0,22,22,0,17.14,11.59,2.5,-56.86,231.32,0.23,69.98,1.59,6.21,1.2,191,6.37
4912,聯德控股-KY,95.6,95.7,95.7,6.2,6.93,835,48.95,-43,0,-1,-44,104,103,1,0,104,104,0,0,0,0.12,0,97,94,3,642,646,-4,43.7,610.25,-0.86,30.96,6822.32,1.35,19.98,2.23,1.79,22.33,3739,6.7
4915,致伸,77,77.1,77,2.2,2.94,4783,59.06,101,-64,237,274,3225,2461,764,0.16,3225,3225,0,0,0,0.67,0,483,880,-397,1106,1474,-368,14.61,5453.87,-0.26,12.67,62592.28,1.3,15.9,2.84,5.94,3.01,3549,47.19
4916,事欣科,119,119.5,119.5,3.5,3.02,13472,47.31,-1522,0,-85,-1607,7106,8127,-1021,-0.08,-2679,2555,226,266,5194,0.21,0.41,1501,1475,26,4999,4003,996,21.23,424.75,5.37,50.22,3947.88,4.49,20.15,16.36,0.42,33.24,10295,12.41
4919,新唐,174.5,175,174.5,14,8.72,3079,23.14,-995,140,131,-724,2248,2623,-375,-0.12,2248,2248,0,0,0,0.72,0,265,158,107,613,363,250,--,2712.66,7.75,2.09,30210.71,0.02,39.34,0.05,0,15.01,15748,43.38
4923,力士,45.45,45.85,45.45,0.55,1.22,1213,41.18,-91,0,1,-90,0,54,-54,-0.04,0,0,0,0,0,0,0,94,119,-25,1133,1054,79,--,85.06,6.28,20.41,982.02,0.1,27.67,0.81,0,17.92,1518,3.39
4924,欣厚-KY,11.95,12.05,12.05,0.05,0.42,75,37.84,-8,0,0,-8,0,0,0,0,0,0,0,0,0,0,0,0,0,0,76,76,0,16.74,69.66,-16.52,-7.2,786.84,0.35,28.8,3.33,0,11.77,1094,3.72
4927,泰鼎-KY,54.6,54.7,54.6,3.8,7.48,13615,49.4,-2174,0,-6,-2180,5632,6240,-608,-0.04,5373,5497,135,259,0,0.41,0.02,2334,2215,119,5750,5261,489,--,993.8,8.12,4.16,11189,-3.1,-12.49,-15.25,0,54.32,35978,26.49
4930,燦星網,17.35,17.45,17.35,0,0,35,21.21,-16,0,0,-16,0,0,0,0,0,0,0,0,0,0,0,0,0,0,41,41,0,--,414.57,7.99,21.98,5766.11,-0.5,10.25,-1.12,3.46,18.18,3635,8
4931,新盛力,279,279.5,279.5,13,4.88,40240,49.56,1890,0,-30,1860,27790,29527,-1737,-0.04,11202,13170,13102,13572,1498,0.65,0.37,6569,6039,530,6294,5086,1208,87.07,415.94,37.32,178.64,3002.36,1.48,22.08,7.58,0.89,52.69,8637,6.56
4933,友輝,69.2,69.6,69.6,0.8,1.16,524,43.6,-19,10,-8,-17,15,23,-8,-0.02,-23,0,0,0,23,0,0.04,130,130,0,380,372,8,12.99,234.26,-1.45,-10.47,2966.47,1.9,32.93,4.26,4.17,6.61,1365,8.26
4934,太極,16.15,16.2,16.2,0.95,6.23,1154,61.96,-68,0,-7,-75,0,0,0,0,0,0,0,0,0,0,0,150,147,3,1007,1010,-3,--,14.43,5.65,108.39,118.75,-0.2,-74.68,-5.23,0,--,0,22.5
4935,茂林-KY,38.1,38.3,38.1,0.4,1.06,270,57.47,55,0,6,61,0,0,0,0,0,0,0,0,0,0,0,0,35,-35,271,236,35,27.81,307.49,-6.29,-34.29,4662.74,0.4,10.89,0.64,2.62,1.9,612,12.89
4938,和碩,95,95.1,95.1,3,3.26,34061,70.8,-15257,13473,-402,-2186,25209,24970,239,0.01,18880,23119,343,313,4269,0.69,0.13,2617,2840,-223,6385,6400,-15,21.86,87189.24,3.84,-15.24,1073127.51,0.58,4.42,1.16,4.22,0.7,4662,268.2
4939,亞電,65.6,65.7,65.6,0,0,68284,43.8,-1798,0,-539,-2337,30209,35451,-5242,-0.08,10792,19185,298,346,8345,0.28,0.13,10027,10266,-239,28342,22861,5481,--,141.64,-0.27,21.19,1432.62,0.24,28.58,1.72,0.38,24.58,6035,9.82
4942,嘉彰,37.65,37.7,37.65,0.45,1.21,81,38.96,-9,0,-3,-12,0,0,0,0,0,0,0,0,0,0,0,0,0,0,83,83,0,12.72,448.28,-1.92,-4.55,5940.1,0.52,19.77,0.81,5.31,2.12,755,14.24
4943,康控-KY,9.25,9.28,9.25,0.4,4.52,35,21.43,0,0,0,0,0,0,0,0,0,0,0,0,0,0,0,0,0,0,38,38,0,--,192.26,-4.71,45.87,1910.89,-0.23,-3.54,-15.7,0,--,0,12.67
4946,辣椒,103.5,105,104,0.5,0.48,32,34.37,-1,0,0,-1,0,0,0,0,0,0,0,0,0,0,0,0,5,-5,35,30,5,91.23,21.3,2.01,-39.01,302.5,0.41,40.26,3.13,0,0,0,0.89
4949,有成精密,94.3,94.4,94.4,2.6,2.83,1143,44.4,-120,0,-1,-121,237,261,-24,-0.02,155,211,0,0,56,0.18,0.05,95,184,-89,829,716,113,35.09,316.03,0.46,43.92,2689.15,1.19,39.04,4.84,1.48,19.2,3251,6.77
4950,金耘國際,16,16.45,16.05,0.05,0.31,21,71.43,0,0,0,0,0,0,0,0,0,0,0,0,0,0,0,0,0,0,21,21,0,37.33,111.17,11.21,9.31,1051.2,0.2,18.13,2.56,0,--,0,5.77
4951,精拓科,104,104.5,104.5,-1.5,-1.42,711,39.43,-61,0,1,-60,169,203,-34,-0.05,-203,0,0,12,191,0,0.28,167,207,-40,392,318,74,16.25,46.74,5.16,-0.2,546.85,1.71,76.42,6.2,4.31,19.15,1635,3.41
4952,凌通,49.05,49.1,49.05,3.05,6.63,470,49.12,-18,0,-3,-21,0,0,0,0,0,0,0,0,0,0,0,22,25,-3,453,450,3,44.19,265.42,-5.62,20.39,2259.33,0.5,37.01,2.54,2.04,6.06,1649,10.88
4953,緯軟,143,143.5,143,2,1.42,1575,44.81,526,0,0,526,965,753,212,0.13,354,265,700,611,0,0.6,0.38,178,279,-101,454,564,-110,15.44,1149.33,-7.39,29.21,12928.16,2.32,14.23,4.02,3.59,6.28,1148,7.31
4956,光鋐,40.4,40.5,40.4,0.45,1.13,1550,44.41,4,-1,1,4,55,42,13,0.01,-13,0,29,0,42,0.02,0.03,273,249,24,1234,1271,-37,--,124.09,-0.82,-0.93,1413.33,0.24,20.13,1.45,0,28.45,7142,10.04
4958,臻鼎-KY,544,545,545,33,6.45,10364,68.12,1264,-389,-112,763,9194,8926,268,0.03,6770,6822,2373,2423,2,1,0.26,1577,1787,-210,359,417,-58,76.98,16201.2,6.61,37.4,189185.01,1.33,21.64,1.19,0.63,10.06,27135,107.94
4960,誠美材,30.6,30.7,30.7,0.25,0.82,6210,39.61,-1171,0,0,-1171,1127,1746,-619,-0.1,-795,136,678,518,1091,0.13,0.26,999,1143,-144,4122,3359,763,--,705.33,15.24,-5.56,8307.98,-0.27,-3.76,-2.13,0,13.18,18841,57.17
4961,天鈺,168.5,169.5,169.5,11.5,7.28,1129,65.11,201,12,5,218,667,518,149,0.13,667,667,0,0,0,0.58,0,175,157,18,309,476,-167,20.57,1756.45,-0.75,0.12,17754.67,1.86,27.8,1.41,4.55,6.55,1984,12.13
4966,譜瑞-KY,690,691,691,28,4.22,3030,51.95,382,-262,-36,84,2135,2249,-114,-0.04,489,1351,139,137,864,0.48,0.32,920,820,100,80,66,14,21.05,1307.43,3.03,1.15,16328.77,6.77,40.3,2.39,2.56,25.35,5003,7.9
4967,十銓,286,286.5,286,8.5,3.06,8711,48.46,1034,0,72,1106,6265,5818,447,0.05,5660,5842,423,605,0,0.71,0.07,1069,1399,-330,1529,1646,-117,7.32,2014.78,-59.01,78.61,25009.73,27,38.01,38.41,3.5,42.21,9368,9.43
4968,立積,109.5,110,110,3,2.8,623,42.34,11,2,2,15,135,139,-4,-0.01,135,135,0,0,0,0.21,0,154,127,27,347,370,-23,37.16,330.08,0,6.82,3862.09,0.58,33.46,1.93,1.45,28.95,6674,9.22
4971,IET-KY,607,608,607,4,0.66,1490,48.74,203,0,-16,187,865,848,17,0.01,-15,285,315,283,332,0.39,0.4,635,661,-26,44,35,9,119.02,78.04,-26.58,1.07,1163.85,1.97,47.84,3.83,0.16,43.61,4359,4.72
4972,湯石照明,16.7,16.75,16.7,0.05,0.3,16,31.25,2,0,1,3,0,0,0,0,0,0,0,0,0,0,0,0,0,0,18,18,0,--,95.08,-4.28,4.51,947.78,-0.49,22.1,-1.91,0,0.97,138,5.69
4973,廣穎,176,--,176,16,10,2058,71.16,86,0,7,93,937,769,168,0.09,900,901,36,37,0,0.53,0.02,424,416,8,740,918,-178,18.72,835.19,11.53,187.19,6077.15,7.46,42.14,20.69,0.57,23.79,3884,6.53
4974,亞泰,76.1,76.2,76.1,1.8,2.42,261,50.77,61,0,1,62,0,14,-14,-0.05,0,0,0,0,0,0,0,39,31,8,227,221,6,17.14,335.85,-10.24,2.22,3615.18,1.09,13.08,2.45,5.12,6.5,1178,7.25
4976,佳凌,35.55,--,35.55,3.2,9.89,3317,76.47,7,0,-1,6,1635,694,941,0.28,1635,1635,0,0,0,0.49,0,301,417,-116,1403,2228,-825,--,84.11,-10.31,-4.53,1019.46,-0.49,-14.13,-3.08,0,13.79,4874,14.14
4977,眾達-KY,192.5,193,192.5,12,6.65,3725,46.47,-7,0,34,27,1497,1447,50,0.01,694,1074,265,438,207,0.35,0.17,663,658,5,1642,1697,-55,42.68,58.03,-33.5,-43.18,966.18,-1.17,19.73,-2.38,1.17,40.61,8142,8.02
4979,華星光,560,561,560,23,4.28,805,63.25,-10,2,71,63,611,665,-54,-0.06,381,423,188,230,0,0.71,0.27,203,167,36,51,34,17,102.19,421.25,2.05,21.08,4614.37,1.62,25.42,5.66,0.39,30.1,10711,14.27
4989,榮科,87.3,87.4,87.3,4.2,5.05,6204,43.54,-1159,0,-1,-1160,1218,2706,-1488,-0.24,-144,823,294,792,469,0.18,0.2,1201,977,224,3872,2607,1265,--,379.34,13.33,28.89,3223.76,0.13,4.93,1.24,0,54.21,18672,13.78
4991,環宇-KY,598,599,598,-14,-2.29,5916,47.56,-345,268,28,-49,4113,5039,-926,-0.15,-1811,1179,790,998,2782,0.32,0.62,1860,1047,813,158,45,113,247.11,200.25,-17.9,54.37,2598.16,1.67,54.53,5.22,0,33.58,8475,12.09
4994,傳奇,86.7,87.3,87.2,0.2,0.23,35,62.5,-12,0,-1,-13,0,0,0,0,0,0,0,0,0,0,0,0,0,0,35,35,0,55.9,97.01,-9.79,-4.75,1195.56,0.42,67.02,2.72,3.44,14.93,2477,6.64
4995,晶達,45.6,45.95,45.25,0.25,0.56,29,31.03,0,0,0,0,0,0,0,0,0,0,0,0,0,0,0,0,0,0,30,30,0,16.58,116.02,7.77,8.01,1322.47,1.01,33.13,4.61,4.4,20.92,2228,4.26
4999,鑫禾,20.55,20.6,20.6,-0.15,-0.72,181,40.94,5,0,-2,3,0,0,0,0,0,0,0,0,0,0,0,0,26,-26,185,159,26,--,138.22,-12.06,-19.27,1868.71,-0.54,10.29,-1.25,1.21,2.14,399,7.44
5007,三星,55.7,56.2,56.2,0.2,0.36,51,39.13,-28,0,0,-28,0,0,0,0,0,0,0,0,0,0,0,0,0,0,53,53,0,18.49,514.95,-7.81,2.26,6042,0.91,27.58,3.74,5.34,0.01,11,29.49
5009,榮剛,35.65,35.7,35.7,1.1,3.18,3032,49.73,105,-9,99,195,933,602,331,0.11,850,894,39,83,0,0.31,0.03,672,653,19,1449,1799,-350,17.85,1038.71,0.67,-0.25,11398.93,0.5,24.38,1.62,3.36,5.81,8747,60.25
5011,久陽,17.75,17.8,17.75,0.15,0.85,527,32.95,101,0,0,101,0,62,-62,-0.12,-62,0,0,62,0,0,0.12,35,127,-92,495,341,154,--,361.32,-8.35,-20.91,4729.36,0.52,6.3,2.67,0,25.36,5590,10.07
5013,強新,27.55,27.9,27.4,-0.25,-0.9,2,50,0,0,0,0,0,0,0,0,0,0,0,0,0,0,0,0,0,0,2,2,0,19.3,781.81,-0.31,13.09,7797.94,0.38,11.45,1.51,2.55,0.01,5,13.34
5014,建錩,11.2,11.25,11.2,0.05,0.45,169,30.77,-33,0,0,-33,0,0,0,0,0,0,0,0,0,0,0,0,0,0,171,171,0,--,1259.86,-16.14,14.5,15618.26,0.32,5.35,2.14,4.46,4.88,2236,18.33
5015,華祺,24.1,24.35,24.15,0.15,0.63,44,68.18,13,0,0,13,0,0,0,0,0,0,0,0,0,0,0,0,23,-23,44,21,23,--,109.14,5.72,-25.61,1298.82,0.25,18.35,1.23,2.07,1,151,6.06
5016,松和,25.15,25.25,25.2,0,0,19,11.11,-8,0,0,-8,0,0,0,0,0,0,0,0,0,0,0,0,0,0,19,19,0,17.38,195.2,-8.55,6.05,2047.93,0.36,10.55,1.2,3.97,1.72,213,4.96
5201,凱衛,29.15,29.55,29.45,-0.3,-1.01,67,39.06,-25,0,0,-25,0,0,0,0,0,0,0,0,0,0,0,0,0,0,68,68,0,--,25.73,56.24,-2.19,282.8,-0.67,31.77,-3.97,1.7,73.98,7152,3.87
5202,力新,16.35,16.4,16.35,-0.95,-5.49,4769,32.95,-713,0,-1,-714,241,417,-176,-0.04,-345,0,0,0,345,0,0.07,237,642,-405,4308,3726,582,--,12.56,25.06,-6.67,147.9,-0.19,72.32,-1.44,1.22,10.1,2250,8.91
5203,訊連,69,69.1,69,1.1,1.62,351,47.95,51,0,-1,50,69,57,12,0.03,69,69,0,0,0,0.19,0,17,43,-26,270,255,15,18.85,164.83,-13.61,-14.79,2422.25,1.34,84.51,2.25,5.22,7.85,1557,7.94
5205,中茂,21.3,23.15,23.45,0.65,2.85,2,100,0,0,0,0,0,0,0,0,0,0,0,0,0,0,0,0,0,0,3,3,0,--,1.07,-26.01,-37.6,27.51,-0.36,13.73,-5.65,0,--,0,1.35
5206,坤悅,22.65,22.7,22.7,-0.3,-1.3,359,21.11,-61,0,0,-61,0,0,0,0,0,0,0,0,0,0,0,33,58,-25,330,305,25,4.53,479.24,-71.08,-28.29,4109.45,2.45,40,10.76,6.61,2.08,891,17.15
5209,新鼎,172.5,173.5,173,0,0,32,48.28,-3,0,0,-3,0,0,0,0,0,0,0,0,0,0,0,6,3,3,28,31,-3,9.69,289.5,1.54,-32.8,4839.99,3.34,18,9.47,7.51,0.56,40,2.86
5210,寶碩,31.05,31.1,31.1,1.95,6.69,961,61.98,216,0,1,217,0,0,0,0,0,0,0,0,0,0,0,118,0,118,849,967,-118,33.44,27.9,38.29,77.28,290.22,0.24,58.44,2.46,0,10.33,1606,8.22
5211,蒙恬,18.65,18.85,18.7,-0.1,-0.53,56,28.57,-2,0,0,-2,0,0,0,0,0,0,0,0,0,0,0,0,0,0,61,61,0,--,23.54,8.76,33.18,245.56,-0.18,43.22,-1.71,0,7.27,582,3.2
5212,凌網,46.15,47,47,0.7,1.51,20,63.16,0,0,0,0,0,0,0,0,0,0,0,0,0,0,0,0,0,0,20,20,0,9.79,79.79,-6.31,20.38,1345.62,0.54,46.75,3.18,8.94,0.9,78,3.46
5213,亞昕,23.25,23.5,23.5,-0.05,-0.21,768,40.16,-209,0,0,-209,105,105,0,0,0,0,105,105,0,0.13,0.13,108,174,-66,588,522,66,16.55,2063.65,299.71,14.3,11763.97,-0.12,29.2,-0.57,11.91,1.98,3567,72.13
5215,科嘉-KY,44.35,44.65,44.35,-0.85,-1.88,582,23.2,-8,0,-2,-10,184,320,-136,-0.23,-320,0,0,0,320,0,0.55,32,68,-36,367,195,172,18.1,367.76,26.91,72.73,2912.8,0.87,23.01,1.69,4.51,5.68,913,6.43
5220,萬達光電,21.65,21.75,21.7,-0.3,-1.36,76,53.52,-11,0,0,-11,0,0,0,0,0,0,0,0,0,0,0,0,0,0,76,76,0,--,95.76,-5.98,32.64,762.48,0.45,21.89,2.41,1.38,3.25,322,3.97
5222,全訊,117,117.5,117,1,0.86,437,48.02,-47,2,-6,-51,138,169,-31,-0.07,18,94,0,0,76,0.21,0.17,72,99,-27,241,183,58,62.57,59.69,-34.28,-12.44,885.73,0.22,53.97,0.82,2.99,8.51,1938,9.11
5223,安力-KY,25.8,26,26,0.55,2.16,49,73.91,5,0,0,5,0,0,0,0,0,0,0,0,0,0,0,0,0,0,49,49,0,--,141.11,-20.61,-13.95,1926.88,-0.44,13.22,-0.9,0,3.46,385,4.45
5225,東科-KY,72.4,72.5,72.4,1.4,1.97,293,58.95,-49,0,-3,-52,37,40,-3,-0.01,37,37,0,0,0,0.12,0,73,51,22,189,208,-19,7.87,893.01,6.96,11.8,10658.92,1.54,14.89,3.66,9.96,8.73,1728,7.91
5227,立凱-KY,26.5,26.55,26.5,-0.5,-1.85,258,24.22,-70,0,0,-70,0,0,0,0,0,0,0,0,0,0,0,27,0,27,238,265,-27,--,1.14,-77.89,-97.08,186.22,-1.43,-70.7,-20.16,0,--,273,6.8
5228,鈺鎧,74,74.1,74,1.4,1.93,4516,46.97,-215,0,6,-209,705,779,-74,-0.02,532,629,14,19,92,0.14,0.02,845,924,-79,2998,2845,153,84.09,69.81,1.25,51.87,650.62,0.99,37.35,7.11,0,9.67,920,3.81
5230,雷笛克光學,17.9,18,17.95,0.2,1.13,129,45.97,-8,0,0,-8,0,0,0,0,0,0,0,0,0,0,0,0,0,0,131,131,0,--,116.16,2.71,9.37,1325.85,-0.28,25.81,-1.19,2.79,6.8,952,5.6
5234,達興材料,391,391.5,391.5,2.5,0.64,568,51,-160,1,6,-153,275,312,-37,-0.06,228,254,15,29,12,0.46,0.07,100,110,-10,211,164,47,50.84,418.19,1.87,10.83,4774.65,2.21,43.1,6.86,1.66,5.96,1530,10.27
5236,凌陽創新,159.5,160,160,6,3.9,269,36.74,-40,2,2,-36,117,80,37,0.13,117,117,0,0,0,0.42,0,33,54,-21,127,144,-17,16.79,201.03,7.52,18.73,2154.16,2.97,61.68,7.18,5.63,3.34,501,6
5243,乙盛-KY,115,115.5,115.5,8,7.44,3830,53.6,-447,0,174,-273,2008,1951,57,0.01,1124,1644,0,0,520,0.43,0.13,584,463,121,1289,1467,-178,23.72,1016.35,-2.81,-2.69,11621.65,1.47,24.76,2.93,1.9,27.35,11522,16.85
5244,弘凱,38.1,38.3,38.1,-0.1,-0.26,250,48.19,42,0,0,42,31,70,-39,-0.16,-70,0,0,0,70,0,0.28,0,15,-15,220,166,54,--,75.63,13.84,10.11,824.17,-0.48,24.15,-1.83,1.05,18.47,3151,6.82
5245,智晶,26.35,26.6,26.4,-0.35,-1.31,83,28.05,-12,0,0,-12,0,0,0,0,0,0,0,0,0,0,0,0,0,0,84,84,0,--,71.64,25.81,-15.36,721.04,-0.79,2.13,-5.61,0,8.12,916,4.51
5251,天鉞電,31.25,31.3,31.25,0.6,1.96,601,40.51,-155,0,-3,-158,0,0,0,0,0,0,0,0,0,0,0,20,18,2,586,588,-2,3125,24.83,-36.07,38.86,304.36,0.1,43.27,0.84,0,30.17,1971,3.37
5258,虹堡,48.8,49.2,48.8,0.85,1.77,506,43.37,-27,0,-5,-32,0,22,-22,-0.04,0,0,0,0,0,0,0,26,56,-30,485,433,52,14.7,721.05,6.82,22.41,8034.45,-0.61,31.99,-1.24,2.05,15.9,4386,11.04
5263,智崴,106,106.5,106,1,0.95,205,51.26,-29,0,-17,-46,44,17,27,0.13,27,0,44,17,0,0.21,0.08,25,41,-16,140,151,-11,--,164.47,1.24,61.21,1547.2,0.67,50.65,1.26,0,28.38,5245,7.39
5269,祥碩,1440,1445,1440,40,2.86,1108,50.97,-117,-51,14,-154,1125,1154,-29,-0.02,474,695,225,234,212,0.77,0.37,10,7,3,58,33,25,17.63,958.73,-23.82,-17.55,14199.36,24.85,50.83,5.06,3.13,14.8,2743,7.42
5272,笙科,21,21.05,21,0.4,1.94,206,42.44,-29,0,-1,-30,0,0,0,0,0,0,0,0,0,0,0,0,0,0,207,207,0,--,31.61,5.97,2.87,317.9,-0.57,41.09,-3.68,0,7.25,1002,5.53
5274,信驊,17805,17855,17855,330,1.88,242,44.35,-24,14,1,-9,250,252,-2,-0.01,14,129,9,9,115,0.53,0.48,3,2,1,6,6,0,151.49,1282.17,0.25,68.74,11263.52,37.41,69.18,20.9,0.45,1.16,110,3.78
5276,達輝-KY,18.2,18.6,18.5,0.2,1.09,29,44.83,0,0,0,0,0,0,0,0,0,0,0,0,0,0,0,0,0,0,29,29,0,13.5,78.78,-16.22,-5.98,961.86,0.57,19.73,4.28,4.32,--,0,3.95
5278,尚凡*,24,24.05,24,0.8,3.45,475,65.89,32,0,0,32,50,50,0,0,0,0,50,50,0,0.1,0.1,25,64,-39,404,365,39,25,224.19,-8.18,18.23,2758.52,0.29,53.91,2.13,5.08,1.99,1493,3
5283,禾聯碩,52.1,52.2,52.1,0.4,0.77,100,36.36,25,0,-1,24,0,0,0,0,0,0,0,0,0,0,0,16,17,-1,89,88,1,8.82,777.35,39.45,0.64,6431.3,0.16,28.91,0.28,2.3,0.5,109,8.76
5284,jpp-KY,399.5,400,399.5,5.5,1.4,586,36.73,0,0,8,8,310,349,-39,-0.06,-10,49,241,278,22,0.48,0.5,58,85,-27,238,172,66,29.81,413.07,4.7,43.32,4384.83,4.13,37.51,5.69,1.25,36.47,4823,5.29
5285,界霖,87.1,87.3,87.3,-0.3,-0.34,3512,39.25,381,10,-7,384,724,818,-94,-0.03,-39,400,101,133,407,0.14,0.15,820,747,73,1993,1973,20,41.57,522.2,-10.29,18.5,5580.6,1,18.68,3.44,1.72,16.36,4173,10.2
5287,數字,146.5,147.5,147.5,1,0.68,38,21.05,-9,0,0,-9,10,12,-2,-0.05,-12,0,0,0,12,0,0.28,0,4,-4,33,27,6,10.57,201.3,3.94,-3.28,2307.75,2.97,68.15,7.05,7.56,1.37,207,6.03
5288,豐祥-KY,175.5,176.5,176,4.5,2.62,532,68.24,240,0,-1,239,283,144,139,0.26,283,283,0,0,0,0.52,0,122,144,-22,136,253,-117,14.63,739.44,-11.46,24.84,7121.1,3.59,23.24,3.99,3.69,13.44,2342,6.97
5289,宜鼎,1990,--,1990,180,9.94,5651,74.33,782,187,52,1021,5940,5822,118,0.02,5130,5204,658,654,78,0.97,0.12,20,50,-30,67,155,-88,26.76,7564.59,13.4,640.8,37062.88,57.49,59.1,46.03,0.86,16.34,3935,9.63
5291,邑昇,68.8,68.9,68.9,3.2,4.87,545,61.5,14,0,1,15,70,57,13,0.02,70,70,0,0,0,0.13,0,11,46,-35,469,447,22,143.54,151.9,30.37,69.46,1209.63,0.17,20.08,0.68,0,55.71,5555,3.99
5292,華懋,206.5,207.5,207,-2.5,-1.19,286,25.36,47,0,0,47,61,177,-116,-0.38,-134,0,37,103,68,0.12,0.56,26,34,-8,219,95,124,20.47,226.64,49.75,45.04,2776.55,2.58,27.9,5.83,3.14,12.6,1326,4.21
5299,杰力,101,101.5,101,0.5,0.5,449,47.53,64,0,0,64,164,187,-23,-0.05,102,142,22,34,28,0.36,0.14,75,93,-18,214,173,41,20.91,134.3,-6.46,2.19,1466.25,1.65,34.47,2.62,3.62,7.33,658,5.09
5301,寶得利,6.83,6.9,6.83,0.02,0.29,38,35.29,6,0,0,6,0,0,0,0,0,0,0,0,0,0,0,0,0,0,40,40,0,--,12.84,-40.73,-44.67,228.25,-0.18,83.76,-2.39,0,--,0,6.59
5302,太欣,11.05,11.15,11.1,0.6,5.71,809,55.92,310,0,0,310,0,0,0,0,0,0,0,0,0,0,0,52,0,52,761,813,-52,--,3.38,96.97,107.48,25.44,-0.04,26.25,-0.5,0,--,0,15.99
5306,桂盟,84.2,84.4,84.4,0.9,1.08,145,59.86,29,0,-16,13,0,0,0,0,0,0,0,0,0,0,0,28,31,-3,120,117,3,13.31,497.01,3.92,7.18,4742.34,1.79,41.83,2.49,4.44,1.46,461,12.6
5309,系統電,74,74.1,74.1,0.1,0.14,13224,46.79,-1747,6,-47,-1788,5260,6709,-1449,-0.11,-3726,565,1380,1723,3948,0.15,0.43,2041,2111,-70,6026,4508,1518,352.86,307.98,0.96,15.29,3446.35,0.09,24.86,0.08,0.67,28.12,13549,23.09
5310,天剛,26.5,26.65,26.65,0.5,1.91,103,71.57,-4,0,0,-4,0,0,0,0,0,0,0,0,0,0,0,0,0,0,104,104,0,380.71,0.11,3600,1485.71,0.77,0.06,10.48,0.59,0,--,0,2.89
5312,寶島科,96,96.4,96.5,1.7,1.79,26,57.69,-10,0,0,-10,0,0,0,0,0,0,0,0,0,0,0,0,0,0,27,27,0,16.36,383.17,5,17.43,4400.95,1.48,63.85,2.34,6.74,4.31,647,6.01
5314,世紀*,59.9,60,59.9,0.5,0.84,1713,39.5,-89,0,5,-84,281,335,-54,-0.03,24,261,20,207,50,0.16,0.15,304,314,-10,1155,1091,64,11.63,493.74,9.76,138.62,4156.04,0.37,41.29,4.05,2.95,22.84,16674,1.46
5315,光聯,22.5,22.55,22.55,0.3,1.35,448,57.17,52,0,0,52,58,0,58,0.13,58,58,0,0,0,0.13,0,62,41,21,330,409,-79,12.89,145.8,-11.07,-14.47,1935.94,0.44,18.63,2.76,7.1,10.86,2888,10.64
5321,美而快,40.3,41,40.3,-0.7,-1.71,738,43.15,17,0,1,18,150,328,-178,-0.24,-243,50,0,0,293,0.07,0.39,151,107,44,446,312,134,--,177.29,4.11,-22.08,2639.84,-2.37,48.36,-16.51,0,11.56,1537,5.32
5324,士開,12,12.15,12.1,0.1,0.83,478,51.55,196,0,0,196,112,111,1,0,-111,0,0,0,111,0,0.23,130,91,39,239,279,-40,--,56.98,-13.32,-48.01,1043.94,-0.11,51.32,-1.38,0,--,0,22.64
5328,華容,42.75,--,42.75,3.85,9.9,43957,62.43,133,0,364,497,20711,16377,4334,0.1,19949,20381,331,763,0,0.47,0.02,3878,6435,-2557,19566,21343,-1777,95,93.87,7.83,13.38,921.51,0.11,22.94,1.03,0.82,15.5,6693,17.27
5340,建榮,92,92.3,92,0.2,0.22,1608,41.17,-139,0,1,-138,456,588,-132,-0.08,-132,0,456,526,62,0.28,0.36,187,368,-181,1006,692,314,66.67,232.05,2.93,25.28,2458.92,0.46,21.19,3.92,0.65,16.94,7025,19.49
5344,立衛,15.85,16.15,15.85,-0.25,-1.55,69,19.12,-18,0,1,-17,0,0,0,0,0,0,0,0,0,0,0,0,0,0,70,70,0,--,31.34,-1.02,6.15,364.23,0.02,12.49,0.39,0,--,0,7.94
5345,馥鴻,29.25,--,29.25,2.65,9.96,63,100,0,0,-1,-1,39,0,39,0.59,39,39,0,0,0,0.59,0,0,18,-18,27,48,-21,--,5.96,44.34,1505.66,37.25,-0.05,36.77,-0.84,0,--,0,3.78
5347,世界,160.5,161,161,4.5,2.88,24024,45.66,5207,-7033,622,-1204,19624,20129,-505,-0.02,13113,15964,2250,2671,2430,0.75,0.21,1203,1297,-94,3364,2766,598,38.8,4241.87,5.35,19.48,50216.93,1.22,29.29,2.43,2.8,3.44,16075,187.96
5348,正能量智能,14.85,16.2,14.8,-0.45,-2.95,8,0,0,0,0,0,0,0,0,0,0,0,0,0,0,0,0,0,0,0,8,8,0,--,27.06,2.26,60.27,300.44,-0.23,30.34,-1.75,0,--,0,1.48
5351,鈺創,88.5,88.6,88.6,4.9,5.85,26187,49.19,914,20,0,934,12744,12948,-204,-0.01,10713,11958,786,2031,0,0.48,0.08,4022,4467,-445,9612,8963,649,92.29,1663.06,24.75,605.48,8647.66,1.88,36.65,13.5,0,19.94,16378,32.85
5353,台林,34.05,34.1,34.1,2.55,8.08,1065,72.61,140,0,-9,131,171,112,59,0.06,171,171,0,0,0,0.16,0,128,0,128,774,961,-187,25.45,197.37,38.42,33.57,1882.81,0.5,25.42,2.7,2.93,7.33,1388,7.58
5355,佳總,6.69,6.77,6.76,0.04,0.6,43,11.63,-14,0,0,-14,0,0,0,0,0,0,0,0,0,0,0,0,0,0,43,43,0,--,50.19,10.1,2.52,465.06,-0.14,-9.99,-3.21,0,--,0,16.61
5356,協益,27.45,27.5,27.5,0.4,1.48,115,69.57,20,0,0,20,0,0,0,0,0,0,0,0,0,0,0,20,24,-4,98,94,4,59.78,329.61,11.13,40.48,3356.06,0.28,11.11,0.65,7.27,21.61,5567,10.3
5364,力麗店,8.68,8.7,8.7,0.2,2.35,617,36.85,19,0,0,19,0,0,0,0,0,0,0,0,0,0,0,59,138,-79,560,481,79,--,5.74,-18.71,-77.69,280.56,-0.14,14.05,-1.2,0,13.74,1171,6.38
5371,中光電,71,71.1,71.1,0.1,0.14,2841,42.33,-335,0,9,-326,641,1009,-368,-0.13,444,641,0,0,197,0.22,0.07,493,502,-9,1735,1358,377,118.5,3171.17,-3.4,16.79,40920.48,-0.3,15.62,-0.43,0.7,19.62,19179,39.1
5381,光譜,33.2,33.25,33.2,-0.8,-2.35,14883,42.51,-1088,0,-1,-1089,3074,4727,-1653,-0.11,-1416,803,1040,1577,1682,0.12,0.22,2134,2665,-531,9842,7657,2185,50.3,249.32,99.04,11.32,2007.7,0.22,29.35,2.24,0,14.97,4852,20.78
5386,青雲,547,548,548,43,8.51,1841,54.75,-91,0,18,-73,1140,1130,10,0.01,844,966,154,245,31,0.59,0.14,720,728,-8,49,50,-1,10.85,2430.8,-4.13,412.79,17241.03,43.05,27.1,92.57,1.19,26.48,2351,3.61
5388,中磊,84.8,84.9,84.9,0.6,0.71,3323,51.98,-396,0,-53,-449,1760,2049,-289,-0.09,-219,276,1324,1489,330,0.48,0.54,359,441,-82,1240,870,370,21.55,6482.31,-5.51,69.96,64673.66,1.01,13.66,1.91,2.94,8.36,6358,30.43
5392,能率,44.75,44.8,44.8,2.2,5.16,2894,55.99,250,0,40,290,460,291,169,0.06,460,460,0,0,0,0.16,0,409,399,10,2050,2229,-179,--,788.43,5.4,2.01,8751.82,-0.3,14.72,-0.74,0.89,20.41,9008,17.66
5398,慕康生醫,17.85,18.15,17.85,0.45,2.59,63,73.02,11,0,0,11,0,0,0,0,0,0,0,0,0,0,0,0,0,0,64,64,0,54.09,11.53,23.91,-46.7,223.05,-0.22,0.47,-2.11,0,26.34,3257,4.95
5403,中菲,93.3,93.4,93.4,1.6,1.74,145,61.81,-12,0,0,-12,26,0,26,0.18,26,26,0,0,0,0.18,0,12,18,-6,110,130,-20,12.21,295.76,4.68,10.58,3331.63,1.42,36.91,4.1,6.96,0.49,96,7.82
5410,國眾,40.25,40.3,40.25,1,2.55,854,51.54,274,0,0,274,46,0,46,0.05,46,46,0,0,0,0.05,0,150,100,50,668,764,-96,12.74,599.44,-22.98,122.27,4998.72,1.48,19.84,8.37,5.22,9.61,2218,9.23
5425,台半,92.6,92.7,92.7,1.8,1.98,27727,49.83,1667,-170,-1081,416,12769,14203,-1434,-0.05,-563,6653,683,903,6996,0.26,0.28,3977,4031,-54,11259,9770,1489,43.32,1641.69,2.35,2.6,17885.63,0.7,31.29,2.78,2.16,25.65,16899,26.35
5426,振發,36,36.05,36.05,3.15,9.57,7211,56.63,-293,0,-148,-441,2075,2763,-688,-0.1,2075,2075,0,0,0,0.29,0,859,1243,-384,4362,3290,1072,92.44,144.91,-26.69,7.04,1825.08,0.28,21,1.73,0.83,9.15,3289,14.38
5432,新門,128,128.5,128,2,1.59,58,36.21,-4,0,0,-4,0,0,0,0,0,0,0,0,0,0,0,9,12,-3,51,48,3,53.11,20.73,128.9,-20.4,194.59,0.27,29.43,1.47,1.17,15.14,783,2.07
5434,崇越,455,456,456,18.5,4.23,751,41.44,191,13,-5,199,536,479,57,0.07,536,536,0,0,0,0.7,0,96,115,-19,135,173,-38,19.22,6542.06,-3.45,18.61,72342.66,6.86,13.58,6.73,2.96,1.18,569,19.39
5438,東友,19.2,19.3,19.25,-0.2,-1.03,81,38.96,11,0,0,11,0,0,0,0,0,0,0,0,0,0,0,0,0,0,83,83,0,192.5,67.66,13.85,-56.4,1075.97,-0.24,10.25,-0.61,3.9,4.72,1327,11.25
5439,高技,361,363.5,363.5,10.5,2.97,1298,53.89,133,0,20,153,771,731,40,0.03,654,728,21,57,38,0.56,0.07,188,176,12,385,438,-53,23.73,950.13,3.99,26.16,10954.08,3.51,20.33,7.95,1.98,28.68,6667,9.3
5443,均豪,105.5,106,105.5,-2,-1.86,4707,42.23,-540,0,-196,-736,2459,2751,-292,-0.06,-2052,427,0,0,2479,0.09,0.52,468,585,-117,1879,1469,410,46.27,255.52,-39.48,-43.77,4750.46,0.19,38.34,0.79,2.09,14.98,6169,16.47
5450,南良,14.1,14.25,14.1,-0.5,-3.42,672,44.32,-272,0,-1,-273,0,235,-235,-0.35,-235,0,0,0,235,0,0.35,142,45,97,532,394,138,74.21,246.98,4.26,9.12,2451.6,0.07,26.35,0.48,1.77,4.9,1498,12.24
5452,佶優,33.3,33.4,33.35,0.75,2.3,1993,40.81,-391,0,1,-390,70,205,-135,-0.07,-103,37,33,173,0,0.03,0.09,284,223,61,1654,1580,74,133.4,447.04,-7.06,6.29,4713.85,0.01,12.02,-0.04,0.75,16.61,6176,14.88
5455,昇益,24.3,24.95,24.6,0,0,5,20,0,0,0,0,0,0,0,0,0,0,0,0,0,0,0,0,0,0,5,5,0,7.5,0.19,-25.95,-99.43,26.58,-0.15,36.46,-0.71,0,0.6,99,6.55
5457,宣德,30.05,30.1,30.05,-0.5,-1.64,509,29.6,-167,0,-3,-170,0,0,0,0,0,0,0,0,0,0,0,20,99,-79,493,414,79,53.66,1961.58,3.75,-5.68,23966.95,-1,13.02,-0.4,4.99,9.41,4621,19.65
5460,同協,14.7,14.75,14.7,0.05,0.34,11,18.18,0,0,0,0,0,0,0,0,0,0,0,0,0,0,0,0,0,0,12,12,0,--,20.04,-27.04,-6.52,244.01,0.09,32.15,0.71,0,6.63,974,5.88
5464,霖宏,70.1,--,70.1,6.3,9.87,897,69.67,-19,0,8,-11,290,72,218,0.24,273,270,20,17,0,0.32,0.02,104,167,-63,512,668,-156,--,102.05,-17.8,45.64,1090.63,0.16,4.36,0.96,0,32.26,5731,7.11
5465,富驊,26.45,26.65,26.45,0.2,0.76,80,31.25,15,0,-1,14,0,0,0,0,0,0,0,0,0,0,0,0,0,0,83,83,0,25.19,299.42,3.57,-52.81,4623.34,0.39,14.54,2.27,4.54,6.31,1296,14.77
5468,凱鈺,17.25,17.35,17.2,-0.25,-1.43,34,11.76,-6,0,0,-6,0,0,0,0,0,0,0,0,0,0,0,0,0,0,35,35,0,--,11.7,-59.92,19.07,185.82,0.12,35.44,1.22,0,--,0,5.89
5469,瀚宇博,83.2,83.4,83.2,3.1,3.87,1754,60.87,519,0,-28,491,679,231,448,0.25,679,679,0,0,0,0.38,0,254,371,-117,845,1176,-331,14.52,5407.03,-3.33,6.05,62659.91,1.23,16.2,1.93,3.03,12.75,15497,48.62
5471,松翰,49.65,49.7,49.7,1.7,3.54,1682,53.52,586,0,-9,577,141,228,-87,-0.05,116,141,0,0,25,0.08,0.01,340,291,49,1214,1175,39,51.24,301.14,-8.32,27.34,2954,0.48,42.56,2.27,1.61,14.08,5908,16.79
5474,聰泰,171.5,172,171.5,5,3,270,50.57,5,0,10,15,58,35,23,0.08,29,6,52,29,0,0.21,0.1,70,53,17,152,192,-40,33.96,126.68,21.07,-6.68,1447.14,0.6,40.31,1.23,2.33,15.2,1511,3.98
5475,德宏,261,261.5,261,5.5,2.15,1921,38.77,-28,0,-3,-31,834,1206,-372,-0.18,-802,22,355,509,670,0.18,0.57,324,349,-25,907,511,396,1134.78,158.74,14.52,120.59,1114.8,0.24,28.32,3.38,0,--,0,12.71
5478,智冠,105,105.5,105.5,1.5,1.44,184,58.56,10,0,-7,3,40,0,40,0.21,40,40,0,0,0,0.21,0,53,43,10,97,147,-50,12.41,561.54,-13.11,10.74,6883.81,2.39,56.05,4,7.11,0.93,362,15.61
5481,新華,19.35,19.4,19.35,0.15,0.78,183,39.76,-29,0,0,-29,0,0,0,0,0,0,0,0,0,0,0,0,0,0,185,185,0,--,6.84,-6.85,-8.28,93.46,-0.1,46.87,-0.58,0,28.58,5101,7.14
5483,中美晶,153,153.5,153.5,12.5,8.87,12027,64.66,-574,-7,268,-313,8829,7586,1243,0.1,7795,8289,477,830,141,0.72,0.08,912,1339,-427,2455,3271,-816,21.8,6713.37,0.21,5.67,78522.39,1.83,23.24,2.2,2.28,7.56,12123,64.12
5484,慧友,54.7,54.8,54.7,1.7,3.21,1413,48.9,153,-1,-1,151,190,115,75,0.05,190,190,0,0,0,0.13,0,208,229,-21,1030,1084,-54,147.84,80.91,50.33,152.32,657.08,0.33,16.43,4.42,0,--,0,6.68
5487,通泰,27.5,28.25,28.15,1.35,5.04,110,73.64,8,0,0,8,0,0,0,0,0,0,0,0,0,0,0,0,20,-20,110,90,20,--,13.44,-16.12,0.55,156.74,-0.06,34.95,-0.27,0,27.42,1660,2.42
5488,松普,12.85,12.95,12.95,0.4,3.19,436,33.65,-126,0,0,-126,0,0,0,0,0,0,0,0,0,0,0,0,0,0,438,438,0,71.94,60.86,-40.04,19.37,873.58,0.09,18.2,0.8,0.46,7.27,1664,9.16
5489,彩富,39.5,39.8,39.5,0.35,0.89,73,40.28,0,0,0,0,0,0,0,0,0,0,0,0,0,0,0,0,0,0,74,74,0,22.32,171.92,2.84,15.69,1772.02,0.29,31.03,1.23,3.8,3.3,848,10.27
5490,同亨,28.75,28.8,28.75,0.5,1.77,290,56.03,53,0,0,53,0,0,0,0,0,0,0,0,0,0,0,0,0,0,293,293,0,17.97,139.1,-0.5,23.94,1617.94,0.7,44.71,4.72,5.22,8.06,1938,9.62
5493,三聯,100.5,101,100.5,6.4,6.8,1604,59.99,195,0,4,199,277,208,69,0.04,277,277,0,0,0,0.17,0,274,267,7,1072,1148,-76,24.39,529.53,6.29,18.59,5799.89,1.26,12.89,3.96,2.69,21.43,2341,4.37
5498,凱崴,63.3,--,63.3,5.7,9.9,3773,67.69,-500,0,10,-490,1294,627,667,0.17,1149,1254,40,145,0,0.34,0.04,527,827,-300,2001,2367,-366,527.5,171.05,5.96,54.64,1613.77,0,13.33,0.04,0.39,16.14,7108,19.35
5508,永信建,52.3,52.4,52.3,-0.7,-1.32,644,32.14,-108,-3,1,-110,20,94,-74,-0.11,-50,20,0,45,25,0.03,0.11,144,135,9,497,432,65,20.27,258.45,13.74,116.37,2571.03,0.87,42.31,3.44,5.32,5.87,3191,21.74
5511,德昌,73.5,73.8,73.6,0.5,0.68,92,61.96,11,0,0,11,0,15,-15,-0.16,-15,0,0,15,0,0,0.16,22,9,13,73,71,2,6.12,808.4,-8.04,4.49,11635.63,2.54,18.73,3.97,7.6,1.76,499,11.34
5512,力麒,7.77,7.79,7.79,-0.05,-0.64,1430,32.75,-518,0,0,-518,0,0,0,0,0,0,0,0,0,0,0,93,70,23,1347,1370,-23,55.64,422.67,-50.28,-31.15,6785.43,0.05,25.2,0.8,1.28,2.42,4641,76.63
5514,三豐,13.8,13.9,13.9,0,0,275,49.09,-2,0,0,-2,200,202,-2,-0.01,-2,100,0,0,102,0.36,0.37,0,0,0,76,74,2,57.92,3.24,52.83,545.42,675.23,0.32,18.42,2.29,0,0.07,43,23.61
5515,建國,41.4,41.5,41.5,0.8,1.97,522,62.72,70,0,-13,57,86,80,6,0.01,86,86,0,0,0,0.16,0,90,21,69,352,427,-75,6.95,668.12,5.72,22.38,7825.9,1.96,19.41,7.2,7.95,3.55,1789,20.16
5516,雙喜,10.8,10.95,10.8,0.25,2.37,32,46.87,0,0,0,0,0,0,0,0,0,0,0,0,0,0,0,0,0,0,32,32,0,8.18,260.37,118.7,93.67,2463.73,0.55,10.47,6.23,0,--,92,5.15
5519,隆大,32.45,32.5,32.45,0.3,0.93,445,44.67,-78,0,-4,-82,0,32,-32,-0.07,0,0,0,0,0,0,0,38,66,-28,411,351,60,6.5,172.9,47.11,88.65,5426.99,0.58,32.78,2.16,11.71,1.52,835,21.92
5520,力泰,81.8,82.3,83,1.6,1.97,1,100,0,0,0,0,0,0,0,0,0,0,0,0,0,0,0,0,0,0,1,1,0,8.25,369.11,17.13,0.8,4113.76,2.48,24.82,4.78,8.43,0.05,7,6
5521,工信,10.25,10.3,10.25,0.05,0.49,2872,48.95,303,0,-11,292,627,893,-266,-0.09,69,522,0,0,453,0.18,0.16,571,488,83,1689,1506,183,15.53,874.24,-33.82,-6.63,9435.62,0.13,5.28,1.12,1.46,11.87,14614,49.23
5522,遠雄,76,76.1,76,1.8,2.43,1649,51.33,-56,0,502,446,1010,530,480,0.29,987,1010,0,0,23,0.61,0.01,249,374,-125,410,765,-355,8.03,229.1,-53.29,743.31,36387.93,1.76,36.85,2.81,7.24,0.44,860,78.16
5523,豐謙,30.25,30.45,30.45,0,0,4,100,-1,0,0,-1,0,0,0,0,0,0,0,0,0,0,0,0,0,0,4,4,0,--,0.37,0,0.27,5.25,-0.04,88.3,-0.22,1.64,0.01,3,15.5
5525,順天,21.5,21.6,21.55,-0.4,-1.82,236,33.63,-62,0,1,-61,0,0,0,0,0,0,0,0,0,0,0,0,49,-49,238,189,49,8.9,597.48,-31.03,1375.8,4426.04,1,32.74,5.33,5.57,0.44,347,31.81
5529,鉅陞,22.65,22.8,22.65,0,0,125,65.6,7,0,0,7,0,0,0,0,0,0,0,0,0,0,0,0,0,0,125,125,0,8,4.09,-97.68,-1.85,1441.5,0.67,35.79,4.51,1.72,10.39,1537,10.58
5530,龍巖,50,50.1,50.1,0.5,1.01,1221,51.53,2,0,-6,-4,198,211,-13,-0.01,198,198,0,0,0,0.16,0,145,141,4,890,881,9,18.02,393.18,-8.73,26.13,4033.48,0.95,62.02,1.4,0,3.23,3223,42.01
5531,鄉林,8,8.03,8.03,0.2,2.55,505,48.47,-153,0,-3,-156,0,0,0,0,0,0,0,0,0,0,0,0,0,0,507,507,0,160.6,44.63,9.88,-21.35,1078.25,0.07,6.51,0.07,0,1.14,2781,97.76
5533,皇鼎,13.75,13.8,13.75,0,0,296,21.36,-34,0,-4,-38,0,0,0,0,0,0,0,0,0,0,0,44,164,-120,254,134,120,22.92,99.27,-51.14,-27.59,1122.9,0.16,28.63,0.47,4.36,1.33,949,28.52
5534,長虹,77.7,77.8,77.7,0.9,1.17,1435,48.44,-31,0,-19,-50,583,374,209,0.14,583,583,0,0,0,0.4,0,277,446,-169,593,633,-40,15.86,214.89,-35.55,13.56,8268.02,0.19,25.17,0.26,7.08,5.14,4055,31.53
5536,聖暉*,1100,1105,1105,55,5.24,1072,54.7,-18,28,-1,9,1085,1088,-3,-0,636,642,443,449,0,0.98,0.4,5,2,3,23,21,2,30.69,4088.05,-21.27,15.17,45067.55,12.76,25.38,9.41,1.81,2.6,807,6.2
5538,東明-KY,31.9,31.95,31.9,-2.2,-6.45,489,20.25,-29,0,-1,-30,0,112,-112,-0.23,-112,0,0,0,112,0,0.23,0,110,-110,491,269,222,9.25,1171.74,-9.09,22.37,13151.58,1.12,16.49,2.95,4.7,0.03,14,20.12
5543,桓鼎-KY,29.15,29.6,29.7,0.15,0.51,23,39.13,0,0,0,0,0,0,0,0,0,0,0,0,0,0,0,0,0,0,23,23,0,--,267.62,-2.4,4.03,3247.45,-0.75,14.14,2.07,0,--,0,4.67
5546,永固-KY,16.05,16.65,16.65,1.25,8.12,59,77.19,2,0,-4,-2,0,0,0,0,0,0,0,0,0,0,0,0,0,0,59,59,0,--,108.84,45.18,-57.85,1467.17,-0.28,-1.29,-1.42,6.01,0.12,25,8.24
5547,久舜,21.8,21.85,21.85,0,0,163,9.26,0,0,0,0,70,72,-2,-0.01,-72,0,0,0,72,0,0.44,0,0,0,93,91,2,8.95,217.07,-21.1,19.33,--,0.37,11.54,2.17,8.88,--,0,4.53
5548,安倉,23.3,23.35,23.3,0,0,51,9.8,5,0,0,5,0,0,0,0,0,0,0,0,0,0,0,0,31,-31,52,21,31,11.42,263,38.89,7.49,2604.47,0.42,9.51,2.14,8.15,0.44,64,5.78
5601,台聯櫃,32,32.45,32,-0.05,-0.16,14,21.43,1,0,0,1,0,0,0,0,0,0,0,0,0,0,0,0,0,0,14,14,0,76.19,7.88,-0.47,3.64,94.04,0.1,60.1,0.46,1.19,0.01,1,6.48
5603,陸海,15.15,15.3,15.3,-0.05,-0.33,161,30.77,-28,0,0,-28,0,0,0,0,0,0,0,0,0,0,0,0,0,0,170,170,0,47.81,125.88,20.53,1.96,1350.55,0.07,14.62,0.44,3.27,18.26,4788,10.49
5604,中連,30.9,30.95,31,0.25,0.81,42,54.76,0,0,0,0,0,0,0,0,0,0,0,0,0,0,0,0,0,0,43,43,0,32.63,13.65,-0.39,3.2,161.87,0.32,82.9,1.72,6.45,0.04,10,10.88
5607,遠雄港,52.6,52.8,52.6,0.2,0.38,688,47.77,188,0,5,193,143,110,33,0.05,143,143,0,0,0,0.2,0,159,143,16,404,453,-49,16.18,434.94,0.3,35.13,4575.3,0.98,51.33,3.23,3.42,1.65,1526,37.06
5608,四維航,15.05,15.1,15.05,0.4,2.73,1507,52.55,-167,0,-3,-170,468,108,360,0.24,468,468,0,0,0,0.31,0,200,134,66,854,1280,-426,65.43,294.43,11.16,13.88,3202.05,-0.11,11.52,-0.69,0,5.12,4979,38.93
5609,中菲行,83.7,84,83.9,1.9,2.32,845,60.22,197,0,36,233,332,76,256,0.3,332,332,0,0,0,0.38,0,122,155,-33,412,635,-223,10.61,3240.06,14.08,39.02,30578.88,1.66,13.64,3.64,6.67,0.53,189,14.29
5701,劍湖山,5.52,5.53,5.53,-0.6,-9.79,1147,45.91,22,0,0,22,0,0,0,0,0,0,0,0,0,0,0,0,0,0,1162,1162,0,--,34.34,-11.72,0.03,523.06,-0.17,47.43,-4.73,0,--,0,14.3
5703,亞都,13.75,14.6,--,--,--,0,--,0,0,0,0,0,0,0,--,0,0,0,0,0,--,--,0,0,0,0,0,0,22.08,35.87,-20.02,7.72,470.41,0.27,48.92,3.56,0,--,0,7.02
5704,老爺知,21.1,21.45,21.4,0.4,1.9,10,71.43,-1,0,0,-1,0,0,0,0,0,0,0,0,0,0,0,0,0,0,10,10,0,44.58,0.82,-9.35,-95.35,315.05,0.28,49.09,1.9,0,0.97,143,5.89
5706,鳳凰,52.6,52.8,52.6,0.2,0.38,231,30.36,-67,0,-3,-70,19,24,-5,-0.02,19,19,0,0,0,0.08,0,13,10,3,204,202,2,14.99,279.5,36.16,-20.47,3058.9,0.62,14.96,2.79,8.56,4.25,902,8.49
5864,致和證,46.55,46.7,46.7,-1.55,-3.21,21311,39.62,-5459,0,0,-5459,7248,11738,-4490,-0.21,-10090,0,1648,1377,10361,0.08,0.55,3525,3128,397,10617,6523,4094,6.62,1410.98,-23.44,350.2,6582.4,3.4,98.93,17.27,3.43,10.64,12092,45.45
5871,中租-KY,119.5,120,119.5,4,3.46,17384,68.05,-3802,8272,54,4524,16089,13923,2166,0.12,13969,14693,0,0,724,0.84,0.04,403,1120,-717,1078,2528,-1450,10.29,7950.14,-5.52,-3.87,96539.36,3.26,66.62,2.95,5.02,1.12,4808,171.14
5876,上海商銀,42.6,42.65,42.65,2.5,6.23,30857,71.09,16593,-95,-360,16138,28082,16385,11697,0.38,28082,28082,0,0,0,0.91,0,1297,4154,-2857,1588,10402,-8814,13.58,4250.51,0.81,5.28,53548.21,1.05,--,2.35,4.45,0.1,1190,486.16
5878,台名,39.15,39.55,39.05,-0.55,-1.39,33,12.12,0,0,0,0,0,0,0,0,0,0,0,0,0,0,0,0,0,0,34,34,0,13.24,94.79,28.55,-3.86,881.4,0.43,17.14,2.11,6.15,--,0,2.5
5880,合庫金,23.85,23.9,23.85,0.8,3.47,45834,69.86,22222,-7,-185,22030,42348,28386,13962,0.3,41832,41832,0,0,0,0.91,0,951,5246,-4295,2816,12483,-9667,17.04,6093.83,14,65.45,73191.52,0.36,--,2,4.4,0.06,2447,1568.09
5902,德記,35.75,35.9,35.85,0.55,1.56,16,43.75,-1,0,0,-1,0,0,0,0,0,0,0,0,0,0,0,0,0,0,17,17,0,16.6,174.06,-6.49,-17.51,2178.81,0.46,24.32,3.29,4.6,26.75,6319,9.45
5903,全家,188.5,189.5,189,0.5,0.27,22,25,5,0,0,5,0,0,0,0,0,0,0,0,0,0,0,12,9,3,14,17,-3,27.16,9576.33,0.08,9.06,113311.59,1.23,34.69,2.82,3.44,0.03,15,22.32
5904,寶雅,621,622,622,40,6.87,828,61.34,273,52,55,380,754,583,171,0.18,754,754,0,0,0,0.81,0,148,256,-108,32,94,-62,19.78,2247.88,-2.53,16.68,26439.89,9.3,45.13,13.66,4.1,0.97,259,10.64
5905,南仁湖,8.02,8.05,8.02,-0.05,-0.62,868,25.37,113,0,0,113,0,0,0,0,0,0,0,0,0,0,0,0,0,0,877,877,0,--,628.69,46.09,686.38,2022.48,-0.09,36.05,-0.94,0,--,2591,28.16
5906,台南-KY,44.25,46.45,46.5,0,0,6,100,0,0,0,0,0,0,0,0,0,0,0,0,0,0,0,0,0,0,6,6,0,64.58,136.77,37,12.68,1648.69,0.11,55.89,0.4,1.51,2.74,245,3.57
5907,大洋-KY,5.11,5.14,5.13,-0.01,-0.19,198,29.8,-92,0,0,-92,0,0,0,0,0,0,0,0,0,0,0,0,0,0,201,201,0,--,248.16,10.63,11.28,2665.9,-1.01,84.64,-5.19,0,10.75,5257,19.55
6005,群益證,40.65,40.7,40.65,0.1,0.25,36730,51.89,1673,-5753,0,-4080,19194,22934,-3740,-0.1,-4929,8691,1205,1159,13666,0.27,0.4,4571,4519,52,13136,9449,3687,11.35,4647.82,145.33,301.6,25849.39,1.34,75.56,6.02,4.21,1.24,6720,217.09
6015,宏遠證,19.05,19.1,19.1,-1.25,-6.14,11734,35.76,-2778,0,0,-2778,1835,4924,-3089,-0.26,-4924,0,0,0,4924,0,0.42,2283,2151,132,7668,4710,2958,10.11,479.77,-12.43,342.85,3092.7,0.89,93.88,6.2,2.88,8.27,8132,39.99
6016,康和證,29.3,29.35,29.3,-3.1,-9.57,46212,27.86,-20233,0,0,-20233,21440,35924,-14484,-0.31,-35768,0,156,215,35709,0,0.78,8224,4169,4055,16672,6243,10429,6.94,1299.82,-52.8,231.12,10181.14,1.65,89.99,9.55,4.81,7.65,13138,68.66
6020,大展證,22.5,22.75,22.5,-0.3,-1.32,209,28.08,6,0,0,6,0,0,0,0,0,0,0,0,0,0,0,0,0,0,211,211,0,21.43,312.89,-27.78,1284.98,1201.71,0.49,92.32,2.52,1.2,0.45,286,25.24
6021,美好證,39.2,39.25,39.2,-0.75,-1.88,1097,44.54,-216,0,0,-216,172,240,-68,-0.06,-99,71,0,0,170,0.06,0.15,58,56,2,872,806,66,6.84,1017.12,-10.5,830.65,4939.11,0.83,84.54,2.64,5.1,1.37,1067,31.22
6023,元大期,100,100.5,100,1.7,1.73,336,61.08,202,0,0,202,140,184,-44,-0.13,140,140,0,0,0,0.41,0,59,33,26,140,122,18,11.68,328.32,-37.22,-15.84,3911.6,2.19,36.6,3.53,5.5,0.22,177,32
6024,群益期,61.4,61.7,61.5,0.9,1.49,931,61.22,6,0,0,6,298,162,136,0.14,298,298,0,0,0,0.31,0,160,177,-17,490,609,-119,10.3,-244.63,-255.53,-200.51,2150.27,1.76,41.08,4.11,5.64,0.32,200,24.99
6026,福邦證,17.6,17.65,17.65,0.15,0.86,6020,45.64,-1426,0,0,-1426,1421,2271,-850,-0.14,-824,538,683,1057,988,0.2,0.34,1239,1136,103,3377,2630,747,10.38,191.33,-30.92,6.02,1590.19,0.07,89.16,0.47,7.71,3.17,3141,39.62
6028,公勝保經,78.9,79.3,79,0,0,40,65,0,0,0,0,0,0,0,0,0,0,0,0,0,0,0,10,10,0,30,30,0,12.34,532.11,-12.05,46.37,--,2.48,12.26,7.61,7.59,--,0,2.5
6101,寬魚國際,40.6,40.8,40.6,0.25,0.62,170,44.31,-1,0,0,-1,0,0,0,0,0,0,0,0,0,0,0,0,0,0,172,172,0,58.84,216.77,160.09,224.28,1603.75,0.91,20.12,8.67,0,52.22,7574,11.53
6103,合邦,33.2,38.25,36.8,1.5,4.25,5,0,0,0,0,0,0,0,0,0,0,0,0,0,0,0,0,0,0,0,5,5,0,--,5.74,0.99,22.19,92.3,-0.19,11.5,-1.72,0,0.47,12,1.36
6104,創惟,102.5,103,102.5,3.5,3.54,2371,62.21,834,1,92,927,1414,796,618,0.26,1361,1374,40,39,14,0.59,0.02,332,404,-72,666,1212,-546,22.38,363.12,0.16,1.66,4033.18,1.34,44.52,5.66,4.39,26.01,5925,9.11
6108,競國,18.8,18.85,18.85,-0.05,-0.26,866,44.25,-228,0,-1,-229,0,82,-82,-0.09,-82,0,0,0,82,0,0.09,90,192,-102,778,594,184,--,524.78,56.76,41.87,4374.28,-1.08,-5.79,-5.16,5.31,3.47,1339,15.45
6109,亞元,11.2,11.25,11.25,-0.05,-0.44,137,45.59,-32,0,0,-32,0,0,0,0,0,0,0,0,0,0,0,0,0,0,138,138,0,--,74.34,-2.95,13.23,846.1,-0.24,23.1,-2.73,0,--,42,8.78
6111,光聚晶電,44.5,44.6,44.5,0.5,1.14,182,62.09,58,0,2,60,0,0,0,0,0,0,0,0,0,0,0,0,0,0,187,187,0,--,1078.43,7.68,149.45,10026.26,-0.19,26.38,-0.07,0,9.03,2462,10.85
6112,邁達特,49,49.25,49,-2.2,-4.3,7104,40.44,-1184,0,-63,-1247,1333,2426,-1093,-0.15,-863,701,0,0,1564,0.1,0.22,1119,1537,-418,4723,3212,1511,18.77,2237.16,2.01,13.84,23869.27,0.17,13.87,0.8,3.37,12.12,3707,18.84
6113,亞矽,24.75,25.05,24.75,0.15,0.61,200,39.5,-18,0,2,-16,0,0,0,0,0,0,0,0,0,0,0,0,21,-21,202,181,21,--,78.01,-18.61,24.16,710.58,0.2,15.45,1.91,0,6.74,886,5.25
6114,久威,29.8,30.3,30.15,1.25,4.33,25,40,-3,0,0,-3,0,0,0,0,0,0,0,0,0,0,0,0,0,0,25,25,0,71.79,82.88,19.71,-12.72,805.48,0.97,16.53,2.65,1.66,10.29,1130,4.39
6115,鎰勝,48.85,48.9,48.9,0.2,0.41,417,40.26,35,0,-2,33,106,122,-16,-0.04,106,106,0,0,0,0.25,0,12,61,-49,301,236,65,17.22,728.18,-1.41,24.74,7823.34,0.71,14.63,2.41,5.73,0.4,188,18.77
6116,彩晶,15.6,15.65,15.6,-1.05,-6.31,69070,60.19,5859,0,3838,9697,49730,30793,18937,0.27,-30793,0,0,0,30793,0,0.44,4743,11134,-6391,15181,27728,-12547,--,1034.59,-6.17,2.84,11581.25,-0.06,-0.89,-0.54,0,5.06,36192,285.87
6117,迎廣,79.4,79.6,79.5,-0.2,-0.25,609,29.98,-204,0,-5,-209,33,192,-159,-0.26,-164,15,0,0,179,0.02,0.29,130,145,-15,458,284,174,17.28,304.72,-15.3,6.25,3387.74,1.33,37.56,5.36,2.52,12.31,2848,9.26
6118,建達,17.25,17.35,17.25,0.25,1.47,201,47.24,11,0,0,11,0,0,0,0,0,0,0,0,0,0,0,0,0,0,202,202,0,52.27,732.01,-12.12,-18.35,10159.49,-0.04,4.8,-0.29,0,11.41,2592,9.09
6120,達運,13.85,13.9,13.85,-0.5,-3.48,6547,32.08,-2949,30,-145,-3064,1106,2176,-1070,-0.16,-2176,0,0,0,2176,0,0.33,609,1737,-1128,4865,2667,2198,--,1319.69,-1.5,-10.23,16296.33,-0.15,3.57,-1.03,1.81,5.61,8401,59.9
6121,新普,415,418,415,9,2.22,1578,36.36,525,-450,9,84,1056,1063,-7,-0,834,863,193,222,0,0.65,0.14,175,177,-2,387,378,9,13.97,6956,0.68,4.05,82803.76,6.83,17.95,3.64,5.25,1.17,541,18.5
6122,擎邦,47.8,48.05,47.8,0.1,0.21,170,32.54,23,0,-1,22,0,0,0,0,0,0,0,0,0,0,0,18,12,6,155,161,-6,10.39,287.38,-17.67,-15.34,4059.48,1.03,15.03,4.38,7.11,5.63,1100,7.81
6123,上奇,46.2,46.25,46.25,0.65,1.43,132,33.33,-38,0,0,-38,35,0,35,0.26,35,35,0,0,0,0.26,0,38,39,-1,60,94,-34,16.52,361.55,-5.25,-5.97,4899.04,0.7,13.38,3.09,7.78,1.98,308,6.21
6124,業強,32.8,32.85,32.8,0.15,0.46,165,26.99,-22,0,0,-22,0,0,0,0,0,0,0,0,0,0,0,19,0,19,150,169,-19,--,148.3,-25.07,-27.47,1834.79,0.17,14.49,1.03,0,1.08,491,18.25
6125,廣運,62.4,62.5,62.4,-0.7,-1.11,1982,38.45,-357,0,-4,-361,322,688,-366,-0.18,-601,0,0,0,601,0,0.3,352,434,-82,1335,887,448,445.71,341.27,5.63,56.78,3648.3,0.16,25.09,-0.49,0.8,12.94,8380,25.9
6126,信音,40.9,40.95,40.95,2.65,6.92,4803,55.98,490,0,19,509,683,148,535,0.11,587,683,0,96,0,0.14,0.02,717,673,44,3439,4018,-579,50.56,540.65,6.03,56.38,4682.48,0.35,20.74,1.57,1.47,12.9,4186,12.98
6127,九豪,83.8,--,83.8,7.6,9.97,80355,59.94,-1502,0,289,-1213,43370,43456,-86,-0,42654,42857,512,715,0,0.54,0.01,11127,12034,-907,26152,25158,994,--,88.38,0.98,6.12,974.06,-0.51,5.99,-4.66,0,33.28,8993,10.81
6128,上福,20.65,20.75,20.65,-0.05,-0.24,185,40.45,-75,0,-6,-81,0,0,0,0,0,0,0,0,0,0,0,37,68,-31,149,118,31,--,422.68,-13.03,-13.28,5171.67,0.28,39.92,1.3,2.42,0.82,263,12.76
6129,普誠,15.6,15.65,15.6,0.15,0.97,487,50.31,6,0,-1,5,0,0,0,0,0,0,0,0,0,0,0,0,0,0,490,490,0,--,118.94,-11.8,26.97,1297.25,-0.17,33.71,-1.72,0,--,68,18.09
6130,上亞科技,23.95,--,23.95,2.15,9.86,821,82.1,6,0,0,6,245,308,-63,-0.08,245,245,0,0,0,0.3,0,80,52,28,498,463,35,--,17.09,15.74,35.69,157.63,-0.31,34.85,-2.58,0,45.83,4010,4.63
6133,金橋,23.45,23.5,23.45,0.45,1.96,1140,49.6,101,0,-1,100,242,242,0,0,242,242,0,0,0,0.21,0,122,105,17,778,795,-17,32.12,126.57,7.36,1.24,1438.72,0.13,23.97,0.93,4.26,10.42,3047,11.7
6134,萬旭,34.15,34.2,34.15,0,0,1465,47.08,130,0,-4,126,145,30,115,0.08,115,0,145,0,30,0.1,0.02,142,265,-123,1188,1180,8,92.3,222.86,3.39,63.51,2253.76,0.15,21.45,1.27,0.59,22.78,4379,8.19
6136,富爾特,25.45,25.5,25.45,0.1,0.39,211,38.16,-37,0,0,-37,46,0,46,0.22,46,46,0,0,0,0.22,0,29,0,29,137,212,-75,30.3,50.37,-20.65,26.78,685.45,-0.03,30.09,-0.2,4.56,9.75,2817,11.55
6138,茂達,311,312,311,10,3.32,566,50.9,-37,79,5,47,252,205,47,0.08,252,252,0,0,0,0.43,0,120,156,-36,212,223,-11,22.82,686.2,0.51,15.42,7861.52,3.68,38.39,7.47,3.54,7.52,1422,7.56
6139,亞翔,749,750,749,21,2.88,5039,49.19,-1522,54,51,-1417,3516,4030,-514,-0.1,-1432,975,864,856,2415,0.35,0.63,1567,1143,424,141,50,91,20.79,8535.66,2.32,70.59,88463.47,9.45,18.73,10.53,3.07,12.97,7638,23.56
6140,訊達,23.45,23.5,23.45,-0.55,-2.29,633,26.19,-152,0,0,-152,0,0,0,0,0,0,0,0,0,0,0,23,21,2,617,619,-2,--,202.61,38.98,-7.15,2120.2,0.37,9.73,3.91,0,--,1231,5.49
6141,柏承,35.1,35.25,35.1,-0.4,-1.13,1261,40.45,-33,0,0,-33,127,272,-145,-0.11,-188,0,0,0,188,0,0.15,91,181,-90,1062,827,235,--,195.71,0.17,19.58,1839.29,-0.58,6.96,-15.82,0,--,50,11.34
6142,友勁,8.28,8.33,8.31,-0.09,-1.07,442,33.94,-157,0,-3,-160,0,0,0,0,0,0,0,0,0,0,0,0,0,0,446,446,0,--,137.17,-7.09,-22.98,1774.91,-0.18,6.48,-2.06,0,--,0,33.08
6143,振曜,91.4,91.5,91.4,-0.6,-0.65,506,28.94,-89,0,0,-89,11,105,-94,-0.18,-105,0,0,0,105,0,0.2,61,110,-49,448,305,143,13.64,688.87,-5.75,-6.76,8967.51,1.41,21.74,4.09,6.56,23.8,5120,8.61
6144,得利影,14.45,14.5,14.45,-0.05,-0.34,18,44.44,-2,0,0,-2,0,0,0,0,0,0,0,0,0,0,0,0,0,0,18,18,0,--,12.59,-4.63,-8.49,165.04,-0.22,39.91,-2.74,0,--,0,3.83
6146,耕興,218.5,219,219,5,2.34,590,39.04,45,-1,3,47,341,397,-56,-0.09,-46,34,307,387,0,0.57,0.64,93,83,10,167,121,46,20.11,415.12,1.22,13.69,4651.52,2.97,46.58,4.87,5.48,3.01,767,10.19
6147,頎邦,251,251.5,251,8,3.29,57381,49.76,-105,-4263,-1095,-5463,45034,47998,-2964,-0.05,20131,28205,12088,14038,6124,0.7,0.35,5600,4768,832,7298,5167,2131,73.39,2158.09,-1.25,19.1,22838.46,0.59,23.46,0.93,1.12,27.97,52065,74.46
6148,驊宏資,36.75,36.8,36.75,-1.75,-4.55,8461,45.03,-515,0,-1,-516,1181,1609,-428,-0.05,677,861,0,0,184,0.1,0.02,841,1207,-366,6475,5682,793,29.17,34.79,-2.15,26.78,789.62,0.07,25.6,0.59,3.35,25,2913,4.66
6150,撼訊,65,65.6,65,1.1,1.72,355,38.26,-20,0,-1,-21,0,39,-39,-0.11,-39,0,0,39,0,0,0.11,61,32,29,299,289,10,16.09,235.23,-44.85,-68.97,6937.13,1.54,13.83,4.5,0.92,23.66,2860,4.83
6151,晉倫,41.6,41.7,41.6,-1.2,-2.8,780,39.95,67,0,0,67,0,29,-29,-0.04,-29,0,0,0,29,0,0.04,50,92,-42,736,665,71,26.84,171.57,-15.72,12.2,1775.68,0.72,24.78,4.07,3.61,15.36,2122,5.53
6152,百一,15.2,15.25,15.2,0,0,1415,41.43,287,0,-2,285,119,0,119,0.08,119,0,119,0,0,0.08,0,153,171,-18,1147,1248,-101,--,185.45,-26.96,78.63,1744.38,-0.22,20.48,-2.94,0,--,0,16.77
6153,嘉聯益,20.5,20.55,20.5,0.15,0.74,32053,50.57,362,0,134,496,11216,13897,-2681,-0.08,-3094,1190,7461,6761,4984,0.27,0.37,3928,4320,-392,16990,13919,3071,--,542.16,19.98,9.58,5320.55,-0.56,-8.7,-4.03,0,6.42,8789,63.62
6154,順發,13.8,13.9,13.85,0.1,0.73,56,61.82,6,0,0,6,0,0,0,0,0,0,0,0,0,0,0,0,0,0,57,57,0,16.69,300.73,-13.59,0.08,3983.23,0.48,19.39,2.98,3.68,1.81,363,8.01
6155,鈞寶,80.6,80.7,80.7,3.4,4.4,40796,50.52,-2596,0,-1,-2597,17529,20350,-2821,-0.07,16458,17098,310,756,194,0.43,0.02,5910,5753,157,17491,14827,2664,161.4,67.09,3.68,15.38,648.74,0.18,26.78,0.99,0.99,25.57,5627,8.8
6156,松上,18.85,18.95,18.85,0.2,1.07,538,46.1,63,0,0,63,0,0,0,0,0,0,0,0,0,0,0,0,40,-40,539,499,40,--,505.44,1.78,14.94,5017.62,-0.09,15.76,0.48,1.06,22.15,5087,10.79
6158,禾昌,17.9,17.95,17.9,-0.1,-0.56,59,18.64,-14,0,0,-14,0,0,0,0,0,0,0,0,0,0,0,0,0,0,60,60,0,--,148.19,-6.85,-2.94,1770.34,-1.11,8.86,-5.38,0,8.27,1151,5.57
6160,欣技,17,17.2,17.1,0.2,1.18,183,46.67,-8,0,0,-8,0,0,0,0,0,0,0,0,0,0,0,0,0,0,184,184,0,--,101.93,-10.75,7.24,1193.04,-0.29,34.9,-3.15,0,--,599,6.85
6161,捷波,53.8,53.9,53.8,2.8,5.49,422,45.19,-66,0,0,-66,40,0,40,0.09,40,40,0,0,0,0.09,0,51,40,11,336,387,-51,18.05,133.44,-5.52,18.39,1476.17,0.83,35.98,3.52,4.09,6.16,866,5.62
6163,華電網,51.8,51.9,51.9,0.9,1.76,1674,23.1,-318,0,-9,-327,504,718,-214,-0.13,74,293,107,138,188,0.24,0.19,180,124,56,1002,844,158,92.68,334.25,-55,-18.59,6607,0.02,15.75,0.03,1.12,62.54,23208,14.88
6164,華興,12.75,12.85,12.8,0.3,2.4,536,60.6,166,0,1,167,0,0,0,0,0,0,0,0,0,0,0,0,0,0,541,541,0,640,57.97,-33.13,-25.9,692.68,0.05,30.28,0.43,0,21.32,4264,8
6165,浪凡,50.2,50.3,50.2,1.85,3.83,1673,51.21,611,0,-114,497,604,386,218,0.13,604,604,0,0,0,0.36,0,410,338,72,667,957,-290,12.74,277.77,5.31,8.72,3306.85,1.09,29.91,5.59,9.96,44.31,8613,7.78
6166,凌華,137.5,--,137.5,12.5,10,2916,73.73,52,0,77,129,1758,1495,263,0.09,1758,1758,0,0,0,0.59,0,411,483,-72,788,979,-191,38.09,1440.43,-4.66,79.46,13792.5,1.57,37.55,5.95,0.87,8.06,4093,21.78
6167,久正,11.8,11.85,11.8,0.1,0.85,514,39.41,-6,0,0,-6,0,0,0,0,0,0,0,0,0,0,0,0,60,-60,517,457,60,--,82.76,-25.86,-24.31,1248.74,-0.06,6.74,-0.5,0,9.92,3619,14.6
6168,宏齊,25.05,25.1,25.05,0.75,3.09,1944,46.56,-298,0,-2,-300,87,91,-4,0,40,87,0,0,47,0.04,0.02,236,364,-128,1631,1499,132,357.86,192.68,10.36,10.1,2123,0.02,23.72,0.22,0,9.68,4979,20.58
6169,昱泉,14.05,14.25,14.1,0.05,0.36,31,29.03,-4,0,0,-4,0,0,0,0,0,0,0,0,0,0,0,0,0,0,31,31,0,--,0.03,-57.69,-98.99,14.06,-0.68,-548.37,-6.97,0,--,121,2.34
6170,統振,52.2,52.3,52.3,-0.6,-1.13,592,22.84,-216,0,0,-216,224,137,87,0.15,-137,0,0,0,137,0,0.23,90,150,-60,283,310,-27,11.39,250.88,-2.46,-4.18,3178.19,1.09,31.12,5.31,7.65,11.18,2438,9.73
6171,大城地產,23.5,23.65,23.35,0.05,0.21,23,43.48,-1,0,0,-1,0,0,0,0,0,0,0,0,0,0,0,0,0,0,24,24,0,6.03,17.69,-74.7,53503,1283.11,0.08,49.23,0.32,8.57,1.15,287,10
6173,信昌電,230,--,230,20.5,9.79,1288,81.49,73,0,130,203,1045,921,124,0.09,999,1010,35,46,0,0.8,0.04,84,107,-23,220,319,-99,61.66,458.47,9.39,25.63,4292.37,1.19,28.35,2.28,0.78,17.51,7495,17.12
6174,安碁,48.95,--,48.95,4.45,10,5503,68.09,144,0,46,190,1648,617,1031,0.19,1613,1648,0,0,35,0.3,0.01,412,461,-49,3489,4471,-982,67.99,64.2,-7.07,24.83,661.73,0.33,34.22,2.5,0.69,10.61,1326,5
6175,立敦,104,104.5,104,3.5,3.48,24064,52.48,-1083,0,148,-935,13148,15300,-2152,-0.09,11736,12234,818,1176,140,0.54,0.05,3881,3109,772,7191,5811,1380,38.81,472.6,3.14,25.03,4370.68,0.74,22.07,2.84,1.44,16.65,6248,15.01
6176,瑞儀,91.8,91.9,91.8,-2.3,-2.44,16829,30.27,381,-5491,-82,-5192,9061,13618,-4557,-0.27,-13505,16,0,0,13521,0,0.79,1717,1155,562,6257,2261,3996,9.77,3678.89,-0.73,-11.74,47966.77,2.29,22.39,2.92,3.81,5.09,5916,46.5
6177,達麗,44.9,44.95,44.95,0.3,0.67,817,50.68,-104,0,3,-101,120,0,120,0.15,120,120,0,0,0,0.15,0,211,159,52,495,667,-172,6.01,529.48,3.76,264.83,14172.14,3.53,50.06,13.8,6.67,2.63,3099,47.19
6179,亞通,23.4,23.45,23.4,0.6,2.63,771,48.05,149,0,-2,147,91,154,-63,-0.08,-63,0,91,154,0,0.12,0.2,146,27,119,542,598,-56,123.16,721.84,32.41,121.75,5280.66,0.27,8.75,0.94,2.14,44.8,18460,17.73
6180,橘子,42.75,42.8,42.8,-1.1,-2.51,924,38.55,-288,-2,-1,-291,64,164,-100,-0.11,-164,0,0,0,164,0,0.17,164,143,21,711,632,79,--,577.28,-12.4,4.63,8509.26,0.63,30.88,2.56,2.34,4.38,1920,17.55
6182,合晶,87.2,87.4,87.2,7.2,9,9646,65.16,1028,0,-804,224,8260,6926,1334,0.17,7702,7765,495,558,0,1.03,0.07,579,1172,-593,994,1735,-741,2180,889.19,2.79,11.94,10085.86,0,19.03,0.08,0,31.99,47481,59.36
6183,關貿,88.8,89.1,88.8,-0.3,-0.34,79,36.23,-28,0,-6,-34,0,0,0,0,0,0,0,0,0,0,0,7,11,-4,78,74,4,21.93,228.55,5.21,15.78,2848.19,1.07,45.16,5.5,4,0.03,10,15
6184,大豐電,46.15,46.25,46.25,0.05,0.11,72,41.54,-4,0,-1,-5,0,0,0,0,0,0,0,0,0,0,0,0,0,0,75,75,0,20.29,186.92,-0.25,6.07,2181.61,0.71,54.22,2.37,6.49,1.19,482,16.21
6185,幃翔,14.55,14.6,14.55,0.65,4.68,450,53.78,2,0,0,2,0,0,0,0,0,0,0,0,0,0,0,0,0,0,459,459,0,242.5,61.08,-10.42,41.83,583.63,-0.14,11.96,-0.99,2.68,3.15,1179,14.99
6186,新潤,40.05,40.2,40.05,-0.15,-0.37,697,31.02,-195,0,-1,-196,0,88,-88,-0.12,-88,0,0,0,88,0,0.12,43,104,-61,667,518,149,4.97,184.29,-41.84,-79.4,8160.58,2.09,22.96,7.65,12.51,2.66,1298,19.49
6187,萬潤,1120,1130,1130,50,4.63,3054,56.29,-793,576,10,-207,3101,3089,12,0,1773,1783,1313,1318,5,0.98,0.42,6,10,-4,44,51,-7,75.64,728.87,18.83,43.77,5891.31,3.37,51.78,4.41,1.04,9.74,2391,9.83
6188,廣明,81.8,81.9,81.8,2.4,3.02,1601,51.37,108,0,30,138,443,369,74,0.05,398,443,0,45,0,0.27,0.03,320,325,-5,858,927,-69,26.39,635.91,9.4,-11.87,9063.4,0.45,24.53,1,3.91,12.46,8673,27.84
6189,豐藝,55.8,55.9,55.9,2.7,5.08,6439,51.56,-1127,-14,-39,-1180,1174,2102,-928,-0.14,882,1119,55,292,0,0.18,0.05,1304,1122,182,4010,3264,746,21.25,2506.67,-5.43,6,29205.86,1,9.16,4.33,4.83,4.52,2983,26.46
6190,萬泰科,80.8,80.9,80.9,4.1,5.34,3428,60,165,0,-3,162,1004,990,14,0,1004,1004,0,0,0,0.29,0,577,496,81,1886,1981,-95,44.94,976.11,-4.06,30.14,9372.15,0.43,15.21,2.21,2.47,17.28,8107,19.18
6191,精成科,98,98.1,98,3.3,3.48,5029,49.52,-39,0,76,37,1822,1788,34,0.01,1822,1822,0,0,0,0.36,0,922,885,37,2349,2421,-72,15.26,3298.68,2.86,-2.48,37860.81,1.59,16.47,2.95,2.65,18.27,22800,49.93
6192,巨路,128,128.5,128.5,2,1.58,242,55.7,68,0,-5,63,67,87,-20,-0.08,67,67,0,0,0,0.27,0,66,46,20,115,116,-1,13.15,871.2,21.13,33.19,7563.1,2.63,34.02,3.42,4.51,3.66,879,9.62
6194,育富,32.4,32.45,32.4,0,0,61,8.2,-3,0,0,-3,0,0,0,0,0,0,0,0,0,0,0,0,0,0,62,62,0,21.04,75.36,-17.4,-44.82,1172.91,0.33,12.43,0.79,4.63,14.57,1748,4.8
6195,詩肯,26,26.25,26.1,0.2,0.77,26,84.62,3,0,0,3,0,0,0,0,0,0,0,0,0,0,0,0,0,0,29,29,0,14.58,205.15,24.2,18.1,2345.41,1.5,58.04,5.74,3.83,0.43,54,5.02
6196,帆宣,519,520,520,32.5,6.67,1752,57.29,258,41,40,339,1334,1148,186,0.1,1327,1331,3,7,0,0.72,0,403,591,-188,108,105,3,33.12,6973.78,5.19,64.89,57459.05,5.08,13.57,6.55,1.24,2.9,1597,22.03
6197,佳必琪,342.5,343,343,16,4.89,9444,49.83,-1128,0,45,-1083,5396,6283,-887,-0.09,592,2649,1887,2230,1714,0.47,0.41,1480,1245,235,2758,2106,652,33.46,808.2,0.1,41.78,8217.72,3.21,35.77,8.13,2.04,19.5,5953,12.23
6198,瑞築,20.35,20.55,20.65,0.1,0.49,7,85.71,0,0,0,0,0,0,0,0,0,0,0,0,0,0,0,0,0,0,7,7,0,--,0.01,-63.64,-63.64,0.25,-0.1,74.24,-0.38,0,--,0,17.14
6199,天品,96.2,96.4,96.2,2.2,2.34,429,46.01,2,0,7,9,97,42,55,0.13,97,97,0,0,0,0.23,0,83,48,35,251,341,-90,56.26,61.92,-65.77,516.94,570.51,1.22,54.29,7.92,0,27.49,4244,6.18
6201,亞弘電,47,47.3,47.05,-0.65,-1.36,101,24.74,-10,0,0,-10,0,0,0,0,0,0,0,0,0,0,0,0,23,-23,102,79,23,14.3,276.66,11.13,-14.22,3139.53,0.64,23.47,2.12,6.59,0.13,30,8.92
6202,盛群,52.8,52.9,52.9,1.2,2.32,1567,61.8,92,10,-26,76,400,241,159,0.1,374,400,0,0,26,0.25,0.02,322,361,-39,858,977,-119,78.96,312.54,-1.9,6.63,3162.29,0.3,40.01,1.76,1.29,6.63,3747,23.04
6203,海韻電,69.9,70.2,70,0.8,1.16,128,37.01,5,0,0,5,0,15,-15,-0.11,0,0,0,0,0,0,0,28,33,-5,103,83,20,13.86,148.85,-17.05,-41.51,2467.6,1.37,31.3,3.56,5.71,3.33,686,8.24
6204,艾華,111.5,--,111.5,10,9.85,1123,68.62,154,0,6,160,444,219,225,0.2,444,444,0,0,0,0.39,0,252,257,-5,441,660,-219,113.78,39.55,-3.97,7.99,388.23,0.1,34.74,0.62,0.45,18.55,1071,2.31
6205,詮欣,81.7,81.8,81.7,-0.4,-0.49,2037,35.97,-412,0,-3,-415,255,518,-263,-0.13,-370,32,33,144,291,0.03,0.21,244,343,-99,1553,1191,362,49.52,129.28,23.04,-6.62,1252.79,0.38,39.32,1.21,1.84,30.87,6347,8.22
6206,飛捷,138,138.5,138.5,4,2.97,1435,60.78,404,-7,-7,390,811,624,187,0.13,811,811,0,0,0,0.56,0,213,287,-74,434,546,-112,19.42,630.68,-1.6,45.24,5575.55,2.51,45.63,6.52,3.97,7.78,2783,14.31
6207,雷科,122.5,123,122.5,-8,-6.13,23139,37.68,-544,0,-106,-650,10846,13785,-2939,-0.12,-2623,4077,1505,2221,5984,0.24,0.35,3761,3554,207,8971,6240,2731,194.44,126.66,-19.57,3.6,1111.84,0.06,32.04,0.24,0.57,42.32,8439,8.72
6208,日揚,84.2,84.3,84.3,4.6,5.77,622,38.95,-170,0,0,-170,41,70,-29,-0.05,41,41,0,0,0,0.07,0,29,97,-68,560,463,97,22.18,358.17,24.87,12.45,3708.45,1.9,33.59,4.94,2.37,6.39,1509,9.45
6209,今國光,88,--,88,8,10,21924,72.76,2549,0,305,2854,13888,11445,2443,0.11,13888,13888,0,0,0,0.63,0,2467,3619,-1152,5725,7017,-1292,50.87,408.56,-1.5,70.66,4363,0.81,30.93,4.37,0.57,36.92,16672,18.12
6210,慶生,21.15,21.45,21.3,0.55,2.65,39,65.79,1,0,0,1,0,0,0,0,0,0,0,0,0,0,0,0,0,0,41,41,0,--,32.04,-30.18,19.29,367.13,-0.41,-1.53,-4.07,0,--,47,3.5
6212,理銘,28.4,29.1,28.5,0.3,1.06,1,100,1,0,0,1,0,0,0,0,0,0,0,0,0,0,0,0,0,0,1,1,0,13.7,96.87,-5.04,-21.11,1028.86,0.4,37.57,1.08,0,0.04,11,10.2
6213,聯茂,256.5,257,257,13.5,5.54,9375,49.05,568,-3,16,581,6310,6661,-351,-0.04,4201,5005,1085,1503,386,0.64,0.2,994,1062,-68,2219,1799,420,62.84,3802.86,8.24,29.31,35948.71,0.87,11.42,1.48,1.17,18.75,17042,36.36
6214,精誠,142.5,143,143,2.5,1.78,1898,50.9,146,0,-6,140,1053,1185,-132,-0.07,-66,403,335,426,378,0.38,0.42,210,262,-52,670,486,184,14.99,4461.23,6.28,45.8,48430.8,2.64,20.4,3.97,4.2,2.32,1580,27.22
6215,和椿,117,117.5,117,5,4.46,1939,51.33,-97,0,-11,-108,811,804,7,0,793,811,0,18,0,0.41,0.01,247,287,-40,903,871,32,41.05,290.67,-12.59,37.91,3016.82,1.14,29.92,5.84,0.85,29.85,6178,8.28
6216,居易,22.85,22.9,22.85,0,0,167,35.15,-5,0,-1,-6,0,0,0,0,0,0,0,0,0,0,0,0,23,-23,170,147,23,380.83,51.52,11.77,-42.07,652.8,-0.12,42.08,-0.69,4.51,2.75,668,9.73
6217,中探針,251.5,--,251.5,22.5,9.83,4506,67.04,-160,0,19,-141,3100,2998,102,0.02,1530,1825,1250,1494,51,0.67,0.34,329,489,-160,1147,1089,58,--,405.55,13,51.18,4189.96,0.11,23.3,0.47,0,62.22,18232,11.72
6218,豪勉,33.05,33.1,33.05,-0.35,-1.05,794,32.35,-97,0,0,-97,0,0,0,0,0,0,0,0,0,0,0,91,100,-9,714,705,9,--,75.77,-30.64,-39.28,1371.8,0.35,19.59,2.6,0,13.04,2095,6.43
6219,富旺,12.9,13.1,13.1,0.3,2.34,429,45.26,1,0,0,1,0,0,0,0,0,0,0,0,0,0,0,0,102,-102,431,329,102,16.58,63.5,-77.01,21424.4,3975.36,0.74,24.63,4.51,0,24.25,7576,12.5
6220,岳豐,33.7,33.8,33.8,1.3,4,929,44.88,144,0,3,147,193,303,-110,-0.12,193,193,0,0,0,0.21,0,246,162,84,494,468,26,42.78,824.6,34.04,12.1,8251.49,-0.32,28.03,-1.47,2.07,6.8,2489,14.65
6221,晉泰,24.2,24.25,24.25,0.25,1.04,93,51.61,22,0,0,22,0,0,0,0,0,0,0,0,0,0,0,0,0,0,94,94,0,11.44,278.25,-14.91,-42.12,4662.78,0.35,18.85,1.91,4.95,18.84,7943,16.86
6222,立軒,20.15,20.4,20.4,-0.1,-0.49,19,94.74,-1,0,-1,-2,0,0,0,0,0,0,0,0,0,0,0,0,0,0,19,19,0,--,0.16,-34.68,-68.42,2.25,-0.06,23.46,-0.47,0,0.9,38,9.57
6223,旺矽,5865,5885,5885,370,6.71,1348,55.67,-470,127,28,-315,1381,1372,9,0.01,38,29,1352,1343,0,0.99,0.96,7,8,-1,13,20,-7,156.68,1907.34,28.36,57.81,15691.56,12.53,59.45,8.09,0.37,4.77,1168,9.8
6224,聚鼎,84.3,--,84.3,7.6,9.91,2106,69.41,154,0,0,154,596,365,231,0.11,542,581,0,22,17,0.27,0.02,311,286,25,1217,1473,-256,98.02,269.5,3.55,-4.84,2834.77,0.64,32.32,2.28,1.48,15.71,3363,8.56
6225,天瀚,23.8,25.5,23.9,0.25,1.06,5,20,0,0,0,0,0,0,0,0,0,0,0,0,0,0,0,0,0,0,5,5,0,--,4.06,188.98,87.32,47.39,-0.11,13.26,-3.62,0,--,0,2.78
6226,光鼎,13.1,13.15,13.1,0.3,2.34,1213,51.08,112,0,0,112,0,0,0,0,0,0,0,0,0,0,0,149,53,96,1072,1168,-96,--,64.02,15.33,17.33,612.77,0.01,30.15,0.1,0,3.05,882,11.55
6227,茂綸,132.5,133,132.5,6,4.74,1394,51.36,175,0,17,192,643,422,221,0.16,486,520,123,157,0,0.45,0.11,244,360,-116,529,633,-104,15.19,2612.3,30.49,18.34,19297.43,3,10.48,7.76,3.4,12.48,2375,7.61
6228,全譜,21.5,--,21.5,1.95,9.97,26,96,22,0,0,22,0,0,0,0,0,0,0,0,0,0,0,0,0,0,27,27,0,--,3.25,11.58,25.55,48.96,-0.07,38.99,-0.73,0,--,66,2.6
6229,研通,26.1,26.3,26.2,0.85,3.35,172,49.38,23,0,0,23,0,0,0,0,0,0,0,0,0,0,0,0,0,0,173,173,0,291.11,318.15,-4.64,57.36,2468.31,0.14,9.07,0.8,2.29,13.7,1221,4.04
6230,尼得科超眾,136.5,137,137,3,2.24,78,55.41,-4,0,1,-3,0,0,0,0,0,0,0,0,0,0,0,17,4,13,64,77,-13,--,870.89,5.13,21.95,9505.13,-0.91,17.82,-1.36,0,2.43,524,8.63
6231,系微,296,296.5,296,0.5,0.17,749,36.69,-22,0,6,-16,173,251,-78,-0.1,31,81,88,111,27,0.22,0.18,218,209,9,382,314,68,44.44,134.96,8.74,12.51,1752.08,1.7,76.46,7.19,1.93,30.51,3482,4.57
6233,旺玖,24.25,24.35,24.35,0.55,2.31,272,39.11,-37,0,0,-37,0,0,0,0,0,0,0,0,0,0,0,0,0,0,272,272,0,--,37.54,7.85,8.38,380.1,-0.03,43.38,-0.19,3.08,17.55,3555,8.1
6234,高僑,45.1,45.15,45.1,1.6,3.68,915,44.14,-181,0,-11,-192,0,28,-28,-0.03,0,0,0,0,0,0,0,16,13,3,915,890,25,501.11,53.83,31.82,33.87,529.59,0.23,7.18,0.84,0.55,16.39,4113,10.04
6235,華孚,41.9,42,41.95,0.65,1.57,806,52.72,186,0,-2,184,0,33,-33,-0.04,0,0,0,0,0,0,0,129,217,-88,686,565,121,16.2,523.9,1.07,-1.55,6712.61,0.3,24.43,1.22,2.86,9.72,4858,19.99
6236,中湛,--,19,--,--,--,0,--,0,0,0,0,0,0,0,--,0,0,0,0,0,--,--,0,0,0,0,0,0,1840,2.51,-1.3,-4.35,31.3,0,82.95,0.06,0,--,0,4.17
6237,驊訊,46.15,46.3,46.15,-0.1,-0.22,1361,55.12,240,0,-7,233,340,376,-36,-0.03,-325,28,0,0,353,0.02,0.26,95,88,7,935,905,30,--,46.62,-44.7,33.55,585.9,-0.24,40.46,-1.26,0.22,21.44,4268,7.96
6239,力成,321,321.5,321,12,3.88,11179,42.78,3416,-4625,-15,-1224,8798,9814,-1016,-0.1,6828,7788,477,654,783,0.8,0.14,1128,819,309,1648,930,718,39.29,7917.62,4.52,30.23,84445.4,2.5,19.44,3.29,1.4,13.26,25162,75.91
6240,松崗,17.95,18.05,18.35,0.25,1.38,23,60.87,0,0,0,0,0,0,0,0,0,0,0,0,0,0,0,0,0,0,23,23,0,--,4.03,-1.85,24.71,53.29,-0.43,58.22,-2.47,0,10.78,616,2.29
6241,鑫永洋,10.95,--,10.95,0.99,9.94,256,92.19,8,0,2,10,0,0,0,0,0,0,0,0,0,0,0,0,0,0,259,259,0,43.8,55.94,-13.3,-9.17,645.75,0.46,18.4,6.1,0,--,0,4.87
6242,立康,38.3,38.6,38.65,0.3,0.78,22,35,1,0,0,1,0,0,0,0,0,0,0,0,0,0,0,0,0,0,22,22,0,15.84,58.01,7.19,7.94,577.9,0.33,67.02,1.21,5.17,--,0,3.18
6243,迅杰,30.55,30.65,30.55,0.15,0.49,171,45.83,-57,0,-1,-58,0,0,0,0,0,0,0,0,0,0,0,0,0,0,176,176,0,--,25.42,-6.87,-58.2,477.57,-0.03,59.76,-0.19,0,13.3,1505,4.53
6244,茂迪,28.4,--,28.4,2.55,9.86,7287,70.24,815,0,151,966,2470,1158,1312,0.18,2354,2470,0,116,0,0.34,0.02,1175,1184,-9,3672,4975,-1303,315.56,294.38,-4.56,31.54,3151.22,0.12,16.7,1.01,0.49,13.93,13478,38.7
6245,立端,86.6,86.7,86.7,2,2.36,1252,60.93,441,0,20,461,335,442,-107,-0.08,275,282,53,60,0,0.26,0.05,293,183,110,640,643,-3,21.35,700.46,-3.02,31.46,7192.45,0.75,33.01,1.75,4.38,8.69,3185,14.66
6246,臺龍,15.6,15.75,15.65,0.15,0.97,25,44,-3,0,0,-3,0,0,0,0,0,0,0,0,0,0,0,0,0,0,25,25,0,18.41,133.81,47.01,-10.87,1500.38,-0.68,7.5,-6.1,0,13.71,514,3.79
6248,沛波,18.4,18.45,18.5,0,0,210,44.76,1,0,0,1,0,0,0,0,0,0,0,0,0,0,0,0,103,-103,214,111,103,13.81,502.65,-6.21,-32.67,7008.3,0.28,5.85,1.23,6.32,2.95,736,10
6257,矽格,208.5,209,208.5,7.5,3.73,7918,53.42,108,-6,91,193,5638,5535,103,0.01,4591,5072,411,643,249,0.68,0.11,514,585,-71,1939,1970,-31,31.5,1976.45,1.58,23.71,20958.28,2.1,31.66,4.54,2.01,8.52,10305,48.39
6259,百徽,27.1,27.2,27.1,1.8,7.11,600,52.51,124,0,0,124,0,0,0,0,0,0,0,0,0,0,0,54,54,0,549,549,0,33.05,58.01,-17.29,19.6,524.26,0.43,22.43,3.02,1.29,18.22,758,2.81
6261,久元,99.8,99.9,99.9,-1.6,-1.58,3312,50.66,1026,0,-1676,-650,1716,2322,-606,-0.18,-2241,15,20,48,2228,0.01,0.68,304,319,-15,1339,718,621,24.01,348.98,5.36,4.71,4267.57,0.85,31.17,1.51,2.5,20.12,6464,12.85
6263,普萊德,162,162.5,162,10.5,6.93,765,50.79,-71,0,0,-71,165,134,31,0.04,83,145,0,0,62,0.19,0.08,173,147,26,445,502,-57,19.47,157.75,-15.93,6.19,1905.94,2.1,48.21,7.2,4.81,3.71,579,6.25
6264,富裔,6.01,6.08,6.08,0.04,0.66,39,69.23,0,0,0,0,0,0,0,0,0,0,0,0,0,0,0,0,0,0,40,40,0,--,20.41,316.26,539.45,119.77,-0.22,-12.69,-3.58,0,--,0,13.64
6265,方土昶,55.5,55.6,55.5,2.6,4.91,8317,47.41,-784,0,51,-733,2122,2465,-343,-0.04,560,1545,467,1116,336,0.24,0.17,1736,1717,19,4502,4179,323,22.65,496.26,26.68,885.82,1986.34,1.67,35.98,12.87,0,27.45,8111,11.82
6266,泰詠,27.9,27.95,27.9,0.25,0.9,412,45.32,-130,0,0,-130,0,0,0,0,0,0,0,0,0,0,0,23,20,3,397,400,-3,15.41,294.66,8.07,-6.57,3314.98,0.39,16.25,2.41,6.38,3.56,1371,15.39
6269,台郡,69.4,69.5,69.4,4.9,7.6,8580,57.68,603,0,224,827,3360,2887,473,0.05,1792,2841,108,156,1001,0.34,0.13,1676,1577,99,3620,4192,-572,--,1681.97,-15.16,-6.09,22545.87,-2.6,-1.38,-3.59,0,10.39,8414,32.38
6270,倍微,39.4,--,39.4,3.55,9.9,2261,100,-370,0,-15,-385,1956,1285,671,0.29,1956,1956,0,0,0,0.86,0,125,215,-90,194,776,-582,35.5,255.13,-11.61,1.13,2784.69,0.24,9.76,0.71,2.54,12.92,2330,7.21
6271,同欣電,240,--,240,21.5,9.84,2052,51.85,-90,0,17,-73,1330,1176,154,0.07,961,1079,251,369,0,0.63,0.17,203,206,-3,588,739,-151,35.61,1038.23,0.29,7.63,11537.06,1.89,27.97,1.48,1.25,16,8363,20.91
6272,驊陞,37.2,37.5,37.25,-0.65,-1.72,435,24.53,-147,0,-1,-148,0,0,0,0,0,0,0,0,0,0,0,16,36,-20,425,405,20,15.39,316.5,43.43,-25.22,3694.64,0.13,21.01,0.52,5.42,--,0,8.18
6274,台燿,1615,1620,1615,80,5.21,8706,52.39,-1081,1006,-167,-242,8817,8839,-22,-0,2694,5595,347,346,2902,0.67,0.36,23,28,-5,100,73,27,117.71,4794.43,4,128.49,39008.86,4.36,25.15,6.87,0.47,12.69,9245,29.61
6275,元山,48.4,48.45,48.4,-0.15,-0.31,546,31.91,-71,0,0,-71,30,32,-2,-0,-32,0,0,0,32,0,0.06,82,71,11,439,448,-9,17.6,359.73,3.06,0.5,4328.89,0.48,17.6,2.27,4.13,12.04,2415,8.03
6276,安鈦克,25.05,27.3,25.05,-1,-3.84,53,26.42,-13,0,0,-13,0,0,0,0,0,0,0,0,0,0,0,0,28,-28,54,26,28,--,57.24,1.36,-60.37,1187.26,-0.9,21.31,-8.99,0,--,406,2.2
6277,宏正,75.1,75.2,75.1,-0.4,-0.53,299,28.23,56,0,-2,54,0,34,-34,-0.11,-34,0,0,34,0,0,0.11,52,50,2,253,221,32,23.11,415.62,-5.49,9.2,5092.72,1.08,60.23,2.74,4.66,1.51,452,11.95
6278,台表科,198.5,199,198.5,1,0.51,13428,44.55,1983,-2882,322,-577,8752,9661,-909,-0.07,-2376,3324,948,884,5764,0.31,0.49,1347,1318,29,3505,2493,1012,22.92,4348.04,-3.5,2.43,50291.09,2.17,11.31,2.78,2.77,17.19,12567,29.24
6279,胡連,123,123.5,123.5,4,3.35,1391,60.44,-37,-5,16,-26,569,553,16,0.01,569,569,0,0,0,0.4,0,204,242,-38,655,632,23,13.19,906.85,5.08,28.86,9911.77,1.6,26.65,2.09,4.45,11.48,3416,11.9
6281,全國電,51.2,51.5,51.5,0.5,0.98,97,56.52,3,0,0,3,0,0,0,0,0,0,0,0,0,0,0,16,31,-15,83,68,15,13.81,1677.75,19.62,1.59,18855.23,1.13,21.25,4.02,6.41,0.34,84,9.92
6282,康舒,63.2,63.3,63.2,4.4,7.48,69394,53.21,-1341,11,121,-1209,34279,36292,-2013,-0.03,15133,26315,3728,5277,9633,0.43,0.21,9618,9582,36,26021,23943,2078,126.4,3152.13,0.19,34.61,33999.57,0.27,24.39,1.01,1.27,16.99,36354,85.6
6283,淳安,24.65,24.8,24.65,0.35,1.44,153,61.84,15,0,-3,12,0,0,0,0,0,0,0,0,0,0,0,0,0,0,153,153,0,--,116.79,-26.38,9.3,1811.79,-0.07,10.61,-0.54,0,12.47,2573,14.9
6284,佳邦,104.5,105,105,5.1,5.11,13771,58.68,-1959,0,255,-1704,7070,8985,-1915,-0.14,5995,6650,0,0,655,0.48,0.05,1979,1474,505,4835,3426,1409,34.09,604.54,-3.51,-12.2,7272.31,0.51,19.98,0.94,1.81,24.16,8997,14.9
6285,啟碁,286,286.5,286.5,13,4.75,15649,42.85,-3245,255,-206,-3196,10826,12708,-1882,-0.12,-1469,370,10456,12295,0,0.68,0.77,2719,1577,1142,2396,1656,740,42.26,12167.71,6.72,34.82,115725.6,2.36,13.76,3.27,1.5,13.93,16849,48.37
6290,良維,317.5,318,317.5,2,0.63,6640,35.57,37,1,-206,-168,4152,5583,-1431,-0.21,-1859,232,3277,3994,1374,0.52,0.79,1167,515,652,1494,715,779,37.05,911.96,-0.9,3.68,10455.77,2.68,31.19,5.69,1.95,39.44,16713,16.96
6291,沛亨,558,559,558,-8,-1.41,501,54.04,-41,1,-2,-42,276,378,-102,-0.21,-271,4,101,129,247,0.22,0.77,225,132,93,28,19,9,65.19,219.56,-8.45,16.11,2448.9,3,37.5,8.84,1.08,18.13,1904,4.2
6292,迅德,57.3,57.5,57.3,1.3,2.32,374,41.21,-36,0,0,-36,0,20,-20,-0.05,-20,0,0,20,0,0,0.05,20,40,-20,359,319,40,24.18,100.62,-6.65,27.62,1079.16,0.73,33.16,3.12,3.14,3.54,412,4.66
6294,智基,27.85,28,28,0.5,1.82,19,63.16,-6,0,0,-6,0,0,0,0,0,0,0,0,0,0,0,0,0,0,20,20,0,10.65,86.97,6.27,-11.04,911.87,-0.07,31.93,-0.34,10.71,1.31,85,2.6
6405,悅城,72.1,72.4,72.1,0.1,0.14,278,64,-21,0,0,-21,20,33,-13,-0.05,-13,0,20,18,15,0.08,0.13,52,44,8,212,207,5,--,0.17,-100,230,0.65,-0.26,-12166.23,-0.63,0,44.43,7308,6.58
6409,旭隼,911,915,915,15,1.67,2141,49.54,-360,-1,-18,-379,1367,1646,-279,-0.13,795,1111,69,100,285,0.53,0.17,791,537,254,76,51,25,26.21,1850.13,4.85,0.28,19475.67,4.46,26.1,3.94,4.04,7.51,1646,8.83
6411,晶焱,91.7,91.9,91.7,2.6,2.92,1835,59.41,438,0,11,449,454,522,-68,-0.04,-26,272,48,160,186,0.17,0.19,390,256,134,1013,1079,-66,30.16,224.84,10.41,14.4,2559.19,0.54,34.15,0.81,2.42,8.94,2223,9.95
6412,群電,88.9,89,88.9,-1.4,-1.55,7921,24.83,3155,-2280,-21,854,4550,6647,-2097,-0.26,-6590,0,0,0,6590,0,0.82,657,485,172,2801,877,1924,17.1,2707.56,2.72,-10.18,33131.02,1.01,15.94,2.72,4.16,2.26,2267,40.08
6414,樺漢,400.5,401,401,29,7.8,3362,54.56,702,-136,78,644,2532,2306,226,0.07,2517,2522,10,15,0,0.73,0,236,310,-74,680,833,-153,18.64,15579.25,6.97,35.27,152125.01,5.15,20.11,2.89,3.44,3.54,1294,14.9
6415,矽力*-KY,528,529,528,4,0.76,6817,58.53,-43,20,-13,-36,5819,5885,-66,-0.01,2218,3126,2008,2176,740,0.74,0.42,1025,983,42,80,56,24,71.06,2014.05,13.32,28.14,19980.05,1.98,48.22,1.93,0.48,5.67,5509,9.72
6416,瑞祺電通,84.7,85,84.8,2.4,2.91,250,50.4,78,0,-5,73,0,12,-12,-0.05,0,0,0,0,0,0,0,75,29,46,178,212,-34,18.64,349.99,11,16.5,4282.91,1.35,25.67,2.66,3.3,18.32,3360,7.33
6417,韋僑,139.5,140,140,7,5.26,139,66.19,8,0,0,8,9,18,-9,-0.06,9,9,0,0,0,0.06,0,53,25,28,79,98,-19,26.77,172.82,8.93,22.98,1698.42,1.67,34.57,4.03,1.71,32.3,3413,4.23
6418,詠昇,32,32.1,32.05,0,0,156,10.14,-52,0,0,-52,0,0,0,0,0,0,0,0,0,0,0,0,0,0,157,157,0,57.23,82.48,-4.75,31.58,799.38,-0.15,17.57,-1.05,1.19,12.33,1064,3.45
6419,京晨科,133.5,134.5,133.5,2.5,1.91,131,33.08,-8,0,2,-6,0,10,-10,-0.07,-10,0,0,10,0,0,0.07,18,38,-20,117,87,30,10.62,126.98,5.43,328.69,687.39,4.55,22.22,12.27,0,13.62,448,1.32
6423,億而得,85,85.5,85,0.9,1.07,92,38.04,-21,0,0,-21,0,0,0,0,0,0,0,0,0,0,0,0,0,0,93,93,0,250,12.79,-70.2,16.87,237.51,0.28,99.64,1.71,1.18,9.34,724,3.1
6425,易發,78.2,78.3,78.2,0.8,1.03,898,33.9,-167,0,0,-167,81,180,-99,-0.11,-67,53,0,51,69,0.06,0.13,129,126,3,703,608,95,--,116,-31.79,31.74,1552.67,0.17,27.72,0.66,1.28,24.84,3162,5.14
6426,統新,230.5,231,231,16,7.44,1363,53.97,-48,0,0,-48,510,538,-28,-0.02,250,398,87,190,45,0.35,0.17,158,189,-31,713,655,58,444.23,67.25,-3.69,70.17,600.73,0.74,39.46,3.1,0.22,42.99,4139,3.85
6431,光麗-KY,17.5,17.7,17.6,-0.45,-2.49,250,15.93,-74,0,-1,-75,0,0,0,0,0,0,0,0,0,0,0,0,0,0,251,251,0,--,41.7,60.45,31.22,368.18,-0.4,22.78,-6.72,0,--,0,8.61
6432,今展科,71.7,--,71.7,6.5,9.97,4685,79.9,339,0,10,349,2947,1981,966,0.21,2926,2947,0,21,0,0.63,0,421,583,-162,1337,2141,-804,98.22,108.27,-4.9,28.54,1161.39,0.72,21.77,2.63,1.67,15.06,1294,3.44
6435,大中,273.5,276,276,10,3.76,450,45.68,-50,0,2,-48,82,115,-33,-0.07,7,65,17,75,0,0.18,0.16,179,169,10,204,182,22,25.6,317.88,2.44,22.2,3532.13,3.68,26.78,6.94,2.72,13.91,1303,3.75
6438,迅得,150,150.5,150,1.5,1.01,468,39.38,-49,0,-13,-62,74,171,-97,-0.2,74,74,0,0,0,0.15,0,83,59,24,329,256,73,27.47,592.38,-7.2,10.13,6868.59,1.76,26.41,2.52,3.33,22.07,4535,8.22
6441,廣錠,24.2,--,24.2,2.2,10,175,51.19,-40,0,0,-40,0,0,0,0,0,0,0,0,0,0,0,0,0,0,177,177,0,--,10.12,-19.52,-66.85,146.16,-1.36,-113.66,-7.44,0,5.99,799,5.33
6442,光聖,2095,2100,2100,130,6.6,996,59.96,-24,-7,27,-4,1077,1026,51,0.05,841,834,243,236,0,1.1,0.24,6,17,-11,28,68,-40,79.43,886.44,-12.49,-16.21,10959.23,7.82,55.41,8.73,0.56,33.38,6596,8.15
6443,元晶,39.7,39.75,39.7,3.55,9.82,14404,61.95,964,0,-125,839,5188,4529,659,0.05,3946,4927,231,887,325,0.35,0.08,1984,2077,-93,7377,7943,-566,--,116.05,61.91,-40.17,1398.74,-0.2,-5.14,-2.8,0,--,19741,51.28
6446,藥華藥,990,991,990,64,6.91,4618,60.87,1105,314,-23,1396,3951,3534,417,0.09,3951,3951,0,0,0,0.83,0,762,1139,-377,54,94,-40,63.42,2458.45,19.1,108.47,19616.06,5.79,87.87,6.47,0.26,9.05,8592,37.99
6449,鈺邦,370.5,--,370.5,33.5,9.94,241,100,32,0,-1,31,191,144,47,0.19,184,191,0,7,0,0.78,0.03,18,38,-20,48,76,-28,48.69,443.48,-4.34,12.27,4842.9,2.11,36.79,3.41,1.13,13.6,3124,9.19
6451,訊芯-KY,616,617,616,16,2.67,6437,49.04,-657,-1,32,-626,4391,4923,-532,-0.08,1788,3133,386,455,1276,0.54,0.26,2093,1597,496,91,56,35,--,624.11,-2.65,4.89,7119.19,-1.45,11.96,-1.85,0.04,37.17,10424,11.33
6456,GIS-KY,75.8,75.9,75.8,-3.1,-3.93,13354,39.73,-3242,0,-195,-3437,4213,7586,-3373,-0.25,-7187,188,0,156,7219,0.01,0.55,2363,2129,234,6921,3781,3140,--,3197.94,-17.86,-50.88,62314.91,-0.61,4.98,-0.68,0,15.71,13276,33.79
6461,益得,15.85,16.1,15.8,0,0,123,48.36,19,0,0,19,0,0,0,0,0,0,0,0,0,0,0,0,0,0,124,124,0,--,5.56,-35.52,43.68,119.18,-0.63,-240.05,-10.69,0,--,0,17.84
6462,神盾,111.5,112,112,2.5,2.28,993,43.31,-357,5,-5,-357,363,536,-173,-0.17,326,352,11,37,0,0.36,0.04,141,160,-19,512,320,192,--,372.85,-52.21,12.03,6564.16,-2.7,23.18,-2.54,0,22.78,4748,9.13
6464,台數科,77.2,77.6,78,-0.1,-0.13,35,64.52,-5,0,-1,-6,0,0,0,0,0,0,0,0,0,0,0,0,0,0,35,35,0,19.16,390.3,13.7,11.29,4422.19,1.39,51.62,2.1,2.22,0,0,12.88
6465,威潤,49.7,49.9,49.7,-3.4,-6.4,713,23.53,-240,0,0,-240,0,25,-25,-0.03,-25,0,0,0,25,0,0.03,55,209,-154,665,486,179,19.19,20.67,-21.59,169.58,320.22,1.31,76.04,11.88,0.4,14.29,786,4.71
6469,大樹,75.9,76,76,2,2.7,727,59.63,119,0,0,119,158,64,94,0.12,158,158,0,0,0,0.21,0,149,200,-51,446,489,-43,20.16,1502.81,-10.7,-1.23,19024.31,0.83,28.1,3.16,4.95,1.81,679,15.01
6470,宇智,49.5,49.55,49.5,0.2,0.41,56,52,14,0,0,14,0,0,0,0,0,0,0,0,0,0,0,0,0,0,56,56,0,16.18,72.36,-12.35,-58.73,1566.03,0.84,20.05,2.74,5.05,2.56,241,3.77
6472,保瑞,389.5,390,390,-1,-0.26,2562,47.27,132,0,-44,88,1399,1617,-218,-0.08,91,748,0,0,657,0.28,0.25,367,317,50,900,732,168,30.98,2114.49,42.46,40.19,19010.2,0.2,36.05,0.28,2.56,12.32,3935,12.8
6474,華豫寧,37.8,37.95,37.8,0.5,1.34,34,14.71,1,0,0,1,0,0,0,0,0,0,0,0,0,0,0,0,0,0,35,35,0,12.56,357.02,-14.77,1.9,3858.88,0.9,21.81,2.83,6.61,0.21,27,5.25
6477,安集,32.7,32.8,32.75,1.05,3.31,1010,56.22,161,0,-2,159,82,50,32,0.03,82,82,0,0,0,0.08,0,74,162,-88,857,801,56,363.89,69.76,-14.76,-1.22,949.21,-0.02,24.77,-0.01,1.07,12.48,3861,12.38
6482,弘煜科,29.85,29.9,29.9,1.1,3.82,327,67.48,1,0,37,38,0,0,0,0,0,0,0,0,0,0,0,38,70,-32,295,263,32,16.89,22.44,-22.94,-49.39,424.71,0.28,98.65,1.87,6.69,0.98,70,2.86
6485,點序,95.4,95.5,95.4,-5.6,-5.54,2517,32.05,-317,0,-62,-379,469,789,-320,-0.13,-789,0,0,0,789,0,0.31,417,492,-75,1665,1270,395,681.43,91.16,-16.25,-5.86,1384.86,0,57.17,0,0.52,37.76,4115,4.74
6486,互動,81.9,82,82,-0.6,-0.73,78,20.51,-32,0,1,-31,0,0,0,0,0,0,0,0,0,0,0,10,10,0,69,69,0,15.38,136.56,23.85,-24.26,2699.77,0.59,32.8,1.52,7.32,1.81,230,5.09
6488,環球晶,802,806,803,35,4.56,2135,44.07,-379,-79,293,-165,1931,2112,-181,-0.1,1086,1443,200,219,338,0.93,0.32,250,111,139,70,28,42,49.54,4842.01,1.98,-3.3,58287.57,3.97,20.83,2.03,0.96,7.44,8896,47.81
6491,晶碩,329,329.5,329,9,2.81,313,40.07,113,0,0,113,209,153,56,0.17,192,203,0,0,11,0.63,0.03,57,74,-17,58,97,-39,15.92,716.19,6.21,36.71,7635.82,6.06,53.33,4.15,3.04,2.78,543,7.8
6492,生華科,43.7,44.2,44.1,-0.3,-0.68,213,39.9,50,0,0,50,0,0,0,0,0,0,0,0,0,0,0,33,27,6,184,190,-6,--,0.08,0,-3.61,1.05,-0.75,56.25,-9.17,0,--,152,8.99
6494,九齊,51.2,51.4,51.4,0.4,0.78,219,33.49,-21,0,0,-21,44,0,44,0.2,44,44,0,0,0,0.2,0,0,11,-11,177,210,-33,428.33,157.69,1.6,79.43,1397.41,0.75,27.49,2.37,1.95,9.7,765,3.16
6496,科懋,23.75,24,24.5,0.4,1.66,11,72.73,3,0,0,3,0,0,0,0,0,0,0,0,0,0,0,0,0,0,14,14,0,--,77.75,-8.89,6.91,930.56,-1.18,38.35,-7.06,0,0.3,36,4.73
6498,久禾光,101,101.5,101.5,5.5,5.73,198,67.51,46,0,0,46,34,40,-6,-0.03,34,34,0,0,0,0.17,0,36,29,7,130,131,-1,15.31,137.52,9.79,37.28,1362.06,1.75,45.71,5.49,4.43,4.38,517,4.72
6499,益安,78.3,78.4,78.3,0,0,410,33.33,-51,0,0,-51,0,57,-57,-0.14,-41,0,0,0,41,0,0.1,43,94,-51,374,266,108,--,37.14,2.84,3.41,433.06,-1.26,15.23,-9.17,0,29.6,7175,9.69
6504,南六,35.75,35.95,35.9,0.05,0.14,96,34.37,4,0,-1,3,0,0,0,0,0,0,0,0,0,0,0,0,0,0,96,96,0,--,594.83,-2.73,4.31,6560.33,0.1,13.78,0.21,2.79,0.63,115,7.26
6505,台塑化,52.4,52.5,52.4,-0.2,-0.38,9165,53.16,-3139,5,-62,-3196,5251,7308,-2057,-0.22,-3050,1054,2474,2792,3786,0.38,0.71,1371,716,655,2603,1201,1402,18.78,57777.22,-6.09,26.87,642380.76,2.14,16.79,5.5,2.29,0.43,10292,952.6
6506,雙邦,19.3,19.35,19.35,0.05,0.26,206,33.33,-55,0,0,-55,0,0,0,0,0,0,0,0,0,0,0,0,29,-29,208,179,29,16.83,177.75,-12.71,7.64,1950.61,0.52,20.44,4.11,5.17,3.35,690,8.24
6508,惠光,23.5,23.55,23.5,0.05,0.21,68,50,-15,0,0,-15,0,0,0,0,0,0,0,0,0,0,0,0,0,0,71,71,0,106.82,142.1,-24.61,-18.76,1373.61,0.36,23.67,1.31,2.13,1.41,306,8.65
6509,聚和,49.45,49.6,49.45,-0.4,-0.8,3030,38.12,-520,9,-17,-528,423,1139,-716,-0.23,-383,309,54,158,588,0.12,0.24,493,554,-61,2133,1356,777,15.22,516.01,9.27,9.76,4993.04,1.19,36.08,4.46,2.83,10.66,5239,19.71
6510,精測,3390,3395,3390,-175,-4.91,1070,44.38,-175,62,-7,-120,1087,1106,-19,-0.02,-735,178,17,17,913,0.17,0.82,7,7,0,36,16,20,99.71,542.51,3.69,34.09,5270.35,10.43,56.77,3.65,0.45,9.28,763,3.29
6512,啟發電,19.65,19.8,19.7,-0.15,-0.76,3,33.33,0,0,0,0,0,0,0,0,0,0,0,0,0,0,0,0,0,0,7,7,0,--,5.76,-67.54,-78.26,146.83,-0.28,29.06,-2.05,0,--,0,2.53
6515,穎崴,8540,8610,8610,230,2.74,363,48.04,-73,7,-2,-68,370,372,-2,-0.01,-46,10,307,306,57,0.83,0.95,3,3,0,12,9,3,176.43,1073.48,8.48,119.79,9457.46,19.54,43.01,10.8,0.58,4.93,444,3.64
6516,勤崴國際,57.1,57.3,57.1,-0.9,-1.55,195,25.93,-91,0,0,-91,30,0,30,0.15,0,0,0,0,0,0,0,18,10,8,148,186,-38,31.72,45.28,-6.95,9.17,600.02,0.66,49.12,3.61,4.1,7.36,1037,5.63
6517,保勝光學,68,68.3,68,2.8,4.29,4051,53.54,-678,0,1,-677,1105,1196,-91,-0.02,1105,1105,0,0,0,0.27,0,526,672,-146,2449,2212,237,50.75,32.48,6.59,-35.43,441.04,0.52,33.19,2.42,2.21,23.17,1771,3.06
6523,達爾膚,98.5,98.7,98.5,0.5,0.51,27,22.22,-1,0,0,-1,0,0,0,0,0,0,0,0,0,0,0,0,8,-8,28,20,8,15.84,54.8,-10.24,-16.76,1081.14,1.88,67.24,6.28,10.15,0.49,55,4.5
6525,捷敏-KY,118.5,119,119,0,0,1137,48.9,-201,-5,0,-206,397,521,-124,-0.11,-430,0,12,25,417,0.01,0.38,167,171,-4,591,463,128,19.6,548.58,1.65,18.95,5639.69,1.62,26.14,4.6,4.2,5.34,1723,12.9
6526,達發,649,650,649,22,3.51,541,40.72,-123,21,6,-96,237,305,-68,-0.12,153,202,27,59,17,0.4,0.13,309,246,63,30,26,4,37.26,2027.87,11.73,14.31,21413.03,4.47,52.73,3.56,2.08,4.21,1762,16.75
6527,明達醫,72.2,72.4,72.3,0.8,1.12,41,50,1,0,0,1,0,0,0,0,0,0,0,0,0,0,0,11,0,11,30,41,-11,12.8,87.48,42.13,-4.4,888.65,1.33,40.05,3.35,4.01,--,0,2.55
6530,創威,104.5,105,104.5,1.5,1.46,722,38.28,-127,0,0,-127,147,258,-111,-0.15,-97,0,147,244,0,0.2,0.33,148,141,7,438,334,104,48.83,31.66,0.4,25.32,352.2,0.65,46.21,4.39,1.91,36.1,3046,3.38
6531,愛普*,961,963,963,54,5.94,5846,50.96,-204,-47,-42,-293,4158,4379,-221,-0.04,2050,3010,605,777,788,0.6,0.26,1727,1550,177,93,49,44,97.77,748.54,-6.92,89.34,7512.28,4.15,46.19,5.42,0.73,25.05,10199,8.15
6532,瑞耘,92.9,93,93,0.2,0.22,616,36.35,-41,0,0,-41,44,134,-90,-0.14,-90,0,44,107,27,0.07,0.21,99,107,-8,482,384,98,13.56,72.55,-1.5,36.45,672.42,0.84,36.93,2.54,3.23,35.56,3329,3.74
6533,晶心科,209,209.5,209.5,7,3.46,413,45.77,-36,2,-2,-36,138,150,-12,-0.03,119,128,10,19,0,0.32,0.04,54,80,-26,234,196,38,--,106.86,-19.98,22.87,1553.17,-3.28,99.89,-3.75,0,18.37,2326,5.07
6535,順藥,111,111.5,110.5,-0.5,-0.45,147,36.55,-32,0,-1,-33,0,21,-21,-0.14,-21,0,0,0,21,0,0.14,52,29,23,100,102,-2,--,0.08,0,-64.55,32.15,-0.72,40.55,-8.26,0,--,0,16.78
6538,倉和,105,106.5,105,-6,-5.41,1650,41.27,261,0,-26,235,487,792,-305,-0.18,-568,126,0,11,683,0.08,0.42,385,336,49,795,538,257,105,120.89,-7.07,-12.29,1293.51,0.9,38.53,1.77,1.46,19.66,1871,3.8
6541,泰福-KY,41.25,41.5,41.25,-0.5,-1.2,432,32.94,-76,0,-1,-77,0,0,0,0,0,0,0,0,0,0,0,40,14,26,397,423,-26,--,36.08,-58.43,208.2,586.55,-1.47,-200.66,-7.03,0,5.54,3672,26.5
6542,隆中,45.3,45.7,45.65,0.35,0.77,7,42.86,0,0,0,0,0,0,0,0,0,0,0,0,0,0,0,0,0,0,7,7,0,1141.25,82.08,1.53,23.81,956.71,0.04,79.6,0.09,0.04,2.57,270,4.2
6546,正基,76,76.3,76.3,2.9,3.95,836,57.95,23,0,13,36,271,257,14,0.02,271,271,0,0,0,0.32,0,123,123,0,448,461,-13,28.68,200.93,0.05,-7.59,2226.28,0.9,27.33,3.04,3.28,20.44,3416,6.68
6547,高端疫苗,47.1,47.15,47.1,-1.6,-3.29,2556,21.46,-881,0,-6,-887,85,546,-461,-0.18,-546,0,0,0,546,0,0.21,177,712,-535,2327,1331,996,--,38.72,-11.04,-7.87,600.37,-0.09,74.74,-0.81,0,11.64,9567,32.87
6548,長科*,86.4,86.5,86.5,4,4.85,3486,47.2,-217,0,84,-133,767,1339,-572,-0.19,767,767,0,0,0,0.25,0,819,590,229,1973,1631,342,52.74,1429.57,3.29,36.65,14575.53,0.51,21.71,4.18,1.56,3.92,9322,3.8
6550,北極星藥業-KY,13.15,13.2,13.15,0,0,1326,38.18,-217,0,-4,-221,0,163,-163,-0.12,-82,0,0,0,82,0,0.06,214,175,39,1118,994,124,--,1.67,5.7,-57.12,66.19,-0.64,-123.91,-10.97,0,--,0,89.48
6552,易華電,30.05,30.15,30.05,0.4,1.35,385,41.8,-8,0,-6,-14,39,50,-11,-0.03,39,39,0,0,0,0.1,0,70,18,52,277,318,-41,--,100.17,-2.76,-15.02,1220.44,-0.65,-8.87,-3.2,0,6.64,1377,8.3
6556,勝品,71.1,72.5,72,0,0,25,8.33,1,0,0,1,0,0,0,0,0,0,0,0,0,0,0,0,0,0,25,25,0,11.06,137.47,-7.19,29.87,1471.1,1.72,30.55,3.23,4.86,--,0,2.88
6558,興能高,32.85,32.9,32.9,0.45,1.39,869,41.42,-50,0,0,-50,34,112,-78,-0.09,-112,0,0,77,35,0,0.13,76,72,4,763,689,74,--,103.96,-10.55,0.65,1032.71,-0.35,12.79,-2.37,0,18.79,4063,9.38
6560,欣普羅,38.65,39,38.85,0.65,1.7,57,53.57,0,0,0,0,0,0,0,0,0,0,0,0,0,0,0,0,0,0,57,57,0,485.63,15.51,-41.6,1.51,220.3,0.37,35.76,1.86,0,8.1,524,3.25
6561,是方,354,356.5,354,-0.5,-0.14,79,27.85,8,0,0,8,36,24,12,0.14,31,28,8,5,0,0.42,0.06,12,22,-10,37,39,-2,22.33,333.54,-4.66,-25.22,3855.56,3.69,48.94,8.68,4.04,0.83,161,7.8
6568,宏觀,175.5,176,175.5,-7.5,-4.1,761,38.16,85,0,-144,-59,213,298,-85,-0.11,-298,0,0,0,298,0,0.38,140,218,-78,430,268,162,43.55,85.88,-28.94,-15.94,1225.65,1.34,36.41,2.67,1.14,16.08,1239,3.08
6569,醫揚,122.5,--,122.5,11,9.87,229,90.74,-21,0,7,-14,175,84,91,0.38,175,175,0,0,0,0.74,0,14,18,-4,49,137,-88,33.02,171.36,77.37,49.78,1428.96,1.03,36.13,2.54,2.45,4.18,408,3.91
6570,維田,57.8,57.9,57.9,1.3,2.3,185,53.57,-9,0,-4,-13,0,24,-24,-0.14,-24,0,0,24,0,0,0.14,57,40,17,130,123,7,35.3,116.75,27.91,32.11,988.57,0.57,38.03,2.65,1.9,5.59,519,3.71
6573,虹揚-KY,15.25,15.3,15.25,0.2,1.33,342,40.25,-29,0,-5,-34,0,0,0,0,0,0,0,0,0,0,0,0,33,-33,344,311,33,11.64,63.88,-7.03,-19.64,764.04,-0.4,11.07,-4.51,0,--,0,8.05
6574,霈方,118,121,121,6,5.22,95,68.24,8,0,0,8,20,0,20,0.2,20,20,0,0,0,0.2,0,0,16,-16,81,85,-4,13.8,72.85,7.8,27.1,681.77,3.29,57.37,8.08,2.48,--,0,2.2
6576,逸達,78.4,78.6,78.4,0.5,0.64,117,51.82,-22,0,0,-22,0,0,0,0,0,0,0,0,0,0,0,38,12,26,80,106,-26,--,118.49,126.91,749.56,499.05,2.59,50.49,35.01,0,--,0,15.75
6577,勁豐,80.6,80.7,80.6,0.4,0.5,48,54.17,4,0,0,4,0,15,-15,-0.31,-15,0,0,0,15,0,0.31,8,0,8,41,34,7,13.68,166.13,0.91,-0.73,2079.75,1.67,34.56,6.49,6.2,0.86,129,6.01
6578,達邦蛋白,17,17.2,17.2,0,0,105,40.95,-13,0,0,-13,0,0,0,0,0,0,0,0,0,0,0,0,0,0,105,105,0,--,35.88,-1.36,27.22,330.16,0.08,21.91,0.56,0,5.39,700,7.19
6579,研揚,164,--,164,14.5,9.7,1106,72.02,100,0,7,107,661,570,91,0.08,661,661,0,0,0,0.59,0,137,209,-72,328,346,-18,30.04,971.78,28.46,48.85,9444,3.81,34.83,4.28,2.29,2.45,1037,16.95
6581,鋼聯,107,107.5,107,-1,-0.93,33,32.26,-12,0,-2,-14,0,0,0,0,0,0,0,0,0,0,0,9,11,-2,25,23,2,17.66,278.2,-25.38,0.68,2285.5,1.17,53.05,3.06,4.95,0.05,13,11.13
6582,申豐,31.1,31.25,31.1,0.05,0.16,56,42.86,-16,0,0,-16,0,0,0,0,0,0,0,0,0,0,0,0,0,0,60,60,0,--,66.35,45.1,-34.64,555.28,-0.26,-12.56,-0.43,0,1.53,406,10.62
6584,南俊國際,665,667,667,43,6.89,804,62.64,167,1,3,171,540,447,93,0.11,494,518,7,9,22,0.63,0.04,274,364,-90,24,27,-3,87.65,282.21,1.59,46.98,2962.69,3.37,41.55,7.01,0.37,9.23,1637,7.11
6585,鼎基,127,127.5,127,4,3.25,3391,49.42,-203,0,-15,-218,1402,1668,-266,-0.08,1256,1295,0,0,39,0.38,0.01,628,656,-28,1383,1089,294,25.92,279.82,-13.88,58.07,2895.39,1.86,34.68,3.54,3.54,13.15,2372,7.21
6588,東典光電,103.5,104.5,103.5,0.5,0.49,454,34.43,-110,0,0,-110,46,105,-59,-0.13,-59,15,31,95,10,0.1,0.23,92,108,-16,323,248,75,--,27.59,1.66,159.98,266.91,-0.08,21.22,-0.31,0,24.7,2143,3.47
6589,台康生技,44.9,45,45,1.55,3.57,765,62.2,71,0,-9,62,124,54,70,0.09,124,124,0,0,0,0.16,0,77,54,23,568,661,-93,--,116.8,42.08,56.35,1158.37,-0.47,21.06,-1.72,0,5.68,3574,30.82
6590,普鴻,66.3,67.2,66.2,1,1.53,9,44.44,1,0,0,1,0,0,0,0,0,0,0,0,0,0,0,0,0,0,10,10,0,13.06,69.06,14.21,18.25,685.01,0.84,43.85,2.83,6.5,--,0,2.5
6591,動力-KY,58.1,58.2,58.2,2,3.56,267,51.55,25,0,-1,24,0,0,0,0,0,0,0,0,0,0,0,31,17,14,240,254,-14,13.57,63.87,-29.37,-62.69,1433.37,0.75,24.42,1.38,6.87,24.71,2540,4.11
6592,和潤企業,65.5,65.7,65.7,2,3.14,925,66.78,231,1,-13,219,305,110,195,0.21,288,305,0,0,17,0.32,0.02,226,194,32,414,641,-227,11.51,1939.41,-1.75,-2.82,23307.09,0.76,61.82,2.15,5.02,0.36,559,62.32
6593,台灣銘板,35,35.65,35,0.1,0.29,192,46.15,-41,0,2,-39,0,0,0,0,0,0,0,0,0,0,0,22,39,-17,177,160,17,--,37.4,-9.52,66.78,421.62,-0.6,30.74,-2.14,0,17.11,1234,3.19
6596,寬宏藝術,94.5,94.6,94.5,0,0,164,45.73,-28,0,-1,-29,18,28,-10,-0.06,-28,0,0,0,28,0,0.16,26,43,-17,128,101,27,5.53,303.36,11.97,122.49,3653.09,2.08,22.2,5.87,19.79,8.59,816,3.8
6597,立誠,69.5,71.5,71.5,0.6,0.85,36,31.43,1,0,0,1,0,0,0,0,0,0,0,0,0,0,0,0,0,0,37,37,0,82.18,50.89,7.71,-8.47,708.82,-0.45,20.27,-1.66,1.4,--,0,3
6598,ABC-KY,24.9,24.95,25,0.5,2.04,186,43.48,-44,0,-5,-49,0,0,0,0,0,0,0,0,0,0,0,0,0,0,188,188,0,--,60.98,-7.64,41.84,591.83,0.2,64.57,3.18,0,--,0,10.28
6603,富強鑫,22.3,22.4,22.35,-0.05,-0.22,710,27.19,-149,0,-2,-151,0,48,-48,-0.07,-48,0,0,0,48,0,0.07,23,76,-53,694,593,101,36.64,398.04,-1.97,-28.29,4989.46,0.03,24.63,0.2,1.79,16.12,6749,16.74
6605,帝寶,147,147.5,147.5,2.5,1.72,1011,58.12,-80,0,1,-79,678,480,198,0.19,588,646,22,44,36,0.65,0.08,99,161,-62,259,395,-136,11.06,1708.06,8.54,-1.48,19167.53,4.41,33.5,3.53,4.41,5.24,2172,16.58
6606,建德工業,25.9,25.95,25.9,-0.55,-2.08,353,26.14,-60,0,3,-57,0,42,-42,-0.12,-42,0,0,0,42,0,0.12,124,119,5,230,193,37,23.76,87.75,-17.82,37.22,877.07,0.26,40.83,1.79,3.98,2.05,564,11.03
6609,瀧澤科,44.1,44.3,44.3,0.2,0.45,569,42.43,96,0,0,96,0,62,-62,-0.11,-62,0,0,0,62,0,0.11,42,49,-7,531,462,69,--,231.51,26.02,17.34,1977.49,-0.16,14.76,-0.49,0,11.06,2004,7.25
6612,奈米醫材,74,74.4,74,3.2,4.52,63,37.1,4,0,0,4,0,0,0,0,0,0,0,0,0,0,0,7,0,7,59,66,-7,83.15,118.2,4.23,43.3,1182.42,0.81,55.79,1.2,1.76,4.17,495,4.75
6613,朋億*,255,255.5,255,5.5,2.2,138,43.8,51,0,2,53,47,32,15,0.1,39,37,10,8,0,0.33,0.06,30,53,-23,67,59,8,17.92,1082.89,52.28,81.72,9761.92,3.84,32.09,5.07,3.92,4.81,935,3.89
6614,資拓宏宇,39.9,39.95,39.9,-0.1,-0.25,78,33.77,-14,0,0,-14,0,0,0,0,0,0,0,0,0,0,0,0,0,0,80,80,0,16.02,340.4,-8.09,7.76,5453.49,0.16,11.15,0.83,4.14,0.19,39,8.07
6615,慧智,33,33.85,33.05,0.15,0.46,35,17.14,-4,0,1,-3,0,0,0,0,0,0,0,0,0,0,0,20,0,20,19,39,-20,84.74,30.16,-12.24,-9.13,380.64,0.67,28.63,2.28,0,0.31,17,2.16
6616,特昇-KY,9.41,9.53,9.66,0.29,3.09,25,76,1,0,0,1,0,0,0,0,0,0,0,0,0,0,0,0,0,0,25,25,0,--,44.86,-29.63,-37.52,913.42,-0.52,6.11,-4.14,0,14.05,1246,3.55
6617,共信-KY,68.2,68.5,68.5,0.6,0.88,208,74.87,1,0,0,1,0,0,0,0,0,0,0,0,0,0,0,0,0,0,209,209,0,--,4.43,18.03,68.48,40.07,-0.32,67.99,-1.69,0,0.97,309,12.75
6620,漢達,70.5,70.9,70.6,0.2,0.28,304,33.56,-99,0,14,-85,19,0,19,0.06,19,19,0,0,0,0.06,0,36,79,-43,252,228,24,15.38,62.07,-21.15,-88.94,1258.81,0.46,81.2,1.39,2.83,--,0,17
6624,萬年清,45.7,47.85,45.7,-0.05,-0.11,26,22.73,-2,0,0,-2,0,0,0,0,0,0,0,0,0,0,0,0,0,0,28,28,0,101.56,49.74,22.51,10.68,547.45,0.05,23.65,0.27,0.63,2.98,168,2.26
6625,必應,74.7,74.8,74.7,0.8,1.08,141,51.85,18,0,0,18,0,0,0,0,0,0,0,0,0,0,0,17,9,8,127,135,-8,7.45,351.16,-15.09,15.65,4707.35,1.42,19.98,4.56,6.69,6.89,999,5.8
6629,泰金-KY,116.5,117,117.5,3.5,3.07,29,50,15,0,0,15,0,0,0,0,0,0,0,0,0,0,0,0,5,-5,29,24,5,16.01,191.38,-27.88,90.11,2282.14,3.58,21.59,8.19,5.28,12.71,1219,3.84
6637,醫影,64.8,65.3,64.8,0,0,41,68.29,5,0,0,5,0,0,0,0,0,0,0,0,0,0,0,11,11,0,31,31,0,9.61,47.09,4.37,-91.04,736.29,1.01,31.56,2.39,6.94,1.28,86,2.68
6640,均華,1075,1080,1075,-75,-6.52,487,28.99,23,-5,-4,14,498,530,-32,-0.06,-504,0,26,29,501,0.05,0.96,4,5,-1,52,19,33,66.77,147.14,-55.89,-43.38,3173.97,5.19,44.9,5.16,1.4,7.94,566,2.89
6641,基士德-KY,18.2,18.3,18.2,0,0,51,50,-3,0,-8,-11,0,0,0,0,0,0,0,0,0,0,0,0,0,0,51,51,0,37.92,161.34,-16.49,18.39,1819.35,0.02,30.91,-0.22,2.2,1.45,132,3.65
6642,富致,86.3,--,86.3,7.8,9.94,1306,77.68,49,0,22,71,588,370,218,0.16,588,588,0,0,0,0.43,0,72,160,-88,705,836,-131,34.52,58.52,-0.1,29.38,561.43,0.74,48.59,2.65,2.09,9.77,913,3.74
6643,M31,496,497,496,-5,-1,770,44.46,-28,0,8,-20,369,431,-62,-0.07,-297,5,122,109,315,0.15,0.51,224,229,-5,237,171,66,12400,127.84,-24.22,-17.96,1754.07,-1.18,100,-2.66,0.24,24.11,2519,4.21
6649,台生材,38.45,39.2,38.85,-0.5,-1.27,13,75,-1,0,0,-1,0,0,0,0,0,0,0,0,0,0,0,0,0,0,14,14,0,62.66,12.3,6.97,-9.95,180.46,0,60.77,0.02,2.57,11.55,1213,4.2
6651,全宇昕,135,136,136,4,3.03,209,42.44,20,0,0,20,10,25,-15,-0.07,-15,0,10,25,0,0.05,0.12,56,28,28,145,158,-13,20.09,155.6,-1.35,12.46,1540.52,2.47,37.83,6.84,2.94,20.01,1731,3.46
6654,天正國際,170,171.5,170,1.5,0.89,107,44.44,2,0,0,2,6,17,-11,-0.12,6,6,0,0,0,0.07,0,36,44,-8,66,47,19,459.46,60.23,46.53,157.91,436.78,-0.2,21.75,-0.81,0,39.52,3286,3.73
6655,科定,120,121.5,121.5,1,0.83,29,84,-5,0,-1,-6,0,9,-9,-0.31,0,0,0,0,0,0,0,12,0,12,17,20,-3,30.68,280.7,2.66,29.6,2806.99,0.95,49.51,2.87,4.94,0,0,8.06
6657,華安,36.5,36.65,36.5,-0.75,-2.01,317,23.49,9,0,1,10,0,75,-75,-0.23,-75,0,0,0,75,0,0.23,19,32,-13,302,214,88,--,0.54,-33.13,-24.12,8.06,-0.53,74.91,-5.31,0,--,1970,8.88
6658,聯策,188.5,189,188.5,0,0,867,40.78,-121,0,0,-121,277,336,-59,-0.07,-111,0,217,216,112,0.25,0.37,166,197,-31,437,346,91,72.22,298.34,24.41,-2.8,2143.44,1.63,24,3.86,0.64,23.35,2123,3.64
6661,威健生技,16.1,17,16.75,0.45,2.76,5,100,0,0,0,0,0,0,0,0,0,0,0,0,0,0,0,0,0,0,5,5,0,--,43.14,40.04,33.41,398.89,-0.27,43.63,-2.15,0,--,0,2.33
6662,樂斯科,29,29.6,29.7,0.3,1.02,11,72.73,0,0,0,0,0,0,0,0,0,0,0,0,0,0,0,0,0,0,11,11,0,17.57,22.27,-14.96,-9.26,261.54,0.21,33.04,1.22,5.22,--,0,2.56
6664,群翊,391.5,392.5,391.5,-0.5,-0.13,607,30.63,-185,0,-6,-191,232,385,-153,-0.23,-263,4,110,160,217,0.17,0.58,96,84,12,325,185,140,26.93,237.44,0.41,9.66,2691.19,3.73,48.23,5.58,2.61,11.69,1778,6.11
6666,羅麗芬-KY,40.75,41.35,40.9,-0.7,-1.68,51,47.06,-10,0,0,-10,0,0,0,0,0,0,0,0,0,0,0,0,0,0,51,51,0,18.94,114.47,12.5,12.25,1104.81,0.32,64.52,0.6,4.89,2.25,267,4.74
6667,信紘科,277,277.5,277,5.5,2.03,1079,46.29,-140,0,-3,-143,385,579,-194,-0.17,244,327,58,141,0,0.34,0.13,281,225,56,457,318,139,20.12,477.83,-29.1,-2.14,6516.09,3.63,23.98,7.07,4.23,11.75,1448,4.93
6668,中揚光,38.35,38.4,38.35,2.3,6.38,1127,51.08,-158,0,-1,-159,0,0,0,0,0,0,0,0,0,0,0,57,85,-28,1075,1047,28,--,101.54,29.19,10.19,1217.26,-0.62,11.27,-3.08,0,15.37,3068,10.71
6669,緯穎,5300,5325,5300,25,0.47,1272,45.03,-237,-1,-4,-242,1312,1328,-16,-0.01,474,705,390,399,222,0.8,0.45,21,16,5,36,25,11,17.77,84050.47,1.59,18.16,1088361.95,75.95,7.55,10.66,3.1,4.38,2033,18.59
6670,復盛應用,279.5,280,280,10,3.7,592,72.68,273,-3,-2,268,483,406,77,0.13,483,483,0,0,0,0.8,0,49,87,-38,69,108,-39,13.59,2882.1,4.37,32.03,31158.91,6.96,24,5.3,5.71,1.29,451,13.94
6671,三能-KY,26.55,26.6,26.45,-0.15,-0.56,44,34.09,-23,0,-2,-25,0,0,0,0,0,0,0,0,0,0,0,0,0,0,45,45,0,11.7,131.33,-29.5,-26.08,1894.33,0.26,38.66,0.89,4.54,0.23,35,6.08
6672,騰輝電子-KY,229.5,230,230,13,5.99,5970,65.28,1470,-1,56,1525,3578,2511,1067,0.17,3366,3475,94,167,36,0.58,0.03,568,778,-210,1970,2827,-857,41.59,530.4,4,34.99,4762.11,1.73,34.02,3.39,1.46,29.6,5981,8.08
6674,鋐寶科技,17.5,17.65,17.55,0.35,2.03,25,33.33,-11,0,0,-11,0,0,0,0,0,0,0,0,0,0,0,0,0,0,25,25,0,--,42.96,-40.73,8.59,543.68,-1.04,15.29,-7.97,0,1.71,294,6.86
6679,鈺太,279.5,280.5,279.5,17.5,6.68,544,54.55,-91,-86,58,-119,223,235,-12,-0.02,219,223,0,4,0,0.4,0.01,144,128,16,187,190,-3,34.09,180.73,-3.75,7.37,2021.38,3.7,51.94,3.58,2.33,17.03,2341,5.5
6680,鑫創電子,54.8,55.9,--,--,--,0,--,0,0,0,0,0,0,0,--,0,0,0,0,0,--,--,0,0,0,0,0,0,--,46.29,-0.31,23.98,611.71,0.08,32.39,0.35,0.55,--,0,2.4
6683,雍智科技,1510,1515,1510,15,1,1364,51.42,-28,10,5,-13,1383,1420,-37,-0.03,-24,354,682,699,361,0.72,0.73,9,6,3,54,21,33,85.55,202.71,-6.83,12.31,2406.3,6.23,48.8,6.04,0.6,30.32,2089,2.76
6684,安格,48.45,48.8,48.8,1.5,3.17,689,37.78,-79,0,0,-79,0,21,-21,-0.03,0,0,0,0,0,0,0,11,46,-35,693,637,56,--,38.97,49.38,41.3,318.29,0.01,60.23,0.05,0,11.46,1277,4.46
6689,伊雲谷,70.5,70.8,70.5,-0.7,-0.98,225,28.7,-31,0,-3,-34,0,0,0,0,0,0,0,0,0,0,0,0,0,0,230,230,0,31.19,1023.84,-0.91,-11.23,12146,0.53,9.88,1.07,2.84,9.17,1559,6.8
6690,安碁資訊,174,175.5,174,0,0,146,37.93,35,0,0,35,12,55,-43,-0.28,-49,0,6,13,42,0.04,0.36,25,40,-15,117,59,58,16.38,208.27,-1.62,10.02,2586.01,2.27,37.48,2.24,5.17,1.08,81,3
6691,洋基工程,634,638,637,20,3.24,419,52.71,118,0,1,119,327,324,3,0.01,273,280,47,54,0,0.75,0.12,93,99,-6,15,12,3,23.78,3835.62,34.17,82.36,28259.1,7.19,18.39,12.8,3.45,4.87,1479,12.15
6692,進能服,25.75,25.8,25.75,0.05,0.19,42,70.97,5,0,0,5,0,0,0,0,0,0,0,0,0,0,0,0,0,0,43,43,0,--,105.3,91.9,3.17,823.91,-0.92,-22.44,-5.13,0.78,2.81,413,5.88
6693,廣閎科,175,175.5,175,10,6.06,4258,48.85,-471,0,133,-338,2023,2078,-55,-0.01,392,1140,354,389,713,0.35,0.26,683,745,-62,1607,1491,116,130.6,213.79,4.61,115.16,1823.79,1.17,28.75,4.76,0.34,36.73,4198,4.57
6695,芯鼎,52.1,52.2,52.1,2.6,5.25,600,51.21,-11,0,-5,-16,0,0,0,0,0,0,0,0,0,0,0,106,99,7,502,509,-7,--,76.3,-12.56,-24.96,1111.04,-0.68,37.88,-4.26,0,15.62,3377,10.67
6697,東捷資訊,41.95,42.8,42,0.15,0.36,24,30.43,-4,0,0,-4,0,0,0,0,0,0,0,0,0,0,0,0,0,0,24,24,0,14.14,98.69,-4.98,-7.05,1373.89,0.79,12.94,3.64,6.19,1.17,80,2.73
6698,旭暉應材,40.25,40.35,40.3,-0.9,-2.18,1301,40.82,49,0,-1,48,0,0,0,0,0,0,0,0,0,0,0,103,71,32,1213,1245,-32,--,56.62,23.75,-35.12,1071.05,-0.35,20.56,-1.32,1.24,13.21,2193,6.64
6703,軒郁,111.5,112,112,4,3.7,95,58.95,12,0,0,12,0,38,-38,-0.37,-24,0,0,24,0,0,0.24,32,14,18,70,49,21,11,307.75,-11.43,16.78,3453.8,1.87,63.05,4.58,7.86,0.92,76,3.3
6706,惠特,176,176.5,176.5,3.5,2.02,3108,44.74,-689,0,-27,-716,1514,2006,-492,-0.16,582,1136,233,441,346,0.43,0.25,527,385,142,1123,773,350,--,53.99,-2.72,-41.84,597.12,-0.96,-2.01,-1.98,0,53.71,10547,7.85
6708,天擎,39.65,39.7,39.7,0.2,0.51,36,33.33,-4,0,0,-4,0,0,0,0,0,0,0,0,0,0,0,0,0,0,36,36,0,--,27.3,21.1,-3.47,263.92,-0.2,50.94,-1.51,0,0.23,17,2.9
6712,長聖,136,136.5,136,-3,-2.16,467,36.76,-257,0,0,-257,95,327,-232,-0.47,-315,0,0,0,315,0,0.64,151,49,102,245,116,129,29.25,90.61,6.31,25.05,1075.23,1.39,80.24,6.06,2.94,4.73,1204,10.18
6715,嘉基,421.5,422,422,1,0.24,417,46.19,-75,-1,1,-75,129,109,20,0.05,106,109,17,11,9,0.3,0.05,100,111,-11,196,205,-9,199.06,118.91,-27.68,-26.01,1692.59,1.02,40.01,1.64,0.47,28.33,4819,6.83
6716,應廣,90.1,90.2,90.2,-0.7,-0.77,636,42.01,-49,0,0,-49,12,0,12,0.02,0,0,0,0,0,0,0,47,68,-21,587,578,9,25.7,133.9,-23.72,31.66,1314.93,1.59,35.86,6.28,1.77,13.35,1009,3.02
6719,力智,223.5,224,223.5,4,1.82,1036,50.39,66,0,22,88,563,607,-44,-0.04,309,380,178,232,17,0.53,0.24,125,100,25,372,354,18,24.92,367.03,-4.18,-9.58,4489.58,2.1,41.67,1.56,2.06,16.17,3416,10.55
6720,久昌,152.5,154,152.5,2,1.33,104,72.82,2,0,0,2,56,32,24,0.23,56,56,0,0,0,0.53,0,19,9,10,30,64,-34,55.66,37.52,0.06,-6.37,379.45,0.51,39.8,1.69,2.3,19.39,1465,3.02
6721,信實,59.2,59.4,59.2,-0.2,-0.34,14,14.29,1,0,0,1,0,0,0,0,0,0,0,0,0,0,0,0,0,0,14,14,0,12.41,308.76,0.8,4.78,3695.95,1.48,6.16,4.92,5.57,--,0,2.25
6722,輝創,38.65,38.7,38.7,-0.2,-0.51,74,56.94,8,0,-4,4,0,0,0,0,0,0,0,0,0,0,0,0,0,0,74,74,0,15.67,410.16,-7.94,-7.6,--,0.34,20.58,1.22,5.17,--,0,8.84
6725,矽科宏晟,284.5,287,284.5,3,1.07,158,35.9,-28,0,2,-26,5,53,-48,-0.29,-48,0,5,53,0,0.03,0.32,50,44,6,113,71,42,23.91,310.19,-7.07,-14.34,3997.26,2.59,23.31,3.86,2.46,--,0,3.71
6727,亞泰金屬,468,--,468,42.5,9.99,3626,51.55,-688,0,7,-681,1659,2266,-607,-0.16,-510,763,70,105,1238,0.23,0.36,554,467,87,1483,963,520,55.06,161.08,-15.81,51.15,2118.47,2.94,25.42,5.46,0.96,64.87,4360,2.69
6728,上洋,109,110,109,-0.5,-0.46,38,21.87,6,0,0,6,0,0,0,0,0,0,0,0,0,0,0,0,5,-5,39,34,5,12.04,382.28,-34.6,-19.86,4693.17,1.97,36.94,2.92,5.96,1.89,142,3.01
6730,常廣,34.7,35.95,35.95,0.95,2.71,22,14.29,0,0,0,0,0,0,0,0,0,0,0,0,0,0,0,15,0,15,7,22,-15,19.22,41.78,6.64,6.49,486.91,0.44,47.97,2.13,4.17,--,0,3.63
6732,昇佳電子,159,160,159,-0.5,-0.31,186,36.07,50,0,-1,49,33,19,14,0.07,25,24,9,8,0,0.17,0.04,50,54,-4,111,121,-10,25.08,316.08,-11.31,-32.14,4281.96,2.19,22.02,2.58,3.46,5.67,693,4.89
6733,博晟生醫,26.1,26.15,26.1,0.2,0.77,206,33.17,-1,0,0,-1,47,48,-1,-0,0,0,0,0,0,0,0,60,24,36,100,135,-35,--,16.01,-18.33,-14.54,227.26,-0.13,72.37,-1.9,0,--,0,13.43
6735,美達科技,96.6,96.8,96.7,2.4,2.55,445,41.88,-56,0,0,-56,73,104,-31,-0.07,-31,0,73,104,0,0.16,0.23,53,25,28,326,323,3,172.68,37.5,7.22,155.08,410.54,0.29,48.4,1.39,0.72,6.62,764,4.62
6739,竹陞科技,1235,1240,1235,75,6.47,218,50.23,-47,0,3,-44,221,222,-1,-0,219,219,2,2,0,0.93,0.01,3,1,2,14,15,-1,64.69,120.18,9.02,99.26,1057.1,5.76,68.38,14.31,1.05,19.12,1118,2.34
6741,91APP*-KY,63,63.2,63,0,0,651,51.62,142,0,0,142,265,253,12,0.02,-233,20,0,0,253,0.03,0.39,78,111,-33,312,291,21,15.04,173.44,-7.79,31.91,1977.79,1.15,74.2,4.23,3.25,5.15,1553,6.03
6742,澤米,59.8,59.9,59.9,5.4,9.91,2850,60.99,141,0,-4,137,331,154,177,0.06,312,331,0,0,19,0.11,0.01,434,356,78,2114,2369,-255,--,30.7,6.7,-49.51,441.16,-0.35,-8.87,-1.96,0,15.26,2718,7.13
6743,安普新,30.2,30.25,30.2,0.6,2.03,308,58.67,149,0,-1,148,0,0,0,0,0,0,0,0,0,0,0,0,0,0,311,311,0,37.28,454.14,11.27,11.82,5506.17,-0.19,18.69,-1.03,9.93,1.43,538,15
6751,智聯服務,48.6,49.7,49.5,1.3,2.7,9,55.56,0,0,0,0,0,0,0,0,0,0,0,0,0,0,0,0,0,0,9,9,0,9.54,153.58,41.84,-6.4,1639.93,0.3,10.81,0.82,6.06,2.31,128,2.22
6752,叡揚,101.5,102,101.5,1,1,20,15,-4,0,0,-4,0,0,0,0,0,0,0,0,0,0,0,0,0,0,21,21,0,13.61,165.16,2.91,9.52,2052.22,1.39,46.36,3.79,4.73,5.35,497,3.71
6753,龍德造船,122,122.5,122,2,1.67,841,49.88,-46,0,49,3,461,448,13,0.02,461,461,0,0,0,0.54,0,138,111,27,253,293,-40,17.16,488.02,4.16,49.52,5495.92,2.7,33.1,6.53,1.02,15.87,4653,11.73
6754,匯僑設計,44.8,45.25,44.85,-0.15,-0.33,37,16.67,-2,0,0,-2,0,0,0,0,0,0,0,0,0,0,0,0,0,0,38,38,0,13.84,261.68,0.41,-19.41,3288.35,0.12,22.86,0.37,7.8,0.78,129,6.6
6756,威鋒電子,94,94.5,94.1,2.7,2.95,229,44.64,-16,0,-2,-18,11,0,11,0.05,11,11,0,0,0,0.05,0,10,33,-23,213,201,12,61.91,182.33,8.28,21,1622.53,0.64,44.61,1.3,0.96,4.68,819,7
6757,台灣虎航,52.6,52.7,52.7,0.5,0.96,5286,21.97,1588,-3370,-16,-1798,3357,4569,-1212,-0.23,-2915,617,399,355,3576,0.19,0.74,647,203,444,1306,538,768,8.47,1651.86,-7.69,26.46,18153.77,2.91,40.68,17.97,4.59,3.07,3532,45.95
6761,穩得,211,211.5,211.5,-5,-2.31,1208,45.57,-11,0,2,-9,423,486,-63,-0.05,-162,204,0,0,366,0.17,0.3,189,231,-42,621,517,104,30.74,174.44,-1.59,-4.63,1884.58,1.6,38.3,3.25,2.84,37.24,3254,3.5
6762,達亞,164.5,171,170,6,3.66,4,50,-1,0,0,-1,0,0,0,0,0,0,0,0,0,0,0,0,0,0,5,5,0,--,70.45,17.12,13.01,664.5,-0.38,15.53,-1.04,0.59,--,0,3.52
6763,綠界科技*,48.75,48.8,48.8,-0.2,-0.41,2707,41.19,-765,0,1,-764,144,685,-541,-0.2,-99,119,0,113,105,0.04,0.08,315,599,-284,2271,1445,826,11.76,158.53,2.86,14.47,1831.98,0.55,41.94,3.3,6.15,5.11,2349,1.84
6767,台微醫,25.45,25.8,25.7,0,0,15,26.67,0,0,0,0,0,0,0,0,0,0,0,0,0,0,0,0,0,0,15,15,0,--,28.56,-9.62,13.94,315.93,0.09,79.15,0.59,0,--,0,3.92
6768,志強-KY,95.8,96,95.8,0.8,0.84,888,48.52,-117,-6,8,-115,177,91,86,0.1,92,149,0,0,57,0.17,0.06,153,182,-29,575,631,-56,18.14,1820.28,-14.34,-1.96,19805.62,1.2,16.54,1.57,5.39,3.09,1548,20.01
6770,力積電,71.4,71.5,71.5,4,5.93,56548,63.69,-3218,0,-1052,-4270,39651,43290,-3639,-0.08,26392,25984,13667,13259,0,0.92,0.31,7638,4547,3091,9962,9413,549,40.4,5770.37,14.36,58.86,52560.79,3.36,10.23,15.94,0,12.59,134744,428.77
6776,展碁國際,61.2,61.3,61.3,1.2,2,571,52.13,55,0,-13,42,0,39,-39,-0.07,0,0,0,0,0,0,0,132,92,40,446,447,-1,15.25,3077.92,0.6,52.06,32604.77,1.14,6.26,3.58,4.89,4.17,954,9.16
6781,AES-KY,1145,1150,1145,85,8.02,1325,59.69,84,0,57,141,1346,1344,2,0,1007,1031,292,293,23,0.95,0.23,6,7,-1,37,39,-2,29.26,1600.46,5.12,20.86,17584.91,10.64,36.1,5.21,1.67,15.8,3373,8.54
6782,視陽,195.5,196,196,-4.5,-2.24,534,40.95,-174,0,-3,-177,156,325,-169,-0.31,-325,0,0,0,325,0,0.6,103,102,1,286,118,168,13.23,444.83,19.81,22.78,4549.17,3.82,45.82,5.55,4.29,2.84,447,6.3
6785,昱展新藥,117,118,117.5,-2,-1.67,100,29.07,-39,0,1,-38,0,9,-9,-0.09,-9,0,0,0,9,0,0.09,26,21,5,76,72,4,--,1,--,-20.19,2.75,-0.53,100,-1.47,0.09,6.49,1084,6.68
6788,華景電,470.5,471.5,471,30,6.8,3724,55.7,68,0,14,82,2138,1953,185,0.05,2115,2117,21,23,0,0.55,0.01,515,614,-99,1239,1325,-86,25.47,268.91,16.31,24.96,2721.28,4.49,60.33,6.6,3.18,36.75,3559,3.87
6789,采鈺,495.5,496,496,8.5,1.74,2055,47.46,-63,-1,16,-48,1077,1289,-212,-0.1,209,608,316,492,223,0.43,0.33,341,309,32,745,566,179,106.67,774.04,-5.89,-0.62,9107.16,1.5,32.24,2.55,0.6,11.17,8892,31.83
6790,永豐實,39.3,39.35,39.3,0.05,0.13,182,42.86,-45,0,-1,-46,0,0,0,0,0,0,0,0,0,0,0,20,39,-19,164,145,19,12.8,967.87,1.69,8.38,10648.74,0.83,28.55,3.74,6.74,0.47,313,26.71
6791,虎門科技,104,105,105,2,1.94,74,39.19,-14,0,0,-14,0,0,0,0,0,0,0,0,0,0,0,6,23,-17,70,53,17,21.47,68.84,-8.17,8.92,831.7,1.64,41.69,6.71,3.33,3.36,175,2.08
6792,詠業,68.6,68.8,68.8,0.9,1.33,81,56.96,24,0,-1,23,0,0,0,0,0,0,0,0,0,0,0,0,0,0,83,83,0,31.13,130.46,5.95,16.29,1348.48,0.53,32.24,1.67,3.63,2.96,354,4.79
6794,向榮生技,80.8,81.3,80.8,-1.1,-1.34,45,43.18,-3,0,0,-3,0,0,0,0,0,0,0,0,0,0,0,11,0,11,34,45,-11,--,1.43,-24.76,52.41,23.43,-0.36,62.77,-2.7,0,2.07,251,6.37
6796,晉弘,59.6,60,59.6,0,0,81,37.5,-15,0,0,-15,0,0,0,0,0,0,0,0,0,0,0,0,0,0,82,82,0,--,53.97,-10.56,24.4,685.74,-0.32,36.54,-1.57,0.42,4.88,491,4.02
6799,來頡,89.8,89.9,89.9,-0.2,-0.22,542,39.25,-36,0,-3,-39,16,26,-10,-0.02,-10,0,16,26,0,0.03,0.05,45,77,-32,487,445,42,24.9,84.63,-8.89,2.88,973.09,1.14,46.82,3.03,2.78,22,2401,4.37
6803,崑鼎,287.5,288,288,1.5,0.52,56,76.79,11,0,0,11,20,32,-12,-0.2,20,20,0,0,0,0.33,0,15,8,7,25,20,5,15.63,834.51,16.5,-4.27,9681.7,4.54,19.82,4.87,5.49,0.15,28,7.28
6804,明係,16,16.1,16.1,0,0,9,44.44,0,0,0,0,0,0,0,0,0,0,0,0,0,0,0,0,0,0,10,10,0,--,118.49,-22.7,34.25,1448.68,0.17,8.21,0.63,3.11,3.46,411,4.75
6805,富世達,1945,1950,1950,55,2.9,1672,46.33,-186,-72,-11,-269,1690,1709,-19,-0.01,201,954,0,0,753,0.55,0.43,6,7,-1,37,17,20,49.77,1180.34,-12.77,37.22,15168.59,13.38,32.31,12.55,0.64,13.5,2313,6.86
6806,森崴能源,5.52,5.53,5.52,0.22,4.15,1396,85.9,127,0,0,127,0,0,0,0,0,0,0,0,0,0,0,0,0,0,1459,1459,0,--,1052.47,-63.83,-23.04,23685.83,-6.73,44.85,152.74,0,--,0,27.46
6807,峰源-KY,33.25,33.5,33.3,-0.2,-0.6,18,35.29,-4,0,0,-4,0,0,0,0,0,0,0,0,0,0,0,0,0,0,18,18,0,9.77,292.99,-0.93,-20.16,3732.31,0.63,17.27,1.32,7.51,1.11,150,5.4
6811,宏碁資訊,234,235,235,8,3.52,158,49.36,31,0,0,31,25,16,9,0.05,25,25,0,0,0,0.15,0,33,34,-1,107,116,-9,15.52,575.23,-34.96,30.52,10387.34,4.8,12.37,8.86,4.47,3.2,332,4.14
6821,聯寶,66.6,66.7,66.7,2.7,4.22,213,55.8,6,0,-9,-3,0,0,0,0,0,0,0,0,0,0,0,20,24,-4,197,193,4,61.76,54.04,-8.58,19.74,558.67,0.32,36.42,1.54,1.63,24.22,1990,3.43
6823,濾能,69.1,69.7,69.1,-0.9,-1.29,104,36.89,-37,0,0,-37,0,0,0,0,0,0,0,0,0,0,0,0,9,-9,105,96,9,--,63.26,-7.34,51.37,669.07,-2.46,-13.63,-14.13,0,11.57,803,3.05
6829,千附精密,204.5,205,205,5.5,2.76,481,44.8,-98,0,8,-90,102,181,-79,-0.16,86,102,0,16,0,0.21,0.03,112,84,28,279,228,51,48.93,179.95,5.74,37.24,2085.47,1.63,26.19,4.86,1.71,8.88,1314,5.92
6830,汎銓,549,550,549,-13,-2.31,2931,45.07,499,-4,-7,488,1948,2262,-314,-0.1,-205,416,1190,1388,423,0.52,0.58,1025,781,244,125,55,70,--,217.11,2.52,19.42,2363.63,-0.61,21.58,-1.02,0.18,34.5,4609,5.34
6831,邁科,775,776,776,61,8.53,1772,62.86,484,203,6,693,1408,1250,158,0.09,1391,1395,13,17,0,0.77,0.01,387,533,-146,42,55,-13,157.72,330.28,54.97,-10.76,3882.36,0.66,18.2,1.62,0.39,--,0,6.75
6834,天二科技,74.9,75,75,6.8,9.97,794,56.59,46,0,-17,29,226,274,-48,-0.06,-28,122,0,0,150,0.15,0.19,166,190,-24,413,341,72,122.95,189.98,5.9,58.67,1613.93,0.45,23.04,2.74,0.53,14.29,3160,8.85
6835,圓裕,37.2,37.3,37.2,-0.25,-0.67,129,25.98,-70,0,0,-70,0,0,0,0,0,0,0,0,0,0,0,0,0,0,129,129,0,286.15,222.74,4.69,-4.9,2345.65,0.05,16.58,0.19,2.69,5.08,841,6.62
6838,台新藥,24.8,25.05,25,-0.2,-0.79,246,27.57,-41,0,-2,-43,0,0,0,0,0,0,0,0,0,0,0,30,53,-23,218,195,23,--,2.35,--,-50.71,51.91,-0.1,86.94,-1.05,0,--,2797,15.1
6840,東研信超,67.4,67.6,67.4,1.6,2.43,140,40.88,-21,0,0,-21,0,0,0,0,0,0,0,0,0,0,0,0,10,-10,141,131,10,44.93,90.23,2.93,16.92,946.99,0.12,40.2,0.34,1.48,5.82,448,3.08
6841,長佳智能,63.1,63.2,63.1,0.1,0.16,2871,32.87,-399,0,-13,-412,280,582,-302,-0.1,-98,97,183,302,76,0.1,0.13,433,702,-269,2201,1630,571,66.42,37.17,12.59,12.85,381.11,0.26,70.05,0.98,1.58,8.07,1922,9.52
6843,進典,40.5,40.65,40.5,0,0,59,11.86,1,0,-1,0,0,0,0,0,0,0,0,0,0,0,0,0,0,0,60,60,0,19.85,65.28,3.94,9.95,843.2,0.4,39.5,1.32,4.94,1.21,101,3.33
6844,諾貝兒,63.5,64.5,64.4,0.6,0.94,45,55.56,-4,0,0,-4,0,0,0,0,0,0,0,0,0,0,0,16,10,6,30,36,-6,24.77,309.68,13.37,0.14,3424.08,1.57,34.64,1.87,6.21,--,0,3.74
6846,綠茵,68.5,68.9,69,0.2,0.29,27,73.08,0,0,0,0,0,0,0,0,0,0,0,0,0,0,0,0,0,0,27,27,0,14.11,64.25,-35.35,-0.08,880.6,1.15,48.69,3.31,5.71,--,0,2.71
6855,數泓科,128,130,130,0.5,0.39,6,66.67,0,0,0,0,0,0,0,0,0,0,0,0,0,0,0,0,0,0,6,6,0,18.71,62.77,22.9,-21.58,579.77,2.03,48.75,5.41,4.23,--,0,2.32
6856,鑫傳,46.85,48.1,48.25,0.15,0.31,18,70.59,0,0,0,0,0,0,0,0,0,0,0,0,0,0,0,0,0,0,18,18,0,17.74,63.68,19.55,0.01,767.86,0.56,67.84,1.57,6.22,--,0,2.82
6859,伯特光,129,129.5,129,4,3.2,78,79.22,29,0,0,29,12,10,2,0.02,12,12,0,0,0,0.15,0,8,5,3,61,66,-5,65.48,57.09,-4.49,-39.03,754.79,1.01,27.61,1.97,1.55,6.74,701,4.16
6861,睿生光電,352,353.5,352,10.5,3.07,755,30,-213,0,0,-213,279,407,-128,-0.17,264,273,6,15,0,0.36,0.02,112,129,-17,382,239,143,71.54,265.74,1.36,66.38,2728.61,2.12,26.26,5.86,0.57,29.54,3072,4.16
6862,三集瑞-KY,203.5,204,203.5,12,6.27,2990,53.46,-278,0,46,-232,1375,1585,-210,-0.07,1122,1299,76,253,0,0.45,0.08,429,428,1,1238,1030,208,33.36,141.44,-21.78,-49.12,1990.02,1,32.55,1.64,2.46,15.06,1882,5
6863,永道-KY,103.5,104.5,103.5,4.5,4.55,232,60.89,8,0,0,8,53,66,-13,-0.06,53,53,0,0,0,0.23,0,29,63,-34,153,106,47,94.95,522.6,18.58,45.6,4128.65,0.61,19.32,0.76,1.45,5.26,984,7.49
6865,偉康科技,27.45,27.8,--,--,--,0,--,0,0,0,0,0,0,0,--,0,0,0,0,0,--,--,0,0,0,1,1,0,163.53,15.13,-24.52,-48.75,344.38,-1.12,35.28,-4.75,5.04,7.68,304,1.58
6869,雲豹能源,81.5,81.7,81.6,0.7,0.87,433,44.95,-35,0,-12,-47,20,48,-28,-0.06,-48,0,0,0,48,0,0.11,70,58,12,357,341,16,--,537.32,-28,-61.48,7280.25,-0.99,19.49,-1.92,2.45,9.37,3229,13.78
6870,騰雲,301.5,--,301.5,27,9.84,479,63.45,-20,0,9,-11,246,162,84,0.17,246,246,0,0,0,0.5,0,91,136,-45,159,198,-39,40.04,85.89,5.11,81.46,897.84,1.1,66.29,1.88,1.74,13.9,812,2.34
6872,浩宇生醫,16.8,16.85,16.8,0,0,28,10.71,0,0,0,0,0,0,0,0,0,0,0,0,0,0,0,0,0,0,28,28,0,--,1.3,-92.3,226.32,28.51,-0.41,56,-5.06,0,--,0,7.08
6873,泓德能源,86.5,86.9,86.5,-0.5,-0.57,490,28.07,-130,0,-11,-141,34,79,-45,-0.09,-44,0,0,0,44,0,0.09,68,149,-81,400,275,125,26.95,430.74,-45.36,-35.55,8505.48,0.25,40.47,0.28,2.89,11.67,4038,14.26
6874,倍力,83,83.3,83.1,1.4,1.71,42,57.14,2,0,1,3,0,0,0,0,0,0,0,0,0,0,0,0,0,0,45,45,0,20.98,98.29,-44.86,45.69,1826.41,1.95,9.56,8.57,4.81,4.75,261,2.2
6875,國邑*,34.55,34.85,34.6,0.35,1.02,39,57.89,-4,0,0,-4,0,0,0,0,0,0,0,0,0,0,0,0,0,0,39,39,0,--,0,-100,--,69.06,-0.73,18.42,-6.23,0,--,0,6.46
6877,鏵友益,141.5,142.5,141.5,-0.5,-0.35,227,38.94,-49,0,0,-49,69,56,13,0.06,44,44,0,0,0,0.19,0,26,46,-20,136,129,7,--,23.49,-2.62,-54.83,368.78,-0.65,47.74,-3.44,0.35,82.01,8226,4.7
6881,潤德,267,272,272,4,1.49,13,100,0,0,0,0,9,6,3,0.21,9,9,0,0,0,0.64,0,2,2,0,3,6,-3,13.1,215.94,0.38,7.9,2548.82,5.23,21.09,8.33,6.8,--,0,1.5
6884,海柏特,33.8,33.9,33.9,0,0,4,50,0,0,0,0,0,0,0,0,0,0,0,0,0,0,0,0,0,0,4,4,0,18.13,119.55,4.6,39.11,1292.6,0.42,19.74,2.37,4.42,--,0,1.84
6885,全福生技,26.1,26.15,26.1,0.7,2.76,1968,37.66,-601,0,-24,-625,124,103,21,0.01,21,0,124,103,0,0.06,0.05,176,314,-138,1670,1553,117,--,0.82,7.31,-27.89,8.63,-0.5,-11.34,-4.43,0,7.39,2458,13.3
6887,寶綠特-KY,34.1,34.45,34.4,0,0,48,50,2,0,-1,1,0,0,0,0,0,0,0,0,0,0,0,0,0,0,48,48,0,14.51,403.73,35.35,2.06,4173.71,-0.62,23.81,-1.56,7.03,6.15,1140,7.42
6890,來億-KY,274,--,274,24.5,9.82,2689,96.49,-98,1526,-26,1402,2312,1619,693,0.25,2080,2199,0,0,119,0.8,0.04,178,469,-291,272,675,-403,27.1,4211.25,51.51,-9.23,36561.41,0.75,11.65,0.66,3.28,2.67,1665,24.94
6894,衛司特,356.5,358.5,357.5,-1.5,-0.42,95,19.32,-44,0,-1,-45,8,25,-17,-0.17,-25,0,0,8,17,0,0.24,26,24,2,69,54,15,27.76,193.67,1.08,92.7,1755.31,4.5,35.82,6.43,2.38,7.58,451,2.38
6895,宏碩系統,170,172,170,0,0,239,33.47,-5,0,0,-5,35,25,10,0.04,29,29,0,0,0,0.12,0,53,48,5,157,172,-15,52.47,28.32,-10.46,-47.95,816.77,0,24.37,-0.01,1.71,12.84,1095,3.41
6899,創為精密,62.5,62.9,62.5,0.2,0.32,66,55.38,-2,0,0,-2,0,0,0,0,0,0,0,0,0,0,0,14,0,14,53,67,-14,17.36,92.61,5.13,-14.22,1165.8,1.08,41.57,2.44,4.48,2.09,222,4.24
6901,鑽石投資,15.95,16,16,0.3,1.91,14377,45.75,-806,0,-23,-829,2423,2727,-304,-0.02,2423,2423,0,0,0,0.17,0,2225,3498,-1273,9762,8185,1577,--,692.72,22.34,407.46,866.13,-0.42,--,-3.94,0,1.9,4058,85.34
6902,GOGOLOOK,147,148,147.5,9.5,6.88,176,56.47,38,0,0,38,22,17,5,0.03,22,22,0,0,0,0.12,0,37,32,5,121,131,-10,50.34,98.84,-8.37,21.15,1129.1,1.64,89.08,7.97,0,5.75,508,3.55
6903,巨漢,399,399.5,399,13.5,3.5,577,48.21,76,0,6,82,242,196,46,0.08,183,236,0,11,42,0.39,0.09,98,116,-18,261,289,-28,24.6,697.78,-4.99,297.05,5632.09,6.72,31.43,12.68,2.13,12.11,2019,6.67
6904,伯鑫,117,118.5,118.5,0.5,0.42,2,100,0,0,0,0,0,0,0,0,0,0,0,0,0,0,0,0,0,0,2,2,0,19.59,90.62,42.58,11.51,851.7,1.83,29.49,3.22,4.22,--,0,1.85
6906,現觀科,97,99.5,99.5,5.6,5.96,126,71.43,12,0,-4,8,0,45,-45,-0.37,0,0,0,0,0,0,0,36,9,27,93,75,18,52.09,23.52,7.48,0.56,348.96,0.6,86.23,2.63,1.81,7.84,657,3.35
6907,雅特力-KY,142.5,143,142.5,-10,-6.56,4668,38.75,-230,0,-16,-246,1929,2362,-433,-0.09,-2167,69,15,103,2148,0.02,0.48,795,833,-38,2007,1536,471,55.45,307.28,7.17,76.42,2235.8,1.16,35.11,5.35,0.7,--,0,6.25
6909,創控,46.85,47.1,46.85,0.85,1.85,344,41.06,-60,0,1,-59,0,0,0,0,0,0,0,0,0,0,0,38,35,3,309,312,-3,57.84,36.78,-25.64,54.78,535.13,0.07,57.49,0.46,2.13,13.92,2340,6.72
6910,德鴻,28.9,29,29,0.3,1.05,13,41.67,-3,0,0,-3,0,0,0,0,0,0,0,0,0,0,0,0,0,0,13,13,0,16.48,36.97,11.47,10.44,--,0.27,52.79,1.8,6.03,--,0,3.05
6913,鴻呈,135.5,136,136,6,4.62,310,61.49,121,0,17,138,150,84,66,0.21,150,150,0,0,0,0.47,0,64,72,-8,104,162,-58,28.22,291.04,-3.93,35.27,2903.75,1.58,29.19,4.28,1.84,12.97,1422,4.38
6914,阜爾運通,141,141.5,141,1,0.71,49,42.22,-7,0,-1,-8,0,0,0,0,0,0,0,0,0,0,0,9,13,-4,43,39,4,14.42,476.23,-3.9,6.82,5830.16,2.34,21.98,4.34,5.67,2.13,352,6.62
6916,華凌,20.6,--,20.6,1.85,9.87,440,90.82,141,0,2,143,146,0,146,0.33,146,146,0,0,0,0.33,0,85,60,25,212,383,-171,--,219.84,10.53,44.12,2102.2,-0.49,20.12,-3.13,0,3.43,578,6.75
6918,愛派司,73.8,74.3,74.1,1.1,1.51,33,81.25,0,0,-1,-1,0,0,0,0,0,0,0,0,0,0,0,10,0,10,23,33,-10,14.79,78.88,-7.06,27.18,884.75,1.39,66.23,3.96,6.75,0.74,64,3.46
6919,康霈*,91.3,91.6,91.3,-0.2,-0.22,2976,35.22,-274,0,-10,-284,834,1177,-343,-0.11,297,520,0,0,223,0.17,0.07,530,512,18,1676,1351,325,--,0,-100,-70.8,29.39,-0.07,50,-1.15,0,--,0,7.79
6922,宸曜,204,205,205,7.5,3.8,864,51.37,-5,0,-10,-15,208,183,25,0.03,208,208,0,0,0,0.24,0,150,207,-57,521,488,33,29,220.53,22.42,87.84,1877.95,2.6,40.3,6.9,2.36,4.96,337,2.72
6923,中台,78.1,78.2,78.1,0.9,1.17,102,36,-8,0,1,-7,0,0,0,0,0,0,0,0,0,0,0,0,0,0,103,103,0,25.44,118.84,15.87,31.98,1196.63,0.84,30.85,2.88,3.88,8.67,1984,9.15
6925,意藍,75.2,75.3,75.3,-4.2,-5.28,843,31.85,-64,0,0,-64,0,0,0,0,0,0,0,0,0,0,0,44,56,-12,811,799,12,26.42,16.77,5.81,6.88,213.97,0.39,75.45,1.98,2.66,7.24,362,2
6928,攸泰科技,44.5,44.55,44.5,0.4,0.91,76,50,-9,0,-1,-10,0,0,0,0,0,0,0,0,0,0,0,0,0,0,76,76,0,--,130.53,-24.77,-20.37,1870.06,-0.04,27.99,-0.16,0,4,860,8.6
6929,佑全,23.3,24.35,23.3,-1.15,-4.7,30,40,2,0,0,2,0,0,0,0,0,0,0,0,0,0,0,0,0,0,31,31,0,--,262.34,-3.55,-0.78,3218.76,-0.21,33.17,-0.93,0,--,0,4.51
6931,青松健康,41.15,41.35,41.15,0.5,1.23,107,49.52,4,0,-1,3,0,0,0,0,0,0,0,0,0,0,0,0,13,-13,108,95,13,21.32,109.59,3.64,14.55,1194.13,0.49,15.24,2.86,1.17,0.83,138,6.62
6933,AMAX-KY,158,159,158,3,1.94,141,43.17,-28,0,-2,-30,0,19,-19,-0.13,0,0,0,0,0,0,0,14,21,-7,131,105,26,26.51,585.03,-12.04,72.61,7329.39,1.1,13.68,1.99,1.58,7.1,752,4.24
6934,心誠鎂,70.2,71,70.2,-3.6,-4.88,135,6.72,-48,0,0,-48,25,39,-14,-0.1,-39,0,0,0,39,0,0.29,10,8,2,101,89,12,--,0.02,-99.51,-98.81,--,-1.43,-446.32,-11.66,0,--,0,3.61
6936,永鴻生技,33.25,33.4,33.25,0.45,1.37,59,46.43,-1,0,-7,-8,0,0,0,0,0,0,0,0,0,0,0,0,16,-16,60,44,16,17.59,126.13,-4.63,19.27,1492.45,0.6,37.31,3.18,4.54,1.37,250,7.28
6937,天虹,283.5,284,284,16,5.97,929,54.87,-165,-80,57,-188,389,439,-50,-0.05,269,327,62,120,0,0.41,0.13,253,257,-4,308,254,54,87.93,190.8,24.53,19.92,2425.66,0.96,41.77,1.77,0.49,12.85,2173,6.77
6944,兆聯實業,926,928,927,16,1.76,581,45.3,61,0,14,75,439,403,36,0.06,175,322,0,0,147,0.54,0.24,149,182,-33,13,16,-3,26.08,1517.41,0.28,32.08,18948.56,10.08,27.15,9.16,2.16,5.05,969,7.67
6945,圓祥生技,101.5,102,102,-2,-1.92,274,27.82,-54,0,0,-54,20,37,-17,-0.06,-25,0,0,0,25,0,0.09,77,81,-4,185,164,21,--,0,--,--,--,-1.05,--,-7.27,0,--,0,9.7
6952,大武山,35.8,36,35.75,-0.3,-0.83,44,9.3,-10,0,0,-10,0,0,0,0,0,0,0,0,0,0,0,0,0,0,44,44,0,47.04,191.62,-4.28,17.67,2195.51,0.32,20.66,1.1,0,0.2,34,6.83
6953,家碩,232.5,234.5,231,3.5,1.54,71,26.76,-10,0,0,-10,10,18,-8,-0.11,10,10,0,0,0,0.14,0,6,12,-6,58,44,14,29.96,106.36,-7.72,-17.01,1334.97,1.26,46.74,2.41,2.6,4.82,362,3
6957,裕慶-KY,191.5,192,192,0.5,0.26,226,50.23,17,0,0,17,61,93,-32,-0.14,39,45,0,0,6,0.2,0.03,76,66,10,93,71,22,18.41,312.23,-15.25,21.16,4231.25,1.51,30.22,3.03,4.69,8.04,1116,5.55
6958,日盛台駿,16.3,16.35,16.35,-0.05,-0.3,112,28.71,-73,0,0,-73,0,0,0,0,0,0,0,0,0,0,0,0,0,0,114,114,0,--,829.68,-6.98,-12.86,10400.95,0.2,28.35,0.79,3.06,0.18,178,40.13
6961,旅天下,61.9,62,61.9,0.4,0.65,220,37.33,-3,0,0,-3,17,20,-3,-0.01,-3,0,17,20,0,0.08,0.09,51,55,-4,156,150,6,21.72,319.46,-4.35,2.52,--,1.9,16.24,5.3,8.08,--,0,2.68
6962,奕力-KY,34.7,34.75,34.75,1.15,3.42,2082,54.47,-262,5,-5,-262,180,159,21,0.01,180,180,0,0,0,0.09,0,451,339,112,1468,1601,-133,23.8,1631.49,-1.73,14.22,18563.09,0.58,27.33,1.38,2.88,8.69,10697,49.24
6965,中傑-KY,81,81.6,81,-0.7,-0.86,80,59.21,4,0,0,4,0,0,0,0,0,0,0,0,0,0,0,12,0,12,68,80,-12,50.31,1746.05,-2.19,-0.62,20329.56,-0.64,10.05,-0.76,6.17,0.1,41,15.63
6967,汎瑋材料,69.5,69.6,69.5,1.4,2.06,20,60,4,0,0,4,0,0,0,0,0,0,0,0,0,0,0,0,0,0,20,20,0,15.83,149.04,15.29,34.91,1549.49,1.07,26.72,3.26,5.32,2.78,173,2.49
6968,萬達寵物,42.4,42.8,42.75,0.25,0.59,40,44.74,7,0,0,7,0,0,0,0,0,0,0,0,0,0,0,0,0,0,41,41,0,17.38,295.29,-1.49,13.72,3383.28,0.96,41.15,3.59,3.51,2.8,311,4.94
6971,惠民實業,26.9,27,26.95,-0.05,-0.19,40,10.26,-10,0,0,-10,0,0,0,0,0,0,0,0,0,0,0,0,0,0,41,41,0,12.19,149.31,-18.48,-6.06,2341.81,0.16,8.83,0.44,5.57,0.42,41,3.87
6982,大井泵浦,60.6,61,61,1.8,3.04,120,45.38,4,0,0,4,0,0,0,0,0,0,0,0,0,0,0,15,33,-18,106,88,18,--,179.86,11.57,38.67,1736.57,0.1,24.08,0.42,2.62,3.67,374,4.08
6983,華洋精機,355.5,359,359,8,2.28,48,52.08,1,0,0,1,0,4,-4,-0.08,-4,0,0,4,0,0,0.08,10,14,-4,42,34,8,101.99,13.04,-37.76,-31.74,--,0.19,50.46,0.73,0.84,--,0,1.8
6994,富威電力,60.6,60.8,60.6,-0.3,-0.49,284,30.47,-43,0,-1,-44,0,0,0,0,0,0,0,0,0,0,0,10,42,-32,280,248,32,9.9,196.47,-42.68,41.16,5474.9,0.48,19.19,1.26,4.95,15.14,2807,7.42
6996,力領科技,202,--,202,18,9.78,464,84.85,135,0,2,137,266,168,98,0.21,266,266,0,0,0,0.56,0,67,75,-8,140,229,-89,15.63,299.73,4.95,66.14,2938.79,3.27,40.83,5.24,4.95,4.32,454,4.2
6997,博弘,74.2,77.5,74.5,-2.6,-3.37,3,0,0,0,0,0,0,0,0,0,0,0,0,0,0,0,0,0,0,0,3,3,0,54.78,552.32,38.26,56.58,4723.54,-2.31,9.04,-8.52,6.17,--,0,2.21
7402,邑錡,95.2,95.3,95.3,0.5,0.53,271,45.9,2,0,0,2,41,55,-14,-0.05,-14,0,41,55,0,0.15,0.2,34,24,10,203,199,4,--,32.03,-29.19,-38.3,478.22,-0.4,25.71,-2.2,0.52,44.77,3949,3.53
7547,碩網,61.3,61.6,61.3,1.3,2.17,41,25,-1,0,0,-1,0,0,0,0,0,0,0,0,0,0,0,0,0,0,42,42,0,24.82,35.7,45.91,37.63,391.72,0.42,41.23,1.42,2.94,3.02,254,3.37
7556,意德士,289.5,290.5,290,7.5,2.65,298,56.55,73,0,7,80,64,61,3,0.01,41,58,0,6,11,0.19,0.05,88,112,-24,160,138,22,38.62,73.39,3.26,16.62,787.07,2.52,39.22,5.06,1.59,7.18,495,2.77
7584,樂意,24.3,25.35,24.3,-0.6,-2.41,5,60,-1,0,0,-1,0,0,0,0,0,0,0,0,0,0,0,0,0,0,6,6,0,--,69.71,11.88,-7.84,879.84,-1.23,33.1,-4.46,1.65,0.75,31,1.65
7642,昶瑞機電,76.1,76.6,76.6,0.6,0.79,42,57.14,-9,0,0,-9,0,0,0,0,0,0,0,0,0,0,0,0,0,0,44,44,0,33.16,49.63,35.37,-31.06,679.12,0.5,28.38,1.55,3.92,1.13,85,3.02
7703,銳澤,196.5,197.5,197,2.5,1.29,72,29.17,-22,0,-1,-23,0,15,-15,-0.19,-9,0,0,9,0,0,0.12,10,20,-10,67,42,25,25.13,257.35,71.9,23.54,2653.32,1.08,20.59,1.76,3.55,7.58,658,3.47
7704,明遠精密,60,60.2,60,1.6,2.74,42,40.48,-20,0,0,-20,0,0,0,0,0,0,0,0,0,0,0,10,0,10,32,42,-10,26.32,70.92,18.6,2.09,687.81,0.7,34.76,2.03,3,4.69,396,3.38
7705,三商餐飲,31.5,31.55,31.55,-0.2,-0.63,46,34.78,-16,0,-4,-20,0,0,0,0,0,0,0,0,0,0,0,0,0,0,48,48,0,14.15,488.43,-7.72,1.86,6635.95,0.35,34.58,1.5,5.07,0.63,104,6.61
7708,全家餐飲,92.4,92.6,92.3,0.4,0.44,9,25,0,0,0,0,0,0,0,0,0,0,0,0,0,0,0,0,0,0,10,10,0,13.51,256.09,7.37,12.74,2860.1,1.92,47.64,4.94,5.96,--,0,2.55
7709,榮田,115.5,116.5,116,-1,-0.85,247,26.32,-18,0,-2,-20,30,43,-13,-0.07,17,30,0,0,13,0.15,0.07,32,51,-19,194,162,32,57.43,89.99,-41.07,54,1104.93,0.37,21.68,0.87,1.29,5.45,533,3.91
7711,永擎,372.5,373,372.5,1.5,0.4,392,36.75,-8,0,-1,-9,111,164,-53,-0.13,-81,6,70,70,87,0.19,0.38,72,68,4,225,176,49,23.3,1638.02,-53.84,-44.22,27835.61,7.68,12.39,11.24,2.42,3.09,555,7.17
7712,博盛半導體,146.5,147,146.5,5.5,3.9,389,40.16,-58,0,5,-53,101,103,-2,-0.01,92,101,0,0,9,0.26,0.02,79,66,13,214,225,-11,26.59,135.8,3.55,2.68,1338.12,1.42,35.3,2.4,2.73,16.17,1316,3.26
7713,威力德生醫,71,72,71.1,0.4,0.57,5,40,0,0,0,0,0,0,0,0,0,0,0,0,0,0,0,0,0,0,5,5,0,14.66,114.96,12.34,38.8,1175.25,1.17,34.51,4.44,5.77,--,0,4.55
7714,創泓科技,137.5,138.5,137.5,-5.5,-3.85,342,23.32,-37,0,-14,-51,54,70,-16,-0.05,-42,0,0,0,42,0,0.12,39,58,-19,260,226,34,20.01,144.21,-9.14,-10.1,1813.07,1.58,19.23,6.08,3.64,6.4,336,2.1
7715,裕山,27.45,27.5,27.5,0.65,2.42,21,57.89,-3,0,0,-3,0,0,0,0,0,0,0,0,0,0,0,0,0,0,22,22,0,11.46,105.79,3.55,-8.42,997.48,0.64,28.16,2.3,6.55,3.58,293,3.27
7716,昱臺國際,25.15,25.2,25.15,-0.2,-0.79,6,66.67,0,0,0,0,0,0,0,0,0,0,0,0,0,0,0,0,0,0,6,6,0,19.65,164.91,7.78,-7.78,--,0.17,21.26,0.79,6.76,--,0,2.25
7717,萊德光電-KY,595,597,595,35,6.25,408,45.68,-58,0,4,-54,203,224,-21,-0.05,193,195,8,10,0,0.48,0.02,205,185,20,16,15,1,100.51,94.54,17.61,-21.37,889.07,1.57,57.52,3.72,0.55,4.8,298,2.48
7718,友鋮,48.85,48.9,48.85,-0.05,-0.1,58,40,0,0,0,0,0,0,0,0,0,0,0,0,0,0,0,11,39,-28,48,20,28,11.63,172.08,-20.42,-6.35,2466.7,1.5,20.16,4.32,5.12,0.32,37,4.64
7721,微程式,81.1,81.2,81.2,4.5,5.87,835,64.56,92,0,0,92,61,25,36,0.04,61,48,13,0,0,0.07,0,123,88,35,660,731,-71,124.92,61.28,22.62,49.59,552.16,0.21,64.17,0.9,1.23,9.77,1230,5.54
7722,LINEPAY,320.5,--,320.5,29,9.95,276,82.52,3,0,11,14,184,110,74,0.26,180,184,0,4,0,0.64,0.01,52,61,-9,53,118,-65,45.46,657.15,-6.2,11.43,8221,1.97,23.2,1.24,0.62,2.87,488,6.8
7723,築間,22.95,23,23,0.2,0.88,134,47.76,29,0,0,29,0,0,0,0,0,0,0,0,0,0,0,0,60,-60,135,75,60,--,349.97,12.93,-21.2,4526.89,-0.9,44.69,-5.62,0,1.11,138,4.96
7728,光焱科技,758,762,760,46,6.44,84,80,28,0,0,28,50,42,8,0.09,50,50,0,0,0,0.56,0,34,42,-8,5,5,0,141.53,20.14,-36.36,-24.04,365.61,1.53,67.03,2.9,0.67,20.62,714,1.39
7732,金興精密,35.8,35.95,35.95,0.35,0.98,35,71.43,-4,0,0,-4,0,0,0,0,0,0,0,0,0,0,0,0,0,0,36,36,0,21.02,70.69,-45.56,-35.57,1020.64,0.82,28.75,2.9,4.17,0.3,48,6.47
7734,印能科技,3180,3195,3185,160,5.29,189,39.78,-35,10,10,-15,190,194,-4,-0.02,-50,3,138,138,53,0.69,0.93,2,4,-2,12,7,5,81.11,393.47,34.97,58.9,2843.31,14.68,65.25,6.23,0.62,6.9,483,2.8
7736,虎山,72.1,72.9,72.7,1.8,2.54,62,52.63,-5,0,0,-5,0,0,0,0,0,0,0,0,0,0,0,25,25,0,37,37,0,15.98,154.68,81.88,24.55,1573.05,1.18,28.8,2.53,5.23,0.17,33,7.6
7738,東聯互動,169.5,170,169.5,2,1.19,116,50.43,13,0,0,13,57,51,6,0.05,6,0,57,44,7,0.49,0.44,15,19,-4,45,47,-2,12.19,49.5,-0.41,13.87,593.96,2.8,54.5,4,5.9,1.1,75,2.74
7743,金利食安,18.6,19.75,18.5,0.2,1.09,2,50,0,0,0,0,0,0,0,0,0,0,0,0,0,0,0,0,0,0,2,2,0,37.76,77.63,-3.08,41.27,735.51,0.05,22.58,0.23,2.7,--,0,3.65
7744,崴寶,471,475,475,32.5,7.34,125,58.4,9,0,-3,6,43,44,-1,-0.01,43,43,0,0,0,0.33,0,16,18,-2,70,67,3,28.19,347.22,-2,128.14,--,5.66,36.13,7.14,1.47,2.13,170,3.21
7747,昕奇雲端,125,127,128.5,1,0.78,4,50,0,0,0,0,0,0,0,0,0,0,0,0,0,0,0,0,0,0,4,4,0,31.65,163.51,21.96,28.03,1613.11,1.39,15.19,4.07,3.11,--,0,2.74
7749,意騰-KY,487.5,--,487.5,44,9.92,437,82.37,92,0,10,102,271,143,128,0.28,271,268,3,0,0,0.6,0,63,98,-35,120,213,-93,39.13,198.54,3.89,73.68,1950.89,3.56,70.18,4.31,1.85,11.34,1318,4.65
7750,新代,2210,2215,2215,30,1.37,265,36.86,23,0,0,23,268,271,-3,-0.01,152,206,11,12,53,0.76,0.23,3,4,-1,14,11,3,55.33,2920.38,30,94.87,16991.73,15.38,48.77,9.42,0.72,4.22,758,7.18
7751,竑騰,1475,1490,1485,55,3.85,281,46.89,4,0,-1,3,283,289,-6,-0.02,16,109,87,90,90,0.64,0.58,4,7,-3,21,13,8,65.56,243.27,0.92,56.15,2305.1,7,55.7,8.12,1.21,--,0,2.69
7753,星亞,41.85,42.2,41.8,0.1,0.24,4,50,0,0,0,0,0,0,0,0,0,0,0,0,0,0,0,0,0,0,4,4,0,10.12,76.18,21.35,8.63,873.36,1.08,37.36,4.79,3.59,1.04,65,2.5
7757,金色三麥,101.5,102.5,102,-1,-0.97,120,15.32,-34,0,0,-34,11,15,-4,-0.03,-15,0,0,0,15,0,0.12,14,41,-27,100,69,31,12.09,163.72,-10.35,1.34,2320.68,1.64,54.36,3.59,7.6,0.23,14,2.41
7760,享溫馨,31.8,31.95,31.95,0.85,2.73,37,83.78,7,0,-9,-2,0,0,0,0,0,0,0,0,0,0,0,0,0,0,38,38,0,49.15,82.15,-20.05,-7.04,--,0.7,42.87,2.14,6.26,--,0,6.6
7765,中華資安,248.5,251,248.5,-4.5,-1.78,181,31.43,-26,0,-1,-27,36,43,-7,-0.04,-34,5,4,4,39,0.05,0.23,51,31,20,102,115,-13,22.41,149.89,-39.02,3.13,2236.84,3.38,49.03,6.47,3.89,4.69,477,4.07
7767,仁大資訊,41.75,42.2,41.8,0.25,0.6,30,23.33,0,0,0,0,0,0,0,0,0,0,0,0,0,0,0,0,0,0,30,30,0,11.48,231.63,26.31,33.3,2371.54,0.72,14.07,2.43,7.18,--,0,3.01
7768,頌勝科技,401,403,401,2,0.5,195,41.67,17,0,0,17,73,56,17,0.08,63,73,0,10,0,0.35,0.05,18,40,-22,115,110,5,125.31,202.56,15.97,18.9,--,1.62,55.77,5.41,0.98,--,0,7.01
7769,鴻勁,6945,6950,6945,-90,-1.28,833,48.38,-119,-11,-10,-140,861,920,-59,-0.06,-765,0,155,167,753,0.16,0.98,24,9,15,56,13,43,86.67,4129.56,-5.34,83.64,--,25.7,56.24,7.66,0.94,0.19,86,17.99
7770,君曜,42.9,43.5,42.9,-0.1,-0.23,18,22.22,-5,0,-1,-6,0,0,0,0,0,0,0,0,0,0,0,0,0,0,18,18,0,20.53,25.56,-2.21,-55.14,--,0.1,29.01,0.51,4.66,--,0,3.01
7772,耀穎,156,158.5,156,-10.5,-6.31,393,21.35,-45,0,0,-45,10,42,-32,-0.08,-42,0,0,0,42,0,0.1,62,82,-20,345,293,52,179.31,38.92,3.03,-11.93,--,0.35,31.7,1.21,0.96,--,0,2.65
7777,能率亞洲,39.6,--,39.6,3.6,10,3162,87.84,532,0,3,535,1826,1481,345,0.11,1797,1826,0,29,0,0.57,0.01,294,320,-26,1063,1382,-319,61.88,81.21,-27.78,701.38,357.12,-0.25,-572.36,-2.16,0.66,--,0,18.25
7780,大研生醫*,18.35,18.4,18.4,0.4,2.22,2172,59.78,453,0,-5,448,466,259,207,0.09,207,100,366,259,0,0.21,0.12,365,377,-12,1352,1547,-195,43.81,171.84,-9.44,40.46,2073.65,0.13,60.09,1.9,7.83,--,0,8.1
7782,光速火箭,24.95,25.1,25.3,0.2,0.8,24,20.83,-6,0,0,-6,0,0,0,0,0,0,0,0,0,0,0,0,0,0,25,25,0,15.24,50.69,-10.49,6.01,699.76,0.55,66.14,2.56,7.94,0.16,9,2.32
7786,東方風能,120.5,121,120.5,0.5,0.42,211,41.26,-59,0,-3,-62,0,20,-20,-0.09,-10,0,0,0,10,0,0.05,103,68,35,112,127,-15,12.31,1288.91,15.95,52.31,11573.24,1.2,19.81,2.12,4.65,0.87,381,17.6
7788,松川精密,234.5,235,235,-11,-4.47,6099,47.17,-545,0,-29,-574,3309,3944,-635,-0.1,-3532,132,47,137,3574,0.03,0.6,700,771,-71,2193,1486,707,62.17,730.71,4.58,43.08,6989.25,2.22,26.94,2.97,0.85,11.19,2230,7.97
7791,皇家可口,63.5,63.7,63.6,-0.1,-0.16,176,25.61,-65,0,-6,-71,0,19,-19,-0.1,-19,0,0,0,19,0,0.1,10,49,-39,171,113,58,13.89,210.28,23.44,-7.47,2512.77,1.87,35.86,4.09,5.99,0.2,40,8
7792,安葆,264,266,266,9,3.5,117,41.96,-24,0,-1,-25,23,19,4,0.03,16,18,5,7,0,0.18,0.06,37,44,-7,65,62,3,33.84,336.64,-44.55,-25.86,--,1.71,15.13,2.75,3.01,--,0,4.67
7794,宏碁智新,33.2,33.45,33.25,0.25,0.76,138,47.69,-13,0,-17,-30,0,0,0,0,0,0,0,0,0,0,0,0,0,0,140,140,0,14.15,127.79,27.44,44.87,--,0.53,19.62,3.77,4.81,--,0,2.8
7795,長廣,383,390,390,25,6.85,246,48.35,-29,0,0,-29,82,110,-28,-0.11,82,82,0,0,0,0.32,0,58,42,16,115,103,12,177.27,136,-15.34,24.51,--,0.21,39.4,0.73,0.55,--,0,7.88
7799,禾榮科,363.5,364,364,-13.5,-3.58,878,34.97,-139,0,1,-138,256,424,-168,-0.18,-227,86,0,0,313,0.09,0.34,193,173,20,477,328,149,--,0.5,-100,-26.53,12.02,-0.37,-0.59,-0.5,0,1.54,608,15.82
7805,威聯通,737,740,737,-8,-1.07,157,41.96,14,0,-6,8,58,74,-16,-0.1,-25,0,49,58,16,0.29,0.44,99,83,16,10,10,0,17.08,554.78,-11.24,6.7,6492.47,12.96,61.29,5.75,5.43,--,0,3.31
7810,捷創科技,207,208,207.5,2.5,1.22,111,40.74,-6,0,0,-6,0,14,-14,-0.12,-14,0,0,6,8,0,0.12,29,22,7,87,80,7,33.63,83.82,38,82.69,682.86,1.83,50.24,3.85,2.41,--,0,2.03
7811,民盛,79.6,80.9,80.8,1.6,2.02,6,66.67,0,0,0,0,0,0,0,0,0,0,0,0,0,0,0,0,0,0,6,6,0,16.29,206.95,-12.97,0.86,--,1.09,19.1,1.66,7.71,--,0,3.34
7818,溢泰實業,63.5,63.6,63.6,0.4,0.63,194,40.21,40,0,0,40,18,0,18,0.09,18,0,18,0,0,0.09,0,55,52,3,123,144,-21,15.22,957.08,-9.48,-16.36,--,0.88,28.97,1.64,3.52,--,0,16.79
7819,精誠金融,48.15,48.25,48.2,0.05,0.1,55,33.33,3,0,-8,-5,0,0,0,0,0,0,0,0,0,0,0,0,0,0,57,57,0,18.83,25.26,6.1,-36.28,--,0.42,48.7,1.98,3.61,--,0,2.53
7820,立盈,122,122.5,122,3,2.52,27,44.44,6,0,0,6,0,0,0,0,0,0,0,0,0,0,0,0,5,-5,28,23,5,64.21,33.51,-0.62,57.76,--,0.79,56.24,3.55,1.23,--,0,3.78
7821,神數,44.55,44.6,44.6,1,2.29,130,66.41,42,0,-9,33,0,0,0,0,0,0,0,0,0,0,0,0,0,0,132,132,0,15.27,707.69,-17.99,24.24,--,0.87,21.81,4.51,4.48,--,0,12.19
7822,倍利科,1085,1090,1085,50,4.83,304,50.52,-28,0,0,-28,322,328,-6,-0.02,-34,140,13,15,172,0.42,0.51,10,14,-4,34,23,11,72.38,242.74,1.68,79.81,--,4.93,59.17,5.77,0.65,--,0,4.56
7828,創新服務,1550,1555,1550,40,2.65,81,67.69,-5,0,0,-5,84,83,1,0.01,-12,5,61,59,19,0.64,0.76,4,4,0,15,15,0,252.85,112.35,-13.6,258.64,--,1.02,80.18,3.32,0.29,--,0,4.05
7842,天能綠電,107.5,108,107.5,2.5,2.38,40,32.5,-10,0,-1,-11,0,0,0,0,0,0,0,0,0,0,0,15,6,9,26,35,-9,29.61,278.16,-6.09,52.85,2716.91,1.33,5.48,4.63,2.98,--,0,1.83
8011,台通,18.25,18.35,18.25,0.2,1.11,1357,49.93,-200,0,0,-200,406,429,-23,-0.02,142,263,143,264,0,0.3,0.2,92,86,6,863,846,17,21.47,145.99,41.39,-28.67,1951.66,0.02,17.06,0.24,3.84,9.1,3773,16.59
8016,矽創,295.5,296,295.5,10.5,3.68,1267,33.68,152,21,9,182,862,845,17,0.01,862,862,0,0,0,0.67,0,175,184,-9,257,265,-8,18.95,2147.14,1.88,39.84,21182.18,4.6,31.33,4.28,3.89,5.55,1668,12.01
8021,尖點,506,--,506,46,10,9139,69.97,-397,60,278,-59,7625,7070,555,0.06,4997,4911,2714,2628,0,0.8,0.28,674,1249,-575,1385,1365,20,144.99,620.46,18.19,86.29,5352.96,1.17,36.59,3.31,0.4,33.72,12287,14.67
8024,佑華,12.2,12.35,12.35,0.05,0.41,39,25.64,2,0,0,2,0,0,0,0,0,0,0,0,0,0,0,0,0,0,40,40,0,--,19.4,-18.49,41.71,156.45,-0.55,29.69,-6.01,0,--,130,4.52
8027,鈦昇,248.5,249,248.5,-15.5,-5.87,11498,36.79,-1943,0,-275,-2218,5540,8271,-2731,-0.23,-5942,756,504,974,6228,0.11,0.6,2563,1703,860,3855,1984,1871,--,223,41.86,140.18,2038.22,-0.22,29.75,-0.88,0,37.45,10300,11.08
8028,昇陽半導體,308.5,309,309,5,1.64,6211,49.78,-503,42,-40,-501,3543,4219,-676,-0.11,1056,1801,1657,2160,242,0.55,0.38,927,775,152,1867,1343,524,66.74,478.85,2.93,46.03,4991.98,1.61,37.58,5.43,0.87,27.78,12475,18.18
8032,光菱,43.1,43.25,43.1,0.1,0.23,268,60.54,131,0,0,131,0,0,0,0,0,0,0,0,0,0,0,0,41,-41,272,231,41,16.33,448.88,4.36,49.6,4270.76,0.94,13.19,2.24,2.78,7.94,1029,5.18
8033,雷虎,132,132.5,132.5,3.5,2.71,2850,50.02,18,0,-7,11,1516,1630,-114,-0.04,1516,1516,0,0,0,0.52,0,480,368,112,911,909,2,213.71,117.06,6.98,-9.56,1457.75,0.34,38.21,2.43,0,18.74,7355,16.46
8034,榮群,23.3,23.35,23.35,0,0,361,36.97,-142,0,0,-142,50,52,-2,-0.01,0,0,0,0,0,0,0,24,24,0,289,287,2,16.44,13.12,-72.4,-86.21,442.18,0.01,53.57,0.06,5.14,23.68,3350,5.66
8038,長園科,40.2,40.3,40.3,0.6,1.51,204,43.28,2,0,0,2,0,0,0,0,0,0,0,0,0,0,0,15,16,-1,191,190,1,30.07,60.93,3.06,15.3,732.23,0.24,33.89,3.15,0,--,0,6.23
8039,台虹,133,133.5,133.5,3,2.3,7444,53.19,-1060,0,-7,-1067,4432,5140,-708,-0.09,966,3192,0,0,2226,0.42,0.3,930,718,212,2167,1671,496,56.33,914.41,-3.39,0.61,10790.46,0.65,22.03,1.62,1.5,22.13,14589,26.37
8040,九暘,97.8,97.9,97.8,2.8,2.95,1803,38.56,25,0,-1,24,197,237,-40,-0.02,59,148,26,11,104,0.1,0.06,373,393,-20,1250,1189,61,--,70.14,-4.78,26.19,709.09,0.13,42.97,0.5,0,25.17,4332,9.64
8042,金山電,143.5,--,143.5,12.5,9.54,1135,67.26,-106,0,-151,-257,699,704,-5,-0,568,650,20,54,48,0.57,0.09,129,204,-75,342,262,80,45.99,400.16,-6.94,33.36,4234.42,2.17,21.97,6.94,0.84,9.32,3016,12.99
8043,蜜望實,192.5,--,192.5,17.5,10,2083,100,-235,0,185,-50,2027,1474,553,0.27,2027,2027,0,0,0,1,0,35,301,-266,87,374,-287,57.81,616.09,17.32,59.57,6617.39,1.35,7.11,3.87,0.47,38.36,7662,7.99
8044,網家,32.05,32.15,32.05,0.35,1.1,6821,47.42,-397,0,10,-387,669,876,-207,-0.03,629,636,33,40,0,0.1,0.01,808,786,22,5381,5196,185,--,2999.64,-5.62,10.35,37787.29,-0.39,15.41,-0.22,0,11.53,3854,20.48
8045,達運光電,65.1,65.3,65.1,4.4,7.25,288,55.12,31,0,2,33,19,35,-16,-0.06,2,19,0,0,17,0.07,0.06,29,8,21,241,246,-5,93,234.1,34.71,95.94,1468.7,0.11,27.07,0.54,1.54,20.05,4763,9.5
8046,南電,914,--,914,83,9.99,17883,64.49,1529,858,255,2642,15889,14754,1135,0.06,14730,15069,820,1159,0,0.84,0.06,2861,3717,-856,135,415,-280,193.64,4440.29,-0.24,35.82,45322.78,2.03,15.85,2.82,0.22,6.75,10908,64.62
8047,星雲,51.1,52.5,52.4,2.2,4.38,51,31.37,-9,0,0,-9,0,0,0,0,0,0,0,0,0,0,0,0,0,0,52,52,0,--,34.65,-11.79,-18.66,428.99,-0.29,31.02,-3.06,0,--,4,4.17
8048,德勝,64.5,64.6,64.5,4.5,7.5,437,54.36,-72,0,1,-71,54,0,54,0.12,54,54,0,0,0,0.12,0,38,38,0,350,404,-54,25.1,122.07,15.46,32.83,1061.1,0.57,33.69,2.77,3.57,21.14,3050,5.77
8049,晶采,26.45,26.5,26.5,0.1,0.38,234,34.76,60,0,-1,59,0,0,0,0,0,0,0,0,0,0,0,0,0,0,237,237,0,15.59,112.71,-15.53,8.95,1293,0.44,31.67,2.24,5.28,1,296,11.83
8050,廣積,58.6,--,58.6,5.3,9.94,1641,78.06,222,0,41,263,773,303,470,0.28,773,773,0,0,0,0.46,0,233,277,-44,663,1089,-426,58.6,577.42,16.6,3.73,5061.88,1.07,23.3,1.47,3.72,6.79,3483,20.52
8054,安國,103,103.5,103,0.5,0.49,1863,40.51,-83,5,4,-74,798,884,-86,-0.05,191,301,477,547,40,0.41,0.31,340,243,97,748,759,-11,--,693.47,200.05,382.5,4827.17,-0.01,15.72,-0.17,0,38.88,7697,10.62
8059,凱碩,18.9,19,18.9,-0.2,-1.05,393,21.74,-17,0,0,-17,0,0,0,0,0,0,0,0,0,0,0,0,117,-117,394,277,117,--,567.25,-31.63,-25.79,9943.42,-0.07,17.53,0.66,0,--,0,19.4
8064,東捷,148.5,149,149,-3,-1.97,12259,40.14,-2032,1,16,-2015,5776,8234,-2458,-0.2,-3298,1733,0,0,5031,0.14,0.4,1740,1440,300,5022,2864,2158,70.62,193.11,-23.21,31.54,3072.18,0.35,24.66,1.61,0.66,20.41,8410,18.48
8066,來思達,15.85,16.05,15.9,0.25,1.6,10,10,-5,0,-1,-6,0,0,0,0,0,0,0,0,0,0,0,0,0,0,13,13,0,--,430.51,19.07,7.88,4188.64,-0.91,7.84,-4.85,0,5.98,545,3.66
8067,志旭,13.65,14,13.85,-0.65,-4.48,40,20.59,0,0,-1,-1,0,0,0,0,0,0,0,0,0,0,0,0,0,0,40,40,0,--,7.06,-8.65,-15.69,93.08,-0.62,50.44,-9.39,0,--,0,2.07
8068,全達,19.3,19.35,19.3,0.25,1.31,212,40.57,17,0,0,17,0,0,0,0,0,0,0,0,0,0,0,0,0,0,213,213,0,18.21,103.18,-7.44,17.05,1004.32,-0.12,14.7,-0.95,0,10.85,2191,8.08
8069,元太,201,201.5,201.5,3,1.51,10525,45.01,-499,-2087,-50,-2636,7016,8692,-1676,-0.16,-4390,549,3018,3026,4931,0.33,0.74,1008,616,392,2674,1390,1284,20.95,3280.36,13.32,0.97,36305.81,2.41,59.65,4.12,2.93,2.75,7537,115.42
8070,長華*,59.4,59.5,59.4,0.1,0.17,18516,38.05,631,-5040,41,-4368,8116,11975,-3859,-0.21,1005,3195,4901,6913,178,0.44,0.38,2811,2165,646,7691,4477,3214,57.67,1973.15,-3.7,26.34,21131.78,0.51,18.52,2.66,4.56,5.47,9917,7.26
8071,能率網通,21.55,--,21.55,1.95,9.95,1363,78.61,138,0,1,139,287,99,188,0.14,287,287,0,0,0,0.21,0,231,97,134,854,1176,-322,--,205.24,12.62,14.29,2028.88,-0.39,14.79,-2.42,0,17.61,2645,6.01
8072,陞泰,29.1,29.3,29.3,0.35,1.21,253,40.65,28,0,-3,25,0,0,0,0,0,0,0,0,0,0,0,0,21,-21,257,236,21,28.73,125.49,-0.96,31.37,1409.85,0.29,16.21,1.17,3.41,10.43,2085,8
8074,鉅橡,74.4,--,74.4,6.7,9.9,1583,76.66,54,0,36,90,757,272,485,0.3,757,757,0,0,0,0.47,0,150,325,-175,696,1007,-311,48.95,130.88,-9.02,23.08,1425.73,0.52,26.28,2.73,1.48,22.04,4462,8.7
8076,伍豐,27.4,27.5,27.5,0.25,0.92,3043,47.52,-407,0,10,-397,236,362,-126,-0.04,81,236,0,0,155,0.08,0.05,299,496,-197,2524,2201,323,101.85,260.81,21.7,45.76,2276.98,0.16,35.02,1.2,2.55,14.06,10269,29.22
8077,洛碁,50,53.5,--,--,--,0,--,0,0,0,0,0,0,0,--,0,0,0,0,0,--,--,0,0,0,0,0,0,8.12,88.33,-11.04,0.79,1089.98,1.95,30.7,8.21,3.77,--,0,2.19
8080,泰霖,28,28.2,28.1,0.05,0.18,24,50,3,0,0,3,0,0,0,0,0,0,0,0,0,0,0,0,0,0,24,24,0,1405,5.3,7.05,-67.1,157.78,0.02,50.7,0.21,0,--,0,6.72
8081,致新,267.5,268,267.5,7,2.69,634,52.92,68,-1,-9,58,357,333,24,0.04,323,336,21,34,0,0.54,0.05,128,139,-11,171,184,-13,15.31,748.7,0.42,-3.28,8558.75,4.62,39.61,4.44,5.98,4.63,997,8.62
8083,瑞穎,171.5,172.5,172.5,1.5,0.88,31,50,3,0,0,3,0,7,-7,-0.23,-7,0,0,7,0,0,0.23,18,7,11,13,17,-4,16.2,132.07,-5.73,-17.52,1459.5,2.74,42.3,7.57,5.8,0.26,23,3.51
8084,巨虹,47.3,47.75,47.7,0,0,92,30.77,-8,0,0,-8,0,0,0,0,0,0,0,0,0,0,0,0,0,0,92,92,0,--,33.91,-33.19,-5.27,550.78,0.33,47.94,4.44,0,--,0,6.95
8085,福華,13.55,13.7,13.6,-0.2,-1.45,835,23.26,-419,0,0,-419,0,0,0,0,0,0,0,0,0,0,0,0,0,0,838,838,0,--,48.09,-4.17,-16.26,666.47,-0.16,3.74,-1.79,0,--,926,14
8086,宏捷科,154,154.5,154,10,6.94,5763,63.36,-229,1,178,-50,3545,3519,26,0,2913,3245,194,380,146,0.59,0.09,631,599,32,1639,1698,-59,34.61,442.72,-1.17,36.98,4834.71,1.51,34.63,3.61,1.09,24.34,9221,19.65
8087,麗升能源,38.55,39,38.85,3.1,8.67,345,79.42,-25,0,4,-21,45,28,17,0.05,45,45,0,0,0,0.13,0,46,46,0,260,277,-17,--,142.62,8.16,2881.23,572.86,0.86,19.31,4.3,0,3.01,291,3.87
8088,品安,59.6,59.7,59.6,1.5,2.58,2232,42.78,-289,0,0,-289,251,440,-189,-0.08,-63,131,120,293,21,0.11,0.14,378,508,-130,1623,1304,319,22.92,151.42,55.9,59.63,1946.86,1.04,19.77,5.52,2.52,30.96,4715,6.09
8089,康全電訊,20.5,20.55,20.5,-0.45,-2.15,611,34.84,34,0,0,34,0,55,-55,-0.09,-55,0,0,0,55,0,0.09,42,26,16,576,537,39,--,27.02,-57.44,-51.99,511.31,-0.96,22.54,-5.91,0,11.89,1961,6.6
8091,翔名,249.5,--,249.5,22.5,9.91,452,93.83,-44,0,4,-40,409,287,122,0.27,409,409,0,0,0,0.89,0,14,53,-39,38,121,-83,35.8,300.09,10.12,82.23,2524.55,2.56,40.59,3.55,1.69,16.41,2199,5.55
8092,建暐,15.4,15.55,15.55,0.1,0.65,79,43.59,-21,0,0,-21,0,0,0,0,0,0,0,0,0,0,0,0,0,0,80,80,0,222.14,40.71,132.41,21.14,360.15,-0.28,6.56,-2.94,0,--,0,5.72
8093,保銳,18.3,18.5,--,--,--,0,--,0,0,0,0,0,0,0,--,0,0,0,0,0,--,--,0,0,0,0,0,0,--,28.7,95.29,378.14,221.67,-0.42,16.81,-5.98,0,--,0,5.66
8096,擎亞,125,125.5,125.5,6,5.02,14130,53.02,-300,0,206,-94,9806,10500,-694,-0.05,9565,9620,186,241,0,0.69,0.02,1320,1175,145,3094,2544,550,73.39,3981.35,-8.62,154.5,33525.84,1.9,6.16,10.22,0.4,68.85,25706,14.93
8097,常珵,57.7,58.2,57.7,-0.3,-0.52,21,38.1,-4,0,1,-3,0,0,0,0,0,0,0,0,0,0,0,0,0,0,21,21,0,--,38.2,8.89,-34.23,224.53,-0.72,2.93,-3.94,0,73.91,9571,6.38
8099,大世科,61.9,62,62,-2.2,-3.43,785,32.81,-108,0,-3,-111,205,168,37,0.05,-86,24,58,39,129,0.1,0.21,134,99,35,450,522,-72,21.23,357.19,-0.91,6.05,5332.24,0.79,25.27,4.58,3.39,48.77,12201,10.01
8101,華冠,14.65,15.8,15.85,0.55,3.59,1,100,0,0,0,0,0,0,0,0,0,0,0,0,0,0,0,0,0,0,1,1,0,--,28.51,-6.24,-14.47,380.84,-0.95,1,-18.05,0,--,0,5.37
8102,傑霖科技,77,77.2,77.2,0.2,0.26,82,21.62,-3,0,0,-3,0,0,0,0,0,0,0,0,0,0,0,0,18,-18,83,65,18,51.47,42.44,30.29,21.41,427.28,0.4,36.24,2.27,2.46,--,0,2.34
8103,瀚荃,99.5,100,100,0.9,0.91,997,35.67,-366,0,-4,-370,224,284,-60,-0.06,-42,137,12,14,177,0.15,0.19,156,214,-58,639,521,118,21.65,371.88,11.76,21.59,3593.34,1.17,37.97,2.36,2.8,20.01,3924,7.84
8104,錸寶,41.2,41.25,41.25,1,2.48,3438,54.8,417,0,-2,415,392,273,119,0.03,231,298,0,0,67,0.09,0.02,390,442,-52,2670,2737,-67,--,275.09,-2.94,-33.3,3055.67,-0.39,18.77,-1.59,0,17.76,4620,10.41
8105,凌巨,21.65,--,21.65,1.95,9.9,37216,65.86,-1854,0,7,-1847,12575,16822,-4247,-0.11,10781,12473,102,897,897,0.34,0.05,6099,5217,882,18601,15236,3365,721.67,731.24,6.26,-4.19,8610.5,0.43,8.66,2.39,0,14.7,10604,44.15
8107,大億金茂,12.2,12.25,12.2,-0.15,-1.21,165,9.09,8,0,0,8,0,0,0,0,0,0,0,0,0,0,0,69,78,-9,96,87,9,--,33.19,-57.25,-56.34,845.23,0.03,19.61,0.15,0,10.13,1899,7.5
8109,博大,120.5,121,121,1,0.83,81,50,14,3,0,17,0,0,0,0,0,0,0,0,0,0,0,6,23,-17,77,60,17,19.09,174.68,-4.93,22.73,1887.28,1.75,50.11,4.82,3.72,2.92,599,8.22
8110,華東,54.7,54.8,54.8,3.2,6.2,10205,46.48,-1272,0,56,-1216,3729,4711,-982,-0.1,2302,3257,472,1427,0,0.36,0.14,1799,1267,532,4757,4308,449,20.3,638.71,-3.03,14.99,7575.65,0.49,10.04,1.98,2.74,14.06,18200,51.77
8111,立碁,59.6,59.7,59.6,0.7,1.19,804,35.44,-157,0,-12,-169,124,254,-130,-0.16,-130,0,124,236,18,0.15,0.31,101,134,-33,591,428,163,175.29,68.66,3.78,-5.79,839.59,0.17,30.78,1.42,1.01,40.95,11170,10.91
8112,至上,91.2,91.3,91.2,6.5,7.67,26376,59.24,6980,-237,920,7663,17654,13143,4511,0.17,17055,17330,324,599,0,0.66,0.02,2689,4093,-1404,6268,9375,-3107,10.46,35061.1,-34.24,55.96,302955.27,3.91,3.85,10.6,4.17,13.66,17938,52.53
8114,振樺電,209,209.5,209,2.5,1.21,2348,54.97,596,-1,-17,578,1634,1761,-127,-0.05,1059,1288,171,184,216,0.62,0.17,198,222,-24,540,388,152,9.91,1478.53,-13.73,-17.06,14798.46,2.75,47,3.42,5.49,21.27,4067,7.65
8121,越峰,41.8,--,41.8,3.8,10,3586,79.05,1104,0,0,1104,1489,499,990,0.27,1489,1489,0,0,0,0.41,0,494,523,-29,1634,2595,-961,--,288.88,-5.15,1.71,3291.98,0.1,19.43,0.47,0,--,0,21.3
8131,福懋科,70.1,--,70.1,6.3,9.87,5135,72.06,801,0,101,902,2526,1482,1044,0.2,2253,2476,50,273,0,0.49,0.05,634,880,-246,2047,2843,-796,35.4,1052.62,5.44,49.61,11272.65,0.96,19.55,3.43,1.43,6.23,6887,44.22
8147,正淩,149,149.5,149.5,1,0.67,633,44.89,-13,0,19,6,205,230,-25,-0.04,-7,115,16,18,120,0.2,0.21,107,109,-2,335,309,26,46.43,145.65,-30.74,-7.22,1749.33,0.9,40.28,2.47,2.03,10.33,1077,4.17
8150,南茂,95.9,--,95.9,8.7,9.98,59501,55.53,3169,500,322,3991,42752,43479,-727,-0.01,35475,40572,69,163,5003,0.68,0.09,5005,4837,168,11999,11440,559,81.97,2460.49,-1.64,32.23,25935.9,0.72,13.78,2.08,1.28,13.86,24407,70.45
8155,博智,364,365,364,4.5,1.25,782,47.2,-204,0,3,-201,386,481,-95,-0.12,259,324,50,73,42,0.46,0.14,87,108,-21,344,228,116,44.34,538.3,0.71,29.3,5487.82,3.29,24.05,5.45,1.46,19.36,2981,6.21
8163,達方,42.9,--,42.9,3.9,10,7250,75.59,2144,0,119,2263,3033,1091,1942,0.27,3033,3033,0,0,0,0.41,0,946,916,30,3344,5319,-1975,85.8,2580.59,-0.42,16.41,26212.36,0.2,17.99,0.26,1.17,4.85,3394,28
8171,天宇,23.65,23.75,23.65,-0.1,-0.42,186,50.55,14,0,0,14,0,0,0,0,0,0,0,0,0,0,0,0,51,-51,187,136,51,--,52.64,95.78,269.89,360.6,-0.2,1.8,-1.44,0,42.91,8352,11.29
8176,智捷,10.15,10.2,10.2,0.05,0.49,97,48.42,-9,0,0,-9,0,0,0,0,0,0,0,0,0,0,0,0,0,0,105,105,0,78.46,27.32,200.91,41.6,319.74,-0.1,40.2,-1.22,0,--,0,7.17
8182,加高,50.8,--,50.8,4.6,9.96,7892,72.86,226,0,36,262,3501,1906,1595,0.2,3397,3501,0,104,0,0.44,0.01,743,1428,-685,3703,4612,-909,846.67,257.16,3.89,14.12,2879.96,0.14,14.64,0.43,0.49,9.95,2662,10.7
8183,精星,32,32.05,32.05,0.95,3.05,343,67.57,78,0,-25,53,0,0,0,0,0,0,0,0,0,0,0,40,46,-6,308,302,6,12.57,694.91,-2.99,32.6,7777.68,0.3,12.02,0.96,2.5,8.18,2480,12.13
8201,無敵,13.3,13.35,13.3,0,0,84,40.24,-5,0,2,-3,0,0,0,0,0,0,0,0,0,0,0,0,0,0,85,85,0,--,39.76,-9.78,9.84,485.14,-0.11,23.68,-1.48,0,--,0,6.24
8210,勤誠,1510,--,1510,135,9.82,2733,78.93,363,254,55,672,2934,2828,106,0.04,2649,2640,295,286,0,0.99,0.1,6,30,-24,23,105,-82,44.77,2517.08,21.82,37.31,25730.23,10.73,32.83,11.42,0.93,6.42,2011,12.53
8213,志超,36.05,36.1,36.05,1.3,3.74,995,40.37,-346,0,-8,-354,291,64,227,0.23,291,291,0,0,0,0.29,0,206,178,28,507,762,-255,18.68,1804.87,13.04,3.66,18772.96,0.3,10.59,0.46,3.16,6.52,4424,27.12
8215,明基材,28.75,28.8,28.8,0.95,3.41,2419,48.22,-510,13,-6,-503,112,164,-52,-0.02,-17,112,0,38,91,0.05,0.05,323,584,-261,2003,1690,313,--,1631.45,-2.6,15.96,18148.71,-0.64,11.89,-2.64,1.04,5.26,4216,32.07
8222,寶一,35.55,35.6,35.55,-0.15,-0.42,322,33.55,14,0,0,14,0,0,0,0,0,0,0,0,0,0,0,0,0,0,324,324,0,58.28,79.2,-20.76,-19.13,943.98,0.37,25.27,2.79,0.98,22.28,3819,6.86
8227,巨有科技,189.5,190,189.5,-0.5,-0.26,791,36.29,33,0,1,34,200,266,-66,-0.08,-155,0,111,132,134,0.14,0.33,148,192,-44,468,358,110,75.8,181.39,-33.44,75.61,1784.53,0.64,18.88,2.18,0.9,33.82,3343,3.95
8234,新漢,66.6,66.8,66.6,2.5,3.9,774,43.26,-33,0,14,-19,22,18,4,0.01,22,22,0,0,0,0.03,0,74,129,-55,690,639,51,--,521.9,10,-1.47,5202.47,-0.44,22.59,-2.08,0.6,13.45,4750,14.12
8240,華宏,57.3,57.4,57.3,0.8,1.42,609,40.55,66,0,0,66,28,59,-31,-0.05,28,28,0,0,0,0.05,0,115,91,24,476,469,7,31.31,557.74,-0.39,3.85,6810.83,0.4,14.78,0.84,2.27,9.71,2428,10
8249,菱光,51.8,52,51.9,0.4,0.78,573,46.15,108,0,-3,105,84,82,2,0,64,84,0,0,20,0.15,0.03,90,55,35,406,443,-37,19.22,395.76,12,42.77,3753.09,0.37,16.75,0.59,4.01,15.26,4361,13.78
8255,朋程,168,168.5,168,5,3.07,2240,51.35,-176,0,79,-97,1359,1226,133,0.06,1167,1266,26,30,95,0.57,0.05,366,394,-28,563,669,-106,29.47,618.62,-8.8,-11.62,7854.78,1.7,26.94,1.37,2.08,10.03,2553,10.18
8261,富鼎,164.5,165,164.5,8.5,5.45,5691,50.72,365,-97,-99,169,3166,3307,-141,-0.02,1566,2478,201,301,812,0.46,0.19,681,698,-17,1934,1776,158,28.17,296.83,4.55,1.15,3187.38,1.57,38.07,3.1,3.04,25.9,7698,11.89
8271,宇瞻,216.5,217,217,7,3.33,2410,47.55,-265,-2,5,-262,1282,1550,-268,-0.11,980,1097,175,256,36,0.52,0.12,258,231,27,920,679,241,10.2,3022.79,-19.17,224.43,21135.91,14.54,49.27,32.33,2.07,15.81,4885,12.96
8272,全景軟體,70,70.5,70.5,-0.4,-0.56,24,20.83,2,0,0,2,0,0,0,0,0,0,0,0,0,0,0,0,0,0,25,25,0,14.69,33.12,12.6,23.69,487.89,0.39,74.98,1.2,3.97,--,0,1.9
8277,商丞,11.25,11.3,11.25,0.6,5.63,693,62.2,-33,0,0,-33,0,0,0,0,0,0,0,0,0,0,0,0,50,-50,697,647,50,--,12.61,46.11,-42.68,194.74,-0.09,33.77,-1.85,0,--,0,9.16
8279,生展,97.5,100.5,99,2.8,2.91,23,40.91,0,0,0,0,0,0,0,0,0,0,0,0,0,0,0,9,8,1,15,16,-1,11,182.46,-22.14,-10.82,2043.08,1.23,32.97,1.44,5.05,1.46,99,2.71
8284,三竹,63.3,63.5,63.6,1.2,1.92,21,80.95,0,0,0,0,0,0,0,0,0,0,0,0,0,0,0,0,10,-10,22,12,10,14.2,260.38,-2.24,15.77,3053.35,1.28,24.19,4.23,6.29,0.11,13,4.73
8289,泰藝,70.1,70.2,70.1,4.1,6.21,7587,50.03,-328,0,0,-328,1564,1756,-192,-0.03,1498,1564,0,66,0,0.21,0.01,1322,1260,62,4741,4610,131,280.4,160.49,-4.07,0.23,1729.59,0.28,23.82,1.2,0.21,23.22,3967,6.83
8291,尚茂,--,57.6,57.6,-6.3,-9.86,12,0,0,0,0,0,0,0,0,0,0,0,0,0,0,0,0,0,0,0,14,14,0,--,0.33,-63.13,110.19,4.47,-0.49,-234.52,-12.32,0,--,0,1.75
8299,群聯,2355,2360,2360,110,4.89,4791,53.65,-281,-275,34,-522,4948,5036,-88,-0.02,3002,3022,1925,1945,0,0.96,0.38,39,32,7,176,95,81,22.91,22827.98,12.97,301.23,131135.56,68.8,61.82,22.61,0.98,25.81,14267,22.11
8341,日友,80.9,81,80.9,3,3.85,774,50,80,0,-5,75,58,78,-20,-0.03,58,58,0,0,0,0.07,0,180,159,21,560,562,-2,17.21,387.55,3.93,35.34,4299.57,1.51,49.32,3.97,4.94,1.22,396,13
8342,益張,88.2,90.5,88.8,0.6,0.68,2,100,0,0,0,0,0,0,0,0,0,0,0,0,0,0,0,0,0,0,2,2,0,15.26,139.16,-6.54,18.4,1676.99,1.45,25.97,4.39,5.63,0.01,1,3.35
8349,恒耀,42.35,42.45,42.45,0.95,2.29,360,20.83,72,0,-1,71,232,231,1,0,152,200,0,0,48,0.55,0.13,0,0,0,131,132,-1,20.61,967.77,-3.84,2.99,11512.4,0.61,21.19,1.52,3.53,3.85,2008,20.88
8354,冠好,16.55,16.75,16.55,-0.2,-1.19,27,11.11,-8,0,1,-7,0,0,0,0,0,0,0,0,0,0,0,0,0,0,28,28,0,42.44,50.96,-22.56,-11.56,657.4,0.3,17.01,1.13,0.66,4.87,956,7.85
8358,金居,609,610,610,24,4.1,1999,58.93,505,5,-267,243,1750,1688,62,0.03,954,1349,0,0,395,0.66,0.19,297,391,-94,126,94,32,116.86,900.77,4.66,35.81,8921.54,2.06,28.71,6.64,0.33,25.14,15875,25.26
8367,建新國際,40.05,40.15,40.15,-0.05,-0.12,47,36.96,-11,0,-1,-12,0,0,0,0,0,0,0,0,0,0,0,0,0,0,47,47,0,11.41,258.62,-9.44,-7.82,3261.9,0.67,27.9,1.9,7.1,0.1,23,9.22
8374,羅昇,94,94.2,94,3.8,4.21,1318,38.77,-121,0,9,-112,130,94,36,0.03,130,130,0,0,0,0.1,0,175,212,-37,1037,1037,0,--,541.09,-8.43,42.48,5134.7,0.43,24.97,2.83,0.21,10.78,2405,11.23
8383,千附,59.6,59.7,59.6,3.5,6.24,1165,60.16,319,0,8,327,182,112,70,0.06,182,182,0,0,0,0.15,0,231,185,46,770,886,-116,16.02,393.1,11.31,46.09,3772.28,1.04,26.17,3.34,4.19,8.61,2449,11.38
8390,金益鼎,129,129.5,129.5,6.5,5.28,1806,56.82,6,0,91,97,891,722,169,0.09,891,891,0,0,0,0.48,0,352,416,-64,604,709,-105,15.7,594.82,11.21,31.88,5326.03,2.87,28.76,7.37,2.93,8.16,1961,9.61
8401,白紗科,22.75,22.9,22.8,0.2,0.88,24,26.09,-2,0,0,-2,0,0,0,0,0,0,0,0,0,0,0,0,0,0,25,25,0,8.54,131.03,-4.46,2.36,1573.27,0.46,30.14,2.73,5.26,1.73,305,7.07
8403,盛弘,19.5,19.55,19.5,0,0,160,56.87,-37,0,0,-37,0,0,0,0,0,0,0,0,0,0,0,42,38,4,124,128,-4,20.97,385.05,-2.74,8.59,4414.79,0.13,13.78,0.26,3.08,1.64,565,13.76
8404,百和興業-KY,17.3,17.35,17.35,0.05,0.29,516,56.31,-101,0,-6,-107,0,0,0,0,0,0,0,0,0,0,0,65,30,35,456,491,-35,15.92,615.95,-9.68,5.14,7583.36,0.17,33.86,1.01,2.88,3.93,4123,41.99
8409,商之器,19.1,19.35,19.1,0,0,2,100,0,0,0,0,0,0,0,0,0,0,0,0,0,0,0,0,0,0,2,2,0,19.49,13.63,61.12,16.55,281.38,-0.05,80.67,-0.48,0,--,0,3.2
8410,森田,34,34.2,34.1,0.1,0.29,50,20.83,0,0,0,0,0,0,0,0,0,0,0,0,0,0,0,0,0,0,50,50,0,12.49,78.93,-1.36,-33.41,1011.88,0.57,31.31,1.11,4.69,15.36,1405,3.66
8411,福貞-KY,12.1,12.2,12.2,0.05,0.41,134,69.92,-19,0,-16,-35,0,0,0,0,0,0,0,0,0,0,0,0,0,0,139,139,0,122,791.3,4.11,11.77,9961.41,0.19,8.82,0.68,0.82,0.04,24,21.84
8415,大國鋼,35.1,35.15,35.15,0.55,1.59,525,45.02,187,0,-73,114,80,120,-40,-0.08,80,80,0,0,0,0.15,0,144,86,58,303,321,-18,10.62,2331.96,-6.48,20.69,24676.95,1.03,39.07,3.48,4.27,0.51,1318,103.15
8416,實威,181.5,182,181.5,0,0,15,50,1,0,0,1,0,0,0,0,0,0,0,0,0,0,0,3,0,3,13,16,-3,12.96,145.36,-18.16,15.2,1732.75,3.36,55.3,5.51,4.68,--,0,2.82
8421,旭源,12.8,12.9,12.8,-0.15,-1.16,32,9.37,-6,0,1,-5,0,0,0,0,0,0,0,0,0,0,0,0,0,0,33,33,0,--,111.47,-10.38,8.86,1216.82,0.02,19.87,0.67,0,2.47,339,5.48
8422,可寧衛*,29.6,--,29.6,2.65,9.83,23082,99.51,866,-3549,86,-2597,20138,16595,3543,0.15,20138,20138,0,0,0,0.87,0,1040,2598,-1558,2037,4023,-1986,31.16,1272.92,227.59,199.61,5240.18,0.21,48.21,2.33,4.05,9.48,32197,13.59
8423,保綠-KY,17.85,17.9,17.85,0.05,0.28,41,68.29,-5,0,0,-5,0,0,0,0,0,0,0,0,0,0,0,0,0,0,43,43,0,21,34.8,-13.34,14.87,385.79,0.26,29.16,1.71,3.92,4.6,480,4.17
8424,惠普,72.8,73,72.9,0.2,0.28,112,14.95,1,0,0,1,16,87,-71,-0.63,-71,0,16,87,0,0.14,0.78,18,0,18,78,25,53,12.44,96.18,2.39,0.18,1074.77,1.47,31.11,4.44,6.86,0.21,19,3.61
8426,紅木-KY,21.75,21.85,21.95,0.2,0.92,7,71.43,1,0,0,1,0,0,0,0,0,0,0,0,0,0,0,0,0,0,7,7,0,10.55,160.08,-17.1,-10.19,2754.54,-0.42,21,-1.67,3.64,7.51,943,5.02
8429,金麗-KY,6.6,6.66,6.6,-0.02,-0.3,435,55.53,-99,0,0,-99,0,0,0,0,0,0,0,0,0,0,0,75,0,75,365,440,-75,60,14.3,32.87,-2.47,142.01,0.02,14.59,0.05,0,30.32,14080,18.57
8431,匯鑽科,50.8,50.9,50.8,-0.5,-0.97,547,25.65,-183,0,2,-181,0,28,-28,-0.05,-28,0,0,0,28,0,0.05,42,91,-49,514,437,77,--,71.82,-14.17,-24.03,1040.96,-1.04,9.27,-5.84,0,28.42,3466,4.88
8432,東生華,52.9,53.2,53,0.7,1.34,104,57.69,-6,0,0,-6,0,0,0,0,0,0,0,0,0,0,0,48,0,48,57,105,-48,13.8,126.07,16.35,34.46,1398.63,1.01,54.76,2.43,4.92,1.64,157,3.84
8433,弘帆,52,52.1,52,-0.1,-0.19,28,21.43,-4,0,0,-4,0,0,0,0,0,0,0,0,0,0,0,0,0,0,28,28,0,18.12,289.53,12.86,24.13,3672.2,1.37,22.67,3.19,8.08,1.22,166,5.45
8435,鉅邁,56.9,57,57,0.4,0.71,56,26.79,-9,0,0,-9,0,0,0,0,0,0,0,0,0,0,0,14,0,14,44,58,-14,15.92,55.6,5.87,16.33,638.06,0.83,50.78,3.28,5.61,0.96,76,3.52
8436,大江,119,119.5,119,0.5,0.42,421,39.71,82,-8,-2,72,210,137,73,0.17,210,210,0,0,0,0.49,0,76,96,-20,140,193,-53,13.62,504.64,-16.66,-9.75,7063.34,1.92,45.41,2.59,5.04,3.93,1156,11.77
8437,大地-KY,10.7,10.85,10.8,0.15,1.41,64,53.12,10,0,-1,9,0,0,0,0,0,0,0,0,0,0,0,0,0,0,65,65,0,--,14.18,-54.9,-5.34,198.02,-0.4,33.97,-0.79,0,4.38,515,4.7
8438,昶昕,85.3,85.5,85.3,6.1,7.7,449,59.73,111,0,1,112,133,131,2,0,116,113,20,17,0,0.29,0.04,54,40,14,264,280,-16,32.43,445.91,2.26,49.77,4406.86,1.02,14.32,3.64,1.52,39.5,6907,6.99
8440,綠電,22.7,22.75,22.7,0.35,1.57,97,41.24,5,0,0,5,0,0,0,0,0,0,0,0,0,0,0,0,0,0,100,100,0,42.04,91.94,10.31,18.53,868.65,0.22,17.54,1.67,0.88,9.76,1226,5.03
8442,威宏-KY,40.35,40.6,40.6,-0.05,-0.12,162,54.66,-16,0,0,-16,0,0,0,0,0,0,0,0,0,0,0,35,0,35,128,163,-35,22.68,736.55,-0.44,13.39,8264.74,0.03,15.61,0.06,7.39,4.24,743,7.02
8443,阿瘦,11.3,11.4,11.4,0.05,0.44,9,25,-4,0,0,-4,0,0,0,0,0,0,0,0,0,0,0,0,0,0,11,11,0,--,79.55,-6.02,1.42,1103.99,-0.37,54.88,-3.77,0,--,32,6.68
8444,綠河-KY,4.52,4.8,4.52,-0.04,-0.88,33,22.58,0,0,0,0,0,0,0,0,0,0,0,0,0,0,0,0,0,0,34,34,0,--,140.81,26.94,-56.78,2448.07,-3.3,-33.67,-226.09,0,--,3,11.12
8446,華研,88.1,88.3,88.2,-1.4,-1.56,223,27.84,-64,0,0,-64,12,29,-17,-0.07,0,0,0,0,0,0,0,13,35,-22,203,164,39,10.07,199.84,84.32,120.24,1187.85,1.78,72.59,4.54,9.07,2.06,272,5.29
8450,霹靂,15.7,15.75,15.75,-0.05,-0.32,19,31.58,0,0,0,0,0,0,0,0,0,0,0,0,0,0,0,0,0,0,26,26,0,--,18.05,-80.25,4.54,307.42,0.32,34.72,3.86,0,--,83,5.13
8454,富邦媒,426.5,--,426.5,38.5,9.92,3131,59.59,48,1250,-7,1291,2473,2182,291,0.08,2473,2473,0,0,0,0.71,0,275,448,-173,755,873,-118,40.7,8280.85,-9.42,1.32,108962.39,2.43,9.05,6.38,2.34,3.05,2023,26.5
8455,大拓-KY,30.65,30.9,30.9,0.3,0.98,65,64.06,1,0,-1,0,0,0,0,0,0,0,0,0,0,0,0,0,0,0,66,66,0,57.22,112.74,-16.51,-6.69,1187.56,0.19,12.8,0.33,0,--,0,2.52
8462,柏文,141,141.5,141.5,2.5,1.8,100,61.05,-1,0,-3,-4,31,37,-6,-0.06,31,31,0,0,0,0.29,0,18,12,6,57,57,0,15.25,581.13,0.23,20.72,6438.52,2.42,33.57,7.55,5.14,4.65,935,8.04
8463,潤泰材,21.95,22.1,22,0.2,0.92,58,39.29,-32,0,-1,-33,0,0,0,0,0,0,0,0,0,0,0,0,0,0,58,58,0,10.38,566.69,-9.91,-9.06,7208.77,0.42,12.48,3.74,3.64,0.33,125,15
8464,億豐,333,333.5,333,5.5,1.68,631,40.81,40,-32,-34,-26,521,517,4,0.01,504,512,0,0,8,0.81,0.01,61,65,-4,53,54,-1,15.08,2625.17,-8.97,-5.29,29854.9,5.62,59.09,5.95,4.8,0.19,136,29.3
8466,美吉吉-KY,15.45,15.55,15.55,-0.05,-0.32,29,22.22,-11,0,0,-11,0,0,0,0,0,0,0,0,0,0,0,0,0,0,29,29,0,--,212.79,2.21,-11.64,2783.03,-0.89,8.25,-2.33,1.93,6.77,1351,7.98
8467,波力-KY,130,131.5,133,4,3.1,9,57.14,0,0,0,0,0,0,0,0,0,0,0,0,0,0,0,0,0,0,10,10,0,15.45,234.22,30.18,40.54,2458.58,0.83,37.02,1.47,5.31,2.45,296,4.84
8472,夠麻吉,87.1,89.7,89.6,-2.6,-2.82,44,35.71,-11,0,0,-11,0,0,0,0,0,0,0,0,0,0,0,0,0,0,45,45,0,--,39.83,-15.78,-11.84,515.45,-0.26,33.78,-1.74,0,3.81,169,1.77
8473,山林水,53.6,53.7,53.6,-0.3,-0.56,3008,39.51,22,0,-8,14,802,767,35,0.01,181,480,80,106,273,0.18,0.12,612,615,-3,1624,1656,-32,18.81,343.71,-47.02,19.78,5301.97,1.23,32.87,2.93,3.51,5.08,2165,18.12
8476,台境*,18.75,18.8,18.75,1.45,8.38,4181,49.38,-1149,0,-16,-1165,1081,649,432,0.1,612,499,582,469,0,0.26,0.11,726,914,-188,2394,2638,-244,46.88,96.69,-1.32,-37.44,1248.86,0,12.3,0.07,1.07,24.94,10363,8.31
8477,創業家,18.45,18.8,18.8,0.3,1.62,43,31.71,-6,0,0,-6,0,0,0,0,0,0,0,0,0,0,0,0,0,0,44,44,0,--,61.67,98.88,46.88,377.4,-0.03,20.17,-0.86,0,--,0,8.42
8478,東哥遊艇,161,161.5,161.5,2,1.25,198,57.51,-26,0,-2,-28,62,34,28,0.14,62,62,0,0,0,0.31,0,30,38,-8,110,130,-20,9.84,458.89,-24.05,-25.1,5561.13,3.8,42.63,3.84,4.02,4.78,1124,9.4
8481,政伸,40.7,40.9,40.85,0.1,0.25,23,72.73,-5,0,-3,-8,0,0,0,0,0,0,0,0,0,0,0,0,0,0,23,23,0,13.39,101.08,-3.47,-0.68,1152.97,0.77,47,3.01,6.73,0.02,4,6.66
8482,商億-KY,47.55,47.95,47.55,-0.9,-1.86,33,51.72,-17,0,0,-17,0,0,0,0,0,0,0,0,0,0,0,0,0,0,33,33,0,20.67,279.32,-10.4,16.34,3511.35,0.66,32.74,2.07,4.12,0.62,167,10.74
8488,吉源-KY,9.65,9.76,9.66,0.02,0.21,13,50,-5,0,-1,-6,0,0,0,0,0,0,0,0,0,0,0,0,0,0,13,13,0,--,329.47,-17.07,67.99,3576.98,-0.19,3.81,-0.59,0,0.12,22,7.35
8489,三貝德,22.9,23.05,22.95,-0.45,-1.92,73,32.88,-26,0,0,-26,0,0,0,0,0,0,0,0,0,0,0,0,0,0,87,87,0,--,162.1,-9.37,57.79,1681.11,0.38,54.59,2.72,0,27.53,2818,5.99
8499,鼎炫-KY,280,283.5,281.5,8,2.93,57,56.36,-14,0,-1,-15,4,4,0,0,4,4,0,0,0,0.07,0,4,14,-10,51,41,10,28.21,332.07,-0.31,85.65,3624.83,2.61,44.52,1.3,2.84,6.35,653,4.12
8905,裕國,29.65,30.45,30.35,0.75,2.53,2,100,1,0,0,1,0,0,0,0,0,0,0,0,0,0,0,0,0,0,2,2,0,55.18,212.03,6.39,33.09,2197.33,0.15,11.05,0.62,2.34,0.08,23,11.94
8906,花王,23.65,23.75,23.75,0.25,1.06,29,41.38,0,0,0,0,0,0,0,0,0,0,0,0,0,0,0,0,0,0,29,29,0,--,13.77,-13.76,-22.99,206.64,-0.28,9.97,-2.54,0,0.8,88,4.4
8908,欣雄,41.6,41.65,41.6,0.35,0.85,138,65.94,4,0,0,4,60,30,30,0.22,60,60,0,0,0,0.43,0,15,20,-5,64,89,-25,19.72,918.7,-5.29,-1.22,10125.33,0.46,10.04,3.29,4.33,0.15,121,31.53
8916,光隆,45,45.1,45.1,0.2,0.45,126,41.27,51,0,0,51,0,0,0,0,0,0,0,0,0,0,0,0,38,-38,127,89,38,19.27,615.83,4.2,-26.52,8093.17,0.17,11.78,0.5,6.65,0.39,145,15.03
8917,欣泰,51.5,52.2,51.8,-0.2,-0.38,25,68,-1,0,0,-1,0,0,0,0,0,0,0,0,0,0,0,0,0,0,26,26,0,22.42,231.84,-17.53,-14.74,3029.88,0.62,17.48,3.62,4.05,0.06,25,16.27
8921,沈氏,17.35,18.2,18.4,0,0,3,100,0,0,0,0,0,0,0,0,0,0,0,0,0,0,0,0,0,0,3,3,0,--,53.74,2.31,11.01,640.25,-0.26,7.03,-1.73,1.47,--,0,4.66
8923,時報,18.8,19,--,--,--,0,--,0,0,0,0,0,0,0,--,0,0,0,0,0,--,--,0,0,0,0,0,0,29.31,36.7,31.17,40.87,436.79,0.18,43.53,1.16,4.72,5.82,442,3.04
8924,大田,57.4,57.5,57.5,0.6,1.05,66,30.3,-11,0,1,-10,18,0,18,0.26,18,18,0,0,0,0.26,0,0,11,-11,51,58,-7,11.48,402.36,2.5,30.06,4860.77,0.05,11.5,0.11,7.48,2.87,602,8.38
8926,台汽電,73.5,--,73.5,6.6,9.87,18962,82.85,5455,0,73,5528,14748,13704,1044,0.05,14748,14748,0,0,0,0.77,0,1603,2295,-692,2910,3261,-351,20.47,7279.77,7.26,768.17,31507.44,2.11,8.52,8.06,3.28,3.33,6918,83.03
8927,北基,20.1,20.15,20.1,-0.1,-0.5,337,15.13,-94,0,0,-94,50,0,50,0.15,0,0,0,0,0,0,0,40,65,-25,251,276,-25,39.41,1357.7,-14.16,50.68,11946.79,0.18,16.24,0.93,1.49,3.15,3335,41.91
8928,鉅明,20.8,20.9,21,0.35,1.69,5,20,0,0,0,0,0,0,0,0,0,0,0,0,0,0,0,0,0,0,5,5,0,36.84,175.99,-4.93,-27.63,2938.82,0.66,12.73,3.09,3.81,5.03,639,5.09
8929,富堡,14.65,14.7,14.65,0.05,0.34,9,33.33,-4,0,0,-4,0,0,0,0,0,0,0,0,0,0,0,0,0,0,14,14,0,--,64.95,-5.03,6.51,717.42,-0.06,24.06,-0.36,0,1.53,194,5.06
8930,青鋼,27.9,28,27.9,-0.1,-0.36,38,13.51,3,0,0,3,0,0,0,0,0,0,0,0,0,0,0,0,0,0,38,38,0,11.92,117.79,-1.77,-9.44,1385.48,0.62,26.19,3.54,7.89,3.4,695,8.18
8931,大汽電,42.85,43.15,43.1,1.45,3.48,145,48.97,-22,0,-1,-23,0,0,0,0,0,0,0,0,0,0,0,0,0,0,148,148,0,28.36,223.25,-3.7,18.8,2511.5,0.38,16.86,2.27,3.71,18.05,5516,12.23
8932,智通*,101.5,102,101.5,1,1,3098,49.59,-334,2,-65,-397,2061,2287,-226,-0.07,1760,1916,0,0,156,0.61,0.05,370,267,103,693,570,123,51.79,253.62,7.62,27.19,2410.64,0.53,61.19,8.43,1.18,63.08,56448,8.95
8933,愛地雅,4.73,4.87,4.79,0.04,0.84,118,30.51,-47,0,0,-47,0,0,0,0,0,0,0,0,0,0,0,0,0,0,124,124,0,--,203.6,7.86,-21.61,1881.6,-0.3,0.06,-5.91,0,--,0,32.67
8935,邦泰,22.95,23.1,23,-0.8,-3.36,1576,33.65,-469,0,0,-469,90,154,-64,-0.04,-154,0,0,0,154,0,0.1,70,246,-176,1423,1183,240,--,42.46,6.07,-8.49,515.37,-0.09,17.49,-1.22,0,--,0,11.35
8936,國統,57.5,57.6,57.5,-0.2,-0.35,7464,33.81,-939,-9,21,-927,2811,3252,-441,-0.06,-2458,232,333,562,2461,0.08,0.4,1350,1549,-199,3358,2718,640,13.25,506.79,-8.93,11.16,6769.76,0.99,22.58,3.01,5.22,21.58,13384,24.81
8937,合騏*,24.3,24.6,24.3,0.15,0.62,636,73.57,-328,0,0,-328,300,300,0,0,0,0,300,300,0,0.47,0.47,27,26,1,312,313,-1,--,89.41,-14.66,1337.24,396.4,-0.07,25.39,-1.05,0,--,21582,10.79
8938,明安,52.8,52.9,52.8,0.1,0.19,109,21.1,0,0,0,0,0,0,0,0,0,0,0,0,0,0,0,34,28,6,77,83,-6,16.87,1012.38,-6.72,-8.31,14627.18,1.33,13.86,2.61,7.58,2.06,810,15.7
8940,新天地,16.55,16.65,16.6,0.25,1.53,60,62.5,-16,0,-1,-17,0,0,0,0,0,0,0,0,0,0,0,0,0,0,64,64,0,26.35,120.31,42.63,-6.3,1608.03,1.34,53.28,10.83,0,0.59,100,6.75
8941,關中,43,43.5,43.3,-1,-2.26,8,62.5,0,0,0,0,0,0,0,0,0,0,0,0,0,0,0,0,0,0,8,8,0,46.56,287.5,15.85,-13.94,2955.19,1.36,29.43,4.49,2.31,0.22,19,3.5
8942,森鉅,40.35,40.5,40.4,0.2,0.5,193,39.33,8,0,0,8,0,0,0,0,0,0,0,0,0,0,0,0,0,0,196,196,0,23.22,289.42,15.56,-19.67,2439.08,1.05,13.24,1.7,2.48,1.21,602,19.88
8996,高力,1330,--,1330,120,9.92,5534,67.5,263,562,108,933,5775,5642,133,0.02,5359,5534,66,66,175,0.96,0.04,8,44,-36,38,135,-97,94.46,631.68,-33.42,40.03,9609.06,6.54,29.02,13.73,0.34,20.36,4758,9.35
9802,鈺齊-KY,81,81.1,81,3.3,4.25,1379,45.95,169,-220,-5,-56,276,372,-96,-0.07,276,276,0,0,0,0.2,0,282,169,113,834,852,-18,14.29,1598.84,-2.24,-19.58,17056.84,0.89,15.85,1.3,6.3,5.45,2736,20.1
9902,台火,13.65,13.8,13.7,0.1,0.74,176,29.34,-85,0,-1,-86,0,0,0,0,0,0,0,0,0,0,0,0,0,0,179,179,0,--,2.18,-77.2,-94.04,303.85,0.17,31.74,1.4,0,14.01,3435,9.8
9904,寶成,26.5,26.55,26.5,0.6,2.32,24413,56.78,-566,-455,-18,-1039,19323,18751,572,0.02,19323,19323,0,0,0,0.79,0,1283,1909,-626,3854,3800,54,5.51,22344.46,15.28,3.85,248284,0.76,22.14,1.34,4.91,2.64,19414,294.68
9905,大華,20.55,20.6,20.55,0.1,0.49,83,45,-12,0,-1,-13,0,0,0,0,0,0,0,0,0,0,0,0,0,0,85,85,0,14.57,895.64,7.27,20.04,8756.91,0.35,10.07,1.26,5.35,0.05,38,30.5
9906,欣巴巴,42,42.45,42.05,-0.25,-0.59,207,49.48,-20,0,-4,-24,0,0,0,0,0,0,0,0,0,0,0,0,0,0,211,211,0,15.81,134.65,-3.41,75.88,2228.81,1.57,37.52,10.01,0.19,1.75,396,9.04
9907,統一實,16.55,16.65,16.55,0.1,0.61,4490,47.22,-1851,-359,-25,-2235,1287,2512,-1225,-0.27,1287,1287,0,0,0,0.29,0,978,816,162,2239,1176,1063,14.91,3516.54,-8.82,-20.05,43744.03,0.17,10.71,1.07,7.13,1.14,4515,157.91
9908,大台北,29.25,29.3,29.3,0.05,0.17,277,26.67,-81,0,-12,-93,0,89,-89,-0.32,0,0,0,0,0,0,0,76,82,-6,202,107,95,17.03,291,2.35,-2.27,3357.44,0.33,21.44,1.06,4.1,0.13,163,51.64
9910,豐泰,86.3,--,86.3,7.8,9.94,9516,75.97,-1118,2289,-13,1158,6081,4501,1580,0.16,5960,6047,0,13,74,0.63,0.01,1229,1662,-433,2290,3436,-1146,18.68,6819.94,3.37,-6.17,81575.65,0.68,17.39,2.37,4.75,0.69,1707,98.75
9911,櫻花,84.6,85,84.9,0.9,1.07,630,60.48,188,0,-8,180,305,181,124,0.19,305,305,0,0,0,0.47,0,121,139,-18,219,325,-106,13.48,855.53,0.07,8.67,10545.12,1.87,35.66,6.09,5.89,0.61,340,22.24
9912,偉聯,12.4,12.5,12.5,-0.05,-0.4,44,47.73,-5,0,-3,-8,0,0,0,0,0,0,0,0,0,0,0,0,0,0,46,46,0,--,35.06,-9.68,-10.14,490.82,-0.19,44.34,-3.22,0,--,0,5.42
9914,美利達,68.5,68.6,68.6,0.6,0.88,1130,48.96,-36,0,-11,-47,347,246,101,0.09,251,311,36,36,60,0.3,0.08,180,281,-101,612,612,0,18.54,2189.33,-8.99,-14.32,24290.48,1.09,16.6,1.63,4.08,4,2990,29.9
9917,中保科,117.5,118,118,1.5,1.29,642,60.55,168,0,-18,150,471,329,142,0.22,446,446,0,0,0,0.68,0,80,93,-13,106,235,-129,17.66,1593.94,0.25,1.41,19115.92,1.6,33.9,4.99,5.25,0.09,105,45.12
9918,欣天然,42.7,42.85,42.7,-1.1,-2.51,146,16.67,-79,0,-1,-80,0,0,0,0,0,0,0,0,0,0,0,0,14,-14,148,134,14,25.57,192.95,-1.9,11.21,2014.05,0.63,30.74,3.44,3.51,0.24,107,18.05
9919,康那香,14,14.05,14.05,0.05,0.36,373,38.92,-22,0,-2,-24,0,0,0,0,0,0,0,0,0,0,0,43,0,43,333,376,-43,--,215.68,-4.55,8.52,2682.72,-0.52,9.64,-4.89,0,17.06,8331,19.54
9921,巨大,71.3,71.5,71.3,0.7,0.99,1446,50.04,319,0,-3,316,579,415,164,0.11,371,498,0,0,127,0.34,0.09,348,236,112,537,812,-275,178.25,5547.23,-0.91,-3.15,55751.95,-0.51,19.63,-0.4,2.52,1.95,1912,39.21
9924,福興,40.4,40.45,40.4,0.1,0.25,428,39.69,-139,-1,-3,-143,0,0,0,0,0,0,0,0,0,0,0,43,33,10,403,413,-10,14.64,602.74,22.26,3.13,7115.38,0.54,19.92,1.19,6.19,1.89,711,15.08
9925,新保,40.3,40.35,40.35,0.15,0.37,338,54.58,55,0,-12,43,105,123,-18,-0.05,55,105,0,0,50,0.31,0.15,88,27,61,145,188,-43,16.88,689.88,2.9,4.07,8304.63,0.47,32.17,1.31,4.96,0.01,9,38.75
9926,新海,49,49.2,49.1,0.2,0.41,47,30.43,-29,0,-1,-30,0,0,0,0,0,0,0,0,0,0,0,0,0,0,48,48,0,17.99,208.86,-12.6,-1.62,2459.13,0.68,26.18,2.82,4.28,0.03,12,17.95
9927,泰銘,68.7,69.3,69.3,0.4,0.58,63,46.43,-10,0,-5,-15,0,0,0,0,0,0,0,0,0,0,0,0,0,0,68,68,0,14.14,815.65,-6.03,18.75,8275.76,1.12,9.02,2.48,7.22,0.12,36,12
9928,中視,17.85,17.95,17.9,0,0,36,66.67,0,0,0,0,0,0,0,0,0,0,0,0,0,0,0,0,0,0,37,37,0,--,60.74,-6.39,0.02,896.32,-0.51,-1.42,-1.68,0,2.17,336,7.07
9929,秋雨,12.3,--,12.3,1.1,9.82,155,96.08,-4,0,0,-4,0,0,0,0,0,0,0,0,0,0,0,66,42,24,91,115,-24,45.56,62.45,9.12,41.74,664.25,0.22,24.78,3,0,--,0,10.13
9930,中聯資源,68.8,68.9,68.8,0.1,0.15,125,40.18,-31,0,-9,-40,0,0,0,0,0,0,0,0,0,0,0,29,40,-11,99,88,11,14.55,1135.59,-5.76,-11.47,13669.22,1.1,15.01,3.99,5.81,0.03,16,24.85
9931,欣高,34.35,34.6,34.45,0,0,78,11.27,-62,0,0,-62,0,0,0,0,0,0,0,0,0,0,0,22,18,4,56,60,-4,14.47,141.69,-1.69,-4.5,1570.3,0.69,16.69,2.48,5.22,0.3,90,12.04
9933,中鼎,40.85,40.9,40.85,-0.95,-2.27,7788,24.97,-1078,16,-14,-1076,1845,4141,-2296,-0.29,-3555,179,114,354,3494,0.04,0.49,1285,1190,95,4726,2525,2201,9.68,6895.78,8.96,-2.59,84551.58,1,13.05,4.45,2.45,2.08,4679,94.44
9934,成霖,10.55,10.6,10.6,-0.15,-1.4,2431,35.33,-132,0,1,-131,140,109,31,0.01,-109,0,0,0,109,0,0.04,151,429,-278,2146,1899,247,--,1552.36,-0.92,4.43,17780.91,0.28,34.21,1.84,0.94,5.67,5822,41.1
9935,慶豐富,18.9,19,18.9,-0.1,-0.53,351,15.38,24,0,-15,9,0,0,0,0,0,0,0,0,0,0,0,35,203,-168,318,150,168,11.67,412.41,2.65,9.36,4995.56,0.51,27.29,3.42,6.35,2.49,1107,17.78
9937,全國,55.1,55.5,55.1,-0.7,-1.25,83,38.96,-34,0,-8,-42,0,0,0,0,0,0,0,0,0,0,0,9,11,-2,76,74,2,22.13,2203.62,6.48,18.88,22644.73,0.66,13.34,3.43,3.99,0.21,164,30.9
9938,百和,45.95,46,46,1,2.22,1693,60.02,450,-10,1,441,585,422,163,0.1,585,585,0,0,0,0.34,0,306,263,43,813,1019,-206,13.37,1212.93,-9.08,4.41,15559.79,0.87,31.81,1.76,6.52,5.14,3827,29.8
9939,宏全,127,127.5,127,1,0.79,1007,44.53,174,-23,-13,138,605,530,75,0.07,597,605,0,0,8,0.59,0.01,156,180,-24,272,323,-51,14.08,2786.6,8.85,13.55,28789.02,2.25,22.34,3.38,4.88,1.42,1049,29.58
9940,信義,18.85,19,18.85,0.15,0.8,907,53.39,-271,0,-69,-340,307,0,307,0.33,307,307,0,0,0,0.33,0,60,359,-299,551,559,-8,50.95,942.25,-18.3,22.12,12292.5,0.22,23.12,1.23,3.18,0.55,1013,73.68
9941,裕融,84.1,84.2,84.1,1.1,1.33,7246,75.95,-831,3594,5,2768,5656,4179,1477,0.2,5528,5586,0,0,58,0.76,0.01,490,1175,-685,1178,1969,-791,10.5,3313.42,4.08,-4.67,39292.2,1.82,43.67,2.6,5.45,0.56,806,57.56
9942,茂順,119.5,120,119.5,1,0.84,112,46.79,41,0,-1,40,21,43,-22,-0.19,21,21,0,0,0,0.18,0,30,18,12,63,53,10,14.56,381.48,-7.02,10.77,4229.7,2.22,39.96,4.18,5.86,0.25,51,8.32
9943,好樂迪,56.4,56.5,56.5,-0.1,-0.18,96,60.64,12,0,-7,5,0,0,0,0,0,0,0,0,0,0,0,0,29,-29,100,71,29,15.69,183.74,6.84,-1.26,2338.59,1.88,53.23,4.21,6.19,0.39,121,12.52
9944,新麗,16.8,16.9,16.9,0.1,0.6,76,35.71,-10,0,-1,-11,0,0,0,0,0,0,0,0,0,0,0,0,0,0,79,79,0,338,239.65,-12.15,0.89,2345.92,0.65,34.63,2.11,1.78,20.81,5511,10.59
9945,潤泰新,25.25,25.3,25.25,0.65,2.64,7612,53.53,129,0,-186,-57,4516,3232,1284,0.17,4444,4516,0,0,72,0.59,0.01,943,1474,-531,2200,2953,-753,4.8,3938.61,40.21,58.78,42051.03,0.99,24.74,2.81,4.36,3.47,24657,284.42
9946,三發地產,16.9,16.95,16.95,0.1,0.59,844,45.96,75,0,-2,73,0,67,-67,-0.08,-67,0,0,0,67,0,0.08,250,133,117,597,647,-50,4.09,250.85,-53.41,7453.42,4291.09,2.56,53.82,12.01,8.08,1.71,1399,32.66
9949,琉園,23.7,23.95,23.95,0.8,3.46,21,52.38,-3,0,0,-3,0,0,0,0,0,0,0,0,0,0,0,0,0,0,23,23,0,4.39,11.17,24.88,26.57,141.69,0.03,66,0.22,9.19,74.31,8334,4.49
9950,萬國通,10.7,10.75,10.7,0,0,29,35.71,0,0,0,0,0,0,0,0,0,0,0,0,0,0,0,0,0,0,29,29,0,--,148.45,-26.31,-2.74,2123.59,-0.03,22.15,-0.32,0,--,0,16.77
9951,皇田,53,53.1,53.1,0.6,1.14,93,62.37,11,0,0,11,20,0,20,0.21,20,20,0,0,0,0.21,0,20,10,10,54,84,-30,10.71,520.71,3.08,2.66,6586.47,1.46,22.84,2.8,6.06,1.52,279,7.33
9955,佳龍,27.85,27.9,27.85,0.45,1.64,171,39.64,-44,0,0,-44,0,0,0,0,0,0,0,0,0,0,0,0,0,0,175,175,0,39.23,125.83,-8.05,-3.69,1683.57,0.05,13.61,0.41,0,5.46,1426,10.44
9958,世紀鋼,113.5,114,113.5,-1.5,-1.3,4476,34.29,-1267,200,-105,-1172,2368,3506,-1138,-0.25,-3006,187,0,0,3193,0.04,0.7,569,256,313,1608,782,826,14.48,1708.14,-3.28,28.98,15928.85,2.63,33.19,4.49,3.96,15.66,9669,24.69
9960,邁達康,31.8,32.05,31.9,0.5,1.59,44,51.52,6,0,0,6,0,0,0,0,0,0,0,0,0,0,0,0,0,0,45,45,0,17.06,73.75,3.74,49.32,708.96,0.53,36.38,2.7,4.86,5.92,497,3.36
9962,有益,9.7,9.82,9.82,0.1,1.03,120,30.91,-12,0,0,-12,0,0,0,0,0,0,0,0,0,0,0,0,0,0,120,120,0,--,151.18,-23.83,-2.33,1621.49,0.05,7.63,0.47,0,1.38,312,9.02
